dispensary_slug,sku,batch_id,name,brand,category,variant,price_cents,thc_percent,cbd_percent,classification,in_stock,product_url,scraped_at
travel-agency-ny,59731770,c1b4afbc-0d88-423e-ba6c-8d026d1f0297,Pineapple Express | All-in-one,Timeless,vaporizers,1g,6000,83.82,0.19,hybrid,TRUE,https://www.thetravelagency.co/products/59731770/,2026-05-02T18:16:23.778337+00:00
travel-agency-ny,30338609,44a5a96f-54c2-4a99-8ff6-3f50d23a0e6d,Og Kush | All In One,Timeless,vaporizers,1g,6000,85.32,0.02,hybrid,TRUE,https://www.thetravelagency.co/products/30338609/,2026-05-02T18:16:23.778337+00:00
travel-agency-ny,70697594,b4d051bc-7a2e-47c2-bdb4-f36bfb6b5a3b,Forbidden Fruit | All-in-one,Timeless,vaporizers,1g,6000,85.53,0.24,indica,TRUE,https://www.thetravelagency.co/products/70697594/,2026-05-02T18:16:23.778337+00:00
travel-agency-ny,86187831,3a7a1e3a-fc6e-4734-8ee0-a777130d71e3,Blackberry Kush | All-in-one,Timeless,vaporizers,2g,8700,,,hybrid,TRUE,https://www.thetravelagency.co/products/86187831/,2026-05-02T18:16:23.778337+00:00
travel-agency-ny,33891879,c932105c-0b02-42e9-b3e0-5c1efa338645,Alien Technology | All-in-one,Timeless,vaporizers,2g,8700,,,indica,TRUE,https://www.thetravelagency.co/products/33891879/,2026-05-02T18:16:23.778337+00:00
travel-agency-ny,84580191,24192dc4-992b-4d15-bee1-f47fcdff1dbe,New York Sour Diesel | All-in-one,Timeless,vaporizers,1g,6000,86.4,0.19,sativa,TRUE,https://www.thetravelagency.co/products/84580191/,2026-05-02T18:16:23.778337+00:00
travel-agency-ny,96375978,b1042e23-e846-4703-b42e-5761caa4b488,Alaskan Thunderfuck | 510,Timeless,vaporizers,1g,5700,,,sativa,TRUE,https://www.thetravelagency.co/products/96375978/,2026-05-02T18:16:23.778337+00:00
travel-agency-ny,73693663,61d2210a-672a-4294-bca2-e88a2e59da4d,Critical Kush | 510,Timeless,vaporizers,1g,5700,85.05,0.23,indica,TRUE,https://www.thetravelagency.co/products/73693663/,2026-05-02T18:16:23.778337+00:00
travel-agency-ny,34711670,c97dd262-1479-4eb5-8cd6-dc132d6b9ac6,Blue Dream | All-in-one,Timeless,vaporizers,2g,8700,,,sativa,TRUE,https://www.thetravelagency.co/products/34711670/,2026-05-02T18:16:23.778337+00:00
travel-agency-ny,08082704,29887924-7c3b-4d76-ab97-fb0b9699d1cc,Jungle Punch | All-in-one,Timeless,vaporizers,2g,6700,,,sativa,TRUE,https://www.thetravelagency.co/products/08082704/,2026-05-02T18:16:23.778337+00:00
travel-agency-ny,18708168,3906bb3f-65c3-485d-8588-02ff521dcc41,Alaskan Thunderfuck | All-in-one,Timeless,vaporizers,2g,8700,,,sativa,TRUE,https://www.thetravelagency.co/products/18708168/,2026-05-02T18:16:23.778337+00:00
travel-agency-ny,37477282,df8c14d4-b600-4056-9019-f8b484d411b1,Wedding Cake | All-in-one,Timeless,vaporizers,1g,6700,,,indica,TRUE,https://www.thetravelagency.co/products/37477282/,2026-05-02T18:16:23.778337+00:00
travel-agency-ny,22415363,96c2413b-8913-4aaf-a640-7ba9ae2be8db,Chernobyl | All-in-one,Timeless,vaporizers,1g,6700,82.38,0.21,sativa,TRUE,https://www.thetravelagency.co/products/22415363/,2026-05-02T18:16:23.778337+00:00
travel-agency-ny,40066433,30978ecb-9aa2-45c0-9fab-499cb58749e0,Chernobyl | 510,Timeless,vaporizers,1g,5700,81.95,0.21,sativa,TRUE,https://www.thetravelagency.co/products/40066433/,2026-05-02T18:16:23.778337+00:00
travel-agency-ny,51223582,7127c8b7-4e1b-474e-be7e-39f698a4e560,Alien Technology | 510,Timeless,vaporizers,1g,5200,88.87,,indica,TRUE,https://www.thetravelagency.co/products/51223582/,2026-05-02T18:16:23.778337+00:00
travel-agency-ny,00690495,4d24d52e-5fed-4ee0-b521-319366ec89d2,Headband | All-in-one,Timeless,vaporizers,1g,6000,85.01,0.2,hybrid,TRUE,https://www.thetravelagency.co/products/00690495/,2026-05-02T18:16:23.778337+00:00
travel-agency-ny,73973907,e1081a0e-f4c6-49ed-908d-ddc88f446a03,Noir | Panamango | All-in-one,Timeless,vaporizers,1g,6700,,,sativa,TRUE,https://www.thetravelagency.co/products/73973907/,2026-05-02T18:16:23.778337+00:00
travel-agency-ny,24129571,ab77a561-1b42-44b4-b05c-182c64bf3243,Bruce Banner | 510,Timeless,vaporizers,1g,5700,81.4,0.21,sativa,TRUE,https://www.thetravelagency.co/products/24129571/,2026-05-02T18:16:23.778337+00:00
travel-agency-ny,07311191,2ebd272d-e666-41f1-88f3-5170a63e4758,Noir | King Louie Xiii | All-in-one,Timeless,vaporizers,1g,6700,,,hybrid,TRUE,https://www.thetravelagency.co/products/07311191/,2026-05-02T18:16:23.778337+00:00
travel-agency-ny,39397582,65275eb6-dabe-450f-94b8-d8e38c58ce61,Bruce Banner | All-in-one,Timeless,vaporizers,1g,6700,85.87,,sativa,TRUE,https://www.thetravelagency.co/products/39397582/,2026-05-02T18:16:23.778337+00:00
travel-agency-ny,18849212,ea62df74-6084-4e40-88ae-e02619f0aecd,Cactus Chiller | 510,Timeless,vaporizers,1g,5200,,,hybrid,TRUE,https://www.thetravelagency.co/products/18849212/,2026-05-02T18:16:23.778337+00:00
travel-agency-ny,83981536,763fb9ec-c60c-49e3-bb17-24499b064f96,Blackberry Kush | 510,Timeless,vaporizers,1g,5700,,,hybrid,TRUE,https://www.thetravelagency.co/products/83981536/,2026-05-02T18:16:23.778337+00:00
travel-agency-ny,27304098,48dba5c6-8722-446f-a165-83ba1bbd176e,Critical Kush | All-in-one,Timeless,vaporizers,1g,6700,83.05,0.23,indica,TRUE,https://www.thetravelagency.co/products/27304098/,2026-05-02T18:16:23.778337+00:00
travel-agency-ny,88079989,90df0b4f-c470-4807-9f8e-3fcf4859d2a3,Gelato Mintz | Live Resin | 510,Woodstock,vaporizers,1g,5500,,,indica,TRUE,https://www.thetravelagency.co/products/88079989/,2026-05-02T18:16:23.778337+00:00
travel-agency-ny,51070459,0a65a01c-964b-4753-8d1b-dc1c4df05301,Purple Sunset | Cured Resin | 510,Woodstock,vaporizers,1g,4000,,,indica,TRUE,https://www.thetravelagency.co/products/51070459/,2026-05-02T18:16:23.778337+00:00
travel-agency-ny,14821823,4e91b416-560b-46a9-a107-2fb0dcadbb76,Cactus Chiller | All-in-one,Timeless,vaporizers,2g,8700,,,hybrid,TRUE,https://www.thetravelagency.co/products/14821823/,2026-05-02T18:16:23.778337+00:00
travel-agency-ny,28079272,1b201ecd-5318-4c81-a93b-e72ff6f5cf45,707 Headband | All-in-one,Timeless,vaporizers,1g,6700,,,hybrid,TRUE,https://www.thetravelagency.co/products/28079272/,2026-05-02T18:16:23.778337+00:00
travel-agency-ny,74231625,310cef16-9dc8-4453-bad4-6468a20724fa,Higgs | 22's,Higgs,preroll,3g,5000,25,,sativa,TRUE,https://www.thetravelagency.co/products/74231625/,2026-05-02T18:16:23.778337+00:00
travel-agency-ny,86309036,675c771b-5b67-4c45-939c-234a8537df43,Sour Tangie | Infused,Higgs,preroll,3.5g,5500,,,sativa,TRUE,https://www.thetravelagency.co/products/86309036/,2026-05-02T18:16:23.778337+00:00
travel-agency-ny,49118021,f55e6844-c1ed-4a22-b087-3a952b6adaf9,Cherry Pie | Infused,Higgs,preroll,3.5g,5500,,,indica-hybrid,TRUE,https://www.thetravelagency.co/products/49118021/,2026-05-02T18:16:23.778337+00:00
travel-agency-ny,16096259,929b6d44-c6fb-4b6e-996c-35f1f03dc248,Blackberry Kush | Infused,Higgs,preroll,3.5g,5500,,,hybrid,TRUE,https://www.thetravelagency.co/products/16096259/,2026-05-02T18:16:23.778337+00:00
travel-agency-ny,73217279,864c8f5c-e9bd-462e-9da3-3c22483c4870,Higgs | 55's,Higgs,preroll,3g,5000,0,0,hybrid,TRUE,https://www.thetravelagency.co/products/73217279/,2026-05-02T18:16:23.778337+00:00
travel-agency-ny,61043505,a5997150-64f6-424b-bfb9-91106a571b13,Higgs | 19's,Higgs,preroll,3g,5000,22.9,0,sativa,TRUE,https://www.thetravelagency.co/products/61043505/,2026-05-02T18:16:23.778337+00:00
travel-agency-ny,65799088,45b2f904-b674-4817-bfb9-f0f8515d3c25,Blue Dream X Durban Poison | Infused,High 5s,preroll,4g,6500,,,sativa,TRUE,https://www.thetravelagency.co/products/65799088/,2026-05-02T18:16:23.778337+00:00
travel-agency-ny,17902305,12978801-e940-4c38-9eb0-8e7105e018bc,Blueberry Ice Pop X Blackberry Og X White Truffle | Infused,High 5s,preroll,0.8g,1800,,,indica,TRUE,https://www.thetravelagency.co/products/17902305/,2026-05-02T18:16:23.778337+00:00
travel-agency-ny,44878623,ce4cacd1-d84b-400d-b40b-fc6dbe4964c5,Star Fruit X Grape Crush X 24k Gold | Infused,High 5s,preroll,4g,6500,,,hybrid,TRUE,https://www.thetravelagency.co/products/44878623/,2026-05-02T18:16:23.778337+00:00
travel-agency-ny,61656224,e91a190e-e295-4786-a55b-6dd74aa836c7,Blue Zushi X Pink Gas| Infused,High 5s,preroll,4g,6500,,,hybrid,TRUE,https://www.thetravelagency.co/products/61656224/,2026-05-02T18:16:23.778337+00:00
travel-agency-ny,84664372,f3c9bf75-1c0e-4e56-8bec-70086b59e827,Gelato 33,Aeterna Cannabis,preroll,1g,1000,26,0,indica,TRUE,https://www.thetravelagency.co/products/84664372/,2026-05-02T18:16:23.778337+00:00
travel-agency-ny,05894103,d2ec8fb9-60da-458d-8259-24064bf2c3e0,Ego Checker,Aeterna Cannabis,flower,3.5g,4000,23,0.5,sativa,TRUE,https://www.thetravelagency.co/products/05894103/,2026-05-02T18:16:23.778337+00:00
travel-agency-ny,10667579,b6d0db0c-323e-4125-be3a-6d4d5d4b67ad,Rs-11,Aeterna Cannabis,flower,3.5g,3600,22,,indica,TRUE,https://www.thetravelagency.co/products/10667579/,2026-05-02T18:16:23.778337+00:00
travel-agency-ny,68580966,9b93f982-b3b9-4a5f-aad5-14f37db9b02f,Apple Fritter,Aeterna Cannabis,flower,3.5g,4000,30,0.5,hybrid,TRUE,https://www.thetravelagency.co/products/68580966/,2026-05-02T18:16:23.778337+00:00
travel-agency-ny,44983433,75025bac-21ea-45f3-8d90-41159a11310c,Gelato 33 | Infused,Aeterna Cannabis,preroll,2.5g,3600,,,hybrid,TRUE,https://www.thetravelagency.co/products/44983433/,2026-05-02T18:16:23.778337+00:00
travel-agency-ny,12139078,0478a1ac-387f-4013-91f1-54c39179c1fc,Watermelon X Fatso | Live Rosin,Lost Farm,edible,100mg,3000,100,,indica,TRUE,https://www.thetravelagency.co/products/12139078/,2026-05-02T18:16:23.778337+00:00
travel-agency-ny,37871801,3c2bea64-6f89-4758-b88b-cf3e7ff44664,Thorny Berry X Og Kush | Live Resin,Lost Farm,edible,100mg,3000,100,,,TRUE,https://www.thetravelagency.co/products/37871801/,2026-05-02T18:16:23.778337+00:00
travel-agency-ny,67307103,82e39e35-7b89-4ced-b8d6-bea92011574a,Tropical Lemonade X Ztrawberry Guava | Live Rosin,Lost Farm,edible,100mg,3000,100,,hybrid,TRUE,https://www.thetravelagency.co/products/67307103/,2026-05-02T18:16:23.778337+00:00
travel-agency-ny,67499853,9e7df47b-b32a-4b26-8891-282ff9c729a5,Strawberry Lemonade X Napa Resin,Lost Farm,edible,100mg,3000,100,,hybrid,TRUE,https://www.thetravelagency.co/products/67499853/,2026-05-02T18:16:23.778337+00:00
travel-agency-ny,68996504,938af4ea-86f4-417c-b8f7-5cf021c65dc8,Acapulco Gold | All-in-one,Select,vaporizers,2g,8300,80,,sativa,TRUE,https://www.thetravelagency.co/products/68996504/,2026-05-02T18:16:23.778337+00:00
travel-agency-ny,11863435,e7bcc72d-6e53-4cb7-ab86-0677f9100cf8,Super Boof | 510,Select,vaporizers,1g,4800,82.96,0.37,hybrid,TRUE,https://www.thetravelagency.co/products/11863435/,2026-05-02T18:16:23.778337+00:00
travel-agency-ny,72304620,1005ef8f-2f30-4fea-b723-28a753c1be8a,Hickory Hash,Find.,flower,70g,35500,22,0.05,hybrid,TRUE,https://www.thetravelagency.co/products/72304620/,2026-05-02T18:16:23.778337+00:00
travel-agency-ny,94379951,f0f8682d-c273-4c07-9215-537b60f8f566,La Kush Cake,Good Green,flower,28g,15000,,,indica,TRUE,https://www.thetravelagency.co/products/94379951/,2026-05-02T18:16:23.778337+00:00
travel-agency-ny,55238424,bc667d01-b420-432b-84cb-106c15abdf9f,Brazzy Kush | Ace | 510,Select,vaporizers,1g,6000,81.5,,hybrid,TRUE,https://www.thetravelagency.co/products/55238424/,2026-05-02T18:16:23.778337+00:00
travel-agency-ny,80390074,0a84ec13-d4d5-4402-a7f0-cbea7165615b,Elderflower | 510,Fernway,vaporizers,1g,5000,83.9,0.28,hybrid,TRUE,https://www.thetravelagency.co/products/80390074/,2026-05-02T18:16:23.778337+00:00
travel-agency-ny,14620500,316c6bb2-460b-4c9d-98ce-8daa988df243,Exhilarate | Wild Cherry 1:1:1,Camino,edible,100mg,3000,100,0,sativa,TRUE,https://www.thetravelagency.co/products/14620500/,2026-05-02T18:16:23.778337+00:00
travel-agency-ny,11908845,31135b53-9d90-47d6-9992-79c576bef281,Sleep | Midnight Blueberry | 5:1,Camino,edible,100mg,3000,100,0,indica,TRUE,https://www.thetravelagency.co/products/11908845/,2026-05-02T18:16:23.778337+00:00
travel-agency-ny,09731390,ff799c5c-fe0e-47eb-8848-e360b6272154,Bliss | Watermelon Lemonade,Camino,edible,100mg,2800,100,0,sativa-hybrid,TRUE,https://www.thetravelagency.co/products/09731390/,2026-05-02T18:16:23.778337+00:00
travel-agency-ny,16444841,524167b2-a750-4478-a6a8-0f3877b847d4,Balance | Yuzu Lemon | 1:1,Camino,edible,100mg,3000,100,100,,TRUE,https://www.thetravelagency.co/products/16444841/,2026-05-02T18:16:23.778337+00:00
travel-agency-ny,81713707,99d7fe5a-03f9-48d7-b78c-58bf4195f8a7,Night Owl Haze,Good Green,flower,7g,5500,24.67,,sativa,TRUE,https://www.thetravelagency.co/products/81713707/,2026-05-02T18:16:23.778337+00:00
travel-agency-ny,16618938,2a4ff370-b492-4993-a8b7-4ae888442130,Sours | Balance | Orchard Peach | 1:1,Camino,edible,100mg,3000,100,100,hybrid,TRUE,https://www.thetravelagency.co/products/16618938/,2026-05-02T18:16:23.778337+00:00
travel-agency-ny,74883453,81a475a9-23e5-4467-97a6-b02b397bc956,Sours | Chill | Strawberry Sunset,Camino,edible,100mg,2800,100,0,indica-hybrid,TRUE,https://www.thetravelagency.co/products/74883453/,2026-05-02T18:16:23.778337+00:00
travel-agency-ny,8100760700011,f45d2232-0934-4b61-bed5-3441705e98d0,Sours | Uplifting | Watermelon Spritz,Camino,edible,100mg,2800,100,0,sativa,TRUE,https://www.thetravelagency.co/products/8100760700011/,2026-05-02T18:16:23.778337+00:00
travel-agency-ny,810109861576,26cfd54c-db0d-4424-97dc-fb366e8597ea,Elderberry | 2:1,Wyld,edible,100mg,2800,10,0,indica,TRUE,https://www.thetravelagency.co/products/810109861576/,2026-05-02T18:16:23.778337+00:00
travel-agency-ny,22585275,b1a23e50-5168-4ebe-afa4-9ce6462b4761,Huckleberry,Wyld,edible,100mg,2600,10,0,hybrid,TRUE,https://www.thetravelagency.co/products/22585275/,2026-05-02T18:16:23.778337+00:00
travel-agency-ny,64517389,b80aaaee-4c8b-4b4a-9470-21b45728a0ba,Raspberry,Wyld,edible,100mg,2600,10,,sativa,TRUE,https://www.thetravelagency.co/products/64517389/,2026-05-02T18:16:23.778337+00:00
travel-agency-ny,18181904,335dba87-2b5c-4259-9892-1dfb4615f5ac,Marionberry,Wyld,edible,100mg,2600,100,0,indica,TRUE,https://www.thetravelagency.co/products/18181904/,2026-05-02T18:16:23.778337+00:00
travel-agency-ny,32121736,c745210f-c12d-499d-a24f-84149950449c,Sour Cherry,Wyld,edible,100mg,2600,10,0,indica,TRUE,https://www.thetravelagency.co/products/32121736/,2026-05-02T18:16:23.778337+00:00
travel-agency-ny,42536020,d5335a8e-dd35-4d0d-a9f4-caacc74fcfb2,Pear | 1:1,Wyld,edible,100mg,2800,100,0,hybrid,TRUE,https://www.thetravelagency.co/products/42536020/,2026-05-02T18:16:23.778337+00:00
travel-agency-ny,27971158,aed9c369-ee73-4d63-81b5-0b1d75916551,Peach | 2:1,Wyld,edible,100mg,2800,10,5,hybrid,TRUE,https://www.thetravelagency.co/products/27971158/,2026-05-02T18:16:23.778337+00:00
travel-agency-ny,93470466,d3f461e0-ca38-4207-8b56-d487c5e8fe9c,Grapefruit | 1:1:1,Wyld,edible,100mg,2800,10,0,sativa,TRUE,https://www.thetravelagency.co/products/93470466/,2026-05-02T18:16:23.778337+00:00
travel-agency-ny,33242156,9121c945-854c-4b21-89d0-712a8fcf729f,Blood Orange | 1:1,Wyld,edible,100mg,2800,10,0,sativa,TRUE,https://www.thetravelagency.co/products/33242156/,2026-05-02T18:16:23.778337+00:00
travel-agency-ny,66994150,6b98d078-a72e-44ad-8007-4d8ce42de201,Blueberry Banana Pancake | Briq Flavor | Lto,Select,vaporizers,2g,8300,80,,hybrid,TRUE,https://www.thetravelagency.co/products/66994150/,2026-05-02T18:16:23.778337+00:00
travel-agency-ny,87598124,0b39ba3c-222c-4d00-b3e6-dbac86cf6285,Vanilla Mint Kush | All-in-one,Select,vaporizers,2g,8300,80,,hybrid,TRUE,https://www.thetravelagency.co/products/87598124/,2026-05-02T18:16:23.778337+00:00
travel-agency-ny,15532464,2e0a52d1-a012-4c5a-b984-f75454c38c8c,Caramel Macchiato | Briq Flavor | Lto,Select,vaporizers,2g,8300,80,,hybrid,TRUE,https://www.thetravelagency.co/products/15532464/,2026-05-02T18:16:23.778337+00:00
travel-agency-ny,82736557,be96398a-09e6-4d15-8ab0-11f9a2722cd8,Good Grind Indica Blend | Pre-ground,Good Green,flower,14g,6000,18.38,,indica,TRUE,https://www.thetravelagency.co/products/82736557/,2026-05-02T18:16:23.778337+00:00
travel-agency-ny,78213387,9d2134f2-e098-4350-ad62-7440ad4ea3e7,Zacks Cake,Good Green,flower,7g,5500,28.55,,hybrid,TRUE,https://www.thetravelagency.co/products/78213387/,2026-05-02T18:16:23.778337+00:00
travel-agency-ny,06986157,36c98263-3fa7-4464-bf4b-1c24cc30b309,Good Grind Sativa Blend | Pre-ground,Good Green,flower,14g,6000,18.35,,sativa,TRUE,https://www.thetravelagency.co/products/06986157/,2026-05-02T18:16:23.778337+00:00
travel-agency-ny,01270071,1d51fffc-fc49-4f32-a7e6-30352d4376c0,Cranberry Jam | 510,Fernway,vaporizers,1g,5000,81.5,,hybrid,TRUE,https://www.thetravelagency.co/products/01270071/,2026-05-02T18:16:23.778337+00:00
travel-agency-ny,69187976,6759ea1d-74ba-4185-9d09-c5774ec912f0,Papayahuasca | All-in-one | Briq Flavor,Select,vaporizers,2g,8300,,,indica,TRUE,https://www.thetravelagency.co/products/69187976/,2026-05-02T18:16:23.778337+00:00
travel-agency-ny,71302242,b108dc48-5077-4084-99f5-18fa0c3ee753,Chill | Wild Berry,Camino,edible,100mg,2800,100,0,indica-hybrid,TRUE,https://www.thetravelagency.co/products/71302242/,2026-05-02T18:16:23.778337+00:00
travel-agency-ny,69276670,53259974-393f-400b-b316-9b7b3a5f2f96,Gas Lit,Find.,flower,14g,11000,,,hybrid,TRUE,https://www.thetravelagency.co/products/69276670/,2026-05-02T18:16:23.778337+00:00
travel-agency-ny,73938401,85126f9f-f4ae-4719-8852-bda2152c3d05,Paw Paw,Find.,flower,28g,17500,22,0.5,hybrid,TRUE,https://www.thetravelagency.co/products/73938401/,2026-05-02T18:16:23.778337+00:00
travel-agency-ny,53460337,525b091e-da43-485e-9087-9357c6b1c06c,Social | Sparling Pear | 1:2,Camino,edible,40mg,3000,100,0,hybrid,TRUE,https://www.thetravelagency.co/products/53460337/,2026-05-02T18:16:23.778337+00:00
travel-agency-ny,41208642,b493789d-b7c7-490c-99a9-f57c1ddb6af4,Omg,Good Green,flower,14g,10000,26.61,,hybrid,TRUE,https://www.thetravelagency.co/products/41208642/,2026-05-02T18:16:23.778337+00:00
travel-agency-ny,13787145,c8f604cd-c322-4e59-8f49-f11c55a1bdf6,Mochi | Pro | All-in-one,Fernway,vaporizers,1g,6100,,,hybrid,TRUE,https://www.thetravelagency.co/products/13787145/,2026-05-02T18:16:23.778337+00:00
travel-agency-ny,98893924,07b32e80-2608-4018-ab79-77af3074447a,Amnesia Haze | All-in-one,Select,vaporizers,1g,5500,80,,sativa,TRUE,https://www.thetravelagency.co/products/98893924/,2026-05-02T18:16:23.778337+00:00
travel-agency-ny,81872411,406e93d7-0b0f-45e6-86b6-38455b52413e,Paw Paw,Find.,flower,70g,35500,22,0.05,hybrid,TRUE,https://www.thetravelagency.co/products/81872411/,2026-05-02T18:16:23.778337+00:00
travel-agency-ny,78337712,28063cee-8994-4c51-b397-4397db476cfc,Sours | Deep Sleep | Blackberry Dream | 1:1:1,Camino,edible,100mg,3000,100,100,indica,TRUE,https://www.thetravelagency.co/products/78337712/,2026-05-02T18:16:23.778337+00:00
travel-agency-ny,60621862,c39a65da-1824-4afc-8069-de135a1422fa,Sours | Energy | Tropical Burst | 2:1,Camino,edible,100mg,3000,100,0,sativa,TRUE,https://www.thetravelagency.co/products/60621862/,2026-05-02T18:16:23.778337+00:00
travel-agency-ny,38191880,83794f88-064e-4580-83d2-878ea1ca78a8,Pappy Poison | Ace | 510,Select,vaporizers,1g,6000,81.5,,hybrid,TRUE,https://www.thetravelagency.co/products/38191880/,2026-05-02T18:16:23.778337+00:00
travel-agency-ny,14601295,2332045e-8fc9-4335-b70a-97c5914a69c2,Night Owl Haze,Good Green,flower,3.5g,3200,23,0.5,sativa,TRUE,https://www.thetravelagency.co/products/14601295/,2026-05-02T18:16:23.778337+00:00
travel-agency-ny,53261530,27933b66-83b7-452f-9174-a167b3e93a6d,Garlic Patties,Find.,flower,28g,17500,22,0.5,indica,TRUE,https://www.thetravelagency.co/products/53261530/,2026-05-02T18:16:23.778337+00:00
travel-agency-ny,32469014,b2d827ee-f09e-40a0-a7eb-48465bf8d98c,Sours | Bliss | Raspberry Lemonade,Camino,edible,100mg,3000,100,0,hybrid,TRUE,https://www.thetravelagency.co/products/32469014/,2026-05-02T18:16:23.778337+00:00
travel-agency-ny,43433338,566cfd0b-1214-482d-baf2-aa924fdf6d26,White Hot Guava,Find.,flower,28g,17500,22,0.5,,TRUE,https://www.thetravelagency.co/products/43433338/,2026-05-02T18:16:23.778337+00:00
travel-agency-ny,74569979,3633439a-6986-4b9a-a65d-3bcccf7d6e6e,Mountain Diesel | Ace | 510,Select,vaporizers,1g,6000,81.5,,hybrid,TRUE,https://www.thetravelagency.co/products/74569979/,2026-05-02T18:16:23.778337+00:00
travel-agency-ny,71367365,1df184b0-add8-49f5-b64d-f0ef3a1c0a90,Pineapple Habanero,Camino,edible,100mg,2800,100,0,sativa,TRUE,https://www.thetravelagency.co/products/71367365/,2026-05-02T18:16:23.778337+00:00
travel-agency-ny,12782804,2c84b3b5-b699-4520-ab33-893f4830b25e,Kosher Kush,Good Green,flower,3.5g,3200,23.28,0.01,indica,TRUE,https://www.thetravelagency.co/products/12782804/,2026-05-02T18:16:23.778337+00:00
travel-agency-ny,35303499,ba8a2f29-31a5-408d-a791-eef8d1c45f91,Gs Mints | Smalls,Find.,flower,70g,35500,22,0.05,hybrid,TRUE,https://www.thetravelagency.co/products/35303499/,2026-05-02T18:16:23.778337+00:00
travel-agency-ny,59723131,3b5e6a6c-72f8-453a-86a8-1bac8a4df583,Garlic Patties,Find.,flower,14g,11000,21,0.5,indica,TRUE,https://www.thetravelagency.co/products/59723131/,2026-05-02T18:16:23.778337+00:00
travel-agency-ny,27046637,d440003e-c57e-4d40-a8a3-786063021618,Kiwi | 1:1,Wyld,edible,100mg,2800,100,0,sativa,TRUE,https://www.thetravelagency.co/products/27046637/,2026-05-02T18:16:23.778337+00:00
travel-agency-ny,13425485,55a8f5fc-7bf2-4f75-8dbc-750c9c89fa7b,Blackberry Blast | All-in-one | Briq Flavor,Select,vaporizers,1g,5500,80,,indica,TRUE,https://www.thetravelagency.co/products/13425485/,2026-05-02T18:16:23.778337+00:00
travel-agency-ny,73612021,00ba104a-b0ad-4d55-824b-d75d18d0aeb8,Strawberry | 20:1,Wyld,edible,10mg,3000,1,20,hybrid,TRUE,https://www.thetravelagency.co/products/73612021/,2026-05-02T18:16:23.778337+00:00
travel-agency-ny,74370389,154abcff-212d-47a9-b83b-13d55caf9de1,Berry Haze | Pro | All-in-one,Fernway,vaporizers,2g,8300,84.8,0.28,hybrid,TRUE,https://www.thetravelagency.co/products/74370389/,2026-05-02T18:16:23.778337+00:00
travel-agency-ny,70412851,e890376b-3475-4a59-bd97-a57010641404,Gg#4 | 510,Fernway,vaporizers,1g,5000,81.5,,indica-hybrid,TRUE,https://www.thetravelagency.co/products/70412851/,2026-05-02T18:16:23.778337+00:00
travel-agency-ny,070330600171,2295f0ad-a87b-4a62-b661-ee9bbf2e6d5b,Lighter,The Travel Agency,merch,,300,,,,TRUE,https://www.thetravelagency.co/products/070330600171/,2026-05-02T18:16:23.778337+00:00
travel-agency-ny,03110589,c84623b0-20e9-4148-b8db-b0e5f9815e18,Tta Jet Pocket Lighter,The Travel Agency,merch,,400,,,,TRUE,https://www.thetravelagency.co/products/03110589/,2026-05-02T18:16:23.778337+00:00
travel-agency-ny,720140163907,2bf26fb4-fb2e-4e54-b0f8-867b46dfe473,Up | Honeycrisp | 2:1,Ayrloom,edible,10mg,500,10,5,hybrid,TRUE,https://www.thetravelagency.co/products/720140163907/,2026-05-02T18:16:23.778337+00:00
travel-agency-ny,850055309524,b4691f3d-77e0-4454-90c6-6c11c27f749f,Euphoric | Watermelon Lemonade | 10:4,Off Hours,edible,100mg,2800,100,0,,TRUE,https://www.thetravelagency.co/products/850055309524/,2026-05-02T18:16:23.778337+00:00
travel-agency-ny,80644005,64e4de5e-673f-4cce-9e80-76ad064831f2,Sour Diesel,Nanticoke,preroll,0.5g,800,25,,sativa,TRUE,https://www.thetravelagency.co/products/80644005/,2026-05-02T18:16:23.778337+00:00
travel-agency-ny,32781767,ee2d9c7a-d109-46c2-9dfd-79b35412ff68,Hybrid Blend,Anthem,preroll,3.5g,3500,29.25,0.13,hybrid,TRUE,https://www.thetravelagency.co/products/32781767/,2026-05-02T18:16:23.778337+00:00
travel-agency-ny,81682355,0df3e5c3-4300-4c51-8291-c60df376b9c2,Doobies | Blue Dream,Ruby,preroll,1g,1400,24.5,,hybrid,TRUE,https://www.thetravelagency.co/products/81682355/,2026-05-02T18:16:23.778337+00:00
travel-agency-ny,93865146,6fc6ff2d-3d2e-4891-b1e0-d0f1073de70f,Limelight | Cherry Limeade | 10:2,Off Hours,edible,100mg,2800,100,18.62,,TRUE,https://www.thetravelagency.co/products/93865146/,2026-05-02T18:16:23.778337+00:00
travel-agency-ny,30813354,33a01602-4513-460e-8720-f9750ae64a65,Doobies | Sour Diesel,Ruby,preroll,3.5g,3800,25,0,sativa,TRUE,https://www.thetravelagency.co/products/30813354/,2026-05-02T18:16:23.778337+00:00
travel-agency-ny,202509046408,1e01c378-776e-4eaa-b182-d6d66b30be55,Sativa Blend,Anthem,preroll,3.5g,3500,28.33,0,sativa,TRUE,https://www.thetravelagency.co/products/202509046408/,2026-05-02T18:16:23.778337+00:00
travel-agency-ny,72644416,58ecbd2b-4f34-4121-90af-c2f3c7983888,Pineapple Express | All-in-one,Ayrloom,vaporizers,0.5g,3000,90,0,sativa,TRUE,https://www.thetravelagency.co/products/72644416/,2026-05-02T18:16:23.778337+00:00
travel-agency-ny,850055309883,ce3b2145-0612-4bce-b5f0-430d7eea5d59,Maui Wowie | All-in-one,Off Hours,vaporizers,1g,4500,82.14,3.28,sativa,TRUE,https://www.thetravelagency.co/products/850055309883/,2026-05-02T18:16:23.778337+00:00
travel-agency-ny,08419793,f71524c5-a89b-462c-88e0-6665726ad2b5,Coconut Cream,Nanticoke,preroll,0.5g,800,25,,indica-hybrid,TRUE,https://www.thetravelagency.co/products/08419793/,2026-05-02T18:16:23.778337+00:00
travel-agency-ny,35433334,706b92e5-895b-41e8-8407-9c5e8a604a69,Quick | Island Punch,Wana,edible,100mg,2800,100,,indica,TRUE,https://www.thetravelagency.co/products/35433334/,2026-05-02T18:16:23.778337+00:00
travel-agency-ny,11617723,a50a1394-bdaa-482b-abd7-0e0cc94e2d02,Baby Yoda,Florette,preroll,1g,1100,31.04,,indica,TRUE,https://www.thetravelagency.co/products/11617723/,2026-05-02T18:16:23.778337+00:00
travel-agency-ny,67983765,c74a2aaf-bec8-40cd-8e72-100afb43cba2,Mellow | Blue Razzberry | 10:2,Off Hours,edible,100mg,2800,100,20,,TRUE,https://www.thetravelagency.co/products/67983765/,2026-05-02T18:16:23.778337+00:00
travel-agency-ny,07244098,1308914b-969a-4ca6-a486-a69f9b8b4383,Blue Dream | All-in-one,Off Hours,vaporizers,1g,4500,85.82,,hybrid,TRUE,https://www.thetravelagency.co/products/07244098/,2026-05-02T18:16:23.778337+00:00
travel-agency-ny,65932532,b560ae5f-5a77-46b7-8374-f3162f4eb276,Nighttime Chews | Strawberry | 1:1:1,Foy,edible,100mg,2800,100,100,indica,TRUE,https://www.thetravelagency.co/products/65932532/,2026-05-02T18:16:23.778337+00:00
travel-agency-ny,10444988,e7f9dd0a-00f3-45a5-8fa2-5d64c11cc0c0,Daydream | Pink Berry | 10:2:2,Off Hours,edible,100mg,2800,100,,sativa,TRUE,https://www.thetravelagency.co/products/10444988/,2026-05-02T18:16:23.778337+00:00
travel-agency-ny,22216718,09fca18b-9a7a-4f62-bd88-4316f4c77b19,Lilac Diesel,Nanticoke,preroll,0.5g,800,25,,hybrid,TRUE,https://www.thetravelagency.co/products/22216718/,2026-05-02T18:16:23.778337+00:00
travel-agency-ny,47252673,578acb5d-d4c4-46b1-9246-7f14e4434d7b,Block Monster,Nanticoke,preroll,0.5g,800,,,hybrid,TRUE,https://www.thetravelagency.co/products/47252673/,2026-05-02T18:16:23.778337+00:00
travel-agency-ny,HD23R19B1,e5fa656d-0881-421b-b698-71ad9bbb8a35,Doobies | Black Cherry Gelato,Ruby,preroll,3.5g,3800,25,,hybrid,TRUE,https://www.thetravelagency.co/products/HD23R19B1/,2026-05-02T18:16:23.778337+00:00
travel-agency-ny,52987689,fe1a9946-d4ff-4a42-93de-4ee4706a0332,Indica Blend,Anthem,preroll,3.5g,3500,33.57,0,indica,TRUE,https://www.thetravelagency.co/products/52987689/,2026-05-02T18:16:23.778337+00:00
travel-agency-ny,53539516,e093d633-93a4-47be-9bfd-2e4517627569,Wood Tip | Pineapple Haze | Infused,Anthem,preroll,2.5g,4000,49.38,0.12,sativa,TRUE,https://www.thetravelagency.co/products/53539516/,2026-05-02T18:16:23.778337+00:00
travel-agency-ny,43699467,df23b086-6bca-4958-af7d-20c3771aae4e,Classics | Kosher Kush,Ruby,preroll,5g,5000,25,,indica,TRUE,https://www.thetravelagency.co/products/43699467/,2026-05-02T18:16:23.778337+00:00
travel-agency-ny,16259368,52c84d18-eacd-4a1c-b429-203614f7c3d5,Glass Tip | Blue Dream | Infused,Anthem,preroll,2.5g,4000,46.03,0.12,hybrid,TRUE,https://www.thetravelagency.co/products/16259368/,2026-05-02T18:16:23.778337+00:00
travel-agency-ny,38856865,fb282d76-0600-46fa-b736-31876bb31b6e,Wood Tip | Watermelon Z | Infused,Anthem,preroll,1g,2000,51.63,,hybrid,TRUE,https://www.thetravelagency.co/products/38856865/,2026-05-02T18:16:23.778337+00:00
travel-agency-ny,81427141,4f320747-22bd-4ad4-92b7-e7e571d70dd3,Acapulco Gold | Infused,Anthem,preroll,1g,2000,50.74,0.13,sativa,TRUE,https://www.thetravelagency.co/products/81427141/,2026-05-02T18:16:23.778337+00:00
travel-agency-ny,06204869,047c8a6d-5b40-43f1-9142-2230150d05ab,Classics | King Size,Raw,merch,,200,,,,TRUE,https://www.thetravelagency.co/products/06204869/,2026-05-02T18:16:23.778337+00:00
travel-agency-ny,19388389,71fa6cae-3745-4233-9015-094e5ba99301,Doobies | Super Lemon Haze,Ruby,preroll,3.5g,3800,25,,sativa-hybrid,TRUE,https://www.thetravelagency.co/products/19388389/,2026-05-02T18:16:23.778337+00:00
travel-agency-ny,91774440,0dabe955-4c21-4acb-b6fc-6ea04b6dde3a,Illuminate | Peach Mango | 10:2,Off Hours,edible,100mg,2800,100,0,,TRUE,https://www.thetravelagency.co/products/91774440/,2026-05-02T18:16:23.778337+00:00
travel-agency-ny,1028,2ab0cefc-cca3-449c-97c9-9d2440637007,Doobies | Og #18,Ruby,preroll,1g,1400,30.2,,hybrid,TRUE,https://www.thetravelagency.co/products/1028/,2026-05-02T18:16:23.778337+00:00
travel-agency-ny,72056358,10a64b3d-19da-4586-913c-35d1c4b0f1db,Sour Diesel | 510,Jaunty,vaporizers,1g,4500,90,0.7,sativa,TRUE,https://www.thetravelagency.co/products/72056358/,2026-05-02T18:16:23.778337+00:00
travel-agency-ny,53601608,b37e05e9-3177-4a71-a079-724c51365d7a,Dogwalkers | Sour Diesel,Dogwalkers,preroll,1.75g,2800,25,,sativa,TRUE,https://www.thetravelagency.co/products/53601608/,2026-05-02T18:16:23.778337+00:00
travel-agency-ny,92753433,b861134a-bb1c-49c1-9a89-61aa1d51818b,Go | 5:1:1 | All-in-one,Off Hours,vaporizers,0.5g,2800,72.16,2.07,hybrid,TRUE,https://www.thetravelagency.co/products/92753433/,2026-05-02T18:16:23.778337+00:00
travel-agency-ny,56052236,8eccc382-2f4c-4b33-b0d7-57bbeb91c2c2,Galactic Guava | Live Rosin,Off Hours,edible,1g,3800,100,,indica,TRUE,https://www.thetravelagency.co/products/56052236/,2026-05-02T18:16:23.778337+00:00
travel-agency-ny,99631295,11304dfa-102e-442c-a592-7d8cd6045a2d,Wood Tip | Blue Raspberry Kush | Infused,Anthem,preroll,2.5g,4000,47.01,0,sativa,TRUE,https://www.thetravelagency.co/products/99631295/,2026-05-02T18:16:23.778337+00:00
travel-agency-ny,36788769,77e0ed30-d4cb-4b2f-af0f-0287ce0e5f36,Stay Asleep | 10:2:2:20,Wana,edible,100mg,2800,100,200,indica,TRUE,https://www.thetravelagency.co/products/36788769/,2026-05-02T18:16:23.778337+00:00
travel-agency-ny,71648863,27d002e0-5e5b-4d65-befb-343565535b46,Blue Lobster,Grassroots,flower,3.5g,4000,30.29,0,indica-hybrid,TRUE,https://www.thetravelagency.co/products/71648863/,2026-05-02T18:16:23.778337+00:00
travel-agency-ny,24487922,3c5e7693-c00d-49b5-aa6f-59f6f0e9f6bc,Pineapple | Live Rosin,Rythm,edible,1g,2500,100,0,sativa,TRUE,https://www.thetravelagency.co/products/24487922/,2026-05-02T18:16:23.778337+00:00
travel-agency-ny,66150445,24da1c75-2e4b-4fb8-bf8b-e6c2039a07a5,Doobies | Sour Tangie,Ruby,preroll,3.5g,3800,25,,sativa,TRUE,https://www.thetravelagency.co/products/66150445/,2026-05-02T18:16:23.778337+00:00
travel-agency-ny,75283360,14d35e2c-78fe-4ba3-9e8f-fde3d74cd0f9,Animal Face,Rythm,flower,3.5g,5000,23,0.5,indica-hybrid,TRUE,https://www.thetravelagency.co/products/75283360/,2026-05-02T18:16:23.778337+00:00
travel-agency-ny,24400353,6c9e2efa-71c4-46d2-951b-1e0fb3f16f49,Dogwalkers | Hash Queen,Dogwalkers,preroll,4.2g,5500,21.07,,sativa,TRUE,https://www.thetravelagency.co/products/24400353/,2026-05-02T18:16:23.778337+00:00
travel-agency-ny,55804641,7457c128-4b4c-4b9e-a024-50abbcc15cc5,Strawberry Matcha | Live Rosin,Off Hours,edible,100mg,3800,,,hybrid,TRUE,https://www.thetravelagency.co/products/55804641/,2026-05-02T18:16:23.778337+00:00
travel-agency-ny,15354290,8c0f03ee-1331-40b1-8bcb-fc9ec71b7aa3,Another Level,Alchemy Pure,flower,3.5g,3000,23,0.5,indica-hybrid,TRUE,https://www.thetravelagency.co/products/15354290/,2026-05-02T18:16:23.778337+00:00
travel-agency-ny,08761046,fc672851-5341-45f0-8905-7850025ad0e9,Clementine | Live Rosin,Rythm,edible,100mg,2500,,,hybrid,TRUE,https://www.thetravelagency.co/products/08761046/,2026-05-02T18:16:23.778337+00:00
travel-agency-ny,23314027,4ebaf422-99a1-49d5-a132-9ef48e6d2982,Serenity | Paradise Cooler | 10:2,Off Hours,edible,100mg,2800,100,20,,TRUE,https://www.thetravelagency.co/products/23314027/,2026-05-02T18:16:23.778337+00:00
travel-agency-ny,78388029,e9a77fdf-d1e9-4ac3-a1b0-91085f853fcc,Offline | All-in-one,Off Hours,vaporizers,0.5g,2800,79.73,6.05,hybrid,TRUE,https://www.thetravelagency.co/products/78388029/,2026-05-02T18:16:23.778337+00:00
travel-agency-ny,02736534,958e1b39-38dd-4b9f-acd3-faf1d8401827,Maui Wowie | Infused,Rythm,preroll,1g,1800,25,,sativa,TRUE,https://www.thetravelagency.co/products/02736534/,2026-05-02T18:16:23.778337+00:00
travel-agency-ny,82001553,b7a4a9b4-7c14-4b25-961f-aa0ce7fe942c,Animal Face,Florette,preroll,1g,1100,21.5,,sativa,TRUE,https://www.thetravelagency.co/products/82001553/,2026-05-02T18:16:23.778337+00:00
travel-agency-ny,01251128,55f011a5-d1c1-4b53-aff0-719a46671f10,Amnesia Haze | 510,Jaunty,vaporizers,1g,4500,90,0.7,sativa,TRUE,https://www.thetravelagency.co/products/01251128/,2026-05-02T18:16:23.778337+00:00
travel-agency-ny,30722929,364dbb9f-e776-4254-bed4-f6a26a9147ca,Blackened Blue,Dark Heart,flower,3.5g,5000,27.48,0,sativa,TRUE,https://www.thetravelagency.co/products/30722929/,2026-05-02T18:16:23.778337+00:00
travel-agency-ny,87833228,a80ae8d1-832e-47ba-ab47-274466d79e7c,Doobies | Purple Hindu Kush,Ruby,preroll,1g,1400,25,,indica,TRUE,https://www.thetravelagency.co/products/87833228/,2026-05-02T18:16:23.778337+00:00
travel-agency-ny,18053902,7db2ba09-5302-432b-9920-887e54625793,Awaken | Orangeade | 10:2,Off Hours,edible,100mg,2800,100,20,,TRUE,https://www.thetravelagency.co/products/18053902/,2026-05-02T18:16:23.778337+00:00
travel-agency-ny,93026705,2ae341ba-372c-4d7b-a55a-1c0269246322,Glass Tip | Blue Dream | Infused,Anthem,preroll,1g,2000,42.04,0,hybrid,TRUE,https://www.thetravelagency.co/products/93026705/,2026-05-02T18:16:23.778337+00:00
travel-agency-ny,18206073,eeb94de3-b2a7-4052-b91b-dbb0dee600d1,Cran Haze | All-in-one,Ayrloom,vaporizers,1g,5000,81,,sativa,TRUE,https://www.thetravelagency.co/products/18206073/,2026-05-02T18:16:23.778337+00:00
travel-agency-ny,09282555,ffe03806-1b7b-4bc6-aa92-828f49a18ed2,Watermelon | Live Rosin,Rythm,edible,100mg,2500,,,hybrid,TRUE,https://www.thetravelagency.co/products/09282555/,2026-05-02T18:16:23.778337+00:00
travel-agency-ny,07814901,89d0129a-1153-4140-90a9-3ddeb24ad8af,Wood Tip | Strawberry Cough | Infused,Anthem,preroll,1g,2000,47.93,0.11,sativa,TRUE,https://www.thetravelagency.co/products/07814901/,2026-05-02T18:16:23.778337+00:00
travel-agency-ny,84902710,21836c8a-e51a-4ac7-b7ac-2e6eb0a994ad,Golden Ticket,Dank. By Definition,preroll,0.5g,1000,25,,hybrid,TRUE,https://www.thetravelagency.co/products/84902710/,2026-05-02T18:16:23.778337+00:00
travel-agency-ny,48451173,b369d34f-115e-4157-be60-172f6ee47955,Pineapple Muffins,Ravens View Genetics,preroll,1g,1000,,,indica-hybrid,TRUE,https://www.thetravelagency.co/products/48451173/,2026-05-02T18:16:23.778337+00:00
travel-agency-ny,46114705,e74c2cd3-623d-4792-a609-e48e02515718,Watermelon Smash,Incredibles,edible,100mg,1800,100,,hybrid,TRUE,https://www.thetravelagency.co/products/46114705/,2026-05-02T18:16:23.778337+00:00
travel-agency-ny,84826971,67acffc0-8803-429c-a5fe-fee1fe8b4086,Fast Asleep | 2:2:2:10,Wana,edible,100mg,2800,20,100,indica,TRUE,https://www.thetravelagency.co/products/84826971/,2026-05-02T18:16:23.778337+00:00
travel-agency-ny,18431179,f3c749d4-a87e-45a0-975d-c9b0a00db439,Purple Kush,Platinum Reserve,preroll,1g,1200,,,indica,TRUE,https://www.thetravelagency.co/products/18431179/,2026-05-02T18:16:23.778337+00:00
travel-agency-ny,09094853,1b71fb3d-0079-4e7b-95b6-8c2769ef3e24,Good Morning | Maui Mango | All-in-one,Edie Parker,vaporizers,0.5g,4000,78,,sativa-hybrid,TRUE,https://www.thetravelagency.co/products/09094853/,2026-05-02T18:16:23.778337+00:00
travel-agency-ny,21085632,eb5b050c-5d4d-4e42-8c81-98b57d08aa44,Problem Child,Grassroots,flower,3.5g,4000,31.29,,hybrid,TRUE,https://www.thetravelagency.co/products/21085632/,2026-05-02T18:16:23.778337+00:00
travel-agency-ny,24495838,91e77fec-b914-4ad4-a72c-bf71340af377,Nightcap | Elderberry Sage | Live Blend | 5:10:15,Ruby,edible,100mg,2500,100,200,indica,TRUE,https://www.thetravelagency.co/products/24495838/,2026-05-02T18:16:23.778337+00:00
travel-agency-ny,67134486,560e3f15-02ee-43e6-8bf9-e517db3185c4,Sour Blue Razzberry | 1:1,Incredibles,edible,100mg,1800,100,,hybrid,TRUE,https://www.thetravelagency.co/products/67134486/,2026-05-02T18:16:23.778337+00:00
travel-agency-ny,28544112,14eeca81-ebbf-489f-b296-36060fcd0aab,Sit | Animal Face,Dogwalkers,preroll,1.75g,2800,25,,indica-hybrid,TRUE,https://www.thetravelagency.co/products/28544112/,2026-05-02T18:16:23.778337+00:00
travel-agency-ny,64196536,32f5faab-8db3-4214-9b5f-2db41ec6311d,Lime Haze | All-in-one,Ayrloom,vaporizers,1g,5000,90,0,sativa,TRUE,https://www.thetravelagency.co/products/64196536/,2026-05-02T18:16:23.778337+00:00
travel-agency-ny,29441575,88893f77-ab78-4a44-88b1-2a004cd3de77,Melt | Blueberry Pie | 10:2:2 | Rope,Off Hours,edible,10mg,2600,,,hybrid,TRUE,https://www.thetravelagency.co/products/29441575/,2026-05-02T18:16:23.778337+00:00
travel-agency-ny,72367929,38780931-9992-4104-b8f3-4f26dd673b8c,Doobies | 707 Headband,Ruby,preroll,3.5g,3800,25,,hybrid,TRUE,https://www.thetravelagency.co/products/72367929/,2026-05-02T18:16:23.778337+00:00
travel-agency-ny,81152223,bca768e1-5bfe-42f3-946f-3d45672f8220,Durban Poison X Triangle Kush | Lift,Weekenders,preroll,1g,1500,25,,sativa,TRUE,https://www.thetravelagency.co/products/81152223/,2026-05-02T18:16:23.778337+00:00
travel-agency-ny,91806807,2be61dd4-fb94-40f1-9f61-0ed0725cfbbd,Watermelon Z | Infused,Rythm,preroll,1g,1800,25,,indica,TRUE,https://www.thetravelagency.co/products/91806807/,2026-05-02T18:16:23.778337+00:00
travel-agency-ny,86491077,8a6609f6-f260-469d-9353-a527c60db705,Nutter Budder,Ravens View Genetics,preroll,1g,1000,,,indica-hybrid,TRUE,https://www.thetravelagency.co/products/86491077/,2026-05-02T18:16:23.778337+00:00
travel-agency-ny,860010013908,b4618510-59d7-4c01-8c3f-e41925a7e03a,Daily Elevation | Peach | 1:1,Eaton Botanicals,edible,100mg,3200,100,0,,TRUE,https://www.thetravelagency.co/products/860010013908/,2026-05-02T18:16:23.778337+00:00
travel-agency-ny,40660611,cd5a4aef-f794-4e6c-91f2-e441ec2d2436,Super Sour Diesel | All-in-one,Off Hours,vaporizers,1g,4500,85.08,7.7,sativa,TRUE,https://www.thetravelagency.co/products/40660611/,2026-05-02T18:16:23.778337+00:00
travel-agency-ny,12657450,aeff0475-91ef-445d-aa24-86a2e23f6cf5,Glass Tip | Acapulco Gold | Infused,Anthem,preroll,2.5g,4000,45.04,0,sativa,TRUE,https://www.thetravelagency.co/products/12657450/,2026-05-02T18:16:23.778337+00:00
travel-agency-ny,25928873,279b1f87-8738-408f-8111-e12a0d36c594,Classic | Guava Belts | All-in-one,Bloom,vaporizers,1g,4400,88.3,,hybrid,TRUE,https://www.thetravelagency.co/products/25928873/,2026-05-02T18:16:23.778337+00:00
travel-agency-ny,21997299,920a3feb-5071-4f9c-b2da-8cfa5dcddabd,Apple-a-day | 1:4,Eaton Botanicals,edible,100mg,3200,50,0,hybrid,TRUE,https://www.thetravelagency.co/products/21997299/,2026-05-02T18:16:23.778337+00:00
travel-agency-ny,31661509,99a89c45-12bd-4379-8446-809c05134d41,Quick | Strawberry Margarita | 1:1,Wana,edible,100mg,2800,100,100,hybrid,TRUE,https://www.thetravelagency.co/products/31661509/,2026-05-02T18:16:23.778337+00:00
travel-agency-ny,26130940,86dc6733-2ce6-4849-be62-0da57c068150,Dark Heart Genetics | Titan Express,Grassroots,flower,3.5g,4500,30.12,0,sativa,TRUE,https://www.thetravelagency.co/products/26130940/,2026-05-02T18:16:23.778337+00:00
travel-agency-ny,40960722,7df07e5f-d791-4907-ab67-d363acfd681b,Ithaca Og,Ithaca Organics,preroll,1g,1200,22,,indica,TRUE,https://www.thetravelagency.co/products/40960722/,2026-05-02T18:16:23.778337+00:00
travel-agency-ny,65474950,1584cd71-52cd-44b3-8e70-1a9f14e57a2b,Sugar Breath,Edie Parker,flower,3.5g,4500,31.19,,hybrid,TRUE,https://www.thetravelagency.co/products/65474950/,2026-05-02T18:16:23.778337+00:00
travel-agency-ny,86921462,cafc5c29-409a-42bc-b171-47fc41a9642e,Doobies | Black Haze | Hash Infused,Ruby,preroll,5g,5800,25,,hybrid,TRUE,https://www.thetravelagency.co/products/86921462/,2026-05-02T18:16:23.778337+00:00
travel-agency-ny,66094339,1a1d3b22-c8d0-41f1-8a34-0e3958769344,Glass Tip | King Louis Xiii | Infused,Anthem,preroll,1g,2000,48.21,0,indica,TRUE,https://www.thetravelagency.co/products/66094339/,2026-05-02T18:16:23.778337+00:00
travel-agency-ny,46208622,cef38b5d-5309-49ba-9ee5-2227603f4a7c,Serenity Now | Lemon Lavender Serenity | 1:12|,Eaton Botanicals,edible,100mg,3200,50,200,hybrid,TRUE,https://www.thetravelagency.co/products/46208622/,2026-05-02T18:16:23.778337+00:00
travel-agency-ny,97086434,5c1713c8-0ba3-4fcc-9a9b-7ee1dbe1ea9e,Snoozzzierberry Gummies | 2:1:1,Incredibles,edible,100mg,2200,100,,indica,TRUE,https://www.thetravelagency.co/products/97086434/,2026-05-02T18:16:23.778337+00:00
travel-agency-ny,35439691,09684f8e-05a6-4e07-95fb-64a4be4253ad,Play | Granny Candy,Dogwalkers,preroll,0.75g,1250,25,,sativa,TRUE,https://www.thetravelagency.co/products/35439691/,2026-05-02T18:16:23.778337+00:00
travel-agency-ny,12627952,b79723d9-89c4-490e-b04b-be6f7e994c30,Purple Afghani | Live Rosin With Diamonds | All-in-one,Pax,vaporizers,1g,8800,84,0.01,indica,TRUE,https://www.thetravelagency.co/products/12627952/,2026-05-02T18:16:23.778337+00:00
travel-agency-ny,57399305,11c71b2a-1aa2-4d54-bad0-324e2f6697b1,Livewire | Rope,Off Hours,edible,10mg,2600,100,,hybrid,TRUE,https://www.thetravelagency.co/products/57399305/,2026-05-02T18:16:23.778337+00:00
travel-agency-ny,12381423,eef3a08d-4f39-41ea-bce3-b54250115431,Live | Colombian Gold | All-in-one,Bloom,vaporizers,1g,4800,,,sativa,TRUE,https://www.thetravelagency.co/products/12381423/,2026-05-02T18:16:23.778337+00:00
travel-agency-ny,75402278,e63c83ac-39c8-4a44-9de5-0e5edbd49838,Jack Herer | 510,Jaunty,vaporizers,1g,4500,90,0.7,hybrid,TRUE,https://www.thetravelagency.co/products/75402278/,2026-05-02T18:16:23.778337+00:00
travel-agency-ny,27742410,5031c16c-130c-4cd6-a3f1-64bce559b65c,Ghost Train Haze,Ravens View Genetics,flower,3.5g,3800,,,sativa,TRUE,https://www.thetravelagency.co/products/27742410/,2026-05-02T18:16:23.778337+00:00
travel-agency-ny,17905900,9e82d12f-aa4e-40ac-8025-9c10a2519819,Sweet Maui Kush | Infused | Pre-ground,Stone Road,flower,14g,10000,40.48,,indica,TRUE,https://www.thetravelagency.co/products/17905900/,2026-05-02T18:16:23.778337+00:00
travel-agency-ny,83035509,801f6dff-6b0b-44b8-9066-fd956c888086,Play | L'orange,Dogwalkers,preroll,1.75g,2800,25,,sativa,TRUE,https://www.thetravelagency.co/products/83035509/,2026-05-02T18:16:23.778337+00:00
travel-agency-ny,10426089,ef0bb919-cfad-48cf-9fda-2e9e3c34152f,Unwind | All-in-one,Off Hours,vaporizers,0.5g,2800,79,,indica,TRUE,https://www.thetravelagency.co/products/10426089/,2026-05-02T18:16:23.778337+00:00
travel-agency-ny,21195752,162e4de5-85d2-46d3-b1e5-beee814a44f7,Swirled Famous Banana Pudding,Incredibles,edible,100mg,2000,100,,,TRUE,https://www.thetravelagency.co/products/21195752/,2026-05-02T18:16:23.778337+00:00
travel-agency-ny,76199435,acd60054-2655-4255-bb20-4e7b623b3466,Classics | White Widow,Ruby,preroll,5g,5000,25,,sativa,TRUE,https://www.thetravelagency.co/products/76199435/,2026-05-02T18:16:23.778337+00:00
travel-agency-ny,02919183,24aaf047-0797-4bb8-9973-321bf87a1c21,Mint,Flintts Mints,merch,,800,,,,TRUE,https://www.thetravelagency.co/products/02919183/,2026-05-02T18:16:23.778337+00:00
travel-agency-ny,61049769,088a2e3a-4e68-461e-b8cb-7df580fae065,Giggle Puffs | Rainbow Sherbet | Infused,Her Highness,preroll,2.5g,5000,25,,hybrid,TRUE,https://www.thetravelagency.co/products/61049769/,2026-05-02T18:16:23.778337+00:00
travel-agency-ny,08033922,6fd6d2d7-caee-4784-823f-1b761b346300,Zoap,Ithaca Organics,preroll,1g,1200,24,,indica-hybrid,TRUE,https://www.thetravelagency.co/products/08033922/,2026-05-02T18:16:23.778337+00:00
travel-agency-ny,82176066,48662938-748e-4717-8ca5-d69154f9c801,Battery | 510 | White,The Travel Agency,merch,,1500,,,,TRUE,https://www.thetravelagency.co/products/82176066/,2026-05-02T18:16:23.778337+00:00
travel-agency-ny,70368901,2e652abd-0e0c-4b19-8924-699857e64209,Triple Stack | Infused,Grassroots,preroll,1g,1800,,,indica,TRUE,https://www.thetravelagency.co/products/70368901/,2026-05-02T18:16:23.778337+00:00
travel-agency-ny,12428638,38822fc8-98f3-45d5-8330-534db392a7b9,Doobies | African Orange,Ruby,preroll,3.5g,3800,25,,hybrid,TRUE,https://www.thetravelagency.co/products/12428638/,2026-05-02T18:16:23.778337+00:00
travel-agency-ny,78190196,a8e7925f-1dac-4b12-93fe-4dea1678183c,Moonbeam Gelato | Infused,Grassroots,preroll,1g,1800,,,hybrid,TRUE,https://www.thetravelagency.co/products/78190196/,2026-05-02T18:16:23.778337+00:00
travel-agency-ny,24357030,6ff9d227-d4d9-4de9-8638-a4b2eca1b37d,Greener Apple,Incredibles,edible,100mg,2200,100,0,sativa,TRUE,https://www.thetravelagency.co/products/24357030/,2026-05-02T18:16:23.778337+00:00
travel-agency-ny,90921230,ab201d68-0afb-4754-9abf-5245a2a4cf8d,Pineapple | Live Rosin,Good Tide,edible,100mg,2800,100,0,sativa,TRUE,https://www.thetravelagency.co/products/90921230/,2026-05-02T18:16:23.778337+00:00
travel-agency-ny,89974664,590899a8-fc90-4885-9983-4a050507507d,Live | Pineapple Diesel | All-in-one,Bloom,vaporizers,1g,4800,88.31,0,hybrid,TRUE,https://www.thetravelagency.co/products/89974664/,2026-05-02T18:16:23.778337+00:00
travel-agency-ny,50002303,09ca55b0-d565-44a8-b9fe-a2073394583e,Protab | Sativa,Level,edible,200mg,2400,10.2,,,TRUE,https://www.thetravelagency.co/products/50002303/,2026-05-02T18:16:23.778337+00:00
travel-agency-ny,18128899,14d2adc2-327c-4877-ae05-6edc48254d6b,Maui Wowie | Liquid Diamonds | All-in-one,Rythm,vaporizers,1g,6500,,,sativa,TRUE,https://www.thetravelagency.co/products/18128899/,2026-05-02T18:16:23.778337+00:00
travel-agency-ny,59153767,754114e8-364d-43c8-a374-3cb07b8384ba,Yuzu Peach Deez,Weed Water,edible,10mg,500,5,5,hybrid,TRUE,https://www.thetravelagency.co/products/59153767/,2026-05-02T18:16:23.778337+00:00
travel-agency-ny,89292919,e8fcfeb4-8fa8-496c-a769-7e4642bd347e,Dark Heart Genetics | Foreign Kush Mints | Smalls,Grassroots,flower,14g,13200,35.68,0,indica,TRUE,https://www.thetravelagency.co/products/89292919/,2026-05-02T18:16:23.778337+00:00
travel-agency-ny,35976175,4c04ab70-b389-4f32-a2cf-d5caf9813a15,Glass Tip | Northern Lights | Infused,Anthem,preroll,2.5g,4000,46.32,0.45,indica,TRUE,https://www.thetravelagency.co/products/35976175/,2026-05-02T18:16:23.778337+00:00
travel-agency-ny,54337404,1d023589-13d0-4fff-b163-9bc4bb56d1dd,Boogie Wuggie,B Noble,preroll,2g,2800,31.36,0,hybrid,TRUE,https://www.thetravelagency.co/products/54337404/,2026-05-02T18:16:23.778337+00:00
travel-agency-ny,29564849,c98fd9c7-56ff-45db-8a5e-6291b5c08c4d,Downtime | Blueberry | 4:1 | All-in-one,Beboe,vaporizers,0.5g,4000,61.67,14.32,indica-hybrid,TRUE,https://www.thetravelagency.co/products/29564849/,2026-05-02T18:16:23.778337+00:00
travel-agency-ny,60386126,61f2217e-3f81-45d7-b010-c9a60326e890,Doobies | Blueberry Dj Cut | Hash Infused,Ruby,preroll,5g,5800,25,,hybrid,TRUE,https://www.thetravelagency.co/products/60386126/,2026-05-02T18:16:23.778337+00:00
travel-agency-ny,90754476,e27d5fbf-8ce6-4437-a72b-d8a4cef2cab8,Durban Poison | Liquid Diamonds | All-in-one,Rythm,vaporizers,1g,6500,,,sativa,TRUE,https://www.thetravelagency.co/products/90754476/,2026-05-02T18:16:23.778337+00:00
travel-agency-ny,83201200,facda8dd-ddf5-4b06-912e-9595629e410d,Bolinas | Hash Infused,Alchemy Pure,preroll,0.75g,1600,,,sativa,TRUE,https://www.thetravelagency.co/products/83201200/,2026-05-02T18:16:23.778337+00:00
travel-agency-ny,29941080,94dea366-a3a6-4b6d-826b-ea20d02f6821,Stay | Gelato Ak | Infused,Dogwalkers,preroll,2.25g,4000,,,hybrid,TRUE,https://www.thetravelagency.co/products/29941080/,2026-05-02T18:16:23.778337+00:00
travel-agency-ny,68767445,7b2d38dc-9a14-4e13-8317-6ad252fa84fd,Lemongrass,Ravens View Genetics,flower,3.5g,3000,23,0.5,hybrid,TRUE,https://www.thetravelagency.co/products/68767445/,2026-05-02T18:16:23.778337+00:00
travel-agency-ny,22643601,964040c3-0111-4775-b5b2-91aeb4320dfe,Melon Tangie | Infused,Stone Road,preroll,1g,2000,,,sativa,TRUE,https://www.thetravelagency.co/products/22643601/,2026-05-02T18:16:23.778337+00:00
travel-agency-ny,74922071,cb4e9cd4-602d-4d9a-928e-3910c314bcb3,Singapore Sling,B Noble,preroll,2g,2800,29.17,0,hybrid,TRUE,https://www.thetravelagency.co/products/74922071/,2026-05-02T18:16:23.778337+00:00
travel-agency-ny,10700491,0201d7fd-d98d-44ca-b8d7-4c3d8d96b6f4,Mimosa Kush Mints,B Noble,flower,3.5g,4000,34.78,0,hybrid,TRUE,https://www.thetravelagency.co/products/10700491/,2026-05-02T18:16:23.778337+00:00
travel-agency-ny,99114852,c9f0c334-53dd-4edc-8550-cbec18a7c256,Dark Heart Genetics | Triple Stack,Grassroots,flower,3.5g,4500,31.13,0,indica,TRUE,https://www.thetravelagency.co/products/99114852/,2026-05-02T18:16:23.778337+00:00
travel-agency-ny,31062260,e3c61083-e006-4233-94f1-7e64328b42be,White Budder,Ravens View Genetics,flower,3.5g,3500,23,0.5,indica-hybrid,TRUE,https://www.thetravelagency.co/products/31062260/,2026-05-02T18:16:23.778337+00:00
travel-agency-ny,55144911,f4c5844b-9894-469a-8072-668024241a26,Berry Rntz | 1:1,Weed Water,edible,10mg,500,5,5,hybrid,TRUE,https://www.thetravelagency.co/products/55144911/,2026-05-02T18:16:23.778337+00:00
travel-agency-ny,29752509,8419edfb-8fef-418b-a587-f265b0899671,Good Night | Lavender Vanilla | All-in-one,Edie Parker,vaporizers,0.5g,4000,81.02,,indica-hybrid,TRUE,https://www.thetravelagency.co/products/29752509/,2026-05-02T18:16:23.778337+00:00
travel-agency-ny,008660008701,99137b1d-eaf4-42e5-852a-f0eaec7979aa,Unbleached | 70s L,Zig Zag,merch,,300,,,,TRUE,https://www.thetravelagency.co/products/008660008701/,2026-05-02T18:16:23.778337+00:00
travel-agency-ny,93380866,4900f686-cae9-4fae-9ab6-e0eee00daf4e,Wild Strawberry | Live Rosin,Pax,edible,1g,2800,10,,sativa,TRUE,https://www.thetravelagency.co/products/93380866/,2026-05-02T18:16:23.778337+00:00
travel-agency-ny,10006524,8ad8cbd0-ea49-4319-acda-ff3aa1f0b6e5,Wood Tip | Blue Raspberry Kush | Infused,Anthem,preroll,1g,2000,45.61,0.11,hybrid,TRUE,https://www.thetravelagency.co/products/10006524/,2026-05-02T18:16:23.778337+00:00
travel-agency-ny,33316249,2478b068-d080-4150-8984-c04736dc286b,Glass Tip | Tahoe Og | Infused,Anthem,preroll,1g,2000,47.78,0.12,indica,TRUE,https://www.thetravelagency.co/products/33316249/,2026-05-02T18:16:23.778337+00:00
travel-agency-ny,16413784,ad853910-0498-41df-8652-b51884c9fe7c,Dark Heart Genetics | Foreign Kush Mints,Grassroots,flower,3.5g,4500,22,0.01,indica,TRUE,https://www.thetravelagency.co/products/16413784/,2026-05-02T18:16:23.778337+00:00
travel-agency-ny,50848219,156cc92d-d1dc-4ef5-9da3-2213682304fe,Hibiscus Lime | Hash Rosin,Highland Goat,edible,100mg,3500,100,,,TRUE,https://www.thetravelagency.co/products/50848219/,2026-05-02T18:16:23.778337+00:00
travel-agency-ny,42368252,6e245456-5476-44c7-ac4c-db4f51c71293,Chicken N Wafflez | Live Rosin,Off Hours,edible,1g,3800,,,hybrid,TRUE,https://www.thetravelagency.co/products/42368252/,2026-05-02T18:16:23.778337+00:00
travel-agency-ny,84667472,5c56d3ed-8571-471a-bd0c-c0d22f36b34e,Quick | Limoncello,Wana,edible,100mg,2800,100,,hybrid,TRUE,https://www.thetravelagency.co/products/84667472/,2026-05-02T18:16:23.778337+00:00
travel-agency-ny,39679050,e1564b55-35a5-41fc-ab24-36fc2c766291,Electric Lime X Lemon Cane Resin | Infused,Mfny,preroll,3g,5000,,,sativa,TRUE,https://www.thetravelagency.co/products/39679050/,2026-05-02T18:16:23.778337+00:00
travel-agency-ny,19093313,d3a6373e-4975-489f-96fe-94f5b157a340,Rolling Papers | Black,The Travel Agency,merch,,700,,,,TRUE,https://www.thetravelagency.co/products/19093313/,2026-05-02T18:16:23.778337+00:00
travel-agency-ny,52350896,5cad1f9f-9cf2-48d4-b51b-00ee12100c8b,Lemon Gelato Cookies | Live Resin | 510,Rythm,vaporizers,1g,5500,81.5,,sativa-hybrid,TRUE,https://www.thetravelagency.co/products/52350896/,2026-05-02T18:16:23.778337+00:00
travel-agency-ny,24232631,0bc74e4a-2417-4f23-b623-05a2131835e7,Mystic Mint | Live Resin | 510,Rythm,vaporizers,1g,5500,79.27,,indica,TRUE,https://www.thetravelagency.co/products/24232631/,2026-05-02T18:16:23.778337+00:00
travel-agency-ny,03877515,73d95466-dc84-41cc-b875-7e2fe3f78cf8,Be Open | Infused,Drew Martin,preroll,4.5g,5500,,,hybrid,TRUE,https://www.thetravelagency.co/products/03877515/,2026-05-02T18:16:23.778337+00:00
travel-agency-ny,51315610,87daff5f-a554-4dc5-84bb-64441aea16e6,Jacks Delight,Rythm,flower,3.5g,5000,23,0.5,sativa,TRUE,https://www.thetravelagency.co/products/51315610/,2026-05-02T18:16:23.778337+00:00
travel-agency-ny,73662566,a811f03b-9a92-4dde-9b82-82fc44e6f981,Go Beans | 1:1,1906,edible,100mg,2800,100,100,sativa-hybrid,TRUE,https://www.thetravelagency.co/products/73662566/,2026-05-02T18:16:23.778337+00:00
travel-agency-ny,07608116,9145d615-7b04-44ac-92ba-86bb5c186364,Dark Heart Genetics | Foreign Kush Mints | Smalls,Grassroots,flower,7g,7000,33.56,0,indica,TRUE,https://www.thetravelagency.co/products/07608116/,2026-05-02T18:16:23.778337+00:00
travel-agency-ny,46491361,189e60cd-a9cb-42e5-b902-e8a701d7588f,Protab+ | Lights Out | 5:3:1,Level,edible,200mg,2400,100,,,TRUE,https://www.thetravelagency.co/products/46491361/,2026-05-02T18:16:23.778337+00:00
travel-agency-ny,28874337,a100912b-5c4d-47d6-a5f1-7a6c3954f515,Rythm | Liquid Diamond Blue Dream | All In One,Rythm,vaporizers,1g,6500,,,sativa,TRUE,https://www.thetravelagency.co/products/28874337/,2026-05-02T18:16:23.778337+00:00
travel-agency-ny,50310058,d2a52e4e-3644-4d17-a62f-f97054c8a70e,Dark Heart Genetics | Titan Express | Smalls,Grassroots,flower,7g,7000,22,0.01,sativa,TRUE,https://www.thetravelagency.co/products/50310058/,2026-05-02T18:16:23.778337+00:00
travel-agency-ny,NY.BBOE.C9P.08,f15b86e3-0010-429c-8c8d-5969a6d479f6,Sparkling Pear | 1:1,Beboe,edible,100mg,2700,100,100,,TRUE,https://www.thetravelagency.co/products/NY.BBOE.C9P.08/,2026-05-02T18:16:23.778337+00:00
travel-agency-ny,42303526,23c417ef-809d-4ff1-b112-1e28088c2f7c,Kiwi Breeze | Infused,Stone Road,preroll,1g,2000,,,hybrid,TRUE,https://www.thetravelagency.co/products/42303526/,2026-05-02T18:16:23.778337+00:00
travel-agency-ny,53510825,5f04e0b5-8ffe-4bba-9766-340ecc96b405,Quick | Pina Colada,Wana,edible,100mg,2800,100,,indica,TRUE,https://www.thetravelagency.co/products/53510825/,2026-05-02T18:16:23.778337+00:00
travel-agency-ny,45122717,d2a63a58-8c8e-4c21-814b-560c1d42748f,Fixer Upper | Mango Ginger | 1:1,Eaton Botanicals,edible,100mg,3200,100,100,,TRUE,https://www.thetravelagency.co/products/45122717/,2026-05-02T18:16:23.778337+00:00
travel-agency-ny,51665642,bf9f19ae-f8a3-4932-94c0-9ddae821e57e,Dark Chocolate | Infused,Kiva,edible,10mg,3000,100,,,TRUE,https://www.thetravelagency.co/products/51665642/,2026-05-02T18:16:23.778337+00:00
travel-agency-ny,94920796,6b1709f4-1ffa-4e22-b9f9-02c48614ef5a,Wood Tip | Watermelon Z | Infused,Anthem,preroll,2.5g,4000,47.85,,hybrid,TRUE,https://www.thetravelagency.co/products/94920796/,2026-05-02T18:16:23.778337+00:00
travel-agency-ny,24789316,87834b07-dd6b-4dbb-a55c-5689054a8941,Up | Sunny Days | Pink Lemonade | 2:1,Ayrloom,edible,100mg,2500,100,50,sativa-hybrid,TRUE,https://www.thetravelagency.co/products/24789316/,2026-05-02T18:16:23.778337+00:00
travel-agency-ny,93281967,42edee1d-6dce-4ba4-a0d9-fc5382bddeb6,Creamsicle Sunset | Cured Resin,&shine,concentrate,1g,3800,,,hybrid,TRUE,https://www.thetravelagency.co/products/93281967/,2026-05-02T18:16:23.778337+00:00
travel-agency-ny,76497574,d3a7294f-964a-4e54-92a8-8e9547cd09c9,Honolulu Haze,Ithaca Organics,flower,3.5g,4600,21,0.05,sativa,TRUE,https://www.thetravelagency.co/products/76497574/,2026-05-02T18:16:23.778337+00:00
travel-agency-ny,58844472,36db5f94-6e89-4212-9ca4-12d179805abc,Strawberry Sherbet | Infused | Pre- Ground,Her Highness,flower,14g,8000,36.3,,sativa,TRUE,https://www.thetravelagency.co/products/58844472/,2026-05-02T18:16:23.778337+00:00
travel-agency-ny,27423722,ed905f96-5b90-411d-a029-4c6d469446de,Velcroz | Live Resin | 510,Rythm,vaporizers,0.5g,3500,81.5,,hybrid,TRUE,https://www.thetravelagency.co/products/27423722/,2026-05-02T18:16:23.778337+00:00
travel-agency-ny,84092246,a441e439-f05e-4661-8150-0cf337ea2ace,Lemon Gelato Cookies | Live Resin | All-in-one,Rythm,vaporizers,1g,6000,,,sativa,TRUE,https://www.thetravelagency.co/products/84092246/,2026-05-02T18:16:23.778337+00:00
travel-agency-ny,65752439,134a74b6-1fc7-43c8-b162-3e049d6448fe,Ithaca Og,Ithaca Organics,flower,3.5g,4200,21,0.05,indica,TRUE,https://www.thetravelagency.co/products/65752439/,2026-05-02T18:16:23.778337+00:00
travel-agency-ny,53001138,cc9533db-31f7-4a67-b96a-45d0a3ae33c6,Mango | Live Rosin,Good Tide,edible,100mg,2800,100,0,hybrid,TRUE,https://www.thetravelagency.co/products/53001138/,2026-05-02T18:16:23.778337+00:00
travel-agency-ny,42407081,b453bf8d-9f2b-4c46-b5cc-a4132bd750c3,Blueberry 2.0 X Turbo Blueberry Resin | Infused,Mfny,preroll,0.75g,1600,25,0.04,indica,TRUE,https://www.thetravelagency.co/products/42407081/,2026-05-02T18:16:23.778337+00:00
travel-agency-ny,28137732,f74b4cfd-a2be-405f-af60-19fe8ceecdde,Jacks Delight | Live Resin | 510,Rythm,vaporizers,0.5g,3500,81.5,,sativa,TRUE,https://www.thetravelagency.co/products/28137732/,2026-05-02T18:16:23.778337+00:00
travel-agency-ny,29857887,38d92651-88f2-4175-b9c8-4aebd6644edc,Empire State Bar,Incredibles,edible,100mg,2000,100,,,TRUE,https://www.thetravelagency.co/products/29857887/,2026-05-02T18:16:23.778337+00:00
travel-agency-ny,55121403,71e3f0ae-5428-4837-ad1d-be83e5720903,Lemon,Flintts Mints,merch,,800,,,,TRUE,https://www.thetravelagency.co/products/55121403/,2026-05-02T18:16:23.778337+00:00
travel-agency-ny,03622667,af1273a2-b152-488f-815e-3f3b46f9d5ac,Black Cherry,Incredibles,edible,100mg,2000,200,,hybrid,TRUE,https://www.thetravelagency.co/products/03622667/,2026-05-02T18:16:23.778337+00:00
travel-agency-ny,04358322,37843b59-9159-4f62-b049-b4568a66a327,Original | Tips,Raw,merch,,100,,,,TRUE,https://www.thetravelagency.co/products/04358322/,2026-05-02T18:16:23.778337+00:00
travel-agency-ny,60027101,8728d9c0-3812-4241-962f-496532d9221c,Classic | Fire Mango | All-in-one,Bloom,vaporizers,1g,4400,88.3,,hybrid,TRUE,https://www.thetravelagency.co/products/60027101/,2026-05-02T18:16:23.778337+00:00
travel-agency-ny,97009848,ed269b10-7ef3-41ad-b3a4-41c2f7ff9e66,Little Pandas | Outer Space Cake X Snow,Eaton Botanicals,preroll,1.75g,2800,25,,hybrid,TRUE,https://www.thetravelagency.co/products/97009848/,2026-05-02T18:16:23.778337+00:00
travel-agency-ny,44259524,8ce1f42d-d65b-458b-b959-4feaf1868ef0,Milk Chocolate Churro | Infused,Kiva,edible,10mg,3000,100,,,TRUE,https://www.thetravelagency.co/products/44259524/,2026-05-02T18:16:23.778337+00:00
travel-agency-ny,05857717,9c86f240-2b49-42b3-90b5-7c7bb189ca4a,Gogurtz | Live Rosin | 510,Rythm,vaporizers,0.5g,4500,,,hybrid,TRUE,https://www.thetravelagency.co/products/05857717/,2026-05-02T18:16:23.778337+00:00
travel-agency-ny,64614211,477945b9-da77-4df7-94c8-82486c3f4c72,Mystery Flavor | Ice Cream Zundae | Live Rosin,Off Hours,edible,100mg,3800,100,,hybrid,TRUE,https://www.thetravelagency.co/products/64614211/,2026-05-02T18:16:23.778337+00:00
travel-agency-ny,20886593,0ea212b7-8d2c-4d2b-ab04-767df3b05ff9,Space Cake | Infused,Stone Road,preroll,1g,2000,,,indica,TRUE,https://www.thetravelagency.co/products/20886593/,2026-05-02T18:16:23.778337+00:00
travel-agency-ny,25742154,664b41c2-1853-496c-be14-444129031523,Galactic Guava | Rosin | Rope,Off Hours,edible,100mg,3400,,,sativa,TRUE,https://www.thetravelagency.co/products/25742154/,2026-05-02T18:16:23.778337+00:00
travel-agency-ny,08437706,cb3d7856-f18b-4407-9ac6-507867b095f7,Gmo,Weekenders,preroll,1g,1500,25,,indica,TRUE,https://www.thetravelagency.co/products/08437706/,2026-05-02T18:16:23.778337+00:00
travel-agency-ny,84643048,cd59b77b-58cd-4934-9e95-db3a47ada11c,Morning Haze,Stay Melo,flower,3.5g,4500,23,0.5,sativa,TRUE,https://www.thetravelagency.co/products/84643048/,2026-05-02T18:16:23.778337+00:00
travel-agency-ny,59098498,c6a4163b-580d-48e6-8a10-73675d7f69b7,Blackberry Kush | 510,Heavy Hitters,vaporizers,1g,6500,90,,hybrid,TRUE,https://www.thetravelagency.co/products/59098498/,2026-05-02T18:16:23.778337+00:00
travel-agency-ny,08411999,f32592e1-fb89-48d6-b98f-23bbe76c6ddf,Blue Nerds,Boukét,flower,3.5g,4000,31.7,,hybrid,TRUE,https://www.thetravelagency.co/products/08411999/,2026-05-02T18:16:23.778337+00:00
travel-agency-ny,16877929,d060a3bc-e93e-43d1-8e38-c1cb5fc55dcc,Piff | 510,Heavy Hitters,vaporizers,1g,6500,90,,sativa,TRUE,https://www.thetravelagency.co/products/16877929/,2026-05-02T18:16:23.778337+00:00
travel-agency-ny,51703743,7b7c9cb9-a478-416c-ad66-a1a22d3b4d7b,Mimosa Kush Mints,B Noble,preroll,2g,2800,28.11,0,hybrid,TRUE,https://www.thetravelagency.co/products/51703743/,2026-05-02T18:16:23.778337+00:00
travel-agency-ny,31510866,669dd18a-3984-4b96-ae09-d712c34afcfa,Dream | Darryl Strawberry,Weekenders,preroll,3.5g,4400,25,0.14,,TRUE,https://www.thetravelagency.co/products/31510866/,2026-05-02T18:16:23.778337+00:00
travel-agency-ny,18376913,b93a954b-2b0f-4816-abfe-bec42957d0b5,Live | Lime Sugar Cookies | All-inone,Bloom,vaporizers,1g,4800,81.5,,hybrid,TRUE,https://www.thetravelagency.co/products/18376913/,2026-05-02T18:16:23.778337+00:00
travel-agency-ny,69977184,e19aabe7-1d50-40e1-866e-3162bbee2fda,Passion Fruit | 2:1,Finca,edible,100mg,2800,100,,hybrid,TRUE,https://www.thetravelagency.co/products/69977184/,2026-05-02T18:16:23.778337+00:00
travel-agency-ny,20414472,e41fb613-06df-4bdf-8a68-81fd991b5ef5,Guava Runtz X Blueberry Cupcake | Hash Infused,Ithaca Organics,preroll,1.5g,2400,,,hybrid,TRUE,https://www.thetravelagency.co/products/20414472/,2026-05-02T18:16:23.778337+00:00
travel-agency-ny,36179101,2cb1b660-0f23-4060-8171-0bf758bec258,Moonbeam Gelato X Dark Heart Genetics,Grassroots,flower,3.5g,4500,22,0.01,hybrid,TRUE,https://www.thetravelagency.co/products/36179101/,2026-05-02T18:16:23.778337+00:00
travel-agency-ny,83619263,5cf3607f-b60c-489c-8667-ec9dccad9edc,King Kong | Infused,Alchemy Pure,preroll,2.5g,3500,29,0.05,hybrid,TRUE,https://www.thetravelagency.co/products/83619263/,2026-05-02T18:16:23.778337+00:00
travel-agency-ny,84117664,e98f56eb-ee53-4974-b6c3-e259ceffe213,Dusk To Dawn | Pre-ground,Alchemy Pure,flower,14g,7000,29.63,,hybrid,TRUE,https://www.thetravelagency.co/products/84117664/,2026-05-02T18:16:23.778337+00:00
travel-agency-ny,82942536,626a91c4-8876-4ad5-8260-00039ae21aef,Cat Walkers Ice Cream Cookies | Infused,Her Highness,preroll,4.2g,5000,31.03,,hybrid,TRUE,https://www.thetravelagency.co/products/82942536/,2026-05-02T18:16:23.778337+00:00
travel-agency-ny,80936010,c3efac76-015a-4abf-bba4-f4eb0ab83d61,Pineapple Muffins,Ravens View Genetics,flower,3.5g,3500,17.3,,hybrid,TRUE,https://www.thetravelagency.co/products/80936010/,2026-05-02T18:16:23.778337+00:00
travel-agency-ny,77356759,bc3d0479-7f48-4ca4-b636-c2145c515624,Moonlight,Alchemy Pure,flower,3.5g,3500,23,0.5,indica-hybrid,TRUE,https://www.thetravelagency.co/products/77356759/,2026-05-02T18:16:23.778337+00:00
travel-agency-ny,96055004,51515c16-a48a-406d-8050-7507d8d531b2,62%,Boveda,merch,,200,,,,TRUE,https://www.thetravelagency.co/products/96055004/,2026-05-02T18:16:23.778337+00:00
travel-agency-ny,20979626,cb749e42-c3cc-475f-83aa-a1076ab01a0d,J-case | Blue,The Travel Agency,merch,,1400,,,,TRUE,https://www.thetravelagency.co/products/20979626/,2026-05-02T18:16:23.778337+00:00
travel-agency-ny,62915171,47c7f40c-e6d7-4776-9d87-21ae61d7a113,Blackberry Kush | All-in-one,Jaunty,vaporizers,1.5g,5500,90,0.7,indica,TRUE,https://www.thetravelagency.co/products/62915171/,2026-05-02T18:16:23.778337+00:00
travel-agency-ny,01718016,8336f7a3-0fe3-42fa-adde-06f89a6e311d,95 Cookies | All-in-one,Rythm,vaporizers,2g,8500,80,,hybrid,TRUE,https://www.thetravelagency.co/products/01718016/,2026-05-02T18:16:23.778337+00:00
travel-agency-ny,19171570,6b804f7c-b439-4d65-9ef8-8f4869497151,Space Panda | Hash Infused,Alchemy Pure,preroll,0.75g,1600,,,indica,TRUE,https://www.thetravelagency.co/products/19171570/,2026-05-02T18:16:23.778337+00:00
travel-agency-ny,96176041,e4b2139f-f0b0-47dd-b2b1-6cb2df27de79,Plum | Sweet Dreams | 5:1,Beboe,edible,100mg,2700,100,,hybrid,TRUE,https://www.thetravelagency.co/products/96176041/,2026-05-02T18:16:23.778337+00:00
travel-agency-ny,97675292,55053353-95d4-4823-b5f8-0881b68d1b3a,Just The Plant Tincture | Sativa,Ithaca Organics,tinctures,1g,9000,1000,,sativa,TRUE,https://www.thetravelagency.co/products/97675292/,2026-05-02T18:16:23.778337+00:00
travel-agency-ny,74552116,535952a1-7613-405d-b5b6-017dc7b53081,All Times | Watermelon Milkshake | Infused,Miss Grass,preroll,1g,2400,25,,hybrid,TRUE,https://www.thetravelagency.co/products/74552116/,2026-05-02T18:16:23.778337+00:00
travel-agency-ny,29348852,71e416f3-56e0-496a-ae65-435fc4f5a637,Blue Dream,Alchemy Pure,flower,3.5g,3800,21,0.05,sativa-hybrid,TRUE,https://www.thetravelagency.co/products/29348852/,2026-05-02T18:16:23.778337+00:00
travel-agency-ny,50229852,5eaf902a-c55c-4444-9126-b87976d977c6,Sweet Dreams Blend | 4:1 | All-in-one,Beboe,vaporizers,0.5g,4000,63.42,4.77,indica-hybrid,TRUE,https://www.thetravelagency.co/products/50229852/,2026-05-02T18:16:23.778337+00:00
travel-agency-ny,37320256,b12bd82d-a254-45fe-932f-20fe8838babf,Be Bright | Infused,Drew Martin,preroll,4.5g,6000,,,sativa,TRUE,https://www.thetravelagency.co/products/37320256/,2026-05-02T18:16:23.778337+00:00
travel-agency-ny,46761099,69a6e3e9-aa87-4a8e-a9bc-28375660b8bf,Forbidden Fruit | High Purity | All-in-one,Pax,vaporizers,1g,5500,79,1.26,indica,TRUE,https://www.thetravelagency.co/products/46761099/,2026-05-02T18:16:23.778337+00:00
travel-agency-ny,11352624,a9806aab-0de3-42d8-9ce8-726934977a48,Protab | Hybrid,Level,edible,200mg,2400,11.1,0.5,,TRUE,https://www.thetravelagency.co/products/11352624/,2026-05-02T18:16:23.778337+00:00
travel-agency-ny,40903020,92ec05c9-d195-46c8-a160-db2a6ae69f1d,Sour Diesel | All-in-one | 2g,Pax,vaporizers,2g,8500,79,,sativa,TRUE,https://www.thetravelagency.co/products/40903020/,2026-05-02T18:16:23.778337+00:00
travel-agency-ny,70162012,6b5c42b4-00e1-4b0e-bb0a-08846ca760b4,Afternoon Delight #4 | Infused,Dogwalkers,preroll,1g,1800,35.23,,hybrid,TRUE,https://www.thetravelagency.co/products/70162012/,2026-05-02T18:16:23.778337+00:00
travel-agency-ny,84510291,d733f087-f2a3-4f90-b63c-82b747ad8025,Sit | Kosher Kush | Infused,Dogwalkers,preroll,1g,1800,25,0,indica,TRUE,https://www.thetravelagency.co/products/84510291/,2026-05-02T18:16:23.778337+00:00
travel-agency-ny,77046382,4f9ddb71-e2cc-4784-9a32-33f468930f42,Strawberry Sour | Infused | Ground Flower,Ithaca Organics,flower,7g,8000,41.2,,hybrid,TRUE,https://www.thetravelagency.co/products/77046382/,2026-05-02T18:16:23.778337+00:00
travel-agency-ny,76045582,a1901334-e306-4111-a56b-c6768e16b651,Purple Sunset,Livwell,flower,28g,14000,22,0.5,indica-hybrid,TRUE,https://www.thetravelagency.co/products/76045582/,2026-05-02T18:16:23.778337+00:00
travel-agency-ny,72520882,0ce136f8-8d98-45a8-912b-f55f8b48b13b,Classic | Apricot Punch | All-in-one,Bloom,vaporizers,1g,4400,85.7,0,indica,TRUE,https://www.thetravelagency.co/products/72520882/,2026-05-02T18:16:23.778337+00:00
travel-agency-ny,88860519,49f9455b-d97c-4f9e-9bde-204ef3ddfda7,Flavorless,Myhi,edible,30mg,1500,10,0,,TRUE,https://www.thetravelagency.co/products/88860519/,2026-05-02T18:16:23.778337+00:00
travel-agency-ny,33285875,be34937b-062d-4f57-beb6-c646ab10cdcb,Midnight Blend | Infused | Pre-ground,Alchemy Pure,flower,14g,10000,22,0.05,hybrid,TRUE,https://www.thetravelagency.co/products/33285875/,2026-05-02T18:16:23.778337+00:00
travel-agency-ny,29705069,23ea74e7-047e-4b20-b1bb-473dba44a5f3,Little Pandas | Gmo X Cherry Lime,Eaton Botanicals,preroll,1.75g,2800,25,,hybrid,TRUE,https://www.thetravelagency.co/products/29705069/,2026-05-02T18:16:23.778337+00:00
travel-agency-ny,89592983,d77702e5-6336-4b5b-8976-7a3b37834fb0,Peanut Budda Buddha,Incredibles,edible,100mg,2000,100,,,TRUE,https://www.thetravelagency.co/products/89592983/,2026-05-02T18:16:23.778337+00:00
travel-agency-ny,20175963,9047914d-696b-4fae-b654-a555d1b6eaff,Sit | Brownie Scout | Infused,Dogwalkers,preroll,1g,1800,25,0,hybrid,TRUE,https://www.thetravelagency.co/products/20175963/,2026-05-02T18:16:23.778337+00:00
travel-agency-ny,57622325,499522dc-9502-454d-b855-94a7dc23e00d,God's Gift | Infused,Heavy Hitters,preroll,1g,2800,25,,hybrid,TRUE,https://www.thetravelagency.co/products/57622325/,2026-05-02T18:16:23.778337+00:00
travel-agency-ny,67959634,be9a7b1a-f615-4875-a1fe-f2905840d410,Puna Budazz,Ravens View Genetics,preroll,1g,1500,25,,sativa,TRUE,https://www.thetravelagency.co/products/67959634/,2026-05-02T18:16:23.778337+00:00
travel-agency-ny,98817880,6b3ed16d-94b8-4fc2-a97d-88c681810cd4,Jayna's Sunshine | Infused,Grassroots,flower,3.5g,6000,38.86,0.01,sativa-hybrid,TRUE,https://www.thetravelagency.co/products/98817880/,2026-05-02T18:16:23.778337+00:00
travel-agency-ny,59315585,13fa98a8-10f0-495c-85ae-04709049f48f,Summer Peach,Incredibles,edible,100mg,2200,10,,hybrid,TRUE,https://www.thetravelagency.co/products/59315585/,2026-05-02T18:16:23.778337+00:00
travel-agency-ny,45614131,a4334c72-5f94-4d4c-91c5-6c5b8a335bb4,Golden Sands,Grassroots,flower,3.5g,4000,28.83,,indica,TRUE,https://www.thetravelagency.co/products/45614131/,2026-05-02T18:16:23.778337+00:00
travel-agency-ny,91810481,fea32a3b-d032-49ee-a2bf-57a764e52fcc,Midnight Cherry | Lights Out Cbn,Heavy Hitters,edible,100mg,2700,100,,hybrid,TRUE,https://www.thetravelagency.co/products/91810481/,2026-05-02T18:16:23.778337+00:00
travel-agency-ny,26783600,61cec398-48af-47bb-a997-6635f7450a6d,Durban Poison | Diamonds | All-in-one,Pax,vaporizers,1g,7500,,,sativa,TRUE,https://www.thetravelagency.co/products/26783600/,2026-05-02T18:16:23.778337+00:00
travel-agency-ny,43706294,da51261a-c863-4a88-a9b1-d3e5f6ec5da8,Protabs | Energy,Level,edible,300mg,3200,,,sativa,TRUE,https://www.thetravelagency.co/products/43706294/,2026-05-02T18:16:23.778337+00:00
travel-agency-ny,75789760,79c59a4c-9cf5-4d11-afbe-af85901e7b71,Sour Jack,Edie Parker,flower,3.5g,4500,26.37,,sativa,TRUE,https://www.thetravelagency.co/products/75789760/,2026-05-02T18:16:23.778337+00:00
travel-agency-ny,860014078606,3985fdd8-d2c4-40ce-bb35-26f4641a2f2c,Little Pandas | Tropical Cooler,Eaton Botanicals,preroll,1.75g,2800,25,,hybrid,TRUE,https://www.thetravelagency.co/products/860014078606/,2026-05-02T18:16:23.778337+00:00
travel-agency-ny,27113921,c47531d5-3060-4811-9e8b-a9978903b53a,Space Diesel | Infused,Luci,preroll,1g,1800,,,hybrid,TRUE,https://www.thetravelagency.co/products/27113921/,2026-05-02T18:16:23.778337+00:00
travel-agency-ny,61244020,fabe4f07-90b1-448c-b155-8348127df9c1,Creamsicle Sunset | Live Rosin | Tier 1,Rythm,concentrate,1g,7500,70,0.01,hybrid,TRUE,https://www.thetravelagency.co/products/61244020/,2026-05-02T18:16:23.778337+00:00
travel-agency-ny,80103573,81922807-dec4-4cfe-b7e3-94c1be7425ef,Zesty Garlic Cookies | Dark Heart Genetics,Grassroots,flower,3.5g,4500,22,0.01,indica,TRUE,https://www.thetravelagency.co/products/80103573/,2026-05-02T18:16:23.778337+00:00
travel-agency-ny,06262824,25d6023e-9168-4428-9cab-44251c1d787a,Dark Heart Genetics | Delphi Diesel,Grassroots,flower,14g,13200,32,0,sativa,TRUE,https://www.thetravelagency.co/products/06262824/,2026-05-02T18:16:23.778337+00:00
travel-agency-ny,83846689,b2d70bc7-d6a0-4368-9635-f706d2af83fe,J-case | Silver,The Travel Agency,merch,,1400,,,,TRUE,https://www.thetravelagency.co/products/83846689/,2026-05-02T18:16:23.778337+00:00
travel-agency-ny,42492789,7491649e-32b1-439f-9245-4994d46f68b5,Blackberry Lemon | Live Rosin,Heavy Hitters,edible,250mg,3000,,,indica,TRUE,https://www.thetravelagency.co/products/42492789/,2026-05-02T18:16:23.778337+00:00
travel-agency-ny,27493137,00d0fe43-65a5-4ac8-a5aa-dcb1f58513d7,Berry Pomegranate | 1:1:1,Papa & Barkley,edible,100mg,3000,0.1,,,TRUE,https://www.thetravelagency.co/products/27493137/,2026-05-02T18:16:23.778337+00:00
travel-agency-ny,56156969,79cda91f-ab07-4333-b0fa-354e827660c5,Garlic Drip | Live Resin,Rythm,concentrate,1g,5500,,,indica-hybrid,TRUE,https://www.thetravelagency.co/products/56156969/,2026-05-02T18:16:23.778337+00:00
travel-agency-ny,87561209,126cb4c2-fe71-418a-acb6-e8ddea8eed03,Sativa Variety Pack,Ravens View Genetics,preroll,3g,4600,25,,hybrid,TRUE,https://www.thetravelagency.co/products/87561209/,2026-05-02T18:16:23.778337+00:00
travel-agency-ny,38391016,02337c2c-f5fe-45e0-902c-0694eecddc24,Leo Stone's Tourbillon,Florette,flower,3.5g,4000,28.15,,sativa,TRUE,https://www.thetravelagency.co/products/38391016/,2026-05-02T18:16:23.778337+00:00
travel-agency-ny,86406847,633a42a6-2d2f-4d8b-970d-0220a72332f5,Alaskan Thunder F | 2g | All-in-one,Heavy Hitters,vaporizers,2g,10000,81,,sativa,TRUE,https://www.thetravelagency.co/products/86406847/,2026-05-02T18:16:23.778337+00:00
travel-agency-ny,84897744,928be98d-243f-4d29-9f62-13cbdd039f8c,Atomic Breath,Grassroots,flower,3.5g,4000,31.14,0,indica-hybrid,TRUE,https://www.thetravelagency.co/products/84897744/,2026-05-02T18:16:23.778337+00:00
travel-agency-ny,21957374,cb67e163-9b54-48c6-9967-34e495c0af63,Downtime | Blackberry | 1:1,Beboe,edible,100mg,2700,100,100,,TRUE,https://www.thetravelagency.co/products/21957374/,2026-05-02T18:16:23.778337+00:00
travel-agency-ny,85251590,e56fe3c0-e59e-47ce-b9e3-59696c7ee727,Runtz,Boukét,flower,3.5g,4000,28.65,,hybrid,TRUE,https://www.thetravelagency.co/products/85251590/,2026-05-02T18:16:23.778337+00:00
travel-agency-ny,01445587,5ed9107a-5c91-443f-8cff-61e24a3b0e6f,Protab | Indica,Level,edible,200mg,2400,11.2,0.09,,TRUE,https://www.thetravelagency.co/products/01445587/,2026-05-02T18:16:23.778337+00:00
travel-agency-ny,89726707,9726e196-ccab-4286-bdf1-4499d3f49a23,Tta X Weedfeed 420 Lighter,Zippo,merch,,3400,,,,TRUE,https://www.thetravelagency.co/products/89726707/,2026-05-02T18:16:23.778337+00:00
travel-agency-ny,30152485,dfe8b60e-c7f4-4adc-9bc2-7b386a38d5a7,Stay | 95 Cookies | Infused,Dogwalkers,preroll,2.25g,4000,,,hybrid,TRUE,https://www.thetravelagency.co/products/30152485/,2026-05-02T18:16:23.778337+00:00
travel-agency-ny,32629921,9295a1ee-7b93-4559-b584-390403930bbd,Pineapple Express | 510,Heavy Hitters,vaporizers,1g,6500,81.5,,sativa,TRUE,https://www.thetravelagency.co/products/32629921/,2026-05-02T18:16:23.778337+00:00
travel-agency-ny,47320011,2ee38673-b290-4b64-b912-674ed3f3a0f5,Mfny Skunk | Live Resin | All-in-one,Mfny,vaporizers,0.5g,4800,69.33,0.16,hybrid,TRUE,https://www.thetravelagency.co/products/47320011/,2026-05-02T18:16:23.778337+00:00
travel-agency-ny,28618587,2f0ca546-6e69-47e6-b5d4-e7e88cf3d375,Cool-down | Blueberry Coconut | 1:2:2,Eaton Botanicals,edible,100mg,3200,50,200,hybrid,TRUE,https://www.thetravelagency.co/products/28618587/,2026-05-02T18:16:23.778337+00:00
travel-agency-ny,63007529,9702e44e-59fd-44e7-883d-39dd828ee155,Larry Burger,Livwell,flower,14g,9000,21,0.5,indica,TRUE,https://www.thetravelagency.co/products/63007529/,2026-05-02T18:16:23.778337+00:00
travel-agency-ny,68077858,b0d7d2a8-22a6-4407-9d62-d1ac79090caf,Coconut Cream,Nanticoke,flower,3.5g,3900,23,0.5,indica-hybrid,TRUE,https://www.thetravelagency.co/products/68077858/,2026-05-02T18:16:23.778337+00:00
travel-agency-ny,85920186,782fa607-6df3-4e0e-aa7f-718bccb1e806,Pineapple Express,Incredibles,edible,100mg,2200,100,0,sativa,TRUE,https://www.thetravelagency.co/products/85920186/,2026-05-02T18:16:23.778337+00:00
travel-agency-ny,40855092,cd0ab336-c784-42b1-aca9-d5c9553a5909,Flavorless,Myhi,edible,100mg,4000,100,0,,TRUE,https://www.thetravelagency.co/products/40855092/,2026-05-02T18:16:23.778337+00:00
travel-agency-ny,97643823,3e3719f4-5fe3-4f55-8c8f-c48c61b6fef6,London Pound Cake | All-in-one,Pax,vaporizers,2g,8500,79,,hybrid,TRUE,https://www.thetravelagency.co/products/97643823/,2026-05-02T18:16:23.778337+00:00
travel-agency-ny,27606196,c28bdfb3-6456-4f76-829e-b739b0e4609a,Zoap,Dada Exotics,flower,3.5g,5800,23,0.5,hybrid,TRUE,https://www.thetravelagency.co/products/27606196/,2026-05-02T18:16:23.778337+00:00
travel-agency-ny,82550521,9ad3ce3d-23b7-46cd-8cc6-8e05b3c4a04c,Half Gram 1 1/4 Pink Hybrid Hemp Blunt Wrap Artisan Pre Rolled Tubes With Spiral Filter Tips [pack Of 10 Tubes],Daysavers,merch,,500,,,,TRUE,https://www.thetravelagency.co/products/82550521/,2026-05-02T18:16:23.778337+00:00
travel-agency-ny,20178698,dc17895e-ae1d-44e8-9621-c0b9f6c128e0,Unwind | 20:1,Doctor Solomons,tinctures,250mg,3000,25,475,hybrid,TRUE,https://www.thetravelagency.co/products/20178698/,2026-05-02T18:16:23.778337+00:00
travel-agency-ny,64497440,8c914000-a804-46b7-9bd5-824a6c7174b6,Sour Fuel,Livwell,flower,14g,9000,21,0.05,sativa,TRUE,https://www.thetravelagency.co/products/64497440/,2026-05-02T18:16:23.778337+00:00
travel-agency-ny,69794249,d5f71d7b-031a-4f45-af84-51b068a998e4,"Revive | Bergamont, Grapefruit, & Sandalwood | 1:1 | Balm",Ayrloom,topical,2g,5500,1000,1000,,TRUE,https://www.thetravelagency.co/products/69794249/,2026-05-02T18:16:23.778337+00:00
travel-agency-ny,48037858,0151169a-54a7-4de3-9639-6eab2982a16a,Durban Poison | Live Blend | Starter Kit,Ruby Farms,vaporizers,1g,5500,,,sativa,TRUE,https://www.thetravelagency.co/products/48037858/,2026-05-02T18:16:23.778337+00:00
travel-agency-ny,29607950,f378b582-c4f6-4bf5-8940-a771ae8eed6d,Animal Scout | Live Resin,Rythm,concentrate,2g,8500,,,indica-hybrid,TRUE,https://www.thetravelagency.co/products/29607950/,2026-05-02T18:16:23.778337+00:00
travel-agency-ny,91720709,849f925c-90a6-41ba-9197-99ccb9419ab8,Panda Planet | Infused,Luci,preroll,1g,1800,,,hybrid,TRUE,https://www.thetravelagency.co/products/91720709/,2026-05-02T18:16:23.778337+00:00
travel-agency-ny,85032496,b7584cce-ed80-4c8f-b581-fc5461a2fd6d,Animal Face | Live Resin | All-in-one,Rythm,vaporizers,1g,6000,,,indica-hybrid,TRUE,https://www.thetravelagency.co/products/85032496/,2026-05-02T18:16:23.778337+00:00
travel-agency-ny,68337184,5e4d257e-89c9-4762-8fdf-a8c51ef6f20d,Brownie Scout | Live Resin | All-in-one,Rythm,vaporizers,2g,8500,80,,indica,TRUE,https://www.thetravelagency.co/products/68337184/,2026-05-02T18:16:23.778337+00:00
travel-agency-ny,26872358,814bc0c5-85f5-4a91-ac90-e50261de8731,Protab+ | Boost | 10:5:2,Level,edible,200mg,2400,100,,sativa,TRUE,https://www.thetravelagency.co/products/26872358/,2026-05-02T18:16:23.778337+00:00
travel-agency-ny,41678021,f9cd0ffa-4cd8-4d87-91b6-7ff7a2f5e2a8,Cherry Kush,Dank. By Definition,flower,14g,11500,20,0.05,hybrid,TRUE,https://www.thetravelagency.co/products/41678021/,2026-05-02T18:16:23.778337+00:00
travel-agency-ny,11781601,cd2daf36-86f1-4dbe-b2fe-3a65c31ade8e,1 1/4 Half-gram New York Pre-rolled - Refined White [21 Per Pack],Daysavers,merch,,800,,,,TRUE,https://www.thetravelagency.co/products/11781601/,2026-05-02T18:16:23.778337+00:00
travel-agency-ny,02414932,15dfb2cb-ae17-4554-a6b3-2cf03893ba85,Cheddar Cheeze | Smalls,Rythm,flower,7g,7000,21,0.05,indica-hybrid,TRUE,https://www.thetravelagency.co/products/02414932/,2026-05-02T18:16:23.778337+00:00
travel-agency-ny,56310513,917cfbf1-881a-41e4-9790-7a93fbf9f92a,Milk Chocolate | Infused,Kiva,edible,10g,3000,100,,,TRUE,https://www.thetravelagency.co/products/56310513/,2026-05-02T18:16:23.778337+00:00
travel-agency-ny,71523329,7b430522-10ee-492f-afc8-d306d72e5451,Genius | 1:1:1,1906,edible,150mg,3500,75,75,,TRUE,https://www.thetravelagency.co/products/71523329/,2026-05-02T18:16:23.778337+00:00
travel-agency-ny,41915791,247a2f78-35c2-4ead-99fc-cfd26cb768ad,Rescue | Menthol & Arnica | 1:1 | Balm,Ayrloom,topical,2g,5500,1000,1000,,TRUE,https://www.thetravelagency.co/products/41915791/,2026-05-02T18:16:23.778337+00:00
travel-agency-ny,48574104,a414d99c-2dc2-4474-a521-783d4fcf454c,Lights On | Green Crack | 2:1,Heavy Hitters,edible,100mg,2700,100,,sativa,TRUE,https://www.thetravelagency.co/products/48574104/,2026-05-02T18:16:23.778337+00:00
travel-agency-ny,59974688,7fd67105-3708-4709-bd70-54a73d36b5d5,Grapefruit Sour,Ithaca Organics,flower,3.5g,4600,23,0.5,sativa,TRUE,https://www.thetravelagency.co/products/59974688/,2026-05-02T18:16:23.778337+00:00
travel-agency-ny,15740595,3fe78f36-b0a3-493a-9357-e567aed44d8f,Pillow Princess,Flamer,flower,3.5g,4400,23,0.5,hybrid,TRUE,https://www.thetravelagency.co/products/15740595/,2026-05-02T18:16:23.778337+00:00
travel-agency-ny,08157643,d5be2c67-3e91-4008-afab-263cea5a3936,4 Part Grinder | White,The Travel Agency,merch,,2400,,,,TRUE,https://www.thetravelagency.co/products/08157643/,2026-05-02T18:16:23.778337+00:00
travel-agency-ny,39987340,99553064-109c-4449-9bbf-291632361ecf,Dulce De Uva,Rythm,flower,3.5g,5000,23,0.5,indica-hybrid,TRUE,https://www.thetravelagency.co/products/39987340/,2026-05-02T18:16:23.778337+00:00
travel-agency-ny,08011513,4493038d-5be1-40a3-9e4b-49a335efd7e2,Kiwi Strawberry | Live Rosin | 1:1:1,Good Tide,edible,100mg,2800,100,100,hybrid,TRUE,https://www.thetravelagency.co/products/08011513/,2026-05-02T18:16:23.778337+00:00
travel-agency-ny,70241100,dbb8fe01-45bd-4cbd-a95c-935b677cf726,Cheddar Cheeze,Dogwalkers,preroll,4.2g,5500,,0,indica,TRUE,https://www.thetravelagency.co/products/70241100/,2026-05-02T18:16:23.778337+00:00
travel-agency-ny,01591518,23440d11-0068-42cd-9c68-529740cdfaf8,Atomic Breath,Grassroots,flower,7g,7000,27.91,0,hybrid,TRUE,https://www.thetravelagency.co/products/01591518/,2026-05-02T18:16:23.778337+00:00
travel-agency-ny,33390653,4433fd6e-1d9e-4dc7-ab62-8897e4020513,Blackberry Kush | All-in-one,Heavy Hitters,vaporizers,2g,10000,81,,hybrid,TRUE,https://www.thetravelagency.co/products/33390653/,2026-05-02T18:16:23.778337+00:00
travel-agency-ny,21498340,d0b0495d-0ac8-425a-abb8-5e9d1cb59c74,Gmo | Live Rosin | Tier 1,Rythm,concentrate,1g,7500,78.21,0.01,indica-hybrid,TRUE,https://www.thetravelagency.co/products/21498340/,2026-05-02T18:16:23.778337+00:00
travel-agency-ny,77799146,337f5c9b-8060-4c71-a1f1-518caab91797,Stay | Runtz | Infused,Dogwalkers,preroll,2.25g,4000,25,,hybrid,TRUE,https://www.thetravelagency.co/products/77799146/,2026-05-02T18:16:23.778337+00:00
travel-agency-ny,90493430,fcf31057-b2df-4838-a76c-e9029e346a6c,Blue Dream | All-in-one,Heavy Hitters,vaporizers,0.5g,3500,81.5,,sativa-hybrid,TRUE,https://www.thetravelagency.co/products/90493430/,2026-05-02T18:16:23.778337+00:00
travel-agency-ny,54400555,aaec0de6-aee5-435a-9cc3-26621ddfabe2,Grape Gas | Infused,Heavy Hitters,preroll,1g,2800,25,,indica,TRUE,https://www.thetravelagency.co/products/54400555/,2026-05-02T18:16:23.778337+00:00
travel-agency-ny,16499386,0e4ca81a-1d7b-43e0-8182-d7735d5ed749,Chill | 1:5,1906,edible,100mg,3500,100,500,,TRUE,https://www.thetravelagency.co/products/16499386/,2026-05-02T18:16:23.778337+00:00
travel-agency-ny,60058498,a525b618-42df-48dc-8660-b77bae3419c6,Brownie Scout,Rythm,flower,3.5g,5000,23,0.5,hybrid,TRUE,https://www.thetravelagency.co/products/60058498/,2026-05-02T18:16:23.778337+00:00
travel-agency-ny,05876269,f7104e3d-a8a0-4805-8cae-d3155cf31eb7,Stash Case Keychain | Red,The Travel Agency,merch,,1000,,,,TRUE,https://www.thetravelagency.co/products/05876269/,2026-05-02T18:16:23.778337+00:00
travel-agency-ny,15888291,6b2c7dc8-efcf-4b5e-9d4e-8df0849a0a65,Sit | Gmo,Dogwalkers,preroll,0.75g,1250,,,indica,TRUE,https://www.thetravelagency.co/products/15888291/,2026-05-02T18:16:23.778337+00:00
travel-agency-ny,16492116,47a77d5a-69b7-4d4c-b7b2-97e0df8e2deb,Nighttime | Chamomile Mint Tea Sachets,Harney Brothers Cannabis,edible,10mg,2000,10,0,indica,TRUE,https://www.thetravelagency.co/products/16492116/,2026-05-02T18:16:23.778337+00:00
travel-agency-ny,04557125,af9ddaa5-8ae4-4192-b0e0-eccd1dc1bccd,Ultra | Strawberry Cough | All-in-one,Heavy Hitters,vaporizers,1g,7000,81,,sativa,TRUE,https://www.thetravelagency.co/products/04557125/,2026-05-02T18:16:23.778337+00:00
travel-agency-ny,25118487,b5c187c1-b4b6-4a39-aaab-5c575b8b5784,Rolling Tray Brushed Stainless Steel,The Travel Agency,merch,,1200,,,,TRUE,https://www.thetravelagency.co/products/25118487/,2026-05-02T18:16:23.778337+00:00
travel-agency-ny,63607513,8f5466a4-fadb-4f72-8861-a808de7ffbf5,The Outdoor Silicone Pipe,Jane West,merch,,2000,,,,TRUE,https://www.thetravelagency.co/products/63607513/,2026-05-02T18:16:23.778337+00:00
travel-agency-ny,94743897,99fabd19-87c1-47ee-acf4-4a543d638774,Super Boof | Diamonds | All-in-one,Pax,vaporizers,1g,7500,,,hybrid,TRUE,https://www.thetravelagency.co/products/94743897/,2026-05-02T18:16:23.778337+00:00
travel-agency-ny,02205944,59f499fa-2034-4cae-ae2e-fc070945015d,Bliss | 1:1,1906,edible,100mg,3500,100,100,,TRUE,https://www.thetravelagency.co/products/02205944/,2026-05-02T18:16:23.778337+00:00
travel-agency-ny,11189189,99767903-6214-4dc9-b458-302422753413,Hawaiian Rain | Infused,Stone Road,preroll,7g,9000,25,,hybrid,TRUE,https://www.thetravelagency.co/products/11189189/,2026-05-02T18:16:23.778337+00:00
travel-agency-ny,37049950,a8db2cb3-ee37-4015-bc2b-20898f3d906e,Sour Og,Dank. By Definition,flower,3.5g,5500,27.87,,hybrid,TRUE,https://www.thetravelagency.co/products/37049950/,2026-05-02T18:16:23.778337+00:00
travel-agency-ny,72590189,e25b349f-a675-4e6b-8671-5d190c6234a4,Black Cherry Gelato | Live Blend | Starter Kit,Ruby,vaporizers,1g,5500,81.5,,hybrid,TRUE,https://www.thetravelagency.co/products/72590189/,2026-05-02T18:16:23.778337+00:00
travel-agency-ny,75008249,5a6b427f-01f6-41dd-b54b-bfabdbc0573e,Lemon Gelato Cookies | Smalls,Rythm,flower,7g,7000,21,0.05,hybrid,TRUE,https://www.thetravelagency.co/products/75008249/,2026-05-02T18:16:23.778337+00:00
travel-agency-ny,04024593,b048ade0-f678-435b-8581-25cf077cf4c5,Jet Fuel Og | Live Resin | All-in-one,Rythm,vaporizers,1g,6000,,,hybrid,TRUE,https://www.thetravelagency.co/products/04024593/,2026-05-02T18:16:23.778337+00:00
travel-agency-ny,03979908,c7d2eb8b-a182-4348-8f28-40cd9d4d79a7,Peach | Liquid Gummy,Harney Brothers Cannabis,edible,10g,2000,,,hybrid,TRUE,https://www.thetravelagency.co/products/03979908/,2026-05-02T18:16:23.778337+00:00
travel-agency-ny,44359408,8dc0751f-76c1-413b-b407-6fe35c1006f6,Big League Bubba,Dank. By Definition,flower,14g,13500,20,0.05,hybrid,TRUE,https://www.thetravelagency.co/products/44359408/,2026-05-02T18:16:23.778337+00:00
travel-agency-ny,36221992,ad26462c-f926-4031-94c8-d2f01a8718f9,Uptown Haze | Infused,Florette,preroll,1.2g,2000,25,,hybrid,TRUE,https://www.thetravelagency.co/products/36221992/,2026-05-02T18:16:23.778337+00:00
travel-agency-ny,82474868,6aad39c0-7b1b-4ad1-9a6c-f226705f2d99,Dark Heart Genetics | Titan Express | Smalls,Grassroots,flower,14g,13200,28.64,,sativa,TRUE,https://www.thetravelagency.co/products/82474868/,2026-05-02T18:16:23.778337+00:00
travel-agency-ny,88542389,8498e1dd-646e-4c15-b900-9278d81da97b,Papaya Mango | Live Rosin,Heavy Hitters,edible,250mg,3000,,,hybrid,TRUE,https://www.thetravelagency.co/products/88542389/,2026-05-02T18:16:23.778337+00:00
travel-agency-ny,44239254,6f69479a-2d05-4716-81a8-323ff6bfec69,Liquid Gold Infused | Strawberry Sourz,Canna Cure Farms,preroll,1g,1500,25,0,hybrid,TRUE,https://www.thetravelagency.co/products/44239254/,2026-05-02T18:16:23.778337+00:00
travel-agency-ny,21594627,6a485080-d70d-4a1b-a697-e05dc7e7320c,Hall Of Flame #7,Stay Melo,flower,3.5g,4500,23,0.5,indica-hybrid,TRUE,https://www.thetravelagency.co/products/21594627/,2026-05-02T18:16:23.778337+00:00
travel-agency-ny,51572070,adce75d1-1fa5-4aad-b1f0-3379b681ee93,Quiet Times | Grape Gasoline | Infused,Miss Grass,preroll,1g,2400,25,,indica,TRUE,https://www.thetravelagency.co/products/51572070/,2026-05-02T18:16:23.778337+00:00
travel-agency-ny,93234940,047040c0-bd20-4363-bba1-e4c7b8624cc2,White Widow | All-in-one,Pax,vaporizers,2g,8500,,,hybrid,TRUE,https://www.thetravelagency.co/products/93234940/,2026-05-02T18:16:23.778337+00:00
travel-agency-ny,77215385,564f9be0-4832-44f6-b006-29532d7f5ef3,Pear Apple | 1:1:1,Papa & Barkley,edible,300mg,3000,0.1,,,TRUE,https://www.thetravelagency.co/products/77215385/,2026-05-02T18:16:23.778337+00:00
travel-agency-ny,86573702,199728d6-ca25-4d2c-9f17-b0a576b6b76a,Hippie Crasher,Dank. By Definition,flower,28g,22000,28.26,,indica,TRUE,https://www.thetravelagency.co/products/86573702/,2026-05-02T18:16:23.778337+00:00
travel-agency-ny,43247010,6eea3340-7639-401a-b628-a19e7a7a3a45,Sleepy Puffs | Infused,Her Highness,preroll,2.5g,5000,25,,hybrid,TRUE,https://www.thetravelagency.co/products/43247010/,2026-05-02T18:16:23.778337+00:00
travel-agency-ny,19489361,ace496bc-5bdb-4600-9d27-03eb685573b5,Stay | Jet Fuel Og | Infused | 1g,Dogwalkers,preroll,1g,1800,25,,hybrid,TRUE,https://www.thetravelagency.co/products/19489361/,2026-05-02T18:16:23.778337+00:00
travel-agency-ny,16985887,807d81a9-db34-4587-8a13-e01484fdf4cf,Honeymoon Diesel,Boukét,flower,3.5g,4000,22,0.05,indica-hybrid,TRUE,https://www.thetravelagency.co/products/16985887/,2026-05-02T18:16:23.778337+00:00
travel-agency-ny,96911954,bf5ad52c-1385-4938-9fd0-9e92f6f56bac,Carnival,Alchemy Pure,flower,3.5g,4500,23,0.5,hybrid,TRUE,https://www.thetravelagency.co/products/96911954/,2026-05-02T18:16:23.778337+00:00
travel-agency-ny,81232909,7e660a22-f3a3-465a-ba91-16254b245da7,Candy Rain | Live Resin | 510,Mfny,vaporizers,0.5g,4500,35.67,0.06,hybrid,TRUE,https://www.thetravelagency.co/products/81232909/,2026-05-02T18:16:23.778337+00:00
travel-agency-ny,77692761,9e02ab7a-c8c3-43de-ab26-f911416f65ce,Sleep | 1:1:1,Papa & Barkley,tinctures,300mg,9000,500,500,,TRUE,https://www.thetravelagency.co/products/77692761/,2026-05-02T18:16:23.778337+00:00
travel-agency-ny,37515049,43f96e46-79d2-42e1-b645-321e99706b7a,Metal Pipe Screens,Luvbuds,merch,,200,,,,TRUE,https://www.thetravelagency.co/products/37515049/,2026-05-02T18:16:23.778337+00:00
travel-agency-ny,45883036,fde8ffee-6593-41fd-999f-0c871d9ec946,Snoozzzeberry | 5:1 | Chocolate,Incredibles,edible,100mg,2000,100,,indica,TRUE,https://www.thetravelagency.co/products/45883036/,2026-05-02T18:16:23.778337+00:00
travel-agency-ny,40832941,bb38a6a7-6d0c-4b85-913f-af3d9c194048,2-pc-grinder | Gold | 50mm,Ongrok,merch,,1500,,,,TRUE,https://www.thetravelagency.co/products/40832941/,2026-05-02T18:16:23.778337+00:00
travel-agency-ny,35508941,7dce5150-ddea-462c-97ff-b0ad22b02c92,White Fire Og X White Fire Og | Infused,Mfny,preroll,3g,5000,,,sativa,TRUE,https://www.thetravelagency.co/products/35508941/,2026-05-02T18:16:23.778337+00:00
travel-agency-ny,52826416,adf82b38-cdc6-4d29-bac4-55cc2d9c5010,High Flyer Plush Keychain,Only Ny,merch,,3800,,,,TRUE,https://www.thetravelagency.co/products/52826416/,2026-05-02T18:16:23.778337+00:00
travel-agency-ny,33153666,77b6e467-aa0e-4f7e-a4bf-e8e13ded1f20,Releaf Balm | 3:1 | 15ml,Papa & Barkley,topical,180mg,3000,45,135,,TRUE,https://www.thetravelagency.co/products/33153666/,2026-05-02T18:16:23.778337+00:00
travel-agency-ny,57979183,6053b825-b94d-402f-8ee7-3d3bbbf0dd06,Mfny Skunk | Live Resin | 510,Mfny,vaporizers,0.5g,4500,67.82,0.13,hybrid,TRUE,https://www.thetravelagency.co/products/57979183/,2026-05-02T18:16:23.778337+00:00
travel-agency-ny,32780562,2d19ebd4-0fe1-495d-a15c-24d4d352063a,Fadeaway Souffle,Stay Melo,flower,3.5g,4500,23,0.5,hybrid,TRUE,https://www.thetravelagency.co/products/32780562/,2026-05-02T18:16:23.778337+00:00
travel-agency-ny,43855101,aee154a3-1e80-46f7-ad90-998bac149912,Sour Cherry Tart,Incredibles,edible,100mg,2200,100,,hybrid,TRUE,https://www.thetravelagency.co/products/43855101/,2026-05-02T18:16:23.778337+00:00
travel-agency-ny,56460435,ae0eee2e-0593-4074-8163-dae5bb3875f1,Doobies | Sunset Sherbet | Hash Infused,Ruby,preroll,5g,5800,25,,indica,TRUE,https://www.thetravelagency.co/products/56460435/,2026-05-02T18:16:23.778337+00:00
travel-agency-ny,49337469,8157658d-3c09-47f9-8adc-24d793795ec2,Mystic Mint | Live Resin | All-in-one,Rythm,vaporizers,2g,8500,,,indica,TRUE,https://www.thetravelagency.co/products/49337469/,2026-05-02T18:16:23.778337+00:00
travel-agency-ny,03246393,662f9e59-76eb-4859-bb81-429a95b35434,Gogurtz | Live Resin | All-in-one,Rythm,vaporizers,1g,6000,,,hybrid,TRUE,https://www.thetravelagency.co/products/03246393/,2026-05-02T18:16:23.778337+00:00
travel-agency-ny,11151154,b11ee251-8f54-4258-bdfe-50eeec99b5f8,Sit | Animal Face | Infused | 1g,Dogwalkers,preroll,1g,1800,25,,indica-hybrid,TRUE,https://www.thetravelagency.co/products/11151154/,2026-05-02T18:16:23.778337+00:00
travel-agency-ny,84089029,0a39aa01-0c0f-4993-b974-28ff86871a71,Mimosa | 2g | All-in-one,Heavy Hitters,vaporizers,2g,10000,81,,hybrid,TRUE,https://www.thetravelagency.co/products/84089029/,2026-05-02T18:16:23.778337+00:00
travel-agency-ny,08282674,2a877d1d-d510-47ca-94f9-5562075d752b,Red Velvet Cake | 1:1 | Chocolate,Incredibles,edible,100mg,2000,100,,,TRUE,https://www.thetravelagency.co/products/08282674/,2026-05-02T18:16:23.778337+00:00
travel-agency-ny,36216070,a06a5d5e-5495-444a-a008-d721ef8829d4,Raspberry Cough | Cured Resin | All-in-one,Heavy Hitters,vaporizers,1g,8000,,,sativa,TRUE,https://www.thetravelagency.co/products/36216070/,2026-05-02T18:16:23.778337+00:00
travel-agency-ny,66400552,8dd718af-fea1-4142-adca-46c561d6fc5a,Shot Caller,Nanticoke,flower,3.5g,3900,23,0.5,hybrid,TRUE,https://www.thetravelagency.co/products/66400552/,2026-05-02T18:16:23.778337+00:00
travel-agency-ny,09806453,900363bb-7c6a-44a3-9207-a4a046d40dbe,Play | Jack's Delight | Infused,Dogwalkers,preroll,1g,1800,,,sativa,TRUE,https://www.thetravelagency.co/products/09806453/,2026-05-02T18:16:23.778337+00:00
travel-agency-ny,79640295,a987d004-73f0-4118-bd6a-5f2ef03577ef,Blueberry Haze,Pax,vaporizers,1g,5500,83,2,sativa-hybrid,TRUE,https://www.thetravelagency.co/products/79640295/,2026-05-02T18:16:23.778337+00:00
travel-agency-ny,31383241,1f6faf63-1473-4990-b2cf-a5a698cf6aca,Huckleberry | Anytime,Beboe,edible,100mg,2700,100,0,,TRUE,https://www.thetravelagency.co/products/31383241/,2026-05-02T18:16:23.778337+00:00
travel-agency-ny,54398082,3ee512e6-43ed-4fc6-93ef-12f77f28e39b,Tangerine Dream | Infused | Pre-ground,Stone Road,flower,14g,10000,35.2,,sativa,TRUE,https://www.thetravelagency.co/products/54398082/,2026-05-02T18:16:23.778337+00:00
travel-agency-ny,12880048,3f42b176-1fa3-4520-8ad4-c74aec6b2365,Wake And Bake | Yaupon And Mint Tea Sachets,Harney Brothers Cannabis,edible,8mg,2000,10,0,sativa,TRUE,https://www.thetravelagency.co/products/12880048/,2026-05-02T18:16:23.778337+00:00
travel-agency-ny,79751837,0381906b-e050-4c8b-b376-2b723513f537,Delphi Diesel | Diamond Infused Flower,Grassroots,flower,3.5g,6000,,,sativa,TRUE,https://www.thetravelagency.co/products/79751837/,2026-05-02T18:16:23.778337+00:00
travel-agency-ny,33842831,230993e3-5838-4f3b-a696-088fbdecf79f,Afternoon Delight | Live Rosin | Tier 1,Rythm,concentrate,1g,7500,70,0.01,hybrid,TRUE,https://www.thetravelagency.co/products/33842831/,2026-05-02T18:16:23.778337+00:00
travel-agency-ny,39963782,31729cc0-9ccd-4a37-aa51-50ba9aac332c,Boogie Wuggie,B Noble,flower,3.5g,4000,30.79,0,hybrid,TRUE,https://www.thetravelagency.co/products/39963782/,2026-05-02T18:16:23.778337+00:00
travel-agency-ny,77572049,f4a1c67e-876f-4bab-a7c5-b0fe7aa66b27,Keychain Grinder | Black,The Travel Agency,merch,,2000,,,,TRUE,https://www.thetravelagency.co/products/77572049/,2026-05-02T18:16:23.778337+00:00
travel-agency-ny,48072003,789f3e7c-b6e2-4d0a-b955-176119ddf642,Gogurtz,Rythm,flower,3.5g,5000,23,0.5,hybrid,TRUE,https://www.thetravelagency.co/products/48072003/,2026-05-02T18:16:23.778337+00:00
travel-agency-ny,19051444,d7f2cb51-d3e5-40a1-a761-5c1c93460f78,Half Gram 1 1/4 Green Hybrid Hemp Blunt Wrap Artisan Pre Rolled Tubes With Spiral Filter Tips [10 Tubes Per Pack],Daysavers,merch,,500,,,,TRUE,https://www.thetravelagency.co/products/19051444/,2026-05-02T18:16:23.778337+00:00
travel-agency-ny,37085711,c11a1b8a-ca1a-4963-a04b-80f9871ea5f8,Kosher Kush | Live Resin | All-in-one,Rythm,vaporizers,2g,8500,80,,indica-hybrid,TRUE,https://www.thetravelagency.co/products/37085711/,2026-05-02T18:16:23.778337+00:00
travel-agency-ny,78901745,f98f5a51-6733-493d-a95e-79eaa6054e34,Dogwalkers | Afternoon Delight #4,Dogwalkers,preroll,2.25g,4000,,,hybrid,TRUE,https://www.thetravelagency.co/products/78901745/,2026-05-02T18:16:23.778337+00:00
travel-agency-ny,93700771,5352d564-2a9b-4346-86d6-4294fa96b573,Snoozeberry Gummies | 5:1,Incredibles,edible,100mg,2200,100,,indica,TRUE,https://www.thetravelagency.co/products/93700771/,2026-05-02T18:16:23.778337+00:00
travel-agency-ny,37746710,1ab292f3-d7e3-4692-8ec3-7de90b1a641c,Purple Wreck | Infused,Florette,preroll,1.2g,2000,25,,indica,TRUE,https://www.thetravelagency.co/products/37746710/,2026-05-02T18:16:23.778337+00:00
travel-agency-ny,99160589,34c8be96-b5aa-4057-ace8-4816feb8dd3d,Singapore Sling,B Noble,flower,3.5g,4000,29.08,0,hybrid,TRUE,https://www.thetravelagency.co/products/99160589/,2026-05-02T18:16:23.778337+00:00
travel-agency-ny,55396196,f15b6a3e-fc1b-44e6-977f-c14a5d110f26,Blood Orange | Inspired,Beboe,edible,100mg,2700,100,,,TRUE,https://www.thetravelagency.co/products/55396196/,2026-05-02T18:16:23.778337+00:00
travel-agency-ny,68914093,a7cfc6f0-a230-414b-830e-c646ce710399,Hash Burger | Badder,Mfny,concentrate,1g,6500,70,0.01,indica,TRUE,https://www.thetravelagency.co/products/68914093/,2026-05-02T18:16:23.778337+00:00
travel-agency-ny,09992626,3cc3f3e6-bdcc-481f-9454-7464b5cc94b0,Pre-rolled Tips,Raw,merch,,200,,,,TRUE,https://www.thetravelagency.co/products/09992626/,2026-05-02T18:16:23.778337+00:00
travel-agency-ny,08005397,f5f5209a-b939-4406-8dcc-6f7586372cf4,Be Still | Infused,Drew Martin,preroll,4.5g,6000,,,indica,TRUE,https://www.thetravelagency.co/products/08005397/,2026-05-02T18:16:23.778337+00:00
travel-agency-ny,87327898,f6be5c85-bf90-42ac-9d3b-193b671d4ce6,J-case | Black,The Travel Agency,merch,,1400,,,,TRUE,https://www.thetravelagency.co/products/87327898/,2026-05-02T18:16:23.778337+00:00
travel-agency-ny,42607235,63d01831-82ee-4db8-9030-c38e984e3d4d,Boisterous Berry,Myhi,edible,100mg,4000,100,0,,TRUE,https://www.thetravelagency.co/products/42607235/,2026-05-02T18:16:23.778337+00:00
travel-agency-ny,37881181,1b5c3b6b-98a5-4061-91bd-cd281e634b51,Relief | 2:1 Cbg:cbd | Roll On Oil,Reunion,tinctures,,3800,,250,,TRUE,https://www.thetravelagency.co/products/37881181/,2026-05-02T18:16:23.778337+00:00
travel-agency-ny,90404961,b41d5b4e-6e3e-4ae4-bf2f-89fcdbd76be8,Orange Cookies,Matter.,flower,14g,11000,21,0.5,sativa-hybrid,TRUE,https://www.thetravelagency.co/products/90404961/,2026-05-02T18:16:23.778337+00:00
travel-agency-ny,64424958,60729949-9b8d-4c62-9527-6d7778b53e06,Pistachio | 100mg,Cannatella,edible,100mg,4000,100,,,TRUE,https://www.thetravelagency.co/products/64424958/,2026-05-02T18:16:23.778337+00:00
travel-agency-ny,36700022,3b4e6df6-5b7a-4fa8-a920-d411729d9fa5,Mightnight Mint | Infused | 5:1,Kiva,edible,10mg,3000,100,,,TRUE,https://www.thetravelagency.co/products/36700022/,2026-05-02T18:16:23.778337+00:00
travel-agency-ny,85062438,5275e86e-a0e0-467b-9f3a-ca2b82fcc54b,Protab | Slumber,Level,edible,300mg,3200,,,indica,TRUE,https://www.thetravelagency.co/products/85062438/,2026-05-02T18:16:23.778337+00:00
travel-agency-ny,58046043,158c2688-1b68-44df-9120-7fce709bfb22,Keychain Grinder | Red,The Travel Agency,merch,,2000,,,,TRUE,https://www.thetravelagency.co/products/58046043/,2026-05-02T18:16:23.778337+00:00
travel-agency-ny,73595266,a6878a33-13e6-451d-8f81-3f78f9c5420e,Apple Fritter,Vlsny,flower,3.5g,5000,23,0.5,hybrid,TRUE,https://www.thetravelagency.co/products/73595266/,2026-05-02T18:16:23.778337+00:00
travel-agency-ny,21746371,f03d1af0-6a4b-474c-b2da-e0dbaad55827,Gumbo | All-in-one,Heavy Hitters,vaporizers,0.5g,3500,81.5,,indica,TRUE,https://www.thetravelagency.co/products/21746371/,2026-05-02T18:16:23.778337+00:00
travel-agency-ny,05325872,717dfc6c-1a45-4f20-8e20-81d826ef6469,Snow Caps | Infused | Pre-ground,Stone Road,flower,14g,10000,36.78,,hybrid,TRUE,https://www.thetravelagency.co/products/05325872/,2026-05-02T18:16:23.778337+00:00
travel-agency-ny,FORMULA420-CLEAN-A1,975e1f97-cf06-45f4-88dc-7b52a4a825ec,Cleaner | A1 | 12oz,Formula 420,merch,,800,,,,TRUE,https://www.thetravelagency.co/products/FORMULA420-CLEAN-A1/,2026-05-02T18:16:23.778337+00:00
travel-agency-ny,14672427729205379734,559e4790-6c0e-42c8-a4f5-6399b7970840,Releaf Balm 1:3 | 50ml,Papa & Barkley,topical,1g,9000,300,100,,TRUE,https://www.thetravelagency.co/products/14672427729205379734/,2026-05-02T18:16:23.778337+00:00
travel-agency-ny,DRSRL,64531962-6982-470c-a251-a0adfdf2f6ba,Rescue Lotion,Doctor Solomons,topical,200mg,3500,200,0,,TRUE,https://www.thetravelagency.co/products/DRSRL/,2026-05-02T18:16:23.778337+00:00
travel-agency-ny,77598691,6d367462-2a86-477b-90bc-6a2c2f776652,Sugar Flavor Wood Filter Tips [3 Tips Per Pack],Daysavers,merch,,200,,,,TRUE,https://www.thetravelagency.co/products/77598691/,2026-05-02T18:16:23.778337+00:00
travel-agency-ny,18565820,5d616e2d-a78c-40ac-9514-9e083f71ac54,Releaf Balm 1:3 | 15ml,Papa & Barkley,topical,180mg,3000,90,30,,TRUE,https://www.thetravelagency.co/products/18565820/,2026-05-02T18:16:23.778337+00:00
travel-agency-ny,17404019,f584cdbb-422f-49bf-b4a1-08094451223f,Cloud 7,Stay Melo,flower,3.5g,4500,23,0.5,hybrid,TRUE,https://www.thetravelagency.co/products/17404019/,2026-05-02T18:16:23.778337+00:00
travel-agency-ny,96309077,8df748b4-78e5-49ac-915c-017570ffd281,Cousin Walkers,Ravens View Genetics,preroll,0.5g,3600,25,,hybrid,TRUE,https://www.thetravelagency.co/products/96309077/,2026-05-02T18:16:23.778337+00:00
travel-agency-ny,62652781,a7d71ad6-3377-43a0-9e41-befdc41f1e29,J-case | Red,The Travel Agency,merch,,1400,,,,TRUE,https://www.thetravelagency.co/products/62652781/,2026-05-02T18:16:23.778337+00:00
travel-agency-ny,82003695,120d63c4-ccc4-440b-9b8a-133d9b99545d,Stay | Bananaconda,Dogwalkers,preroll,1.75g,2800,,,hybrid,TRUE,https://www.thetravelagency.co/products/82003695/,2026-05-02T18:16:23.778337+00:00
travel-agency-ny,97519131,3b89c6a7-d4f8-4418-b5ba-a23c1dbeaf25,Stay | Gogurtz,Dogwalkers,preroll,0.5g,2800,25,,indica-hybrid,TRUE,https://www.thetravelagency.co/products/97519131/,2026-05-02T18:16:23.778337+00:00
travel-agency-ny,15619833,ba680a43-8acc-4169-ad47-7c531fcdcab9,Rainbow Sherbet | All-in-one,Heavy Hitters,vaporizers,0.5g,3500,81,,hybrid,TRUE,https://www.thetravelagency.co/products/15619833/,2026-05-02T18:16:23.778337+00:00
travel-agency-ny,90270067,7ccf0e0c-f5a7-43b9-ba2d-85e7dac6bf4a,Strawberry Piff,Vlsny,flower,3.5g,5000,23,0.5,hybrid,TRUE,https://www.thetravelagency.co/products/90270067/,2026-05-02T18:16:23.778337+00:00
travel-agency-ny,59646364,3f75421b-7545-48c8-a700-e892f98e16fe,Midnight Sherbet | Infused,Stone Road,preroll,0.5g,9000,25,,hybrid,TRUE,https://www.thetravelagency.co/products/59646364/,2026-05-02T18:16:23.778337+00:00
travel-agency-ny,42283509,e483d8c7-a9ed-4547-a37c-d178a1553794,Inhalation | K.o. Cbd Vape It's Mint,Chime & Chill,tinctures,,4500,0,209,,TRUE,https://www.thetravelagency.co/products/42283509/,2026-05-02T18:16:23.778337+00:00
travel-agency-ny,27496995,d7658a50-2de6-4f75-8a12-d81d4c3cabdd,Street Goods | Infused | Hash Hole,Luci,preroll,1.3g,3500,25,0,hybrid,TRUE,https://www.thetravelagency.co/products/27496995/,2026-05-02T18:16:23.778337+00:00
travel-agency-ny,11078404,280094c0-c7c6-48ef-8b36-c862c3581164,Sour Diesel | All-in-one,B Noble,vaporizers,2g,8000,81,,sativa,TRUE,https://www.thetravelagency.co/products/11078404/,2026-05-02T18:16:23.778337+00:00
travel-agency-ny,76493194,c3ee07dc-fb26-4619-b272-a30941acc8f6,Hemp Wicks,Raw,merch,,200,,,,TRUE,https://www.thetravelagency.co/products/76493194/,2026-05-02T18:16:23.778337+00:00
travel-agency-ny,72327556,91cf8d2f-8e0a-44f7-a315-88459bc33887,"Restore | Lavender, Rosemary & Eucalyptus | 1:1 | Balm",Ayrloom,topical,2g,5500,1000,1000,,TRUE,https://www.thetravelagency.co/products/72327556/,2026-05-02T18:16:23.778337+00:00
travel-agency-ny,18766423,9ef40fc2-c957-4a75-b2e2-c547066bb5a9,The Collection | Infused,Drew Martin,preroll,2.5g,6000,25,,hybrid,TRUE,https://www.thetravelagency.co/products/18766423/,2026-05-02T18:16:23.778337+00:00
travel-agency-ny,17744256,11380a22-c9a3-4629-a4a4-12f5ea24425d,Donut Trip | Play,Dogwalkers,preroll,1.75g,2800,,,hybrid,TRUE,https://www.thetravelagency.co/products/17744256/,2026-05-02T18:16:23.778337+00:00
travel-agency-ny,41057419,ecd5792d-b772-4280-b04a-0193e70e3b37,Sit | Animal Scout,Dogwalkers,preroll,0.75g,1250,25,0,,TRUE,https://www.thetravelagency.co/products/41057419/,2026-05-02T18:16:23.778337+00:00
travel-agency-ny,74803873,5ff5ecf4-e40d-4fc5-aa46-d74cf94494c7,Papa & Barkley Releaf Tincture | 1000mgs,Papa & Barkley,tinctures,1g,10000,1000,,,TRUE,https://www.thetravelagency.co/products/74803873/,2026-05-02T18:16:23.778337+00:00
travel-agency-ny,57911829,93a137ce-4c35-4a12-8d60-97bf6e8289ef,Pm Oral Solution| Cbd:cbn,Chime & Chill,tinctures,,3000,0,20,,TRUE,https://www.thetravelagency.co/products/57911829/,2026-05-02T18:16:23.778337+00:00
travel-agency-ny,21414005,9b853e36-4bee-4c1c-b813-4daf83f9a463,Keychain Grinder | White,The Travel Agency,merch,,2000,,,,TRUE,https://www.thetravelagency.co/products/21414005/,2026-05-02T18:16:23.778337+00:00
travel-agency-ny,62240662,11a7aa71-779d-4b9f-aeec-dedbd2d75b57,Papaya Cake | Rosin,American Hash Makers,concentrate,1g,8100,66.99,0.01,hybrid,TRUE,https://www.thetravelagency.co/products/62240662/,2026-05-02T18:16:23.778337+00:00
travel-agency-ny,68263773,0a19bd76-109a-43ab-b31d-f6448bcc38a6,King Kong,Alchemy Pure,flower,28g,16000,,,hybrid,TRUE,https://www.thetravelagency.co/products/68263773/,2026-05-02T18:16:23.778337+00:00
travel-agency-ny,68455432,ff239ba6-f0b2-4b61-ad12-4968f58badf3,Sit | Brownie Scout,Dogwalkers,preroll,1.75g,2800,25,,hybrid,TRUE,https://www.thetravelagency.co/products/68455432/,2026-05-02T18:16:23.778337+00:00
travel-agency-ny,73792145,039ac65f-bd4c-4df2-9d42-875db934f0a0,Honey Banana | Badder,Mfny,concentrate,1g,6500,70,0.01,hybrid,TRUE,https://www.thetravelagency.co/products/73792145/,2026-05-02T18:16:23.778337+00:00
travel-agency-ny,32734832,9b5d1f29-9dcd-4683-b900-5aeb5a5a8c07,Chillum | Seafoam,Mj Arsenal,merch,,1000,,,,TRUE,https://www.thetravelagency.co/products/32734832/,2026-05-02T18:16:23.778337+00:00
travel-agency-ny,67076916,916d2137-62e9-406e-8e5e-f6035d69db4c,Palm | Pro Palm-fitting Battery | Champagne,Ccell,merch,,3500,,,,TRUE,https://www.thetravelagency.co/products/67076916/,2026-05-02T18:16:23.778337+00:00
travel-agency-ny,62250434,631e7ecb-cc03-4669-9d0b-17b51ae69675,Cookie Butter | Live Rosin,Butter,edible,100mg,3800,100,,hybrid,TRUE,https://www.thetravelagency.co/products/62250434/,2026-05-02T18:16:23.778337+00:00
travel-agency-ny,19201123,598dd535-29dc-4a03-8174-09c30a1e5912,Vanilla Flavor Wood Filter Tips [3 Tips Per Pack],Daysavers,merch,,200,,,,TRUE,https://www.thetravelagency.co/products/19201123/,2026-05-02T18:16:23.778337+00:00
travel-agency-ny,34577905,e79577df-a7b5-4f5b-bf2f-9802d30235a3,Focus | 1:4,Head & Heal,tinctures,150mg,7000,81,,,TRUE,https://www.thetravelagency.co/products/34577905/,2026-05-02T18:16:23.778337+00:00
travel-agency-ny,75345991,29728da0-1cfd-4bde-bafa-320aa28aaeff,Rambutan | Live Rosin,Ithaca Organics,concentrate,1g,7500,70,0.01,,TRUE,https://www.thetravelagency.co/products/75345991/,2026-05-02T18:16:23.778337+00:00
travel-agency-ny,24483493,1db7d2e7-222e-4b82-85ac-2b2f7624776d,Max Strength,Head & Heal,tinctures,1g,11600,81,,,TRUE,https://www.thetravelagency.co/products/24483493/,2026-05-02T18:16:23.778337+00:00
travel-agency-ny,93185711,55a7b095-065c-47e2-9742-cbfb9af97d57,Sherlock Model A | Dark Blue Light Blue White,Human Grade,merch,,2000,,,,TRUE,https://www.thetravelagency.co/products/93185711/,2026-05-02T18:16:23.778337+00:00
travel-agency-ny,73139725,d5bc27cb-2853-4674-9f15-bc6c15145ccf,Mobile Vaporizer Pivot | Pine,Puff Co,merch,,13000,,,,TRUE,https://www.thetravelagency.co/products/73139725/,2026-05-02T18:16:23.778337+00:00
travel-agency-ny,51185604,47e75c4f-04fe-46dd-bac7-c24a2f414a46,Go Tin | 1:1,1906,edible,100mg,2800,100,100,,TRUE,https://www.thetravelagency.co/products/51185604/,2026-05-02T18:16:23.778337+00:00
travel-agency-ny,42851649,bde28550-ac99-4ef8-946c-85b5362abef3,Am | Cbd:cbg | Oral Solution,Chime & Chill,tinctures,,3000,0,20,,TRUE,https://www.thetravelagency.co/products/42851649/,2026-05-02T18:16:23.778337+00:00
travel-agency-ny,93522436,46deabc1-e679-42ad-a499-a9dfbe6f02e9,Guava,Dank. By Definition,flower,3.5g,4400,30.5,,hybrid,TRUE,https://www.thetravelagency.co/products/93522436/,2026-05-02T18:16:23.778337+00:00
travel-agency-ny,30018030,d1b1e44d-8b80-438e-91e4-0e28934bd084,14mm Funnel Bowl | Clear,Grav,merch,,1000,,,,TRUE,https://www.thetravelagency.co/products/30018030/,2026-05-02T18:16:23.778337+00:00
travel-agency-ny,65238546,ba2dfe71-2196-46d8-9b2d-40d142a38d40,Tamarindo,Rythm,flower,3.5g,5000,,,hybrid,TRUE,https://www.thetravelagency.co/products/65238546/,2026-05-02T18:16:23.778337+00:00
travel-agency-ny,24022-2,413fa2ef-9a45-4055-82d2-f594d6923d27,Spicy Pound Town | Hot Cinnamon Spice Tea Sachets,Harney Brothers Cannabis,edible,50mg,2000,10,0,sativa,TRUE,https://www.thetravelagency.co/products/24022-2/,2026-05-02T18:16:23.778337+00:00
travel-agency-ny,32391973,02dc8d39-34a9-4a6b-9e29-33592159a5fe,Strawberry Cough | 2g,Heavy Hitters,vaporizers,2g,10000,81,,sativa,TRUE,https://www.thetravelagency.co/products/32391973/,2026-05-02T18:16:23.778337+00:00
travel-agency-ny,14391299,c5ce6a34-3e6d-460c-8ff4-23573aae2283,Load & Lock Diy Dab Device,Chime & Chill,merch,,2500,0,,,TRUE,https://www.thetravelagency.co/products/14391299/,2026-05-02T18:16:23.778337+00:00
travel-agency-ny,34209784,0b5935ed-9d5d-49b7-8dec-08eff59d5cc6,Airtight Pocket Case | Gold,Ongrok,merch,,3500,,,,TRUE,https://www.thetravelagency.co/products/34209784/,2026-05-02T18:16:23.778337+00:00
travel-agency-ny,67045366,c5822fc5-9d78-476e-9be5-d6d834e683bf,Dad Hat | Black,The Travel Agency,merch,,3000,,,,TRUE,https://www.thetravelagency.co/products/67045366/,2026-05-02T18:16:23.778337+00:00
travel-agency-ny,94083736,d2c5fcbf-57b5-44b1-8843-fa843d332fab,Pm : Calm & Chill | Bath Salts,Chime & Chill,tinctures,,3000,0,100,,TRUE,https://www.thetravelagency.co/products/94083736/,2026-05-02T18:16:23.778337+00:00
travel-agency-ny,97373864,6a9a7f70-1136-47dd-9b6a-54bbadde21f7,Medellin,Vlsny,flower,3.5g,5000,23,0.5,hybrid,TRUE,https://www.thetravelagency.co/products/97373864/,2026-05-02T18:16:23.778337+00:00
travel-agency-ny,32083790,03fba90d-6a4c-4722-a472-fc09e717135c,Lime Wired | Rosin,American Hash Makers,concentrate,1g,8100,70,0.01,hybrid,TRUE,https://www.thetravelagency.co/products/32083790/,2026-05-02T18:16:23.778337+00:00
travel-agency-ny,43043520,004ad00e-2a6a-4c3c-a033-ba8d7f3847a5,Lemon Mints,Vlsny,flower,3.5g,5000,23,0.5,hybrid,TRUE,https://www.thetravelagency.co/products/43043520/,2026-05-02T18:16:23.778337+00:00
travel-agency-ny,03023519,10253c85-c7bd-42f2-8a7a-21fbe729c1d1,Piece Water Solution | 12oz,Piece Water Solutions,merch,,1400,,,,TRUE,https://www.thetravelagency.co/products/03023519/,2026-05-02T18:16:23.778337+00:00
travel-agency-ny,86971560,3b7a8724-03a4-4637-ae6e-ab975467684a,Era Go | Battery | Gold,Pax,merch,,2000,,,,TRUE,https://www.thetravelagency.co/products/86971560/,2026-05-02T18:16:23.778337+00:00
travel-agency-ny,28072325,ea14918d-056e-4e23-be29-d914c693dd25,Cbg Restore Bath Bomb,Vlasic Labs,tinctures,,2000,,,,TRUE,https://www.thetravelagency.co/products/28072325/,2026-05-02T18:16:23.778337+00:00
travel-agency-ny,30707335,ffee155f-94a3-40e6-bf63-4d78fcb889bd,Ashtray | White,Honest,merch,,3000,,,,TRUE,https://www.thetravelagency.co/products/30707335/,2026-05-02T18:16:23.778337+00:00
travel-agency-ny,33843965,e2534252-6d37-4f12-a1c9-7491820d4f4c,Peak 2.0 | Pine,Puff Co,merch,,22000,,,,TRUE,https://www.thetravelagency.co/products/33843965/,2026-05-02T18:16:23.778337+00:00
travel-agency-ny,93453969,06cca8fe-38b0-4ea4-a3c7-70fea67d17cd,Drift Away Melts | Pm,Chime & Chill,tinctures,,3600,,,,TRUE,https://www.thetravelagency.co/products/93453969/,2026-05-02T18:16:23.778337+00:00
travel-agency-ny,98457123,d9c16c50-96da-47cd-939d-535d8d0d0af7,Hundred Pack | Bermuda Triangle,Weekenders,preroll,50g,42000,25,,hybrid,TRUE,https://www.thetravelagency.co/products/98457123/,2026-05-02T18:16:23.778337+00:00
travel-agency-ny,56286684,998ebb25-037c-4fc3-b5e0-c66b885b95d7,Mobile Vaporizer Pivot | Onyx,Puff Co,merch,,13000,,,,TRUE,https://www.thetravelagency.co/products/56286684/,2026-05-02T18:16:23.778337+00:00
travel-agency-ny,44708466,5ad3c236-89c9-418b-b7e6-c40820a3efe1,Filler Grinder,Human Grade,merch,,900,,,,TRUE,https://www.thetravelagency.co/products/44708466/,2026-05-02T18:16:23.778337+00:00
travel-agency-ny,43288466,d8b34a56-a173-4ae5-898b-b209d82934fa,Am Lotion | Cbd:cbg,Chime & Chill,tinctures,,3000,0,300,,TRUE,https://www.thetravelagency.co/products/43288466/,2026-05-02T18:16:23.778337+00:00
travel-agency-ny,29997911,8a55de60-ad05-4b25-a2dd-5c60ad5b3ae0,Cbd Dead Sea Salt & Lavender Bath Soak ( Serving),Cause Medic,tinctures,,1000,,5,,TRUE,https://www.thetravelagency.co/products/29997911/,2026-05-02T18:16:23.778337+00:00
travel-agency-ny,77293797,1b80db11-9701-41de-a5db-77dcdf9b4cdf,Stash Jar | Black,The Travel Agency,merch,,1800,,,,TRUE,https://www.thetravelagency.co/products/77293797/,2026-05-02T18:16:23.778337+00:00
travel-agency-ny,45513987,edb936d9-1fc5-493a-9454-5f4689c87dba,Pick Me Up Pmu | Thcv | Oral Solution,Chime & Chill,tinctures,,3000,0,0,,TRUE,https://www.thetravelagency.co/products/45513987/,2026-05-02T18:16:23.778337+00:00
travel-agency-ny,50590256,2b68427d-6c54-45f4-a1ce-b17b74437f72,Era Go | Battery | Lavender,Pax,merch,,2000,,,,TRUE,https://www.thetravelagency.co/products/50590256/,2026-05-02T18:16:23.778337+00:00
travel-agency-ny,35229314,95220198-9fbf-4d47-bd62-46552aa1d556,Sleep | 1:2:2,Head & Heal,tinctures,300mg,7000,81,600,,TRUE,https://www.thetravelagency.co/products/35229314/,2026-05-02T18:16:23.778337+00:00
travel-agency-ny,31539297,9cbe7f05-f5e9-477c-82a1-b2ba35322569,Stash Jar | Periwinkle,The Travel Agency,merch,,1800,,,,TRUE,https://www.thetravelagency.co/products/31539297/,2026-05-02T18:16:23.778337+00:00
travel-agency-ny,44388010,efcbfed2-9efc-486f-8b0f-44accd5a83fc,Futurola Classic Roller | Emerald,Futurola,merch,,3000,,,,TRUE,https://www.thetravelagency.co/products/44388010/,2026-05-02T18:16:23.778337+00:00
travel-agency-ny,60357657,6e97f23f-2e17-4e60-b924-9528842a3cee,Airtight Pocket Case | Rose Gold,Ongrok,merch,,3500,,,,TRUE,https://www.thetravelagency.co/products/60357657/,2026-05-02T18:16:23.778337+00:00
travel-agency-ny,88219645,e73aeee1-9716-43a2-a5c0-95b5bcc425ec,Stash Jar | Red,The Travel Agency,merch,,1800,,,,TRUE,https://www.thetravelagency.co/products/88219645/,2026-05-02T18:16:23.778337+00:00
travel-agency-ny,49233982,16a69dc3-2522-4a9d-a1c2-6337a2a91401,Dad Hat | Teal,The Travel Agency,merch,,3000,,,,TRUE,https://www.thetravelagency.co/products/49233982/,2026-05-02T18:16:23.778337+00:00
travel-agency-ny,56982927,5c1e43b6-d456-4d76-a777-af45746fe0f5,Light,Dr. Dabber,merch,,2400,,,,TRUE,https://www.thetravelagency.co/products/56982927/,2026-05-02T18:16:23.778337+00:00
travel-agency-ny,46396673,bd46949e-c055-40d7-8acb-2b55baa211ef,Tetra Hand Pipe | Clear,Mj Arsenal,merch,,3000,,,,TRUE,https://www.thetravelagency.co/products/46396673/,2026-05-02T18:16:23.778337+00:00
travel-agency-ny,94110190,66f3fd55-e213-416f-a685-d1dcf4d0e958,Bucket Hat | Cloud,The Travel Agency,merch,,3000,,,,TRUE,https://www.thetravelagency.co/products/94110190/,2026-05-02T18:16:23.778337+00:00
travel-agency-ny,31959932,49303c55-1ff6-4e4b-8399-19d5610eb0c6,Fino | Obsidian Platinum,Ccell,merch,,4800,,,,TRUE,https://www.thetravelagency.co/products/31959932/,2026-05-02T18:16:23.778337+00:00
travel-agency-ny,05396251,672599b3-5b86-45c3-a569-fb53011d9a32,Ashtray+ | Silver,Honest,merch,,6000,,,,TRUE,https://www.thetravelagency.co/products/05396251/,2026-05-02T18:16:23.778337+00:00
travel-agency-ny,04926625,80bf92cc-e630-4a2c-9b4b-6a29d1dd87af,"2.5"" Next Gen Standard Grinder | Black",Flower Mill,merch,,4500,,,,TRUE,https://www.thetravelagency.co/products/04926625/,2026-05-02T18:16:23.778337+00:00
travel-agency-ny,56320014,67460c9c-f183-43bd-9fc9-a68bbe1eb2c5,Animal Scout | Live Resin,Rythm,concentrate,1g,5500,,,indica-hybrid,TRUE,https://www.thetravelagency.co/products/56320014/,2026-05-02T18:16:23.778337+00:00
travel-agency-ny,04822368,ed609692-f938-4341-bd01-1c67031b4e84,Warhead Torch | Gunmetal Polish,Vector,merch,,5000,,,,TRUE,https://www.thetravelagency.co/products/04822368/,2026-05-02T18:16:23.778337+00:00
travel-agency-ny,48675630,7dbe1a5f-0c6e-4542-9a46-6160a6c499da,Pebble Spoon | Black,Grav,merch,,2000,,,,TRUE,https://www.thetravelagency.co/products/48675630/,2026-05-02T18:16:23.778337+00:00
travel-agency-ny,86698267,93fb9264-0d6b-46ad-a3b3-aa11aa24d4fc,Futurola Classic Roller | Black + Mint,Futurola,merch,,3000,,,,TRUE,https://www.thetravelagency.co/products/86698267/,2026-05-02T18:16:23.778337+00:00
travel-agency-ny,61357226,3173c4d8-b4d2-447a-95b8-3a4121544c1b,Futurola Classic Roller | White + Emerald,Futurola,merch,,3000,,,,TRUE,https://www.thetravelagency.co/products/61357226/,2026-05-02T18:16:23.778337+00:00
travel-agency-ny,93221479,8b2cb2ef-c379-450f-8a69-deff79fbad6a,Futurola Classic Roller | Berry,Futurola,merch,,3000,,,,TRUE,https://www.thetravelagency.co/products/93221479/,2026-05-02T18:16:23.778337+00:00
travel-agency-ny,98037149,63956f13-9db1-4bc2-9351-6dd7af406b55,Futurola Classic Roller | Navy,Futurola,merch,,3000,,,,TRUE,https://www.thetravelagency.co/products/98037149/,2026-05-02T18:16:23.778337+00:00
travel-agency-ny,53063436,91d9ebc0-02db-48e7-9390-18f99dc5a1d3,Pebble Spoon | Amber,Grav,merch,,2000,,,,TRUE,https://www.thetravelagency.co/products/53063436/,2026-05-02T18:16:23.778337+00:00
travel-agency-ny,58396333,73e1afd2-b206-4276-960c-b83cd53c1178,Monoi Jasmine Hair + Scalp Therapy | 300mg Cbd,Remedy Plant Lab,tinctures,,4500,,500,,TRUE,https://www.thetravelagency.co/products/58396333/,2026-05-02T18:16:23.778337+00:00
travel-agency-ny,54462206,3fd56837-a879-4511-98bf-012edc74274f,Crystal Pipe | Pink,Canna Style,merch,,3400,,,,TRUE,https://www.thetravelagency.co/products/54462206/,2026-05-02T18:16:23.778337+00:00
travel-agency-ny,85297865,ec73bff7-46e9-4c85-a31d-c2ae06041db7,Rolling Papers & Dispenser/carry Case,Mass Appeal X Sackville,merch,,3900,,,,TRUE,https://www.thetravelagency.co/products/85297865/,2026-05-02T18:16:23.778337+00:00
travel-agency-ny,23250851,d57c6a3a-7d59-477f-924b-968913a5916b,Relief | 1:2,Head & Heal,tinctures,300mg,7000,81,600,,TRUE,https://www.thetravelagency.co/products/23250851/,2026-05-02T18:16:23.778337+00:00
travel-agency-ny,17199141,dd265c88-9e90-4bd5-954b-5808d5ed4e84,Fusion + Base | Wood,Zenco,merch,,24900,,,,TRUE,https://www.thetravelagency.co/products/17199141/,2026-05-02T18:16:23.778337+00:00
travel-agency-ny,52829799,98471c6f-7c75-4d51-8018-87818321274e,Magnolia Rose | Live Rosin,Heavy Hitters,concentrate,2g,15000,86,0.01,hybrid,TRUE,https://www.thetravelagency.co/products/52829799/,2026-05-02T18:16:23.778337+00:00
travel-agency-ny,36876614,9fe0134b-141b-4590-9d18-a0576d516b15,Am : Recover & Replenish | Bath Salts,Chime & Chill,tinctures,,3000,0,100,,TRUE,https://www.thetravelagency.co/products/36876614/,2026-05-02T18:16:23.778337+00:00
travel-agency-ny,99647598,236b0982-dd7a-46a5-8f23-e6303ed2981c,Blue Dream | Live Rosin With Diamonds,Pax,vaporizers,1g,8800,77,0.01,sativa,TRUE,https://www.thetravelagency.co/products/99647598/,2026-05-02T18:16:23.778337+00:00
travel-agency-ny,78160983,2df87181-eb1d-4bf4-96a2-de09adcb51c2,L'orange | Live Rosin | Tier 1,Rythm,concentrate,1g,7500,70,0.01,sativa,TRUE,https://www.thetravelagency.co/products/78160983/,2026-05-02T18:16:23.778337+00:00
travel-agency-ny,31483664,e488f4e2-fb9d-44d4-9d19-6f9d8d8c0f85,Slow Cured Resin | Mega Diesel | All-in-one,Heavy Hitters,vaporizers,1g,8000,,,,TRUE,https://www.thetravelagency.co/products/31483664/,2026-05-02T18:16:23.778337+00:00
travel-agency-ny,73772112,4f9e9749-25fc-449b-975d-014b00efe7f4,Carnival,Alchemy Pure,flower,28g,22000,,0.05,indica-hybrid,TRUE,https://www.thetravelagency.co/products/73772112/,2026-05-02T18:16:23.778337+00:00
travel-agency-ny,72804360,3ed19fd6-906c-4f05-9110-8655aa012114,Pm Lotion | Cbd:cbn,Chime & Chill,tinctures,,3000,0,300,,TRUE,https://www.thetravelagency.co/products/72804360/,2026-05-02T18:16:23.778337+00:00
travel-agency-ny,71796977,443daf89-3101-48e1-ad1a-3dbfaef907a7,4.6” Rager Crushed Can Glass Hand Pipe,Hemper,merch,,3000,,,,TRUE,https://www.thetravelagency.co/products/71796977/,2026-05-02T18:16:23.778337+00:00
travel-agency-ny,53093707,35d064ab-6236-4476-83d4-e0e30fe44a96,Pineapple Haze | Infused,Anthem,preroll,1g,2000,25,0,sativa,TRUE,https://www.thetravelagency.co/products/53093707/,2026-05-02T18:16:23.778337+00:00
travel-agency-ny,27671604,85f01dcf-b023-4248-83e7-a40ba03db1f4,Pocket Black 1400mah Concentrate Device | Quicksilver,Yocan,merch,,9000,,,,TRUE,https://www.thetravelagency.co/products/27671604/,2026-05-02T18:16:23.778337+00:00
travel-agency-ny,43550581,7132287e-d07d-444e-a727-d36372bbd31d,9mm Wood Tip [3 Per Pack],Daysavers,merch,,200,,,,TRUE,https://www.thetravelagency.co/products/43550581/,2026-05-02T18:16:23.778337+00:00
travel-agency-ny,92874275,4ab1a10e-8b04-40c3-8ea7-bf8ae6080d7e,Sherlock Model A | Red Pink White,Human Grade,merch,,2000,,,,TRUE,https://www.thetravelagency.co/products/92874275/,2026-05-02T18:16:23.778337+00:00
travel-agency-ny,34295826,e72a0ac7-0bdd-46cf-afcc-71ebe932dde4,Ember Concrete | Ashtray,Vessel,merch,,4500,,,,TRUE,https://www.thetravelagency.co/products/34295826/,2026-05-02T18:16:23.778337+00:00
travel-agency-ny,87296550,a906cdf8-8bfa-437b-994d-5a1ae56dcd83,Ashtray | Ash,Vessel,merch,,14500,,,,TRUE,https://www.thetravelagency.co/products/87296550/,2026-05-02T18:16:23.778337+00:00
travel-agency-ny,83930316,c6aabf16-8704-4e12-a482-62e41912fa83,Drop | Heated Dab Tool,Dr. Dabber,merch,,4400,,,,TRUE,https://www.thetravelagency.co/products/83930316/,2026-05-02T18:16:23.778337+00:00
travel-agency-ny,36270965,8d1288a8-8733-4892-839e-e0f9684044ef,Mile High Flyer T-shirt | Xxl,Only Ny,merch,,5400,,,,TRUE,https://www.thetravelagency.co/products/36270965/,2026-05-02T18:16:23.778337+00:00
travel-agency-ny,63295960,789c53a4-4191-437f-b924-b91994e67189,Pipe | Grape Fruit | Purple,Edie Parker,merch,,7500,,,,TRUE,https://www.thetravelagency.co/products/63295960/,2026-05-02T18:16:23.778337+00:00
travel-agency-ny,17166964,416861b7-fc58-4ca1-92e9-34e8e1bf3cc1,Mile High Flyer T-shirt | M,Only Ny,merch,,5400,,,,TRUE,https://www.thetravelagency.co/products/17166964/,2026-05-02T18:16:23.778337+00:00
travel-agency-ny,45289467,7292d920-9d37-4c6b-976c-d096bf1261d9,Small Wide Base Water Pipe In Smoke With Black Accents,Grav,merch,,13000,,,,TRUE,https://www.thetravelagency.co/products/45289467/,2026-05-02T18:16:23.778337+00:00
travel-agency-ny,27918963,75337f02-aed7-48ca-ae3c-f74e3594e46c,Mile High Flyer T-shirt | S,Only Ny,merch,,5400,,,,TRUE,https://www.thetravelagency.co/products/27918963/,2026-05-02T18:16:23.778337+00:00
travel-agency-ny,27571783,3c842053-8c2c-4389-bb69-470c48ca4963,The Crandle | Cranberry Sauce Candle,54 Celsius,merch,,3900,,,,TRUE,https://www.thetravelagency.co/products/27571783/,2026-05-02T18:16:23.778337+00:00
travel-agency-ny,76422118,ce57a916-f18d-47e9-ac7c-89b846e9e963,Cloud Dab Mat,The Travel Agency,merch,,2000,,,,TRUE,https://www.thetravelagency.co/products/76422118/,2026-05-02T18:16:23.778337+00:00
travel-agency-ny,57825782,26fbaaad-1025-4788-b896-6c78308e58ab,Inhalation | K.o. Cbd Vape The Money Melon,Chime & Chill,tinctures,,4500,0,209,,TRUE,https://www.thetravelagency.co/products/57825782/,2026-05-02T18:16:23.778337+00:00
travel-agency-ny,14817441,e69e7891-c99f-4304-9552-295d5e1c4a0b,510 Go Stik | Lavender,Ccell,merch,,1000,,,,TRUE,https://www.thetravelagency.co/products/14817441/,2026-05-02T18:16:23.778337+00:00
travel-agency-ny,32601960,f5827a5c-85e6-4cbf-a6a1-65ab630be97a,Jet Fuel Og,Rythm,flower,3.5g,5000,23,0.5,hybrid,TRUE,https://www.thetravelagency.co/products/32601960/,2026-05-02T18:16:23.778337+00:00
travel-agency-ny,42002820,822d1c7d-e170-48eb-8b1c-a7823b1c3052,Stash Jar | Silver,The Travel Agency,merch,,1800,,,,TRUE,https://www.thetravelagency.co/products/42002820/,2026-05-02T18:16:23.778337+00:00
travel-agency-ny,20333413,c3761d4f-4283-4c72-b890-38e2a18c9d51,Pax Puck Press,Pax,merch,,2000,,,,TRUE,https://www.thetravelagency.co/products/20333413/,2026-05-02T18:16:23.778337+00:00
travel-agency-ny,41632085,02baedae-9a45-4e02-b33e-d0fa546b8271,Egg Roll,Vlsny,flower,3.5g,5000,23,0.5,hybrid,TRUE,https://www.thetravelagency.co/products/41632085/,2026-05-02T18:16:23.778337+00:00
travel-agency-ny,27561261,3dd7d5f9-1c4d-45fe-bd84-c68d45304bec,Manhattan Rolling Tray,Trays4us,merch,,2600,,,,TRUE,https://www.thetravelagency.co/products/27561261/,2026-05-02T18:16:23.778337+00:00
travel-agency-ny,46929265,46001fc4-f62a-458e-8149-a995a4c446ca,Cbd Coffee & Himalayan Salt Scrub ( Serving),Cause Medic,tinctures,,1000,,12,,TRUE,https://www.thetravelagency.co/products/46929265/,2026-05-02T18:16:23.778337+00:00
travel-agency-ny,71075947,2e6620f8-81d5-4515-ad13-557328d31fb3,Gas Berry,Dank. By Definition,flower,3.5g,4400,20,0.05,indica-hybrid,TRUE,https://www.thetravelagency.co/products/71075947/,2026-05-02T18:16:23.778337+00:00
travel-agency-ny,62437156,02036636-88a1-426a-8c9f-16a975680adf,Vessel Charger Compass Series Only,Vessel,merch,,3500,,,,TRUE,https://www.thetravelagency.co/products/62437156/,2026-05-02T18:16:23.778337+00:00
travel-agency-ny,71239035,7033a273-70c8-49ac-916b-4f4604b53e8f,Hemp-infused Wellness Patch | Hot Flash,The Good Patch,tinctures,,1600,,,,TRUE,https://www.thetravelagency.co/products/71239035/,2026-05-02T18:16:23.778337+00:00
travel-agency-ny,28104470,ba797a25-9793-42e4-bd3c-796242625446,Jw Original Water Pipe | Pink,Jane West,merch,,14800,,,,TRUE,https://www.thetravelagency.co/products/28104470/,2026-05-02T18:16:23.778337+00:00
travel-agency-ny,15603454,17cdc928-2611-420f-8c21-75de832e1e85,Honey,Chef For Higher,edible,240mg,5000,100,0,hybrid,TRUE,https://www.thetravelagency.co/products/15603454/,2026-05-02T18:16:23.778337+00:00
travel-agency-ny,44880460,6a24c54f-15e5-41aa-b8d4-921f0c61480a,Pocket Black 1400mah Concentrate Device | Mint Green,Yocan,merch,,9000,,,,TRUE,https://www.thetravelagency.co/products/44880460/,2026-05-02T18:16:23.778337+00:00
travel-agency-ny,99862244,4dc479d0-a0c7-4e63-a9a2-5c803cc65d6a,Airtight Pocket Case | Black,Ongrok,merch,,3500,,,,TRUE,https://www.thetravelagency.co/products/99862244/,2026-05-02T18:16:23.778337+00:00
travel-agency-ny,79693834,5e6eb638-5bd3-4009-92fd-eaa8f52e4059,Airtight Pocket Case | Green,Ongrok,merch,,3500,,,,TRUE,https://www.thetravelagency.co/products/79693834/,2026-05-02T18:16:23.778337+00:00
travel-agency-ny,38934428,8fa5ed3c-dcec-4f1f-8da3-cd288d7cbb07,Mimi | Teal,Elevate Jane,merch,,19900,,,,TRUE,https://www.thetravelagency.co/products/38934428/,2026-05-02T18:16:23.778337+00:00
