dispensary_slug,sku,batch_id,name,brand,category,variant,price_cents,thc_percent,cbd_percent,classification,in_stock,product_url,image_url,scraped_at,description,subtype,strain
bedford-club-bk,AI1-FW-RHS-300,AI1-FW-RHS-300,X| Fernway | Red Headed Stranger | All-in-One | 0.3g,Fernway,vaporizers,300.0 milligrams,3000,73.89,2.69,sativa,TRUE,https://shop.bedfordclub.com/menu/products/fernway-338875/vape-pens/x-fernway-red-headed-stranger-all-in-one-03g-3183079,https://tymber-blaze-products.imgix.net/download---2026-05-06T161531-824-9c7958ea-02b9-42b2-9d0f-1180778c01e8.jpeg,2026-05-23T23:11:51.610988+00:00,"A strain as mysterious and alluring as its name suggests, this uplifting sativa imparts a spicy flavor reminiscent of orange zest and gas.",,Red Headed Stranger
bedford-club-bk,GUM-AYR-OS-2:1,GUM-AYR-OS-2:1,X| Ayrloom | Orchard Sunrise | 2:1 | Apple | Gummies | 10pcs | 10mg | THC:CBG,ayrloom,edible,,3000,100.0,,sativa,TRUE,https://shop.bedfordclub.com/menu/products/ayrloom-338877/edibles/x-ayrloom-orchard-sunrise-21-apple-gummies-10pcs-10mg-thccbg-3183162,https://images.weedmaps.com/photos/products/000/500/052/3172314_ayrUP_gummies_orchardsunrise_8989web.jpg,2026-05-23T23:11:51.610988+00:00,"Hybrid. Per gummy: 10mg THC + 5mg CBG 100mg THC + 50mg CBG per package Every Orchard Sunrise means a new day and a new opportunity. We pay homage to our orchard’s 110-year-old history and nod hello to the future with our apple flavored cannabis infused gummies. They combine flavors of our most beloved apples for a crisp and juicy profile. Infused with B3, B6 and B12 for an extra boost!Fast Acting, Gluten Free, Vegan.",,
bedford-club-bk,GUM-AYR-PT-1:1,GUM-AYR-PT-1:1,X| Ayrloom | Pillow Talk | 1:1 | Blueberry Lavender | Gummies | 10pcs | 5mg | THC:CBN+Melatonin,ayrloom,edible,,1800,50.0,50.0,indica,TRUE,https://shop.bedfordclub.com/menu/products/ayrloom-338877/edibles/x-ayrloom-pillow-talk-11-blueberry-lavender-gummies-10pcs-5mg-thccbnmelatonin--3186635,https://tymber-blaze-products.imgix.net/AYR-Gummies-10pk-PillowTalk-Circle-2c56a351-4056-4d08-94cd-c2f609acff50.jpg,2026-05-23T23:11:51.610988+00:00,"Hybrid. Per gummy: 5mg THC + 5mg CBN + 3mg melatonin 50mg THC + 50mg CBN + 30mg melatonin per package We believe that nothing beats a good night’s sleep. With flavors of just-picked blueberries and pure lavender with Melatonin, Pillow Talk is a sleep essential. Make all the zzz’s count and be ready to dream big!Fast Acting, Vegan, Gluten Free.",,
bedford-club-bk,GUM-AYR-IT-1:1,GUM-AYR-IT-1:1,X| Ayrloom | Island Time |1:1| Pineapple Mango | Gummies | 10pcs | 5mg | THC:CBD,ayrloom,edible,,1800,50.0,50.0,hybrid,TRUE,https://shop.bedfordclub.com/menu/products/ayrloom-338877/edibles/x-ayrloom-island-time-11-pineapple-mango-gummies-10pcs-5mg-thccbd--3187832,https://tymber-blaze-products.imgix.net/AYR-Gummies-10pk-IslandTime-Clear-b2d7cb7d-70ce-4588-a287-154631a0de2b.png,2026-05-23T23:11:51.610988+00:00,"Hybrid. 5mg THC + 5mg CBD. ﻿Just like your suitcase, this Pineapple Mango flavor is packed! Take your mind and taste buds on a trip to the tropics for a well-deserved getaway. Make sure to adjust your clocks, as you will soon be on Island Time! Fast Acting, Gluten Free, Vegan",,
bedford-club-bk,GUM-AYR-SD-2:1,GUM-AYR-SD-2:1,X|  Ayrloom | Sunny Days | 2:1 | Pink Lemonade | Gummies | 10pcs | 10mg | THC:CBC,ayrloom,edible,,3000,100.0,50.0,hybrid,TRUE,https://shop.bedfordclub.com/menu/products/ayrloom-338877/edibles/x-ayrloom-sunny-days-21-pink-lemonade-gummies-10pcs-10mg-thccbc-3198399,https://tymber-blaze-products.imgix.net/download---2026-05-12T132454-024-19ba0ad5-e467-43c3-9426-7ea81dd7f922.jpeg,2026-05-23T23:11:51.610988+00:00,"Sativa. Per gummy: 10mg THC + 5mg CBC100mg THC + 50mg CBC per packageRefresh + invigorate with an inspiring combination of THC + CBC to help foster a creative mood boost, perfect for an afternoon pick-me-up. Fast Acting, Gluten Free, Vegan.",,
bedford-club-bk,GUM-AYR-IT-2:1,GUM-AYR-IT-2:1,X| Ayrloom | Island Time | 2:1| Pineapple Mango | Gummies | 10pcs | 10mg | THC:CBD,ayrloom,edible,,3000,100.0,50.0,hybrid,TRUE,https://shop.bedfordclub.com/menu/products/ayrloom-338877/edibles/x-ayrloom-island-time-21-pineapple-mango-gummies-10pcs-10mg-thccbd-3201094,https://images.weedmaps.com/photos/products/000/500/050/3172306_ayrUP_gummies_islandtime_9090web.jpg,2026-05-23T23:11:51.610988+00:00,"Hybrid. 10mg THC + 5mg CBD. Just like your suitcase, this Pineapple Mango flavor is packed! Take your mind and taste buds on a trip to the tropics for a well-deserved getaway. Make sure to adjust your clocks, as you will soon be on Island Time! Fast Acting, Gluten Free, Vegan",,
bedford-club-bk,AIO-AYR-ATF-HALF,AIO-AYR-ATF-HALF,X| Ayrloom | ATF | All-In-One | 0.5g,ayrloom,vaporizers,.5g,3000,90.0,,sativa,TRUE,https://shop.bedfordclub.com/menu/products/ayrloom-338877/vape-pens/x-ayrloom-atf-all-in-one-05g-3201093,https://tymber-blaze-products.imgix.net/ATF---5-5c977f0a-296f-4bc0-b6b8-0b7a06f7b63c.jpeg,2026-05-23T23:11:51.610988+00:00,"Known for its combination of flavors and aromas, this iconic strain boasts notes of fresh pine, citrus and slightly sweet mint. Expect to feel uplifted, social and relaxed all at the same time. From the family that brought you Beak & Skiff and 1911 Established, Ayrloom showcases the fifth generation’s commitment to quality, innovation and sustaining over 1,000 acres of land in upstate New York. 110+ years of agricultural experience coupled with a passion for cannabis results in products that would make our great-great grandfathers proud. The team at Ayrloom offers a full line of products to incorporate into daily routines, and we invite you to ADJUST YOUR ALTITUDE with us. Nose/flavor: pine, citrus, mint Typical effects: uplifted, social, relaxed",,
bedford-club-bk,SIP-AYR- BC-UP,SIP-AYR- BC-UP,X| Ayrloom | Black Cherry | Beverage 12oz | 2:1 THC:CBD,ayrloom,edible,10.0 milligrams,500,10.0,5.0,hybrid,TRUE,https://shop.bedfordclub.com/menu/products/ayrloom-338877/beverage/x-ayrloom-black-cherry-beverage-12oz-21-thccbd-3206302,https://images.weedmaps.com/photos/products/000/598/915/3153371_ayrUP_beverages_blackcherry_0647web.jpg,2026-05-23T23:11:51.610988+00:00,"Electrifyingly crisp and slightly tart. Unexpectedly smooth and never too sweet, it packs a flavor punch with every sip!Only 25 Calories + 4g Sugar Per Can.",,
bedford-club-bk,GUM-AYR-PT-2:1,GUM-AYR-PT-2:1,X| Ayrloom | Pillow Talk |  2:1 | Blueberry Lavender | Gummies | 10pcs | 10mg | THC:CBN+Melatonin,ayrloom,edible,,3000,100.0,50.0,indica,TRUE,https://shop.bedfordclub.com/menu/products/ayrloom-338877/edibles/x-ayrloom-pillow-talk-21-blueberry-lavender-gummies-10pcs-10mg-thccbnmelatonin-3209617,https://tymber-blaze-products.imgix.net/AYRUP-Gummies-10pk-PillowTalk-Clear-c45662d4-4566-4014-880c-1d396a900ad0.png,2026-05-23T23:11:51.610988+00:00,"Hybrid. Per gummy: 10mg THC + 5mg CBN + 3mg Melatonin 100mg THC + 50mg CBN + 30mg Melatonin per package We believe that nothing beats a good night’s sleep. With flavors of just-picked blueberries and pure lavender with Melatonin, Pillow Talk is a sleep essential. Make all the zzz’s count and be ready to dream big! Fast Acting, Vegan, Gluten Free.",,
bedford-club-bk,AIO-AYR-ROZAY-HALF,AIO-AYR-ROZAY-HALF,X| Ayrloom | Pink Rozay | All-In-One | 0.5g,ayrloom,vaporizers,.5g,3000,,,indica,TRUE,https://shop.bedfordclub.com/menu/products/ayrloom-338877/vape-pens/x-ayrloom-pink-rozay-all-in-one-05g-3250628,https://images.weedmaps.com/products/000/599/516/avatar/1715378509-screenshot_2024-05-10_at_5-53-53_pm.png,2026-05-23T23:11:51.610988+00:00,"like sipping on a bright + floral glass of rosé wine, but without the hangover. unwind + reach a higher buzz with the relaxing effects ayrloom’s pink rozay vape.",,
bedford-club-bk,BALM-AYR-REV,BALM-AYR-REV,"X| Ayrloom | Revive | Bergamot, Grapefruit, & Sandalwood |  Balm | 2.3oz",ayrloom,topical,,5500,1000.0,1000.0,,TRUE,https://shop.bedfordclub.com/menu/products/ayrloom-338877/topicals/x-ayrloom-revive-bergamot-grapefruit-sandalwood-balm-23oz-3250634,https://tymber-blaze-products.imgix.net/balm-thc-revive-11dfff20-ba1e-4617-8637-3682488f74d3.png,2026-05-23T23:11:51.610988+00:00,"1,000mg THC + 1,000mg CBD Bergamot, Citrus + Sandalwood. This combination of essential oils is designed to uplift the mind, body and spirit. Bergamot and Grapefruit can help elevate mood, while Sandalwood is believed to help purify negative energy and promote positivity. INSTRUCTIONS: Scoop a small amount and warm between fingertips. Apply to the affected area or on pressure points. Store in a cool, dry place away from light. Avoid contact with eyes.",,
bedford-club-bk,BALM-AYR-RESTORE,BALM-AYR-RESTORE,"X| Ayrloom | Restore | Lavender, Rosemary, & Eucalyptus |  | Balm | 2.3oz",ayrloom,topical,,5500,1000.0,1000.0,,TRUE,https://shop.bedfordclub.com/menu/products/ayrloom-338877/topicals/x-ayrloom-restore-lavender-rosemary-eucalyptus-balm-23oz-3250633,https://tymber-blaze-products.imgix.net/balm-thc-restore-cb02d4e6-e025-44d6-afc9-7bdc809ab651.png,2026-05-23T23:11:51.610988+00:00,"1,000mg THC + 1,000mg CBD Lavender, Rosemary, Eucalyptus.This classic scent profile was formulated with R&R in mind. Lavender is one of the most popular essential oils for good reason - it is shown to promote relaxation and believed to treat anxiety, depression and nausea. Rosemary is a rich source of antioxidants and anti-inflammatory compounds, which are thought to help boost the immune system and improve blood circulation. INSTRUCTIONS: Scoop a small amount and warm between fingertips. Apply to the affected area or on pressure points. Store in a cool, dry place away from light. Avoid contact with eyes.",,
bedford-club-bk,BALM-AYR-RES,BALM-AYR-RES,X| Ayrloom | Rescue | Menthol & Arnica | | Balm | 2.3oz,ayrloom,topical,,5500,1000.0,1000.0,,TRUE,https://shop.bedfordclub.com/menu/products/ayrloom-338877/topicals/x-ayrloom-rescue-menthol-arnica-balm-23oz-3250632,https://tymber-blaze-products.imgix.net/balm-thc-rescue-clear-circle-33342342-db9f-48a2-b1ef-7918cc3027a8.png,2026-05-23T23:11:51.610988+00:00,"1,000mg THC + 1,000mg CBD.Menthol + Arnica.Make it hurt so good! This cooling, tingling balm is made for muscle recovery or nagging pain points. The perfect combination of THC, CBD, Menthol, Arnica, Peppermint Oil and Eucalyptus creates a balm that is suitable post-workout or for alleviating back pain, arthritis or stiff muscles. INSTRUCTIONS: Scoop a small amount and warm between fingertips. Apply to the affected area or on pressure points. Store in a cool, dry place away from light. Avoid contact with eyes.",,
bedford-club-bk,510-NRAE-AH-1G,510-NRAE-AH-1G,X| Jaunty | Amnesia Haze | 510 | 1g,Jaunty,vaporizers,1g,4500,90.0,,sativa,TRUE,https://shop.bedfordclub.com/menu/products/jaunty-345194/vape-pens/x-jaunty-amnesia-haze-510-1g-3292171,https://tymber-blaze-products.imgix.net/download---2026-04-28T010444-510-8dc2337f-3835-4e6a-af66-f98b3f4289ab.jpeg,2026-05-23T23:11:51.610988+00:00,"Amnesia Haze is a popular sativa offering uplift ing and energizing effects, making it perfect for a wake-n-bake session. Each hit packs a fresh, fruity, hash-like taste coupled with a sweet, earthy aroma. Jaunty’s classic 510-thread vape cartridges combine proprietary blends of cannabis-derived terpenes with CO2-extracted cannabis oil, delivering true-to-strain flavors and effects-based profiles. Primary terpenes: Limonene, Myrcene, Humulene",,Amnesia Haze
bedford-club-bk,510-NRAE-WC-1G,510-NRAE-WC-1G,X| Jaunty | Wedding Cake | 510 | 1g,Jaunty,vaporizers,,4500,89.94,,indica,TRUE,https://shop.bedfordclub.com/menu/products/jaunty-345194/vape-pens/x-jaunty-wedding-cake-510-1g-3292184,https://tymber-blaze-products.imgix.net/download---2026-04-28T011212-835-9d246d73-e6d5-40cf-9db6-90eefcefaaa2.jpeg,2026-05-23T23:11:51.610988+00:00,"Wedding Cake is a classic indica known for its sweet aromatic essence and fruity flavor. This strain makes for a delicious dessert to help relax and unwind into a peaceful slumber. Primary terpenes: Humulene, Limonene, Myrcene, Nerolidol",,Wedding Cake
bedford-club-bk,TABS-1906-LOVE-DROPS,TABS-1906-LOVE-DROPS,X| 1906 | Love | Drops | 30pcs | 2.5mg,1906,edible,,3200,2.5,2.5,hybrid,TRUE,https://shop.bedfordclub.com/menu/products/1906-346801/edibles/x-1906-love-drops-30pcs-25mg-3317312,https://images.weedmaps.com/photos/products/000/120/926/464111_BH7jt3MX.jpeg,2026-05-23T23:11:51.610988+00:00,"LOVE Drops for Arousal LOVE boosts arousal through a blend of cannabis and five herbal aphrodisiacs. Swallowable pills with a rapid onset of 20 minutes. Vegan, calorie-free, sugar-free, and gluten-free. 2.5mg THC/2.5mg CBD per drop 30 Drops per unit = 75mg THC/75mg CBD per unit",,
bedford-club-bk,AYR-HC-1.1,AYR-HC-1.1,X| Ayrloom | Honeycrisp | Beverage 12oz | 1:1 THC:CBD,ayrloom,edible,5.0 milligrams,500,5.0,5.0,hybrid,TRUE,https://shop.bedfordclub.com/menu/products/ayrloom-338877/beverage/x-ayrloom-honeycrisp-beverage-12oz-11-thccbd-3319279,https://images.weedmaps.com/photos/products/000/544/525/3176207_ayr_beverages_honeycrisp_9242web.jpg,2026-05-23T23:11:51.610988+00:00,"Get a taste of our 5th generation family orchard with the juicy and sweet flavors of the honeycrisp apple. naturally sweet but never heavy, our cannabis infused fresh apple cider is the perfect way to cool down. it’s equally delicious served hot! try mulling with cinnamon or nutmeg to create a cozy spiced cider in the cooler months. 1:1 THC:CBD 5MG THC + 5MG CBD Fast Acting, Gluten Free, Vegan.",,
bedford-club-bk,AYR-BC-1.1,AYR-BC-1.1,X| Ayrloom | Black Cherry | Beverage 120z | 1:1 THC:CBD,ayrloom,edible,5.0 milligrams,500,5.0,5.0,,TRUE,https://shop.bedfordclub.com/menu/products/ayrloom-338877/beverage/x-ayrloom-black-cherry-beverage-120z-11-thccbd-3319278,https://tymber-blaze-products.imgix.net/download---2026-05-01T223214-522-52743f59-f9d3-47a2-908b-324da5f092ca.jpeg,2026-05-23T23:11:51.610988+00:00,"Electrifyingly crisp and slightly tart. Unexpectedly smooth and never too sweet, it packs a flavor punch with every sip! Only 25 Calories + 4g Sugar Per Can.",,
bedford-club-bk,AI1-ROVE-MW-1G,AI1-ROVE-MW-1G,X| Rove | Maui Waui | Reload | Live Resin Diamonds | Pod | 1g,ROVE,vaporizers,,8400,86.1,,sativa,TRUE,https://shop.bedfordclub.com/menu/products/rove-346802/vape-pens/x-rove-maui-waui-reload-live-resin-diamonds-pod-1g-3330592,https://tymber-blaze-products.imgix.net/diamondvaporizer_mauiwaui_reload_white--3----01-ed8a130f-e166-4187-a5ff-0ef5ae3f3872.jpg,2026-05-23T23:11:51.610988+00:00,"Take a trip to a tropical paradise with this vibe strain. Originally bread in Hawaii, Maui Maui is a quiet island of bliss. Notes of pineapple and banana add some fruity lightness to this profile.",,Maui Waui
bedford-club-bk,GUM-NW-OH-SERENITY,GUM-NW-OH-SERENITY,X| Off Hours | Paradise Cooler | Serenity | Gummies | 10pcs | 10mg,Off Hours,edible,,2800,100.0,20.0,hybrid,TRUE,https://shop.bedfordclub.com/menu/products/off-hours-352520/edibles/x-off-hours-paradise-cooler-serenity-gummies-10pcs-10mg-3374232,https://tymber-blaze-products.imgix.net/SERENITY-v2-7db3f8b8-8b1a-4c51-afb0-c1109a92dd83.jpg,2026-05-23T23:11:51.610988+00:00,"Off Hours Paradise Cooler flavored gummies are specially formulated with the perfect combination of THC, CBN, and CBD to send you fast asleep. Sweet dreams. Nano-enhanced cannabinoids for fast onset. Vegan friendly and gluten free.",,
bedford-club-bk,GUM-NW-OH-OFFLINE1,GUM-NW-OH-OFFLINE1,X| Off Hours | Cherry Berry | Offline | Gummies | 10pcs | 10mg,Off Hours,edible,,2800,100.0,20.0,indica,TRUE,https://shop.bedfordclub.com/menu/products/off-hours-352520/edibles/x-off-hours-cherry-berry-offline-gummies-10pcs-10mg-3374230,https://tymber-blaze-products.imgix.net/CleanShot-2024-08-07-at-11-34-07-2x-5865e9c6-cdda-4fdf-9004-3968106b5ef6.png,2026-05-23T23:11:51.610988+00:00,"Off Hours cherry berry flavored gummies are specially formulated with the perfect combination of THC, CBN, and CBD to send you fast asleep. Sweet dreams. Nano-enhanced cannabinoids for fast onset. Vegan friendly and gluten free.",,
bedford-club-bk,GUM-NW-OH-LIMELIGHT,GUM-NW-OH-LIMELIGHT,X| Off Hours | Cherry Limeade | Limelight | Gummies | 10pcs | 10mg,Off Hours,edible,,2800,100.0,20.0,sativa,TRUE,https://shop.bedfordclub.com/menu/products/off-hours-352520/edibles/x-off-hours-cherry-limeade-limelight-gummies-10pcs-10mg-3374229,https://images.weedmaps.com/products/000/520/665/avatar/1691070308-limelight.png,2026-05-23T23:11:51.610988+00:00,"Off Hours cherry limeade flavored gummies are formulated with a specialized combination of THC, CBD, and CBG to provide you a focused and clarifying high. Nano-enhanced cannabinoids for fast onset. Vegan friendly and gluten free.",,
bedford-club-bk,GUM-NW-OH-EUPHORIC,GUM-NW-OH-EUPHORIC,X| Off Hours | Watermelon Lemonade | Euphoric | Gummies | 10pcs | 10mg,Off Hours,edible,,2800,100.0,,sativa,TRUE,https://shop.bedfordclub.com/menu/products/off-hours-352520/edibles/x-off-hours-watermelon-lemonade-euphoric-gummies-10pcs-10mg-3374227,https://images.weedmaps.com/products/000/520/670/avatar/1691071703-euphoric.png,2026-05-23T23:11:51.610988+00:00,"Experience euphoria with Off Hours sour watermelon lemonade gummies, infused with an energizing blend of THC and CBG. Nano-enhanced cannabinoids for fast onset. Vegan friendly and gluten free.",,
bedford-club-bk,GUM-NW-OH-AWAKEN,GUM-NW-OH-AWAKEN,X| Off Hours | Orangeade |  Awaken | Gummies | 10pcs | 10mg,Off Hours,edible,,2800,100.0,,sativa,TRUE,https://shop.bedfordclub.com/menu/products/off-hours-352520/edibles/x-off-hours-orangeade-awaken-gummies-10pcs-10mg-3374226,https://tymber-blaze-products.imgix.net/CleanShot-2024-08-07-at-11-40-13-2x-fdbc362f-73bb-4ba1-abd1-c2c5cd419076.png,2026-05-23T23:11:51.610988+00:00,Off Hours Orangeade flavored gummies are formulated with a unique combination of THC and CBG to inspire a creative high. Sweet dreams. Nano-enhanced cannabinoids for fast onset. Vegan friendly and gluten free.,,
bedford-club-bk,AI1-AYR-CM-1G,AI1-AYR-CM-1G,X| Ayrloom | Cereal Milk | All-In-One | 1g,ayrloom,vaporizers,1g,5000,90.0,,hybrid,TRUE,https://shop.bedfordclub.com/menu/products/ayrloom-338877/vape-pens/x-ayrloom-cereal-milk-all-in-one-1g--3423956,https://tymber-blaze-products.imgix.net/AYR-Vape-CerealMilk-1-0-Clear-cadf56ee-b000-4cbe-9ac5-509f9b9c0b5a.png,2026-05-23T23:11:51.610988+00:00,"The sip-it-til-its-gone flavor of sweetness mixed with nostalgia. Terpene flavors: Sweet, Vanilla, Butter. Rechargeable.",,Cereal Milk
bedford-club-bk,AI1-AYR-ATF-1G,AI1-AYR-ATF-1G,X| Ayrloom | ATF | All-In-One | 1g,ayrloom,vaporizers,,5000,90.0,,sativa,TRUE,https://shop.bedfordclub.com/menu/products/ayrloom-338877/vape-pens/x-ayrloom-atf-all-in-one-1g-3423953,https://tymber-blaze-products.imgix.net/ayr-vapes-atf-1g-2-b4107049-ca9f-4808-9f41-56ea071cc617.png,2026-05-23T23:11:51.610988+00:00,"known for its combination of flavors + aromas, this iconic strain boasts notes of fresh pine, citrus + slightly sweet mint. expect to feel uplifted, social + relaxed all at the same time.",,Alaskan Thunder Fuck
bedford-club-bk,AI1-AYR-PR-1G,AI1-AYR-PR-1G,X| Ayrloom | Pink Rozay | All-In-One | 1g,ayrloom,vaporizers,,5000,,,indica,TRUE,https://shop.bedfordclub.com/menu/products/ayrloom-338877/vape-pens/x-ayrloom-pink-rozay-all-in-one-1g-3423963,https://tymber-blaze-products.imgix.net/download---2026-04-24T174709-126-815093b5-b226-4fe6-8c7c-f540d1e9eb79.jpeg,2026-05-23T23:11:51.610988+00:00,"like sipping on a bright + floral glass of rosé wine, but without the hangover. unwind + reach a higher buzz with the relaxing effects ayrloom’s pink rozay vape.",,Pink Rozay
bedford-club-bk,HOLIDAY-LEI-.5G,HOLIDAY-LEI-.5G,X| Holiday | Leisure | All-in-One | 0.5g,HOLIDAY,vaporizers,.5g,3600,90.0,,indica,TRUE,https://shop.bedfordclub.com/menu/products/holiday-358936/vape-pens/x-holiday-leisure-all-in-one-05g-3459000,https://images.weedmaps.com/products/000/617/565/avatar/1720806944-menu_2_leisure.jpg,2026-05-23T23:11:51.610988+00:00,"Bake some leisure into your self-care routine--you deserve it. Leisure hits first as sweet and tart mango, but finishes with a delicious juicy citrus note reminiscent of yuzu fruit. Nothin' but hammock vibes. ﻿ABOUT THE HARDWARE: The H-bar hardware is USB-C rechargeable and has a window on the side for oil visibility. The compact design of the H-bar fits in the palm of your hand and can be comfortably placed in your pocket. The battery voltage is low, so the oil never burns and ensures you get a smooth hit every time. Holiday distillate vapes are flavored with high-quality botanical terpenes.",,
bedford-club-bk,PRR-FF-DCHHWI,PRR-FF-DCHHWI,X| Florist Farms | Dutch Hawaiian | Infused Pre Roll | Live Resin | 5pk | 0.5g,Florist Farms,preroll,2.5 grams,4000,36.0,,sativa,TRUE,https://shop.bedfordclub.com/menu/products/florist-farms-355846/infused-preroll/x-florist-farms-dutch-hawaiian-infused-pre-roll-live-resin-5pk-05g-3506715,https://tymber-blaze-products.imgix.net/FF_5pk-DutchHawaiian_013025-cd043855-9c5a-4e28-b4f0-01eaf548b7eb.png,2026-05-23T23:11:51.610988+00:00,"Big, fragrant, tropical buds are the trademark of this Dutch Treat and Hawaiian Sativa cross. This juicy flower is the perfect prequel to exercise or just a joyful jaunt around the block after dinner. Blissful and floaty, you're sure to find yourself savoring the little things. Infused with our expertly-crafted live resin sugar, these pocketable prerolls pack a terpene-rich flavor punch!",,Dutch Hawaiian
bedford-club-bk,HOLIDAY-NC-1G,HOLIDAY-NC-1G,X| Holiday | Nightcap | All-in-One | 1g,HOLIDAY,vaporizers,1g,5500,60.0,,indica,TRUE,https://shop.bedfordclub.com/menu/products/holiday-358936/vape-pens/x-holiday-nightcap-all-in-one-1g-3517737,https://images.weedmaps.com/products/000/617/563/avatar/1720806862-menu_2_nightcap.jpg,2026-05-23T23:11:51.610988+00:00,"Nightcap was inspired by that amazing night you'll never forget. It's the apertif. It's the last ritual you do before calling it a night on a new favorite memory. Smooth, full-bodied grape finishes with a tart sip of Moscato while the addition of CBN helps you drift off to dreamland. ﻿ABOUT THE HARDWARE: The H-bar hardware is USB-C rechargeable and has a window on the side for oil visibility. The compact design of the H-bar fits in the palm of your hand and can be comfortably placed in your pocket. The battery voltage is low, so the oil never burns and ensures you get a smooth hit every time. Holiday distillate vapes are flavored with high-quality botanical terpenes.",,
bedford-club-bk,AI1-BLM-SLH-1G,AI1-BLM-SLH-1G,X|  Bloom | Super Lemon Haze | All-In-One | 1g,BLOOM,vaporizers,1g,6500,87.36,0.19,sativa,TRUE,https://shop.bedfordclub.com/menu/products/bloom-357010/vape-pens/x-bloom-super-lemon-haze-all-in-one-1g-3528936,https://images.weedmaps.com/products/000/546/195/avatar/1719856777-bloom_classic_1gsurf_slh_ca.png,2026-05-23T23:11:51.610988+00:00,"Super Lemon Haze When Life Gives You Lemons… Details Category Sativa Taste Lemon, Gassy, Citrus, Floral Mood Long-lasting energy and euphoria bursting with citrus and lemon. Ingredients Cannabis Oil & Natural Terpenes D-Limonene Naturally Found In: citrus rinds B-Caryophyllene Naturally Found In: black pepper, cloves, hops B-Ocimene Naturally Found In: basil, lavender, clary sage",,Super Lemon Haze
bedford-club-bk,510-NRAE-HB-1G,510-NRAE-HB-1G,X| Jaunty | Headband | 510 | 1g,Jaunty,vaporizers,,4500,90.0,,hybrid,TRUE,https://shop.bedfordclub.com/menu/products/jaunty-345194/vape-pens/x-jaunty-headband-510-1g-3722674,https://tymber-blaze-products.imgix.net/85a30da5-5ec6-4fc0-956d-ac1e1588a5fb-13dcb471-f9ab-41a6-9ca7-ec45983d1372.jpg,2026-05-23T23:11:51.610988+00:00,"Headband is a classic hybrid named after its famed cerebral, headband-like effects. This strain delivers a mix of euphoria and creativity, but beware - spaciness may take over! Each hit delivers a smooth, creamy taste with undertones of lemon and diesel. Jaunty’s classic 510-thread vape cartridges combine proprietary blends of cannabis-derived terpenes with premium extracted cannabis oil, delivering true-to-strain flavors and effects-based profiles. Primary terpenes: β-Caryophyllene, Myrcene, Limonene",,Headband
bedford-club-bk,510-NRAE-FF-1G,510-NRAE-FF-1G,X| Jaunty | Forbidden Fruit | 510 | 1g,Jaunty,vaporizers,,4500,90.0,,indica,TRUE,https://shop.bedfordclub.com/menu/products/jaunty-345194/vape-pens/x-jaunty-forbidden-fruit-510-1g-3722672,https://tymber-blaze-products.imgix.net/6229fc943aa88983_dc0e4392-bf65-41a0-a4cc-8da87206c4e4-89ba76d7-d15b-4514-b946-227c9dfb137a.avif,2026-05-23T23:11:51.610988+00:00,"Forbidden Fruit is a mouthwatering indica packed with a smooth, fruity-lemony taste accented by sweet berries and pine. Each hit delivers uplifting, euphoric effects leaving you feeling relaxed and content. Jaunty’s classic 510-thread vape cartridges combine proprietary blends of cannabis-derived terpenes with premium extracted cannabis oil, delivering true-to-strain flavors and effects-based profiles. Primary terpenes: Limonene, Myrcene, α-Pinene",,Forbidden Fruit
bedford-club-bk,AI1-AYR-HC-HALF,AI1-AYR-HC-HALF,X|  Ayrloom | Honeycrisp | All-in-One | 0.5g,ayrloom,vaporizers,.5g,3000,90.0,,hybrid,TRUE,https://shop.bedfordclub.com/menu/products/ayrloom-338877/vape-pens/x-ayrloom-honeycrisp-all-in-one-05g-3728159,https://images.weedmaps.com/photos/products/000/629/787/3575079_Screen_Shot_2024-09-06_at_1.45.27_PM.png,2026-05-23T23:11:51.610988+00:00,"Get a taste of our 5th generation family orchard with the juicy + sweet flavors of the fan-favorite honeycrisp apple. naturally sweet, but never heavy.",,Honeycrisp
bedford-club-bk,WYLD-SC-100MG,WYLD-SC-100MG,X| Wyld | Sour Cherry |  | Gummies | 10pcs | 10mg,WYLD,edible,,2600,100.0,,indica,TRUE,https://shop.bedfordclub.com/menu/products/wyld-378907/edibles/x-wyld-sour-cherry-gummies-10pcs-10mg-3756984,https://images.weedmaps.com/products/000/629/777/avatar/1725652764-1651185607-wyld_sour_cherry_gummies-us_vanity-reflct.jpg,2026-05-23T23:11:51.610988+00:00,"Wyld Sours are a new adventure on the Wyld journey. Whether enjoyed with a group of your favorite people or at the peak of your expedition, our new line of flavors offer a burst of refreshment and relief with every serving. Not too sweet, and not too tart, Wyld Sours offer an experience for everyone. Our Sour Cherry Indica Enhanced gummies are perfect for unwinding after life's great adventures. Made with real fruit and botanical terpenes, these gummies pack a tart twist. It's a little like a hammock for your inner thoughts. It's a little like a hammock for your inner thoughts. Enjoy! 100mg THC per container, 5mg THC per gummy. Contains: Coconut",,
bedford-club-bk,GUM-CBALS-SLEM-BRICK,GUM-CBALS-SLEM-BRICK,X| Brick | Strawberry Lemonade | Gummies | 100mg,Cannabals,edible,,1800,100.0,,sativa dominant,TRUE,https://shop.bedfordclub.com/menu/products/cannabals-382163/edibles/x-brick-strawberry-lemonade-gummies-100mg-3782645,https://tymber-blaze-products.imgix.net/straw-lemonade-brick-58828751-051f-40f4-897f-9f6e2ebebcd1.avif,2026-05-23T23:11:51.610988+00:00,"Enjoy the perfect blend of sweet and tart flavors with Cannabals Strawberry Lemonade Brick Gummies. Each brick is segmented into 10 pieces, offering 10mg of pure THC per serving and 100mg per brick. Made with Liver Resin, extracted from freshly harvested cannabis plants that have been flash-frozen, these vegan gummies provide a uplifting experience, ideal for when you want to be your most creative. The Strawberry Lemonade flavor is a harmonious fusion of ripe strawberries and zesty lemon, creating a mouthwatering sensation that lingers on your palate. Effects: Uplifting, Energizing, Creativity",,Strawberry Lemonade
bedford-club-bk,GUM-CBALS-TBUR-BRICK,GUM-CBALS-TBUR-BRICK,X| Brick | Tropical Blast | Gummies | 100mg,Cannabals,edible,,1800,100.0,,hybrid,TRUE,https://shop.bedfordclub.com/menu/products/cannabals-382163/edibles/x-brick-tropical-blast-gummies-100mg-3782646,https://tymber-blaze-products.imgix.net/trop-burst-501a3988-8ac6-42fa-98dd-0e6db74d0ec5.avif,2026-05-23T23:11:51.610988+00:00,"Immerse yourself in a tropical paradise with Cannabals Tropical Blast Brick Gummies. Each brick is split into 10 pieces, providing 10mg of THC per serving and 100mg per brick. These vegan gummies deliver a tropical explosion of flavors and a relaxing, euphoric experience, perfect for transporting your taste buds and mind to a sunny getaway. The Tropical Blast flavor is a blend of exotic fruits, with notes of pineapple, mango, and passionfruit, creating a truly tropical escape in every bite. Effects: Euphoria, Relaxing",,Tropical Burst
bedford-club-bk,510-HH-1G-GC,510-HH-1G-GC,X| Heavy Hitters | Green Crack | 510 | 1g,Heavy Hitters,vaporizers,,9000,75.0,,sativa,TRUE,https://shop.bedfordclub.com/menu/products/heavy-hitters-390654/vape-pens/-x-heavy-hitters-green-crack-510-1g-3917436,https://images.weedmaps.com/photos/products/000/445/740/2001862_HH_RCS_Lights_On_Green_Crack_1G_Box_and_Vape-1200x1200-28e5ebb.png,2026-05-23T23:11:51.610988+00:00,"Hyped and high, minus the munchies. Lights On THCV Energy vapes provide an alert, focused high designed for those who need to be on top of their game. This blend consists of a classic super sativa: Green Crack, infused with a 3:1 ratio of energizing THCV. Perfect for active smokers, THCV may produce a less hungry high than THC alone. Green Crack, also known as “Green Crush”, is a potent, uplifting super-sativa, descended from the storied Skunk #1 strain, and a still unknown landrace indica. With a kiwi and melon forward taste and a bold 3:1 ratio of THC and energizing THCv, you’ll be flying high and ready to seize the day, minus the munchies. Strain Type: Sativa Taste Profile: Kiwi, Mango, Haze Effect Profile: Uplifting, Happy, Focused Lineage: Skunk #1 x Unknown Afgani Landrace",,Green Crack
bedford-club-bk,GUM-NW-OH-MELLOW,GUM-NW-OH-MELLOW,X| Off Hours | Blue Raspberry | Mellow | Gummies | 10pcs | 10mg,Off Hours,edible,,2800,100.0,20.0,hybrid,TRUE,https://shop.bedfordclub.com/menu/products/off-hours-352520/edibles/x-off-hours-blue-raspberry-mellow-gummies-10pcs-10mg-3983090,https://images.weedmaps.com/products/000/520/672/avatar/1691072165-mellow.png,2026-05-23T23:11:51.610988+00:00,"Our blue razzberry flavored gummies are formulated with a unique combination of THC, CBD, and CBN to give you the perfect chilled out high. Nano-enhanced cannabinoids for fast onset. Vegan friendly and gluten free.",,
bedford-club-bk,GUM-NW-OH-ILLUM,GUM-NW-OH-ILLUM,X| Off Hours | Peach Mango | Illuminate | Gummies | 10pcs | 10mg,Off Hours,edible,,2800,10.0,,hybrid,TRUE,https://shop.bedfordclub.com/menu/products/off-hours-352520/edibles/x-off-hours-peach-mango-illuminate-gummies-10pcs-10mg-3983089,https://tymber-blaze-products.imgix.net/Illuminate-2e1bd526-0eca-4e84-99be-fb2b8e1e0b3b.jpg,2026-05-23T23:11:51.610988+00:00,Off Hours peach mango flavored gummies are formulated with a unique combination of THC and CBG to inspire a creative high. Sweet dreams. Nano-enhanced cannabinoids for fast onset. Vegan friendly and gluten free.,,
bedford-club-bk,GUM-GR-MEGA-SA-100MG,GUM-GR-MEGA-SA-100MG,X| MEGA | Big Apple | Gummies,Grön Edibles,edible,,1800,100.0,,hybrid,TRUE,https://shop.bedfordclub.com/menu/products/grn-edibles-394150/edibles/x-mega-big-apple-gummies--3983085,https://tymber-blaze-products.imgix.net/SAM-featured-image-1-be121565-284b-42ff-a9ec-7aa103222133.png,2026-05-23T23:11:51.610988+00:00,"This crisp Sour Apple Mega Pearl is packed with 100mg THC. Five times larger than our standard Pearls, it's perfect for anyone looking for an edible that packs a refreshing slap of sour. Made With Real Fruit • Soy-Free • Gluten-Free • Full-Spectrum Extract 1/10 MEGA PEARL PER SERVING | 10 SERVINGS PER PACKAGE",,
bedford-club-bk,GUM-GR-MEGA-POG-100MG,GUM-GR-MEGA-POG-100MG,X| MEGA | Passion Orange Guava | Gummies,Grön Edibles,edible,,1800,100.0,,hybrid,TRUE,https://shop.bedfordclub.com/menu/products/grn-edibles-394150/edibles/x-mega-passion-orange-guava-gummies--3983083,https://images.weedmaps.com/products/000/268/468/avatar/1722186832-gron-megas_bg_passion-orange-guava.png,2026-05-23T23:11:51.610988+00:00,"Your favorite summertime drink is now packed with 100mg THC. Five times larger than our standard Pearls, it's perfect for anyone looking for an edible with a burst of tropical fruit. Made With Real Fruit • Soy-Free • Gluten-Free • Made with Rosin 1/10 MEGA PEARL PER SERVING | 10 SERVINGS PER PACKAGE",,
bedford-club-bk,GUM-GR-MEGA-BR-100MG,GUM-GR-MEGA-BR-100MG,X| Mega | Blue Razzleberry | Gummies,Grön Edibles,edible,,1800,100.0,,sativa,TRUE,https://shop.bedfordclub.com/menu/products/grn-edibles-394150/edibles/x-mega-blue-razzleberry-gummies-3983077,https://tymber-blaze-products.imgix.net/NY-Mega-Blue-Razzleberry-1-1-3d82873c-23cb-455a-87d7-bb683ad4ab07.png,2026-05-23T23:11:51.610988+00:00,"Treat your tastebuds to a blast of berry in an uplifting 1:1 ratio of CBG and THC. It's the ideal Mega for people who have a big — like really, really big — day ahead. Made With Real Fruit • Soy-Free • Gluten-Free • Full-Spectrum Extract 1/10* MEGA PEARL PER SERVING | 10 SERVINGS PER PACKAGE",,
bedford-club-bk,GUM-GR-MEGA-BB-100MG,GUM-GR-MEGA-BB-100MG,X| MEGA | Blackberry | Gummies,Grön Edibles,edible,,1800,100.0,,indica,TRUE,https://shop.bedfordclub.com/menu/products/grn-edibles-394150/edibles/x-mega-blackberry-gummies--3983076,https://images.weedmaps.com/products/000/268/467/avatar/1722186511-gron-megas_bg_1-1-blackberry.png,2026-05-23T23:11:51.610988+00:00,"Made with real blackberries and natural fruit flavors, this 1:1 Blackberry Mega Pearl is formulated to turn any night into a dream with equal parts CBN and THC. Five times larger than our standard Pearls, this fan-favorite flavor is perfect for anyone looking for a moonlit MEGA experience. Made With Real Fruit • Soy-Free • Gluten-Free • Made with Rosin 1/10 MEGA PEARL PER SERVING | 10 SERVINGS PER PACKAGE",,
bedford-club-bk,AI1-AYR-BLWID-FULL,AI1-AYR-BLWID-FULL,X| Ayrloom | Blue Widow | All-In-One | 1g,ayrloom,vaporizers,1g,5000,90.0,,hybrid,TRUE,https://shop.bedfordclub.com/menu/products/ayrloom-338877/vape-pens/-x-ayrloom-blue-widow-all-in-one-1g-4130710,https://tymber-blaze-products.imgix.net/AYR-Vape-BlueWidow-1-0-Square-bacd4fce-ee2a-4e54-b302-ebb2ff7ea51e.jpg,2026-05-23T23:11:51.610988+00:00,Experience both uplifting + calming effects with this classic combination of 'blueberry' + 'white widow' strains. enjoy tart strawberry flavors + garden fresh aromas that combine + give way to a balanced high.,,Blue Widow
bedford-club-bk,AI1-AYR-BLWID-HALF,AI1-AYR-BLWID-HALF,X| Ayrloom | Blue Widow | All-In-One | 0.5g,ayrloom,vaporizers,,3000,90.0,,hybrid,TRUE,https://shop.bedfordclub.com/menu/products/ayrloom-338877/vape-pens/x-ayrloom-blue-widow-all-in-one-05g-4130709,https://tymber-blaze-products.imgix.net/AYR-Vape-BlueWidow-0-5g-Square---01-c2d42c4d-6bcd-4580-a90e-1ef8d9b1a1ba.jpg,2026-05-23T23:11:51.610988+00:00,experience both uplifting + calming effects with this classic combination of 'blueberry' + 'white widow' strains. enjoy tart strawberry flavors + garden fresh aromas that combine + give way to a balanced high.,,Blue Widow
bedford-club-bk,PRR-AYR-PR-5PK,PRR-AYR-PR-5PK,X| Ayrloom | Pink Rozay | Infused Preroll | 5pk | 0.6g,ayrloom,preroll,1/8 oz,4000,35.0,,indica,TRUE,https://shop.bedfordclub.com/menu/products/ayrloom-338877/infused-preroll/x-ayrloom-pink-rozay-infused-preroll-5pk-06g-4159665,https://tymber-blaze-products.imgix.net/AYR-PreRoll-PinkRozay-Circle--1---1--9527e8bb-0103-497f-9875-ee341628291c.jpg,2026-05-23T23:11:51.610988+00:00,"Like sipping on a bright + floral glass of rosé wine, but without the hangover. unwind + reach a higher buzz with relaxing effects.",,Pink Rozay
bedford-club-bk,PRR-AYR-LD-5PK,PRR-AYR-LD-5PK,X| Ayrloom | Lychee Dream | Infused Preroll | 5pk | 0.6g,ayrloom,preroll,1/8 oz,4000,35.0,,sativa,TRUE,https://shop.bedfordclub.com/menu/products/ayrloom-338877/infused-preroll/x-ayrloom-lychee-dream-infused-preroll-5pk-06g-4159664,https://tymber-blaze-products.imgix.net/AYR-PreRoll-LycheeDream-Circle--1--72a87a3b-4fd2-49e2-aae0-0aaa59ab0916.jpg,2026-05-23T23:11:51.610988+00:00,"The vibrant + energizing combination of juicy pear, pink florals + sweet berry will leave you feeling lifted + light",,
bedford-club-bk,PRR-AYR-KL-5PK,PRR-AYR-KL-5PK,X|  Ayrloom | Key Lime | Infused Preroll | 5pk | 0.6g,ayrloom,preroll,1/8 oz,4000,35.0,,hybrid,TRUE,https://shop.bedfordclub.com/menu/products/ayrloom-338877/infused-preroll/x-ayrloom-key-lime-infused-preroll-5pk-06g-4159663,https://tymber-blaze-products.imgix.net/AYR-PreRoll-KeyLime-Circle--1--f52ab071-7888-4107-a5a3-57c5fb0db2c0.jpg,2026-05-23T23:11:51.610988+00:00,"Enjoy the bright, zesty flavors of a classic american pie—tart + tangy, balanced with a sweet finish.",,
bedford-club-bk,PRR-AYR-CM-5PK,PRR-AYR-CM-5PK,X| Ayrloom | Cereal Milk | Infused Preroll | 5pk | 0.6g,ayrloom,preroll,1/8 oz,4000,35.0,,hybrid,TRUE,https://shop.bedfordclub.com/menu/products/ayrloom-338877/infused-preroll/x-ayrloom-cereal-milk-infused-preroll-5pk-06g-4159662,https://tymber-blaze-products.imgix.net/AYR-PreRoll-CerealMilk-Circle--1--698c5282-85eb-43c3-a452-c62cf80e0f7d.jpg,2026-05-23T23:11:51.610988+00:00,Savor the sip-it-til-its-gone flavor of sweetness mixed with nostalgia.,,
bedford-club-bk,GUM-KIVA-LF-TBXOGK,GUM-KIVA-LF-TBXOGK,X| Lost Farm | Thorny Berry X OG Kush | Gummies | Live Resin | 10pcs,Kiva Confections,edible,100.0 milligrams,3000,100.0,,hybrid,TRUE,https://shop.bedfordclub.com/menu/products/kiva-confections-385372/edibles/x-lost-farm-thorny-berry-x-og-kush-gummies-live-resin-10pcs--4353750,https://tymber-blaze-products.imgix.net/NY-LostFarm-TBxOGK-FlavorCollage-1180x1470-66dc0588-3995-4018-889a-4374e8aee3dc.webp,2026-05-23T23:11:51.610988+00:00,,,OG Kush
bedford-club-bk,GUM-CBALS-OS-BRICK,GUM-CBALS-OS-BRICK,X| Brick | Orange Soda | Gummies | 100mg,Cannabals,edible,100.0 milligrams,1800,100.0,,hybrid,TRUE,https://shop.bedfordclub.com/menu/products/cannabals-382163/edibles/x-brick-orange-soda-gummies-100mg-4434037,https://tymber-blaze-products.imgix.net/orangesoda---01-24820d57-959a-45dc-b9e5-e0748ad2f138.jpg,2026-05-23T23:11:51.610988+00:00,"Enjoy the vibrant and citrusy fusion of Cannabals Orange Soda, Brick Gummies. Each brick is crafted with 10 easy-to-break pieces, providing 10mg of THC per serving and 100mg per brick. These vegan gummies blend the tangy zest of Orange Soda with the rich sweetness of Orange Marmalade, delivering a balanced and energizing experience that's both refreshing and satisfying.",,
bedford-club-bk,GUM-CBALS-LYCH-BRICK,GUM-CBALS-LYCH-BRICK,X| Brick | Lychee | Gummies | 100mg,Cannabals,edible,100.0 milligrams,1800,100.0,,hybrid,TRUE,https://shop.bedfordclub.com/menu/products/cannabals-382163/edibles/x-brick-lychee-gummies-100mg-4434036,https://tymber-blaze-products.imgix.net/lychee---01-d0cae2c4-fdca-4c7f-86e8-4cfa096a62bc.jpg,2026-05-23T23:11:51.610988+00:00,"Experience the exotic allure of Cannabals Lychee Brick Gummies. Each brick is divided into 10 easy-to-break pieces, delivering 10mg of THC per serving and 100mg per brick. These vegan gummies offer a sweet and refreshing journey with a flavor reminiscent of a blend between grape and pear, accented by delicate floral notes and a subtle hint of citrus. The Lychee flavor transports your taste buds to a tropical paradise, making each bite a delightful escape.",,
bedford-club-bk,GUM-NW-OH-OFFLINE2,GUM-NW-OH-OFFLINE2,X| Off Hours | Grape Punch | Offline | 10pcs | 10mg,Off Hours,edible,100.0 milligrams,2800,100.0,20.0,indica,TRUE,https://shop.bedfordclub.com/menu/products/off-hours-352520/edibles/x-off-hours-grape-punch-offline-10pcs-10mg-4445594,https://images.weedmaps.com/products/000/520/666/avatar/1691070533-offline.png,2026-05-23T23:11:51.610988+00:00,"Off Hours grape punch flavored gummies are specially formulated with the perfect combination of THC, CBN, and CBD to send you fast asleep. Sweet dreams. Nano-enhanced cannabinoids for fast onset. Vegan friendly and gluten free.",,Grape Punch
bedford-club-bk,TINC-MFNY-MFNYSKU,TINC-MFNY-MFNYSKU,X| MFNY | Skunk | Tincture | Live Resin | 15ml,MFNY,tinctures,,4800,,,indica,TRUE,https://shop.bedfordclub.com/menu/products/mfny-337200/tinctures/x-mfny-skunk-tincture-live-resin-15ml-4458296,https://tymber-blaze-products.imgix.net/Mainline-Tincture-Indica-MFNYSkunk-Product---01-7e493921-cf54-48ed-af15-5165eb748ef8.jpg,2026-05-23T23:11:51.610988+00:00,"Our tinctures are the “Liquid Gold” of cannabis. Through rigorous research and phenotype hunts, we’ve found a group of terpenes that need no altering. These liquid live resin tinctures deliver more terps, effects, and flavor—in any dose you want—directly to your endocannabinoid system. (Think of tinctures as a “nonstop flight” for terps.) Organic MCT oil is infused with single source MFNY Skunk live resin: distinctive sweet skunk aroma of Massachusetts Super Skunk and the sweet gas from True OG Kush x OGKB; known to promote a euphoric body high that great sleep. With activated THC entering the bloodstream at a more rapid rate, people may experience relief from anxiety, pain, and nausea; others say it can create an appetite or aid with sleep. The dropper means that whether you’re a beginner or enthusiast, you can choose a lighter or heavier dose that’s just right (your “Goldilocks Zone”). NOTE: When taken sublingually (under the tongue), effects can take anywhere from 15 mins to 2 hrs to begin, and may last longer than other consumption methods. So make sure to dose conservatively your first couple of tries. Our tinctures are the “Liquid Gold” of cannabis. Through rigorous research and phenotype hunts, we’ve found a group of terpenes that need no altering. These liquid live resin tinctures deliver more terps, effects, and flavor—in any dose you want—directly to your endocannabinoid system. (Think of tinctures as a “nonstop flight” for terps.) Organic MCT oil is infused with single source MFNY Skunk live resin: distinctive sweet skunk aroma of Massachusetts Super Skunk and the sweet gas from True OG Kush x OGKB; known to promote a euphoric body high that great sleep. With activated THC entering the bloodstream at a more rapid rate, people may experience relief from anxiety, pain, and nausea; others say it can create an appetite or aid with sleep. The dropper means that whether you’re a beginner or enthusiast, you can choose a lighter or heavier dose that’s just right (your “Goldilocks Zone”). NOTE: When taken sublingually (under the tongue), effects can take anywhere from 15 mins to 2 hrs to begin, and may last longer than other consumption methods. So make sure to dose conservatively your first couple of tries.",,MFNY Skunk
bedford-club-bk,AIO-MFNY-RB-.5G,AIO-MFNY-RB-.5G,X| MFNY | Rainbow Beltz 2.0 | Live Resin Vape Pen| 0.5g,MFNY,vaporizers,,4500,76.06,,indica,TRUE,https://shop.bedfordclub.com/menu/products/mfny-337200/vape-pens/x-mfny-rainbow-beltz-20-live-resin-vape-pen-05g-4458299,https://tymber-blaze-products.imgix.net/68fa46601ab726d37ba73e34_image-7e222f4b-aaa0-4155-82ff-448773e5dbf6.png,2026-05-23T23:11:51.610988+00:00,"The MFNY live resin disposable vape has a terpene-rich profile of our single-source, in-house produced Rainbow Beltz 2.0 real live resin. We start with fresh-frozen flower buds, then use the hydrocarbon extraction method (plus years of experience and scientific precision) to deliver the purest plant extract. An extract that showcases the cultivar's naturally-produced, full-spectrum cannabinoids and remarkable natural terpenes. Rainbow Beltz 2.0 is known for its tantalizing fruity aromas plus sweet candy undertones, which results in a sleepy body high. No distillates, added flavors, or alterations. Comes in a sleek rechargeable Active EZ Click Glass All-In-One vape pen, preconfigured to enjoy at the perfect temperature. Vape cartridge contains concentrated live resin oil that is heated by a battery and vaporized for inhalation. These products are very potent and are designed to be consumed in 2-3 second puffs. Exclusively single-sourced at MFNY in the Hudson Valley. Together, we can take NY and all New Yorkers Ever UpwardTM",,Rainbow Beltz
bedford-club-bk,TINC-HEHE-FOCUS,TINC-HEHE-FOCUS,X |  Head & Heal | Focus | Tincture | 150mg,Head & Heal,tinctures,,7000,150.0,,sativa,TRUE,https://shop.bedfordclub.com/menu/products/head-heal-392116/tinctures/x-head-heal-focus-tincture-150mg--4492711,https://images.weedmaps.com/products/000/476/230/avatar/1677881995-hh_thc_focus-7098_whitesq__1_.jpg,2026-05-23T23:11:51.610988+00:00,"1:4 ratio of THC:CBG 5mg THC per dropper 20mg CBG per dropper Your daily to-do list’s best friend. A great alternative to coffee or energy drinks as a way to naturally support mental clarity, focus, and creativity. Precise-dosing information for every bottle is included on the side of each box. Simply measure out your exact dose and drop directly into your mouth as needed throughout the day for natural support in focusing your mind and calming your body. Head & Heal makes sustainable, functional cannabis products to elevate your experience. Our products are precisely dosed with specific cannabinoid blends to support you through whatever life brings.",,
bedford-club-bk,POD-ROVE-NORLIGHT,POD-ROVE-NORLIGHT,X| Rove | Northern Lights | Reload | Live Resin Diamonds | Pod | 1g,ROVE,vaporizers,1g,8400,95.0,,indica,TRUE,https://shop.bedfordclub.com/menu/products/rove-346802/vape-pens/x-rove-northern-lights-reload-live-resin-diamonds-pod-1g-4494259,https://tymber-blaze-products.imgix.net/download---2026-04-24T231032-565-a9dc4b45-1995-4473-a1d9-875b7434a067.jpeg,2026-05-23T23:11:51.610988+00:00,"DIAMONDS INSIDE Our live resin diamonds, extracted from fresh frozen flowers, use a gradual separation process creating large faceted diamond-like crystals. The 99%+ potency diamond crystals are then liquefied, producing the highest potency vaporizers on the market. — Northern Lights is a legendary indica known for its fast-acting, deeply relaxing effects that soothe both mind and body. With a sweet and spicy aroma, it's a favorite for evening use, offering a calm, euphoric experience. Citrus Pine Herbal",,Northern Lights
bedford-club-bk,PR-FF-WB-5PK,PR-FF-WB-5PK,X| Florist Farms | Witches Brew | Infused Pre Roll | Live Resin | 5pk | 0.5g,Florist Farms,preroll,2.5 grams,4000,36.0,,indica,TRUE,https://shop.bedfordclub.com/menu/products/florist-farms-355846/infused-preroll/x-florist-farms-witches-brew-infused-pre-roll-live-resin-5pk-05g-4653236,https://tymber-blaze-products.imgix.net/FF_5pk-WitchesBrew_120824-f410f340-208e-4921-9c68-23b2f48c0e78.png,2026-05-23T23:11:51.610988+00:00,"These half gram prerolls are packed with whole flower and infused with live resin and pure THC-A Diamonds for an extra potent, full-bodied high. They come in a sleek, pocket-sized tin, and they're actually some of the best-selling pre-rolls in New York! Definitely a go-to for experienced smokers or anyone wanting a more powerful hit. Effect: Indica Flavor: Sweet and sour with herbal undertones Ingredients: Whole Cannabis Flower, Live Resin Extract, THC-A Diamonds About Florist Farms Located in Cortland, NY, Florist Farms is committed to sustainability. We practice regenerative farming by growing in living soil, using organic compost, and never using pesticides. For over a decade, we’ve been organic vegetable farmers and donate produce weekly to help support our community. At Florist Farms, we’re deeply committed to quality and to delivering the cleanest cannabis products in New York State.",,Witches Brew
bedford-club-bk,510-FW-SF-1G,510-FW-SF-1G,X| Fernway | Stonefruit | 510 | 1g,Fernway,vaporizers,1g,6000,85.0,,hybrid,TRUE,https://shop.bedfordclub.com/menu/products/fernway-338875/vape-pens/x-fernway-stonefruit-510-1g-4700476,https://tymber-blaze-products.imgix.net/NY---Stonefruit-1g-510-cartridge---Menu-Photo-afef4a5c-5aae-48e8-8218-0314010e7095.jpg,2026-05-23T23:11:51.610988+00:00,"Goes great with: A big brunch with friends, Hitting the disc golf course, Stopping to watch an incredible street musician",,Stonefruit
bedford-club-bk,AI1-BLM-AP-500MG,AI1-BLM-AP-500MG,X|  Bloom | Apricot Punch | All-In-One | 0.5g,BLOOM,vaporizers,.5g,4000,92.0,,indica,TRUE,https://shop.bedfordclub.com/menu/products/bloom-357010/vape-pens/x-bloom-apricot-punch-all-in-one-05g-4771541,https://tymber-blaze-products.imgix.net/Bloom_Classic_0-5gSurf_APR10Yr_ColorBG_Universal-23714ae7-7ac4-4ecd-83e1-4f17a1f72c86.jpg,2026-05-23T23:11:51.610988+00:00,"Apricot Punch Knockout flavor Details Category Indica Taste Apricot, Citrus, Floral Mood A new classic celebrating a decade of iconic Bloom flavors. This knockout strain delivers a soothing, sedative high layered with vibrant bursts of apricot and citrus. Ingredients Cannabis Oil & Natural Terpenes Terpinolene Naturally Found In: cardamom, allspice, parsnip Caryophyllene Naturally Found In: black pepper, cloves, hops Myrcene Naturally Found In: mango, wild thyme, cardamom, hops",,Apricot Punch
bedford-club-bk,HONEY-HPOT-NIGHT-100MG,HONEY-HPOT-NIGHT-100MG,X| Night | Honey Pot | Edibles | Resin | 100mg,Honey Pot,edible,100.0 milligrams,2500,100.0,,indica,TRUE,https://shop.bedfordclub.com/menu/products/honeypot-490764/edibles/x-night-honey-pot-edibles-resin-100mg-4777118,https://tymber-blaze-products.imgix.net/HoneyPot-Night-pic-f7e5b3fa-00bb-4894-9a3e-972614bfcd9e.jpg,2026-05-23T23:11:51.610988+00:00,"Drift into deep relaxation with our calming cannabis-infused honey blend, thoughtfully crafted with a soothing combination of THC and CBD. Infused with organic honey and cured resin, this full-spectrum formula is designed to support restful sleep and nighttime recovery. Made with premium organic honey sourced from Oregon Kosher, dairy-free, gluten-free, nut-free, and soy-free 10mg THC per serving | 100mg THC per pouch 10 servings per pouch | Dosing spoon included Indica-dominant profile for deep relaxation and tranquility Perfect stirred into tea or taken straight by the spoonful before bed",,
bedford-club-bk,GUM-GR-MEGA-LEM-100MG,GUM-GR-MEGA-LEM-100MG,X| MEGA | Lemonade | Gummies,Grön Edibles,edible,100.0 grams,1800,100.0,,sativa,TRUE,https://shop.bedfordclub.com/menu/products/grn-edibles-394150/edibles/x-mega-lemonade-gummies--4825403,https://tymber-blaze-products.imgix.net/NY-Mega-Lemonade-THC-ffecb632-6fd8-4bcf-9d82-0316c3c8b630.png,2026-05-23T23:11:51.610988+00:00,"This bright, zesty Lemonade Mega Pearl is packed with 100mg THC. Five times larger than our standard Pearls, it's perfect for customers looking for an edible that packs a tart, pucker punch. Made With Real Fruit • Soy-Free • Gluten-Free • Full-Spectrum Extract 1/10 MEGA PEARL PER SERVING | 10 SERVINGS PER PACKAGE",,
bedford-club-bk,GUM-GR-MEGA-TT-100MG,GUM-GR-MEGA-TT-100MG,X| MEGA | Tropical Twist | Gummies,Grön Edibles,edible,100.0 grams,1800,100.0,,indica,TRUE,https://shop.bedfordclub.com/menu/products/grn-edibles-394150/edibles/x-mega-tropical-twist-gummies--4825405,https://tymber-blaze-products.imgix.net/NY-Mega-Tropical-Twist-THC-5c63b08b-d040-4c84-8ec5-8fec6b163a9e.png,2026-05-23T23:11:51.610988+00:00,"Bite into the sweet taste of island bliss with the Tropical Twist Mega Pearl, served up with 100mg THC. Five times larger than our standard Pearls, it's perfect for anyone looking for an edible that transports them to paradise. Made With Real Fruit • Soy-Free • Gluten-Free • Full-Spectrum Extract 1/10 MEGA PEARL PER SERVING | 10 SERVINGS PER PACKAGE",,
bedford-club-bk,GUM-CBALS-DRAGONFRUIT,GUM-CBALS-DRAGONFRUIT,X| Dragonfruit | Cannibals | Gummies | 10pcs | 10mg,Cannabals,edible,100.0 milligrams,2200,100.0,,sativa,TRUE,https://shop.bedfordclub.com/menu/products/cannabals-382163/edibles/x-dragonfruit-cannibals-gummies-10pcs-10mg-4844589,https://tymber-blaze-products.imgix.net/dragonfruit---01-05624d8d-288d-444f-b6cb-5f9514a5abc6.jpg,2026-05-23T23:11:51.610988+00:00,"Experience the delightful taste of CANNABALS Dragonfruit gummies, meticulously crafted to provide a potent and enjoyable cannabis experience. These gummies are formulated with precision to ensure a consistent and reliable dose with every bite. Each package contains 10 gummies, with each piece delivering a potent 10mg of THC. CANNABALS' fast-acting technology ensures you feel the effects quickly, without the long wait typical of traditional edibles. The Dragon Fruit flavor offers a harmonious fusion of sweet and tropical notes, creating a mouthwatering sensation that lingers on your palate. Don't miss out on this flavorful and potent cannabis extract - try CANNABALS Dragonfruit Gummies now.",,
bedford-club-bk,GUM-CBALS-PINA-BRICK,GUM-CBALS-PINA-BRICK,X| Brick | Pina Colada | Gummies | 100mg,Cannabals,edible,100.0 milligrams,1600,100.0,,sativa,TRUE,https://shop.bedfordclub.com/menu/products/cannabals-382163/edibles/x-brick-pina-colada-gummies-100mg-4844585,https://tymber-blaze-products.imgix.net/pinacolada---01-da4d6e48-f03f-4a48-96c2-388a3a18b191.jpg,2026-05-23T23:11:51.610988+00:00,"Immerse yourself in a tropical paradise with Cannabals Pina Colada ENERGY Brick Gummies. Each brick is split into 10 pieces, providing 10mg of THC AND THCv per serving and 100mg per brick. These vegan gummies deliver a tropical explosion of flavors and a relaxing, euphoric experience, perfect for transporting your taste buds and mind to a sunny getaway.",,
bedford-club-bk,AI1-AYR-LD-1G,AI1-AYR-LD-1G,X|  Ayrloom | Lychee Dream | All-In-One | 1g,ayrloom,vaporizers,1g,5000,90.0,,hybrid,TRUE,https://shop.bedfordclub.com/menu/products/ayrloom-338877/vape-pens/x-ayrloom-lychee-dream-all-in-one-1g-5065563,https://tymber-blaze-products.imgix.net/36b83d072b30b8e834486b2758297b7d-4f52c618-44cf-4def-941e-66b4a6024440.jpg,2026-05-23T23:11:51.610988+00:00,"Like sipping on a bright + floral glass of rosé wine, but without the hangover. unwind + reach a higher buzz with the relaxing effects ayrloom’s lychee vape.",,Lychee Dream
bedford-club-bk,AI1-HOLIDAY-SC-1G,AI1-HOLIDAY-SC-1G,X| Holiday | Staycation | All-in-One | 1g,HOLIDAY,vaporizers,1g,5500,90.0,,hybrid,TRUE,https://shop.bedfordclub.com/menu/products/holiday-358936/vape-pens/x-holiday-staycation-all-in-one-1g-5108571,https://tymber-blaze-products.imgix.net/42717cd6d579033b34ab851e13b962a5-f7611829-8fa2-4471-95ba-dcf1357ed755.avif,2026-05-23T23:11:51.610988+00:00,"ABOUT THE HARDWARE: The H-bar hardware is USB-C rechargeable and has a window on the side for oil visibility. The compact design of the H-bar fits in the palm of your hand and can be comfortably placed in your pocket. The battery voltage is low, so the oil never burns and ensures you get a smooth hit every time. Holiday distillate vapes are flavored with high-quality botanical terpenes.",,Staycation
bedford-club-bk,AI1-MFNY-TURBBLUE-.5G,AI1-MFNY-TURBBLUE-.5G,X| MFNY | Turbo Blueberry | All-in-one | Live Resin | 0.5g,MFNY,vaporizers,.5g,4800,77.19,0.16,indica,TRUE,https://shop.bedfordclub.com/menu/products/mfny-337200/vape-pens/x-mfny-turbo-blueberry-all-in-one-live-resin-05g-5129512,https://tymber-blaze-products.imgix.net/MFNY-Live-Resin-Vape-Pen-Turbo-Blueberry--5g-fc8f6878-27b8-4be2-809a-81f392190d59.jpg,2026-05-23T23:11:51.610988+00:00,"The MFNY live resin vape pen has a terpene-rich profile of our single-source, in-house produced Super Runtz real live resin. We start with fresh-frozen flower buds, then use the hydrocarbon extraction method (plus years of experience and scientific precision) to deliver the purest plant extract. An extract that showcases the cultivar's naturally-produced, full-spectrum cannabinoids and remarkable natural terpenes. Comes in a sleek rechargeable Active EZ Click Glass All-In-One vape pen, preconfigured to enjoy at the perfect temperature. Vape cartridge contains concentrated live resin oil that is heated by a battery and vaporized for inhalation. These products are very potent and are designed to be consumed in 2-3 second puffs. Exclusively single-sourced at MFNY in the Hudson Valley. Together, we can take NY and all New Yorkers Ever UpwardTM",,Turbo Blueberry
bedford-club-bk,BAT-STIIIZY-BIIG-SILVER,BAT-STIIIZY-BIIG-SILVER,Battery - BIIIG - Silver,STIIIZY,merch,,2500,,,,TRUE,https://shop.bedfordclub.com/menu/products/stiiizy-467963/accessories/battery-biiig-silver-5131671,https://images.weedmaps.com/photos/products/000/264/927/3311740_292726_STIIIZY_BIIIG_BATTERY_SILVER_HG_1.png,2026-05-23T23:11:51.610988+00:00,ADVANCED KIT • BIIIG STIIIIZY Battery • USB Charging Cable • 550mAh Rechargeable Battery • USB Charging Port • Voltage: 3.4+-0.1V *Pods sold separately,,
bedford-club-bk,BAT-STIIIZY-BIIG-ROSEGOLD,BAT-STIIIZY-BIIG-ROSEGOLD,Battery - BIIIG - Rose Gold,STIIIZY,merch,,2500,,,,TRUE,https://shop.bedfordclub.com/menu/products/stiiizy-467963/accessories/battery-biiig-rose-gold-5131670,https://images.weedmaps.com/photos/products/000/264/926/3316943_UNI_STIIIZYS_BIIIG_STARTER_KIT_-_ROSE_GOLD_2.png,2026-05-23T23:11:51.610988+00:00,ADVANCED KIT • BIIIG STIIIIZY Battery • USB Charging Cable • 550mAh Rechargeable Battery • USB Charging Port • Voltage: 3.4+-0.1V *Pods sold separately,,
bedford-club-bk,BAT-STIIIZY-BIIG-RED,BAT-STIIIZY-BIIG-RED,Battery - BIIIG - Red,STIIIZY,merch,,2500,,,,TRUE,https://shop.bedfordclub.com/menu/products/stiiizy-467963/accessories/battery-biiig-red-5131669,https://images.weedmaps.com/photos/products/000/238/375/3316941_UNI_STIIIZYS_BIIIG_STARTER_KIT_-_RED_2.png,2026-05-23T23:11:51.610988+00:00,ADVANCED KIT • BIIIG STIIIIZY Battery • USB Charging Cable • 550mAh Rechargeable Battery • USB Charging Port • Voltage: 3.4+-0.1V *Pods sold separately,,
bedford-club-bk,BAT-STIIIZY-BIIG-GOLD,BAT-STIIIZY-BIIG-GOLD,Battery - BIIIG - Gold,STIIIZY,merch,,2500,,,,TRUE,https://shop.bedfordclub.com/menu/products/stiiizy-467963/accessories/battery-biiig-gold-5131668,https://images.weedmaps.com/photos/products/000/238/370/3316937_UNI_STIIIZYS_BIIIG_STARTER_KIT_-_GOLD_2.png,2026-05-23T23:11:51.610988+00:00,ADVANCED KIT • BIIIG STIIIIZY Battery • USB Charging Cable • 550mAh Rechargeable Battery • USB Charging Port • Voltage: 3.4+-0.1V *Pods sold separately,,
bedford-club-bk,BAT-STIIIZY-BIIG-BLUE,BAT-STIIIZY-BIIG-BLUE,Battery - BIIIG - Blue,STIIIZY,merch,,2500,,,,TRUE,https://shop.bedfordclub.com/menu/products/stiiizy-467963/accessories/battery-biiig-blue-5131667,https://images.weedmaps.com/photos/products/000/238/368/3316935_UNI_STIIIZYS_BIIIG_STARTER_KIT_-_BLUE_2.png,2026-05-23T23:11:51.610988+00:00,ADVANCED KIT • BIIIG STIIIIZY Battery • USB Charging Cable • 550mAh Rechargeable Battery • USB Charging Port • Voltage: 3.4+-0.1V *Pods sold separately,,
bedford-club-bk,BAT-STIIIZY-LITE,BAT-STIIIZY-LITE,Battery - Starter Kit - BLACK,STIIIZY,merch,,1800,,,,TRUE,https://shop.bedfordclub.com/menu/products/stiiizy-467963/accessories/battery-starter-kit-black-5131843,https://tymber-blaze-products.imgix.net/STIIIZYStandardBattery-Black1-min_1800x1800-67387f39-75a5-4af4-a91b-75134487fbcc.webp,2026-05-23T23:11:51.610988+00:00,STARTER KIT • Official Original STIIIZY Battery • USB Charging Cable • 210mAh Rechargeable Battery • USB Charging Port • Voltage: 3.2+-0.1V *Pods sold separately,,Black
bedford-club-bk,SPREAD-BUDESE-CANNATELLA,SPREAD-BUDESE-CANNATELLA,X| Cannatella - Hazelnut-Cocoa Spread - 100mg,urbanXtracts,edible,100.0 milligrams,3000,100.0,,hybrid,TRUE,https://shop.bedfordclub.com/menu/products/urbanxtracts-347022/edibles/x-cannatella-hazelnut-cocoa-spread-100mg-5132267,https://tymber-blaze-products.imgix.net/702fb21f11ea1fc8c66caa26d935a792-a386693e-ffad-43a0-9900-bdb595ff450f.png,2026-05-23T23:11:51.610988+00:00,Hazelnut - Chocolate Spread (Nutella-esque) Infused ! Seriously!,,Hazelnut - Cocoa
bedford-club-bk,AI1-AYR-CALM-FULL,AI1-AYR-CALM-FULL,X| Ayrloom | Calm | All-In-One | 4:1 THC:CBD | 1g,ayrloom,vaporizers,1g,5000,60.0,15.0,hybrid,TRUE,https://shop.bedfordclub.com/menu/products/ayrloom-338877/vape-pens/x-ayrloom-calm-all-in-one-41-thccbd-1g-5150952,https://tymber-blaze-products.imgix.net/download---2026-04-24T173323-730-7d6d7142-50e9-4474-bf66-b04a63d25e79.jpeg,2026-05-23T23:11:51.610988+00:00,Pure balance. expect a soothing and tranquil experience with ayrloom mood’s calm vape. a blend that’s both earthy and subtly sweet with lavender + red berry notes. perfect for an outdoor activity to calm the mind + connect with nature.,,
bedford-club-bk,AI1-AYR-REST-FULL,AI1-AYR-REST-FULL,X| Ayrloom | Rest | All-In-One | 4:1 THC:CBN | 1g,ayrloom,vaporizers,1g,5000,60.0,,indica,TRUE,https://shop.bedfordclub.com/menu/products/ayrloom-338877/vape-pens/x-ayrloom-rest-all-in-one-41-thccbn-1g-5150954,https://tymber-blaze-products.imgix.net/download---2026-04-24T173916-290-a16cc060-5430-43c7-98c0-ff54c2978097.jpeg,2026-05-23T23:11:51.610988+00:00,rest easy with this harmonious blend of earthy + floral aromatic notes. enjoy the natural grounding qualities to help you find peaceful calm + a sense of serenity. aryloom mood’s rest vape may promote a feeling of stress-relief and well-being.,,
bedford-club-bk,HONEY-HPOT-DAY-100MG,HONEY-HPOT-DAY-100MG,X| Day | Honey Pot | Edibles | 100mg,Honey Pot,edible,100.0 milligrams,2500,100.0,,sativa,TRUE,https://shop.bedfordclub.com/menu/products/honeypot-490764/edibles/x-day-honey-pot-edibles-100mg-5220173,https://tymber-blaze-products.imgix.net/7109406ff75b053c6fbfde3f87e8df82-d64e2d2b-aa06-4ea1-9f8f-ada2b0482f22.jpeg,2026-05-23T23:11:51.610988+00:00,"HoneyPot is a premium cannabis-infused product company that blends health-conscious ingredients with high-quality cannabis for a refined consumer experience. Rooted in New York City, HoneyPot caters to adults who seek non-smokable cannabis options, focusing on wellness, flavor, and accessibility. Whether for relaxation, energy, or culinary creativity, our products appeal to both new cannabis users and seasoned enthusiasts.",,
bedford-club-bk,ZZZ-DF-BOOKTIP,ZZZ-DF-BOOKTIP,"ZZZ's King Size Slim Papers + Tips - ""Dead Flowers"" by Dan Macura (32 leaves + 32 filters / booklet)",ZZZ'S ROLLING PAPERS,merch,,500,,,,TRUE,https://shop.bedfordclub.com/menu/products/zzzs-rolling-paper-508970/accessories/zzzs-king-size-slim-papers-tips-dead-flowers-by-dan-macura-32-leaves-32-filters-booklet-5220479,https://tymber-blaze-products.imgix.net/10850048458199-f9528f68-294d-4100-bb0e-6064f39935d7.PNG,2026-05-23T23:11:51.610988+00:00,"""Dead Flowers"" is a piece by Dan Macura, who is based out of Harwich Port MA on Cape Cod. ZZZ's Website",,
bedford-club-bk,ZZZ-SB-BOOKTIP,ZZZ-SB-BOOKTIP,"ZZZ's King Size Slim Papers + Tips - ""Shroom Booties"" by Cecilia Granata (32 leaves + 32 filters / booklet)",ZZZ'S ROLLING PAPERS,merch,,500,,,,TRUE,https://shop.bedfordclub.com/menu/products/zzzs-rolling-paper-508970/accessories/zzzs-king-size-slim-papers-tips-shroom-booties-by-cecilia-granata-32-leaves-32-filters-booklet-5220484,https://tymber-blaze-products.imgix.net/10850048458076-67a49126-df3a-4b60-aff6-643d5a2bd78d.PNG,2026-05-23T23:11:51.610988+00:00,,,
bedford-club-bk,ZZZ-QF-BOOKTIP,ZZZ-QF-BOOKTIP,"ZZZ's King Size Slim Papers + Tips - ""Queen of Flames"" by Trap Bob (32 leaves + 32 filters / booklet)",ZZZ'S ROLLING PAPERS,merch,,500,,,,TRUE,https://shop.bedfordclub.com/menu/products/zzzs-rolling-paper-508970/accessories/zzzs-king-size-slim-papers-tips-queen-of-flames-by-trap-bob-32-leaves-32-filters-booklet-5220482,https://tymber-blaze-products.imgix.net/10850048458373---01-c3ac6678-9758-4599-8379-5b826109a0f5.jpg,2026-05-23T23:11:51.610988+00:00,"Tenbeete Solomon, better known as Trap Bob, is a multidisciplinary artist based in Washington, DC. She is known for her use of bold colors and gestures to convey both the humor and struggles of everyday life. Her work is socially conscious and frequently inspired by activism and community issues, with an aim to bridge the gap between her audience and her message.",,
bedford-club-bk,ZZZ-JH-BOOKTIP,ZZZ-JH-BOOKTIP,"ZZZ's King Size Slim Papers + Tips - ""Joint Hands"" by Joaquin Carreño (32 leaves + 32 filters / booklet)",ZZZ'S ROLLING PAPERS,merch,,500,,,,TRUE,https://shop.bedfordclub.com/menu/products/zzzs-rolling-paper-508970/accessories/zzzs-king-size-slim-papers-tips-joint-hands-by-joaquin-carreo-32-leaves-32-filters-booklet-5220481,https://tymber-blaze-products.imgix.net/10850048458038-28b157d6-811b-465d-9e33-9f7ebdb3d667.PNG,2026-05-23T23:11:51.610988+00:00,,,
bedford-club-bk,ZZZ-IG-BOOKTIP,ZZZ-IG-BOOKTIP,"ZZZ's King Size Slim Papers + Tips - ""Intergalactic Trip"" by Bangerooo (32 leaves + 32 filters / booklet)",ZZZ'S ROLLING PAPERS,merch,,500,,,,TRUE,https://shop.bedfordclub.com/menu/products/zzzs-rolling-paper-508970/accessories/zzzs-king-size-slim-papers-tips-intergalactic-trip-by-bangerooo-32-leaves-32-filters-booklet-5220480,https://tymber-blaze-products.imgix.net/10860004767876-f41b4e7e-4466-4883-9ac7-249f94e9f065.jpg,2026-05-23T23:11:51.610988+00:00,,,
bedford-club-bk,B962PRO1,B962PRO1,"ZZZ's Mini 6pk Cones - ""Intergalactic Trip"" by Bangerooo",ZZZ'S ROLLING PAPERS,merch,,400,,,,TRUE,https://shop.bedfordclub.com/menu/products/zzzs-rolling-paper-508970/accessories/zzzs-mini-6pk-cones-intergalactic-trip-by-bangerooo-5224863,https://tymber-blaze-products.imgix.net/850048458307-d347c8a0-ffc4-45e3-a98d-0e84f6b68edf.jpg,2026-05-23T23:11:51.610988+00:00,,,
bedford-club-bk,BA37PRO1,BA37PRO1,"ZZZ's King Size Slim ""Mush Love"" Papers by Ceci Granata (32 leaves/pack)",ZZZ'S ROLLING PAPERS,merch,,250,,,,TRUE,https://shop.bedfordclub.com/menu/products/zzzs-rolling-paper-508970/accessories/zzzs-king-size-slim-mush-love-papers-by-ceci-granata-32-leavespack-5224862,https://tymber-blaze-products.imgix.net/10850048458298-9082545d-3530-44a8-893b-a067fd5388e4.jpg,2026-05-23T23:11:51.610988+00:00,,,
bedford-club-bk,B8E2PRO1,B8E2PRO1,"ZZZ's King Size 3pk Cones - ""Samuel The Sloth"" by Tim Molloy",ZZZ'S ROLLING PAPERS,merch,,500,,,,TRUE,https://shop.bedfordclub.com/menu/products/zzzs-rolling-paper-508970/accessories/zzzs-king-size-3pk-cones-samuel-the-sloth-by-tim-molloy-5224861,https://tymber-blaze-products.imgix.net/10850048458250-7742fbb0-d563-47ae-8a30-094bf35cced1.jpg,2026-05-23T23:11:51.610988+00:00,,,
bedford-club-bk,BD66PRO1,BD66PRO1,"ZZZ's 1 1/4 Papers + Tips - ""Mush Love"" by Cecilia Granata (32 leaves + 32 filters / booklet)",ZZZ'S ROLLING PAPERS,merch,,400,,,,TRUE,https://shop.bedfordclub.com/menu/products/zzzs-rolling-paper-508970/accessories/zzzs-1-14-papers-tips-mush-love-by-cecilia-granata-32-leaves-32-filters-booklet-5224860,https://tymber-blaze-products.imgix.net/10850048458090-5891bb53-619d-4328-8562-a5911e493066.jpg,2026-05-23T23:11:51.610988+00:00,"Cecilia Granata's famous ""Mush Love"" design is back in 1 1/4 size. The Tattoo artist put a green twist on her iconic mushroom butts design for the ZZZ's booklet. It may not be the original, butt we think its pretty awesome. ZZZ's Website",,
bedford-club-bk,BDE8PRO1,BDE8PRO1,"ZZZ's 1 1/4 Papers + Tips - ""Love in the Time of Corona"" by Allan Sousa (32 leaves + 32 filters / booklet)",ZZZ'S ROLLING PAPERS,merch,,400,,,,TRUE,https://shop.bedfordclub.com/menu/products/zzzs-rolling-paper-508970/accessories/zzzs-1-14-papers-tips-love-in-the-time-of-corona-by-allan-sousa-32-leaves-32-filters-booklet-5224859,https://tymber-blaze-products.imgix.net/10850048458366-daf86575-9893-4dd2-b965-b531ebcf6cf3.jpg,2026-05-23T23:11:51.610988+00:00,,,
bedford-club-bk,ZZZ-DRIF-BOOKTIP-114,ZZZ-DRIF-BOOKTIP-114,"ZZZ's 1 1/4 Papers + Tips - ""Drifting"" by Olivia Dinnall (32 leaves + 32 filters / booklet)",ZZZ'S ROLLING PAPERS,merch,,400,,,,TRUE,https://shop.bedfordclub.com/menu/products/zzzs-rolling-paper-508970/accessories/zzzs-1-14-papers-tips-drifting-by-olivia-dinnall-32-leaves-32-filters-booklet-5224858,https://tymber-blaze-products.imgix.net/10850048458168-ee751e08-b47d-475d-b363-982e35d9b0af.jpg,2026-05-23T23:11:51.610988+00:00,"""Drifting"" is Massachussetts native Olivia Dinnall's first ZZZ's design and provides a nautical twist to our collection. Olivia graduated from the Art Institute of Boston with a Bachelors degree in Illustration. Her art is a reflection of my life experiences as a mixed race woman growing up in America with an my love of colors, the sea and fashion design. ZZZ's Website",,
bedford-club-bk,ZZZ-CEC-TRAY,ZZZ-CEC-TRAY,Rolling Tray with Magnetic Lid - Mush Love by Cecilia Granata,ZZZ'S ROLLING PAPERS,merch,,1200,,,,TRUE,https://shop.bedfordclub.com/menu/products/zzzs-rolling-paper-508970/accessories/rolling-tray-with-magnetic-lid-mush-love-by-cecilia-granata-5224855,https://tymber-blaze-products.imgix.net/il_fullxfull-6641934029_ter7-dd1748db-978e-4cd6-9b6c-2e6f8cf9fd45.jpg,2026-05-23T23:11:51.610988+00:00,"Cecilia Granata's famous ""Mush Love"" design is back in King Size Slim. The Tattoo artist put a green twist on her iconic mushroom butts design for the ZZZ's booklet. ZZZ's Website",,
bedford-club-bk,ZZZ-TIM-TRAY,ZZZ-TIM-TRAY,Rolling Tray with Magnetic Cover - Samuel The Sloth by Tim Molloy,ZZZ'S ROLLING PAPERS,merch,,1200,,,,TRUE,https://shop.bedfordclub.com/menu/products/zzzs-rolling-paper-508970/accessories/rolling-tray-with-magnetic-cover-samuel-the-sloth-by-tim-molloy-5224854,https://tymber-blaze-products.imgix.net/rolling-tray-with-magnetic-cover-samuel-the-sloth-by-tim-molloy-787858-c078ce9a-6ce0-4912-84e0-16df51fdfb1d.jpg,2026-05-23T23:11:51.610988+00:00,"The packaging art features artist Tim Molloy, a renowned illustrator and comic artist from Melbourne, Australia. Molloy's work is characterized as ""ridiculous apocalyptic psychedelic art."" He uses surrealist techniques, symbolist ideas, synchronicity and dreams to construct his stories. ZZZ's Website",,
bedford-club-bk,ZZZ-JOAQ-TRAY,ZZZ-JOAQ-TRAY,Rolling Tray with Magnetic Cover - Joint Hands by Joaquin Carreno,ZZZ'S ROLLING PAPERS,merch,,1200,,,,TRUE,https://shop.bedfordclub.com/menu/products/zzzs-rolling-paper-508970/accessories/rolling-tray-with-magnetic-cover-joint-hands-by-joaquin-carreno-5224853,https://tymber-blaze-products.imgix.net/rolling-tray-with-magnetic-cover-joint-hands-by-joaquin-carreno-763904-dd9cf8fe-6b89-4098-a943-3f29c1ed32dd.jpg,2026-05-23T23:11:51.610988+00:00,,,
bedford-club-bk,ZZZ-BANG-TRAY,ZZZ-BANG-TRAY,Rolling Tray with Magnetic Cover - Intergalactic Trip by Bangerooo,ZZZ'S ROLLING PAPERS,merch,,1200,,,,TRUE,https://shop.bedfordclub.com/menu/products/zzzs-rolling-paper-508970/accessories/rolling-tray-with-magnetic-cover-intergalactic-trip-by-bangerooo-5224852,https://tymber-blaze-products.imgix.net/rolling-tray-with-magnetic-cover-intergalactic-trip-by-bangerooo-315727-4665db33-fb50-4ee8-9f7a-dd19f4d2b024.webp,2026-05-23T23:11:51.610988+00:00,,,
bedford-club-bk,ZZZ-ADAM-TRAY,ZZZ-ADAM-TRAY,Rolling Tray with Magnetic Cover - Alltopia by Adam O'Day,ZZZ'S ROLLING PAPERS,merch,,1200,,,,TRUE,https://shop.bedfordclub.com/menu/products/zzzs-rolling-paper-508970/accessories/rolling-tray-with-magnetic-cover-alltopia-by-adam-oday-5224851,https://tymber-blaze-products.imgix.net/rolling-tray-with-magnetic-cover-alltopia-by-adam-oday-649961-de76158c-17fb-48ef-96dd-5c150636df42.jpg,2026-05-23T23:11:51.610988+00:00,"Alltopia: The paintings are a love letter to working as an artist in Allston/Boston, being as I lived there for almost a decade of my life, pretty much all of my twenties. It's where I had my first little art studio. It's where I worked so many jobs. It's where I met my wife and started to legitimize my art career. And I began to think, what would tell this story better than Picasso's Guernica. It's been said to be the best large painting/mural of all time. I love how the cubism effect lets me weave a lot of narratives. It feels like pop surrealism mixed with cubism without even referencing any pop culture or branding. You can start to see characters working, living, exploring in the vast rainbows and imagery. There's a conceptual self-portrait in there, dreaming about diamonds and swimming pools. The point is Allston is a utopian landscape for creatives and individuals. ZZZ's Website",,
bedford-club-bk,510-HH-1G-MM,510-HH-1G-MM,X| Heavy Hitters | Mimosa | 510 | 1g,Heavy Hitters,vaporizers,1g,8000,90.0,,hybrid,TRUE,https://shop.bedfordclub.com/menu/products/heavy-hitters-390654/vape-pens/x-heavy-hitters-mimosa-510-1g-5264570,https://tymber-blaze-products.imgix.net/NY---HH-Ultra-1g---01-3be0f3c9-da02-45d3-b785-dbf908a575b0.jpg,2026-05-23T23:11:51.610988+00:00,"Mimosa is a sativa-dominant hybrid born from crossing Purple Punch and Clementine. Ideal for a morning boost, this strain offers bright, happy daytime effects, helping to shake off sleep and start your day with a positive mood. The high brings an energetic, clear-headed lift, filling your mind with euphoric motivation and sharp focus, accompanied by a light body tingle. Mimosa features a sweet and sour tropical citrus flavor with a light berry exhale, reminiscent of a fresh mimosa. Its aroma carries the same citrusy profile, but with added notes of woody florals and fresh earthy herbs. Strain Type : Hybrid Taste Profile: Citrus, Tropical, Berry Effect Profile: Euphoric, Motivating, Creative Lineage: Purple Punch X Clementine",,Mimosa
bedford-club-bk,AI1-MB-ZT-1G,AI1-MB-ZT-1G,X| Microbar | Zhirley Temple | All-in-One | 1g,Micro Bar,vaporizers,1g,5000,95.0,,hybrid,TRUE,https://shop.bedfordclub.com/menu/products/micro-bar-517094/vape-pens/x-microbar-zhirley-temple-all-in-one-1g-5328725,https://images.weedmaps.com/photos/products/000/530/193/2460189_MicroBar_-_Zhirley_Temple_-_Quickstrike.png,2026-05-23T23:11:51.610988+00:00,"Quickstrike is a brand idea applied to the limited edition THC vape release flavor of Zhirley Temple, available only for a short period of time. This unique flavor features a blend of sweet and tangy lemon-lime soda, mixed with hints of grenadine and maraschino cherry, delivering a distinct and refreshing taste that will transport you to your favorite soda fountain. Experience the Quickstrike difference with this limited edition flavor of Shirley Temple.",,Zhirley Temple
bedford-club-bk,AI1-MB-SM-1G,AI1-MB-SM-1G,X| Microbar | Strawberry Mochi  | All-in-One | 1g,Micro Bar,vaporizers,1g,5000,95.0,,hybrid,TRUE,https://shop.bedfordclub.com/menu/products/micro-bar-517094/vape-pens/x-microbar-strawberry-mochi-all-in-one-1g-5328722,https://images.weedmaps.com/photos/products/000/662/410/4041460_Micro_Bar_-_Strawberry_Mochi-38.png,2026-05-23T23:11:51.610988+00:00,"Strawberry Mochi (Hybrid) — Indulge in the perfect balance of sweet, berry, and creamy with Micro Bar’s new Strawberry Mochi! Each puff delivered the juicy taste of ripe strawberries, followed by a smooth, velvety mochi finish. Crafted for a satisfying and flavorful experience, this dessert-inspired blend is refreshing yet indulgent - ideal for any moment. Enjoy!",,Strawberry Mochi
bedford-club-bk,AI1-MB-SF-1G,AI1-MB-SF-1G,X| Microbar | Strawberry Fields | All-in-One | 1g,Micro Bar,vaporizers,1g,5000,98.0,,indica,TRUE,https://shop.bedfordclub.com/menu/products/micro-bar-517094/vape-pens/x-microbar-strawberry-fields-all-in-one-1g-5328721,https://images.weedmaps.com/photos/products/000/530/190/2460186_MicroBar_Strawberry_Fields_-_2.png,2026-05-23T23:11:51.610988+00:00,"Everyone recognizes the taste of this classic red berry—fresh, sweet, and perfectly tart. Strawberry Fields is a heavy Indica that will relax, recenter, and remind you of those warm summer days enjoying this juicy, sweet berry.",,Strawberry Fields
bedford-club-bk,AI1-AYR-1G-ENERGY,AI1-AYR-1G-ENERGY,X| Ayrloom | Energy | All-In-One | 4:1:1 THC:CBG:THCv | 1g,ayrloom,vaporizers,1g,5000,56.38,,sativa,TRUE,https://shop.bedfordclub.com/menu/products/ayrloom-338877/vape-pens/x-ayrloom-energy-all-in-one-411-thccbgthcv-1g-5338969,https://tymber-blaze-products.imgix.net/download---2026-04-24T173641-465-1f06279f-9791-4ddc-9112-a8ce4b8b1549.jpeg,2026-05-23T23:11:51.610988+00:00,"Reach new heights + seek new perspectives while you energize your mind, body + spirit. with zesty citrus notes, our energy vape can help motivate, excite + engage. the combination of CBG + THCV provides a steady uplifted effect without the crash. 4:1:1 THC + CBG + THCV cannabis all-in-one 1g vape pen",,
bedford-club-bk,510-HH-BD-1G,510-HH-BD-1G,X| Heavy Hitters | Blue Dream | 510 | 1g,Heavy Hitters,vaporizers,1g,9000,95.0,,sativa,TRUE,https://shop.bedfordclub.com/menu/products/heavy-hitters-390654/vape-pens/-x-heavy-hitters-blue-dream-510-1g-5514105,https://images.weedmaps.com/photos/products/000/024/089/2010224_HH_Ultra_1G_Box_and_Vape-1200x1200-28e5ebb.png,2026-05-23T23:11:51.610988+00:00,"Heavy Hitters Ultra Extract represents the pinnacle of cannabis purity. Combining top-tier input material and uncompromising quality control, Heavy Hitters benchmark oil delivers an ultra pure, perfectly-crafted cannabis experience. Ultra Extract is sourced from the top 1% of California indoor flower and extracted within 30 days of harvest. The result is clear, smooth oil with exceptional taste. Each cartridge is subjected to six independent quality checks, ensuring an exceptionally reliable vape experience. Ultra Extract is crafted with 100% cannabis-native terpenes and contains up to 95% THC. Heavy Hitters' Blue Dream is a classic sativa with flavors of sweet blueberry, earthy pine and a floral finish. This strain offers a soaring cerebral effect followed by a calming full-body high that won't rob you of your motivation. Strain Type: Sativa Taste Profile: Blueberry, Sweet, Pine Effect Profile: Cerebral, Full-body high, Creative Lineage: Blueberry x Haze",,Blue Dream
bedford-club-bk,AI1-HH-AG-0.5G,AI1-HH-AG-0.5G,X| Heavy Hitters | Acapulco Gold | All-In-One | 0.5g,Heavy Hitters,vaporizers,.5g,5500,95.0,,sativa,TRUE,https://shop.bedfordclub.com/menu/products/heavy-hitters-390654/vape-pens/x-heavy-hitters-acapulco-gold-all-in-one-05g-5514104,https://images.weedmaps.com/photos/products/000/578/048/2944436_HH_NY_AIO_0.5g.png,2026-05-23T23:11:51.610988+00:00,"NEW YORK'S TOP-TIER WHOLE FLOWER. THE RESULT IS A CLEAR, SMOOTH, AND POTENT OIL WITH EXCEPTIONAL TASTE. EACH CARTRIDGE IS SUBJECTED TO MULTIPLE INDEPENDENT QUALITY CHECKS ENSURING A BEST-IN-CLASS VAPE EXPERIENCE. ULTRA EXTRACT IS CRAFTED WITH 100% CANNABIS-NATIVE TERPENES AND CONTAINS UP TO 95% THC. TREAT YOURSELF TO A STORIED LEGACY AND THE TREASURE OF A LIFETIME. ACAPULCO GOLD IS WIDELY RECOGNIZED AS ONE OF THE “GREATEST STRAINS OF ALL TIME”, AND ONCE YOU EXPERIENCE THIS CREAMY, TOFFEE-TASTING SLICE OF HEAVEN, YOU’LL UNDERSTAND WHY IT’S A FIRST CHOICE FOR CANNABIS ENTHUSIASTS ACROSS THE GLOBE. EXPECT MOTIVATION, ENERGY, AND A CEREBRAL HIGH THAT’LL HAVE YOU BACK FOR MORE. PHENOTYPE: SATIVA FLAVOR PROFILE: PINE, LEMON, EARTHY EFFECT PROFILE: EUPHORIC, CREATIVE, HAPPY",,Acapulco Gold
bedford-club-bk,BALM-P&B-RL-3:1-50ML,BALM-P&B-RL-3:1-50ML,X| Releaf Balm | Papa & Barkley | 3:1 CBD:THC | 50ml,Papa & Barkley,topical,,9000,150.0,450.0,,TRUE,https://shop.bedfordclub.com/menu/products/papa-barkley-536794/topicals/x-releaf-balm-papa-barkley-31-cbdthc-50ml-5514112,https://images.weedmaps.com/photos/products/000/030/088/2243118_P_B_CA_3to1_50mlBalm_Jar_ProductImage_Directory_02.jpg,2026-05-23T23:11:51.610988+00:00,"""CBD-rich balm designed to support joint and muscle comfort and promote healthy joint function and mobility. The 3:1 Releaf Balm is rich in CBD and ideal for easing daily discomfort, as well as supporting muscle and joint care. Our award-winning balm formula is enriched with nourishing oils, including eucalyptus, tea tree, peppermint, and lavender. Papa & Barkley’s Releaf Balms are crafted using our signature solventless, chemical-free infusion process, which preserves the plant’s full spectrum of cannabinoids, terpenes, and phytonutrients for maximum benefits. Product Cannabinoids: 15ml Balm: 180mg (135mg CBD, 33mg THC) 50ml Balm: 600mg (450mg CBD, 150mg THC) Product Weight: 15ml (0.5oz) 50ml (1.7oz) Ingredients: Cannabis, Coconut Oil, Beeswax, Essential Oil Blend (Eucalyptus, Tea Tree, Peppermint, Lavender), Vitamin E Oil Directions: Apply balm liberally and gently massage over the targeted area until completely absorbed. Reapply as needed. Consult your doctor if irritation develops. This statement has not been evaluated by the Food and Drug Administration. This product is not intended to diagnose, treat, cure, or prevent any disease.""",,
bedford-club-bk,BALM-P&B-RELEAF,BALM-P&B-RELEAF,X| Releaf Balm | Papa & Barkley | 1:3 CBD:THC | 50ml,Papa & Barkley,topical,,9000,300.0,100.0,,TRUE,https://shop.bedfordclub.com/menu/products/papa-barkley-536794/topicals/x-releaf-balm-papa-barkley-13-cbdthc-50ml-5514110,https://images.weedmaps.com/photos/products/000/030/090/2243106_P_B_CA_1to3_50mlBalm_Jar_ProductImage_Directory_02.jpg,2026-05-23T23:11:51.610988+00:00,"THC rich balm for sharp aches and pains. The 1:3 Releaf Balm is rich in THC and provides relief to deep pain points and sore muscles. Our award-winning, all-natural balm formula is enriched with nourishing oils including eucalyptus, tea tree, peppermint and lavender. Papa & Barkley’s Releaf Balms are made with our signature solventless, chemical-free infusion process to preserve the plant’s full spectrum of cannabinoids, terpenes and phytonutrients for maximum therapeutic benefits and pain relief. Product Cannabinoids: 400mg (100mg CBD, 300mg THC) Product Weight: 50ml, 1.7oz Ingredients: Cannabis, Coconut Oil, Beeswax, Essential Oil Blend (Eucalyptus, Tea Tree, Peppermint, Lavender), Vitamin E Oil Directions: Apply balm liberally and gently massage over targeted area until completely absorbed. Reapply as needed. Consult your doctor if irritation develops.",,
bedford-club-bk,BALM-P&B-RL-1:3-15ML,BALM-P&B-RL-1:3-15ML,X| Papa & Barkley | Releaf Balm | 1:3 CBD:THC | 15ml,Papa & Barkley,topical,,3000,90.0,30.0,,TRUE,https://shop.bedfordclub.com/menu/products/papa-barkley-536794/topicals/x-papa-barkley-releaf-balm-13-cbdthc-15ml-5514109,https://images.weedmaps.com/photos/products/000/030/089/2243098_P_B_CA_1to3_15mlBalm_Jar_ProductImage_Directory_01.jpg,2026-05-23T23:11:51.610988+00:00,"""THC-rich balm designed to support joint and muscle comfort. The 1:3 Releaf Balm is rich in THC and provides targeted support for deep discomfort and sore muscles. Our award-winning, all-natural balm formula is enriched with nourishing oils, including eucalyptus, tea tree, peppermint, and lavender. Papa & Barkley’s Releaf Balms are crafted using our signature solventless, chemical-free infusion process to preserve the plant’s full spectrum of cannabinoids, terpenes, and phytonutrients for maximum therapeutic benefits. Product Cannabinoids: 15ml Balm: 120mg (30mg CBD, 90mg THC) 50ml Balm: 400mg (100mg CBD, 300mg THC) Product Weight: 15ml (0.5oz) 50ml (1.7oz) Ingredients: Cannabis, Coconut Oil, Beeswax, Essential Oil Blend (Eucalyptus, Tea Tree, Peppermint, Lavender), Vitamin E Oil Directions: Apply balm liberally and gently massage over the targeted area until completely absorbed. Reapply as needed. Consult your doctor if irritation develops. This statement has not been evaluated by the Food and Drug Administration. This product is not intended to diagnose, treat, cure, or prevent any disease.""",,
bedford-club-bk,GUM-AYR-DW-1:3,GUM-AYR-DW-1:3,X| Ayrloom | Dreamweaver | 1:3 | Sweet Plum| | Gummies | 10pcs | 10mg | THC:CBN,ayrloom,edible,,3000,100.0,,indica,TRUE,https://shop.bedfordclub.com/menu/products/ayrloom-338877/edibles/x-ayrloom-dreamweaver-13-sweet-plum-gummies-10pcs-10mg-thccbn--5542573,https://tymber-blaze-products.imgix.net/ayr-gummies-dreamweaver-10mg-10pk-67f96b0872046--1--9b4c4a48-662f-4eca-a65f-cedd33b4cbc4.png,2026-05-23T23:11:51.610988+00:00,"sweet dreams await. sweet plum, cozy spice, and rest-supporting cannabinoids come together to soften your night. crafted to catch the chaos of your day and ease you into rest, dreamweaver is woven with calming CBN—your gentle guide to dreamland.",,
bedford-club-bk,510-NRAE-WW-1G,510-NRAE-WW-1G,X| Jaunty | White Widow | 510 | 1g,Jaunty,vaporizers,1g,4500,90.0,,hybrid,TRUE,https://shop.bedfordclub.com/menu/products/jaunty-345194/vape-pens/x-jaunty-white-widow-510-1g-5601379,https://tymber-blaze-products.imgix.net/Classic-WhiteWidow-8661645b-7339-4eaf-be53-c2ba7e41a428.jpg,2026-05-23T23:11:51.610988+00:00,"White Widow is a legendary hybrid with origins dating back to the ‘90s. Known for its distinctive peppery citrus aroma, it delivers a mentally stimulating high balanced by a calming, relaxing undertone. Jaunty’s classic 510-thread vape cartridges combine proprietary blends of cannabis-derived terpenes with premium extracted cannabis oil, delivering true-to-strain flavors and effects-based profiles. Primary terpenes: Pinene, Myrcene, β-Caryophyllene",,White Widow
bedford-club-bk,BEV-HP-ROPOP,BEV-HP-ROPOP,X| High Peaks | SPARKLING ROCKET POP | 1 Can | 10mg | 12oz,High Peaks,edible,10.0 milligrams,500,10.0,5.0,hybrid,TRUE,https://shop.bedfordclub.com/menu/products/high-peaks-447754/beverage/x-high-peaks-sparkling-rocket-pop-1-can-10mg-12oz-5676187,https://tymber-blaze-products.imgix.net/HP_RocketPop_WebpageIMG_transparentmockup_FINAL_01-5c9e28e4-4646-41ab-925c-9958bc55babe.webp,2026-05-23T23:11:51.610988+00:00,"Introducing High Peaks Sparkling Rocket Pop — a nostalgic burst of red, white, and blue flavor reimagined for grown-up taste buds. With 10mg of THC and 5mg of CBD, this limited-edition treat blends sweet cherry, bright lime, and cool blue raspberry into a perfect flavor experience. Lively bubbles and balanced cannabinoids come together for a refreshing ride that’s as bold as summer itself. Available for a short time—savor the spark while it lasts.",,Rocket Pop
bedford-club-bk,BATT-PAX-LAV,BATT-PAX-LAV,Era Go | Pax | Battery | Lavender,PAX,merch,,1800,,,,TRUE,https://shop.bedfordclub.com/menu/products/pax-554746/accessories/era-go-pax-battery-lavender-5678257,https://images.weedmaps.com/photos/products/000/632/730/3610750_PAX_Era_Go_-_Lavender_-_USBC.png,2026-05-23T23:11:51.610988+00:00,"Our latest and greatest release, the ERA GO! Offers the PAX experience, for less, without compromising on quality, safety or flavor. The key to the ERA GO is its simplicity - just pop in a pod and you’re good to go. We’ve simplified things to focus on what customers want most: flavorful hits, long battery life, and no clogging or leaking.",,
bedford-club-bk,BATT-PAX-GOLD,BATT-PAX-GOLD,Gold | Pax | Era Go | Battery,PAX,merch,,1800,,,,TRUE,https://shop.bedfordclub.com/menu/products/pax-554746/accessories/gold-pax-era-go-battery-5678256,https://images.weedmaps.com/photos/products/000/632/728/3610736_PAX_Era_Go_-_Gold_-_USBC.png,2026-05-23T23:11:51.610988+00:00,"Our latest and greatest release, the ERA GO! Offers the PAX experience, for less, without compromising on quality, safety or flavor. The key to the ERA GO is its simplicity - just pop in a pod and you’re good to go. We’ve simplified things to focus on what customers want most: flavorful hits, long battery life, and no clogging or leaking.",,
bedford-club-bk,510-BK-RZ-1G,510-BK-RZ-1G,X| Brass Knuckles | Runtz | 510 | 1g,Brass Knuckles,vaporizers,1g,6000,,,hybrid,TRUE,https://shop.bedfordclub.com/menu/products/brass-knuckles-482004/vape-pens/x-brass-knuckles-runtz-510-1g-5679548,https://images.weedmaps.com/products/000/603/727/avatar/1717002604-distillate_510_cart_brassknuckles.jpg,2026-05-23T23:11:51.610988+00:00,"Brass Knuckles Runtz - Hybrid Runtz is a hybrid cannabis strain known for its vibrant and sweet flavor profile, often likened to the taste of sugary candy or fruit-flavored sweets. Here's a detailed description of its flavor: 1. Sweetness : Runtz is characterized by its intense sweetness, similar to that of candy or sugary desserts. This sweetness is often the most prominent flavor note, providing a delicious and enjoyable taste experience. 2. Fruity : Many users describe Runtz as having a fruity flavor profile, with notes reminiscent of tropical fruits like pineapple, mango, or passionfruit. These fruity undertones add depth and complexity to the overall taste, enhancing its sweetness. 3. Creamy : Some variations of Runtz may exhibit a creamy texture or taste, adding a smooth and velvety quality to the flavor profile. This creamy aspect complements the sweetness and contributes to the overall mouthfeel of the strain. 4. Citrus : Alongside its sweetness and fruitiness, Runtz may also contain hints of citrus, such as lemon or orange. These citrus notes provide a refreshing and tangy contrast to the sweetness, adding to the complexity of its flavor profile. 5. Candy-like : Overall, Runtz is often described as having a candy-like flavor reminiscent of popular confections. Its sweet, fruity, and sometimes creamy taste makes it a favorite among cannabis enthusiasts looking for a delicious and indulgent experience. Overall, Runtz offers a delightful and well-balanced flavor profile that combines intense sweetness, fruity notes, creaminess, and hints of citrus. Its candy-like taste makes it a popular choice for those with a sweet tooth, while its hybrid effects provide a balanced and enjoyable high.",,Alpha Runtz
bedford-club-bk,30,30,Battery - STIIIZY BAR - BLACK,STIIIZY,merch,,3000,,,,TRUE,https://shop.bedfordclub.com/menu/products/stiiizy-467963/accessories/battery-stiiizy-bar-black-5765665,https://tymber-blaze-products.imgix.net/STIIIZY_BAR_CAROSAL_pg8_1080X1350_-a0bd79d5-5dae-4532-b4c6-596688273550.png,2026-05-23T23:11:51.610988+00:00,ADVANCED KIT • BIIIG STIIIIZY Battery • USB Charging Cable • 550mAh Rechargeable Battery • USB Charging Port • Voltage: 3.4+-0.1V *Pods sold separately,,STIIIZY BAR
bedford-club-bk,BAT-STIIIZY-PROXL-CAMO,BAT-STIIIZY-PROXL-CAMO,Battery - Pro XL - Camo,STIIIZY,merch,,2500,,,,TRUE,https://shop.bedfordclub.com/menu/products/stiiizy-467963/accessories/battery-pro-xl-camo-5765664,https://images.weedmaps.com/products/000/705/988/avatar/1742532546-stiiizy_pro-xl_camo_01.png,2026-05-23T23:11:51.610988+00:00,"Experience the future of THC delivery with the STIIIZY Pro XL. This cutting-edge proprietary vape battery features adjustable voltage settings, allowing you to tailor your experience to perfection with more power and battery life. Designed with discreetness, portability, and convenience, the STIIIZY Pro XL is revolutionizing cannabis delivery systems. Elevate your experience with STIIIZY's innovative and inspiring technology. *Not compatible with Portable Power Case. *Pods sold separately",,CAMO
bedford-club-bk,BAT-STIIIZY-PRO-WHITE,BAT-STIIIZY-PRO-WHITE,Battery - Pro - Pearl White,STIIIZY,merch,,2000,,,,TRUE,https://shop.bedfordclub.com/menu/products/stiiizy-467963/accessories/battery-pro-pearl-white-5765663,https://tymber-blaze-products.imgix.net/STIIIZY_PRO_PEARL-WHITE_02-bf278b83-4c20-4f6c-9ae6-eb7c09f540f5.png,2026-05-23T23:11:51.610988+00:00,"Experience the future of THC delivery with the STIIIZY Pro. This cutting-edge proprietary vape battery features adjustable voltage settings, allowing you to tailor your experience to perfection. Designed with discreetness, portability, and convenience, the STIIIZY Pro is revolutionizing cannabis delivery systems. Elevate your experience with STIIIZY's innovative and inspiring technology. *Not compatible with Portable Power Case. *Pods sold separately",,WHITE
bedford-club-bk,HUDSON-HASH-MCG,HUDSON-HASH-MCG,X| Hudson Cannabis | Mango Cherry Gelato | Hash | 1g,Hudson Cannabis,concentrate,1g,4800,50.0,0.11,hybrid,TRUE,https://shop.bedfordclub.com/menu/products/hudson-cannabis-349204/concentrates/x-hudson-cannabis-mango-cherry-gelato-hash-1g-5769427,https://tymber-blaze-products.imgix.net/Hash_1_MangoCherryGelato---01-0ec26a33-e29a-4c85-9d1f-93e5f705df71.jpg,2026-05-23T23:11:51.610988+00:00,"Mango Cherry Gelato smells like ripe tropical mango, with creamy vanilla flavors, and a deep cherry aroma. This happy hybrid warms your mood like bright summer sun, and cools the body with smooth waves of relaxation. Whether you max out on mango, or make it the cherry on top, this hash will hit the spot. Hudson Cannabis grows heritage seeds in organic living soil, and utilizes the full powers of the sun and moon, for a naturally optimal experience. Founded by women, owned by farmers, and powered by regenerative agriculture Hudson Cannabis is committed to cultivating a higher quality product that positively impacts our bodies, communities, and ecosystems.",,Mango Trop Cherry x Lemon Cherry Gelato
bedford-club-bk,GUM-OH-PB,GUM-OH-PB,X| Off Hours | Pink Berry | Daydream | Gummies | 10pcs | 10mg,Off Hours,edible,,2800,100.0,,sativa,TRUE,https://shop.bedfordclub.com/menu/products/off-hours-352520/edibles/x-off-hours-pink-berry-daydream-gummies-10pcs-10mg-5892275,https://tymber-blaze-products.imgix.net/Daydream-c15c2270-9a1c-4fc1-a6eb-03285c9be3d2.png,2026-05-23T23:11:51.610988+00:00,"FLAVOR: Strawberry Acai with Coconut TERPENES: SPECIAL BLEND FOR CREATIVE SIZE: 10CT STRENGTH: 100mg THC (10MG/Serving) + 20mg CBG (2mg/serving) + 20mg CBC (2mg/serving) Open your mind with Off Hours Pink Berries Daydream gummies. Uniquely formulated with a blend of uplifting CBG and dreamy CBC, these gummies are ideal for inspiring your creative spark and elevating your mood. SUGGESTED USE: Start with 1/2 of a gummy. Wait 1 full hour before increasing dose. INGREDIENTS: Organic Cane Sugar, Reverse Osmosis Water, Organic Tapioca Syrup, Organic Fruit Juice From Concentrate, Fruit Pectin, Organic Fruit Flavoring, Natural Food Coloring, MCT Oil, Cannabis Extract, Soy Extract, Terpenes",,
bedford-club-bk,A1O-CBALS-CM-1G,A1O-CBALS-CM-1G,X| Cannabals | Cereal Milk | All-in-One | 1g,Cannabals,vaporizers,1g,5000,88.0,,hybrid,TRUE,https://shop.bedfordclub.com/menu/products/cannabals-382163/vape-pens/x-cannabals-cereal-milk-all-in-one-1g-5941425,https://tymber-blaze-products.imgix.net/145c714690909516_1739274640103-799697480-23423412123-10cc58c6-040f-4426-a484-8b95100246fb.jpg,2026-05-23T23:11:51.610988+00:00,"CANNABALS | Cereal Milk | 1 Gram All-in-One Vape THC Range: 88% Net Weight: 1 Gram Strain Type: Hybrid Product Description: Start your day with a bowl of CANNABALS Cereal Milk! This convenient and discreet disposable vape pen contains one gram of high-potency hybrid cannabis oil infused with the delicious flavor of cereal milk. Cereal Milk is known for its sweet and creamy taste, reminiscent of the milk left after finishing a bowl of your favorite cereal. With CANNABALS, you can enjoy the full flavor and aroma of this unique strain in a convenient and portable vape. It's a delightful experience that will leave you feeling uplifted and satisfied. Don't settle for ordinary cannabis products. Elevate your vaping experience with CANNABALS and enjoy the nostalgic flavors of Cereal Milk in every puff. Effects: Uplifting, Relaxing, Creative",,Cereal Milk
bedford-club-bk,JAM-QUARTZ,JAM-QUARTZ,Dab Finger Banger | Headingting,Just American Made Glass Gallery (JAM),merch,,4000,,,,TRUE,https://shop.bedfordclub.com/menu/products/just-american-made-glass-gallery-jam-570759/accessories/dab-finger-banger-headingting--5954308,https://tymber-blaze-products.imgix.net/IMG_1802-rotated-20f025aa-038d-463c-a773-79e2464986c3.jpg,2026-05-23T23:11:51.610988+00:00,The Finger Banger is used for low temp dabs on the go. The Finger Banger is intended to be used at low temps so your finger can carb the hit. The bottom of the bucket also includes a hole for an auto spinning function.,,
bedford-club-bk,PR-FL-SG-0.75G,PR-FL-SG-0.75G,X| Flamer | Silly Goofy | Preroll | .75g,FLAMER,preroll,0.75 grams,1400,27.0,,sativa,TRUE,https://shop.bedfordclub.com/menu/products/flamer-592906/preroll/x-flamer-silly-goofy-preroll-75g-6172768,https://images.weedmaps.com/products/000/552/646/avatar/1718161573-flamer_product_photography_-_pre-roll__1_.jpg,2026-05-23T23:11:51.610988+00:00,"good shit. you’ll have fun and so will your friends. feel giggly, playful and social. flavor notes of citrus, papaya and spice. effects - euphoric, giggly, brain-smoothing dominant terpenes: limonene (euphoric), caryophyllene (muscle relaxation), farnesene (mind relaxation)",,
bedford-club-bk,PR-FL-SC-5PK,PR-FL-SC-5PK,X| Flamer | Sasha Colby | Infused Preroll | 5pk | 0.5g,FLAMER,preroll,2.5 grams,6000,40.0,,indica,TRUE,https://shop.bedfordclub.com/menu/products/flamer-592906/infused-preroll/x-flamer-sasha-colby-infused-preroll-5pk-05g-6172767,https://tymber-blaze-products.imgix.net/ezgif-15151bdcd21486-bfb24753-5862-464a-a37c-fe5408afbcdc.jpg,2026-05-23T23:11:51.610988+00:00,,,
bedford-club-bk,PR-FL-SC-0.75G,PR-FL-SC-0.75G,X| Flamer | Sasha Colby | Infused Preroll | .75g,FLAMER,preroll,0.75 grams,2600,28.0,,indica,TRUE,https://shop.bedfordclub.com/menu/products/flamer-592906/infused-preroll/x-flamer-sasha-colby-infused-preroll-75g-6172766,https://tymber-blaze-products.imgix.net/a10dd545c3b90ba6100d25ef030c2167-eef1b3b1-9c43-4ed2-b84c-7b4f28677706.jpg,2026-05-23T23:11:51.610988+00:00,"Introducing Sasha Colby Kush, the limited-edition infused joint from drag icon Sasha Colby and queer-owned cannabis brand FLAMER. This handcrafted pre-roll blends small-batch New York flower with premium solventless bubble hash for a smooth, sparkly, and seriously elevated experience. Product Highlights: Infused with Bubble Hash – A potent, solventless extract that adds extra punch while preserving rich flavor and aroma. Locally Grown – Made with flower from small New York farms, supporting local cultivators and delivering freshness you can feel. Balanced Hybrid Effects – Uplifting creativity meets deep-body relaxation. Ideal for winding down, turning up, or walking your own runway. Made for Empowerment – This pre-roll isn’t just about getting high—it’s about taking up space and lighting the way for others. “You know how Barbie comes with a brush in the box? Sasha Colby comes with a joint.”",,
bedford-club-bk,PR-JTR-MW-5PK,PR-JTR-MW-5PK,X| Jeeter | Maui Wowie | Infused Pre Roll | 5pk | 0.5g,Jeeter,preroll,2.5 grams,5500,37.12,,sativa,TRUE,https://shop.bedfordclub.com/menu/products/jeeter-592964/infused-preroll/x-jeeter-maui-wowie-infused-pre-roll-5pk-05g-6174046,https://images.weedmaps.com/photos/products/000/175/534/3391306_3361399_904503_baby-Maui-Wowie.jpg,2026-05-23T23:11:51.610988+00:00,Maui Wowie Baby Jeeter Infused - Five .5g Joints 2.5g | Sativa | 37.12% THC | Premium Flower infused with Distillate Oil & Kief,,
bedford-club-bk,PR-JTR-PL-5PK,PR-JTR-PL-5PK,X| Jeeter | Pink Lemon Baby | Infused Pre Roll | 5pk | 0.5g,Jeeter,preroll,2.5 grams,5500,,,hybrid,TRUE,https://shop.bedfordclub.com/menu/products/jeeter-592964/infused-preroll/x-jeeter-pink-lemon-baby-infused-pre-roll-5pk-05g-6174048,https://images.weedmaps.com/photos/products/000/635/442/3638310_AZ-Baby-Pink_Lemon.jpg,2026-05-23T23:11:51.610988+00:00,Pink Lemon Baby Jeeter Infused | 5 0.5G Joints 2.5G Total | Hybrid | Infused with Distillate Oil and Kief,,
bedford-club-bk,PR-JTR-PC-5PK,PR-JTR-PC-5PK,X| Jeeter | Pina Colada | Infused Preroll | 5pk | 0.5g,Jeeter,preroll,2.5 grams,5500,40.23,,hybrid,TRUE,https://shop.bedfordclub.com/menu/products/jeeter-592964/infused-preroll/x-jeeter-pina-colada-infused-preroll-5pk-05g-6174047,https://images.weedmaps.com/photos/products/000/557/224/3391338_3361600_2710620_Pina_Colada_-_BABY.jpg,2026-05-23T23:11:51.610988+00:00,Pina Colada Baby Jeeter Infused | 5 0.5G Joints 2.5G Total | Indica | 40.23% THC | Premium Flower Infused with Distillate Oil and Kief,,
bedford-club-bk,AI1-PAX-LPC-1G,AI1-PAX-LPC-1G,X| PAX | London Pound Cake | All-in-One | 1g,PAX,vaporizers,1g,5500,77.0,0.78,indica,TRUE,https://shop.bedfordclub.com/menu/products/pax-554746/vape-pens/x-pax-london-pound-cake-all-in-one-1g-6370698,https://tymber-blaze-products.imgix.net/4012640_PAX_Trip_-_London_Pound_Cake_1g_-_Packaging___Device-dd9b5954-eafa-4053-b70f-f2574e63b6fe.jpg,2026-05-23T23:11:51.610988+00:00,"Kick back and relax with the delicious flavors and delightful feels of this indica. Notes of vanilla, lemon and, chill calming effects are truly the icing on this cake. Effects: Relaxing, Calming Terpenes: Limonene, Myrcene, Caryophyllene",,London Pound Cake
bedford-club-bk,ACS-ID-DT,ACS-ID-DT,Doob Tube,,merch,,100,,,,TRUE,https://shop.bedfordclub.com/menu/products/accessories/doob-tube-6382431,https://tymber-blaze-products.imgix.net/black-95mm-plastic-pre-roll-packaging-doob-tube-child-resistant-33008199794741_1024x1024-2x-a20e2ccc-d6dc-443a-8d0f-e8233d240dd1.jpg,2026-05-23T23:11:51.610988+00:00,"A great way to save a clip or bring a doobie out for the night, available in assorted colors",,
bedford-club-bk,WAX-HC-NM-HSH-1G,WAX-HC-NM-HSH-1G,X| Hudson Cannabis | New Moon | Hash | 1g,Hudson Cannabis,concentrate,1g,4800,55.0,0.22,indica,TRUE,https://shop.bedfordclub.com/menu/products/hudson-cannabis-349204/concentrates/x-hudson-cannabis-new-moon-hash-1g-6402033,https://tymber-blaze-products.imgix.net/Hash_New-Moon-1-eac14afe-729c-45ce-9c95-00fc634ab4b1.jpg,2026-05-23T23:11:51.610988+00:00,"The New Moon Blend has notes of tart berry, floral hops, and a peppery spice, with honey rosin aromas. This soothing indica blend will ease your mind, ground your body, and guide you into deep relaxation. Dim the lights, find your center, and embrace the stillness of a new moon.",,Golf Gas x Purple Punch
bedford-club-bk,F-TF-BL-3.5G,F-TF-BL-3.5G,X| Toke Folks Blue Lobster | Flower | 3.5g,Toke Folks,flower,1/8 oz,4200,23.46,,indica dominant,TRUE,https://shop.bedfordclub.com/menu/products/toke-folks-428305/flower/x-toke-folks-blue-lobster-flower-35g-6406802,https://tymber-blaze-products.imgix.net/unnamed--3--e5de6ef4-0c71-4e69-a5ef-19e1ec655759.jpg,2026-05-23T23:11:51.610988+00:00,"Rare, bold, and built to impress — Blue Lobster is a hybrid gem that blends the juicy punch of Apples & Bananas with the creamy, exotic sweetness of Eye Candy. This strain hits with a fruity inhale, layered with notes of blueberry, gas, and sugary funk, followed by a smooth, euphoric high that balances mental clarity with full-body calm. Dominant terpenes include Myrcene, Limonene, and Caryophyllene, delivering relaxing body effects with a subtle mood boost and a mouthwatering aroma. Whether you're on the coast or the concrete, this one’s for those with a taste for the uncommon.",,Apples and Bananas X Eye Candy
bedford-club-bk,BICLIGHTER,BICLIGHTER,Bic Lighter,,merch,,200,,,,TRUE,https://shop.bedfordclub.com/menu/products/accessories/bic-lighter-6498345,https://tymber-blaze-products.imgix.net/s-l1200-165cfd62-c411-4bcf-9066-e20b812a2885.jpg,2026-05-23T23:11:51.610988+00:00,Its a lighter!,,
bedford-club-bk,PR-HIG-84S-10PK,PR-HIG-84S-10PK,X| Higgs | 84's Joint |  | Preroll | 10pk | 0.3g,Higgs,preroll,3.0 grams,5000,23.49,0.08,indica,TRUE,https://shop.bedfordclub.com/menu/products/higgs-620586/preroll/x-higgs-84s-joint-preroll-10pk-03g-6515406,https://tymber-blaze-products.imgix.net/c1b410_cff38f977ded4f198b2be511305cfbfe-mv2-b75a3db0-284c-4462-a5db-ef56887e4478.jpg,2026-05-23T23:11:51.610988+00:00,"Higgs are beautifully rolled whole flower ""dog walker"" joints, meaning there is never any seeds, stems, or shake in their joints. Settle into a state of relaxation without losing your spark with Higgs 84's, an indica strain that delivers a calming body high while keeping your mind clear. Designed to soothe tension without overwhelming intensity, this strain is perfect for unwinding after a long day without feeling couch-locked or drowsy. With its earthy, piney aroma, signature OG notes, and a touch of skunky sweetness, Higgs 84's is ideal for mellow evenings, creative downtime, or just vibing out with friends. Find your chill and stay present with the balanced, laid-back effects of Higgs 84's.",,OG
bedford-club-bk,PR-HIG-55S-10PK,PR-HIG-55S-10PK,X|  Higgs | 55's Joints | | Preroll | 10pk | 0.3g,Higgs,preroll,3.0 grams,5000,21.21,0.05,hybrid,TRUE,https://shop.bedfordclub.com/menu/products/higgs-620586/preroll/x-higgs-55s-joints-preroll-10pk-03g-6515405,https://tymber-blaze-products.imgix.net/c1b410_f1d6cff2135d4a1fb8b71811c60e2879-mv2-3cde9c34-0bb5-494a-ac71-576fa17fed7d.jpg,2026-05-23T23:11:51.610988+00:00,"Higgs are beautifully rolled whole flower ""dog walker"" joints, meaning there is never any seeds, stems, or shake in their joints. Find your perfect balance with Higgs 55's, a medium-strength hybrid flower that blends uplifting sativa energy with a soothing indica calm. Designed for versatility, this well-rounded strain is ideal for those seeking a smooth, steady high that enhances mood, sparks creativity, and eases tension without overwhelming intensity. With a balanced flavor profile of earthy sweetness and subtle spice, Higgs 55's is perfect for any time of day — whether you're catching up with friends, diving into a creative project, or simply unwinding. Experience the harmony of mind and body with Higgs 55's.",,Lemon Pound Cake
bedford-club-bk,PR-HIG-22S-1OPK,PR-HIG-22S-1OPK,X| Higgs | 22's Joints | Preroll | 10pk | 0.3g,Higgs,preroll,3.0 grams,5000,20.52,0.06,sativa,TRUE,https://shop.bedfordclub.com/menu/products/higgs-620586/preroll/x-higgs-22s-joints-preroll-10pk-03g-6515404,https://tymber-blaze-products.imgix.net/c1b410_9272e25a2b9c4661bfbb84792bfcbc4c-mv2-7de257dc-bf99-4d51-a1ac-aabd1c360b95.jpg,2026-05-23T23:11:51.610988+00:00,"Higgs are beautifully rolled whole flower ""dog walker"" joints, meaning there is never any seeds, stems, or shake in their joints. Elevate your senses with Higgs 22's, a vibrant sativa flower known for its energizing effects and distinct hints of cherry. Perfect for sparking creativity, boosting mood, and staying motivated, this uplifting strain delivers a smooth, flavorful experience that keeps you clear-headed and inspired. With a subtle sweetness and a burst of cherry aroma, Higgs 22's is your go-to for daytime exploration, collaborative sessions, or simply embracing a brighter perspective. Take a hit, embrace the vibe, and let the good times roll with Higgs 22's.",,Durban Posion
bedford-club-bk,PR-HIG-19S-10PK,PR-HIG-19S-10PK,X| Higgs | 19's Joints | Preroll | 10pk | 0.3g,Higgs,preroll,3.0 grams,5000,23.28,0.2,sativa,TRUE,https://shop.bedfordclub.com/menu/products/higgs-620586/preroll/x-higgs-19s-joints-preroll-10pk-03g-6515403,https://tymber-blaze-products.imgix.net/c1b410_3fe6de7c21af4b5fbe1182880acd6a8f-mv2-66dda33b-7315-481f-b6db-3eec881d5c86.jpg,2026-05-23T23:11:51.610988+00:00,"Higgs are beautifully rolled whole flower ""dog walker"" joints, meaning there is never any seeds, stems, or shake in their joints. A bright, sativa-leaning smoke bursting with sweet cherry and tropical citrus flavor. Smooth, uplifting, and social—perfect for daytime vibes or nights that go long. Rolled in our signature Higgs minis for easy,stylish smoke anywhere you go. Life is better with Higgs.",,Trop Cherry
bedford-club-bk,SIP-HB-ESP-TONIC,SIP-HB-ESP-TONIC,X| Harney Brothers | Espresso Tonic | Drink | 1:1 THC:CBD | 10mg,Harney Brothers Cannabis,edible,,600,10.0,10.0,,TRUE,https://shop.bedfordclub.com/menu/products/harney-brothers-cannabis-621349/beverage/x-harney-brothers-espresso-tonic-drink-11-thccbd-10mg-6527362,https://tymber-blaze-products.imgix.net/2e20eacc5842344cc68d209e5cb87d3e-d5fe04a6-cbef-4024-a488-7c1d510f52f9.jpg,2026-05-23T23:11:51.610988+00:00,"Think Manhattan Special, but less sweet. Great for an afternoon pickup! Carbonated",,
bedford-club-bk,SIP-HB-WBYM-5PCS,SIP-HB-WBYM-5PCS,X| Harney Brothers | Wake & Bake | Yaupon Mint | Tea | 5pcs | 10mg,Harney Brothers Cannabis,edible,,2000,50.0,,,TRUE,https://shop.bedfordclub.com/menu/products/harney-brothers-cannabis-621349/beverage/x-harney-brothers-wake-bake-yaupon-mint-tea-5pcs-10mg-6527371,https://images.weedmaps.com/products/000/575/322/avatar/1724256953-2024_hbc_sachet_wake___bake_yaupon_mint.jpg,2026-05-23T23:11:51.610988+00:00,"Wake up and smell the Yaupon. This blend will provide a balanced start to your day. Made with Yaupon, a unique Texan caffeinated holly, earthy Guayusa holly, shade-grown Yerba Mate and a bright zing of Spearmint. 5 pack of tea sachets INGREDIENTS: Organic yerba mate, organic guayusa, organic spearmint, organic yaupon, cannabis flower.",,
bedford-club-bk,PR-ROVE-GS-ICE-1G,PR-ROVE-GS-ICE-1G,X| Rove Grape Stomper | Infused Preroll | Ice Packs | 1g,ROVE,preroll,1g,3500,,,indica,TRUE,https://shop.bedfordclub.com/menu/products/rove-346802/infused-preroll/x-rove-grape-stomper-infused-preroll-ice-packs-1g-6560940,https://tymber-blaze-products.imgix.net/Grape-Stomper---Infused-Ice-Packs--Rosin--Hash--and-Diamonds--1g-c3b00053-3e6f-43f2-88bb-0016912ff8aa-77ba74d7-be15-47f4-aaad-10810c84a603.png,2026-05-23T23:11:51.610988+00:00,"Drift into tranquility with Grape Stomper, a soothing indica preroll that gently merges mind and body. This carefully crafted blend slowly unwinds tension, easing your mind into a dreamy haze. Perfect for when you need to unplug and drift off.",,
bedford-club-bk,510-JTY-DP-1G,510-JTY-DP-1G,X| Jaunty | Durban Poison | 510 | 1g,Jaunty,vaporizers,1g,4500,,,sativa,TRUE,https://shop.bedfordclub.com/menu/products/jaunty-345194/vape-pens/x-jaunty-durban-poison-510-1g-6565658,https://tymber-blaze-products.imgix.net/Classic-DurbanPoison-f2220df7-bf26-4684-a0a6-7ec713a22a49.jpg,2026-05-23T23:11:51.610988+00:00,"A legendary sativa with an earthy-sweet flavor accented by hints of pine. Its uplifting head high sparks focus, creativity, and motivation – the perfect daytime companion for errands, projects, or outdoor adventures.",,
bedford-club-bk,GUM-AYR-SB-2:1,GUM-AYR-SB-2:1,X| Ayrloom | Sol Burst | 2:1 | Gummies | 10pcs | 10mg | THC:THCV,ayrloom,edible,,2500,100.0,,sativa,TRUE,https://shop.bedfordclub.com/menu/products/ayrloom-338877/edibles/x-ayrloom-sol-burst-21-gummies-10pcs-10mg-thcthcv-6571010,https://tymber-blaze-products.imgix.net/solburst-au-10mg-ab4cdba5-a41f-4e2a-a3cc-e44ace01c5fe.png,2026-05-23T23:11:51.610988+00:00,"a juicy blend of orange + pomegranate meets a THCV-powered boost for mindful munching, mental clarity + solshine. your main squeeze for staying focused, lifted + feeling good from the inside out.",,
bedford-club-bk,AI1-HLD-WKD-0.5G,AI1-HLD-WKD-0.5G,X| Holiday | Weekend | All-in-One | 0.5g,HOLIDAY,vaporizers,.5g,3400,90.0,,sativa,TRUE,https://shop.bedfordclub.com/menu/products/holiday-358936/vape-pens/x-holiday-weekend-all-in-one-05g-6584218,https://tymber-blaze-products.imgix.net/Weekend_MENU-9aa24b2a-ed36-4a86-8b29-008f92ee0d36.png,2026-05-23T23:11:51.610988+00:00,"Announcing the newest flavor of the Holiday collection: Weekend! Your new essential for that easy-going vibe any day of the week. Inspired by the classic Paloma, this refreshing mocktail flavor blends ruby red grapefruit with a hint of sweet pomegranate for a perfectly balanced experience.",,
bedford-club-bk,510-HH-BBK-1G,510-HH-BBK-1G,X| Heavy Hitters | Blackberry Kush | 510 | 1g,Heavy Hitters,vaporizers,1g,8000,,,indica,TRUE,https://shop.bedfordclub.com/menu/products/heavy-hitters-390654/vape-pens/x-heavy-hitters-blackberry-kush-510-1g-6602809,https://tymber-blaze-products.imgix.net/NY---HH-Ultra-1g-2780dae3-b414-41a5-bb09-7d26e280029f.jpg,2026-05-23T23:11:51.610988+00:00,,,
bedford-club-bk,GUM-PAB-RCVR,GUM-PAB-RCVR,X| Papa & Barkley | Pear Apple | Gummies | 20pcs | 5mg,Papa & Barkley,edible,,3100,100.0,100.0,hybrid,TRUE,https://shop.bedfordclub.com/menu/products/papa-barkley-536794/edibles/x-papa-barkley-pear-apple-gummies-20pcs-5mg-6602812,https://images.weedmaps.com/products/000/698/136/avatar/1740627263-p_b_ca_cbgreleafgummy_pouch_productimage_directory_02-1000x1000-e8309f7.jpg,2026-05-23T23:11:51.610988+00:00,"""Embrace the natural harmony of crisp apple and sweet pear with our new full-spectrum Releaf Gummies, thoughtfully crafted with THC, CBG, and CBD to help you stay balanced and comfortable. Each gummy is designed to support your body’s natural response to inflammation, offering a gentle way to ease into your day with the power of clean, plant-based ingredients. Low in sugar and rich in flavor, these gummies are your go-to for maintaining wellness and finding calm amidst life’s daily demands. This statement has not been evaluated by the Food and Drug Administration. This product is not intended to diagnose, treat, cure, or prevent any disease.""",,
bedford-club-bk,ACS-ID-GLS-STEM,ACS-ID-GLS-STEM,Bong Stem,,merch,,800,,,,TRUE,https://shop.bedfordclub.com/menu/products/accessories/bong-stem-6634931,https://tymber-blaze-categories.imgix.net/420default-Accessories.jpg,2026-05-23T23:11:51.610988+00:00,,,
bedford-club-bk,ACS-ID-GLS-BOWL,ACS-ID-GLS-BOWL,Bong Bowl,,merch,,800,,,,TRUE,https://shop.bedfordclub.com/menu/products/accessories/bong-bowl-6634930,https://tymber-blaze-categories.imgix.net/420default-Accessories.jpg,2026-05-23T23:11:51.610988+00:00,,,
bedford-club-bk,ACS-ID-RAW-ETH-KING,ACS-ID-RAW-ETH-KING,Raw Ethereal | King Size | Phenomenally Thin,,merch,,300,,,,TRUE,https://shop.bedfordclub.com/menu/products/accessories/raw-ethereal-king-size-phenomenally-thin-6634935,https://tymber-blaze-products.imgix.net/RAW-PAP-KSSLIM-ETHER-BX50_01-15-23-583f5238-09b7-4144-a673-047112663a03.png,2026-05-23T23:11:51.610988+00:00,,,
bedford-club-bk,ACS-ID-PFCO-PEAK-CLOUD,ACS-ID-PFCO-PEAK-CLOUD,Peak Cloud | Puffco,,merch,,22000,,,,TRUE,https://shop.bedfordclub.com/menu/products/accessories/peak-cloud-puffco-6634933,https://tymber-blaze-products.imgix.net/cloud_0003_Peak-Cloud-3Quarters-Left-72dfa666-6e48-4147-b4ad-d58d11f65cea.png,2026-05-23T23:11:51.610988+00:00,,,
bedford-club-bk,GUM-ETN-CD-50MG,GUM-ETN-CD-50MG,X| Eaton | Cool Down | Blueberry Coconut | Gummies | 20pcs | 2.5mg,Eaton Botanicals,edible,120.0 milligrams,3200,50.0,100.0,hybrid,TRUE,https://shop.bedfordclub.com/menu/products/eaton-botanicals-500189/edibles/x-eaton-cool-down-blueberry-coconut-gummies-20pcs-25mg-6719057,https://tymber-blaze-products.imgix.net/ff6fff_bf2b81a431ea4dffb7df43ef767a7bd4-mv2-5979fa4e-809a-46ed-963b-e540557abad9.jpg,2026-05-23T23:11:51.610988+00:00,,,
bedford-club-bk,PR-PIC-DDXGSC-SOM-1G,PR-PIC-DDXGSC-SOM-1G,X| PiCC | Dream Drip x GSC | Sate of Mind | Infused Preroll | Resin | 1g,PICC,preroll,1g,1600,38.1,0.24,indica,TRUE,https://shop.bedfordclub.com/menu/products/picc-646751/infused-preroll/x-picc-dream-drip-x-gsc-sate-of-mind-infused-preroll-resin-1g-6773288,https://tymber-blaze-products.imgix.net/Dream-Drip-x-GSC-Live-Resin-fd65a037-a7d4-4c34-b6dd-c8b66b3d23bc.jpg,2026-05-23T23:11:51.610988+00:00,"Floral and spicy with smooth woody undertones. Dream Drip provides floral depth, while GSC layers in sweetness and herbal creaminess for a rich, balanced finish. Dominant terpenes: β-Caryophyllene, Linalool, α-Humulene, trans-Nerolidol, trans-β-Farnesene Effects: Dream Drip × GSC delivers a calming indica high with strong body relaxation and gentle euphoric uplift. Ideal for stress relief, nighttime use, or winding down into restful comfort. Key Features: Crown Wick™ – Even perimeter ignition for smooth, reliable lighting PLR Tip™ – Path of Least Resistance Tip channels airflow to eliminate start-up runs Infused Concentrate Core™ – Composed of Strain Specific High Terpene Extract AIR PAK™ + S.P.A.™ Tech – Eliminates canoeing while maintaining steady, smooth airflow",,
bedford-club-bk,PR-PIC-TTXN-SUSH-ROS-1G,PR-PIC-TTXN-SUSH-ROS-1G,X| PiCC Sushi | Thirst Trap x Nectarine Jelly | Infused Preroll | Rosin | 1g,PICC,preroll,1g,2300,32.1,,hybrid,TRUE,https://shop.bedfordclub.com/menu/products/picc-646751/infused-preroll/x-picc-sushi-thirst-trap-x-nectarine-jelly-infused-preroll-rosin-1g-6773296,https://tymber-blaze-products.imgix.net/sh-1g-thirst-trap-x-nectarine-jelly-c8457be1-dfa6-493f-9ccc-8be5c2ca8151.jpg,2026-05-23T23:11:51.610988+00:00,"Bold spice and hoppy herbal tones from β-Caryophyllene and Humulene blend with citrus brightness and floral smoothness. Nectarine Jelly brings fruity sweetness, while Thirst Trap layers earthy complexity for a rich, rounded flavor. Dominant terpenes: β-Caryophyllene, α-Humulene, Linalool, d-Limonene, α-Bisabolol Effects: Thirst Trap × Nectarine Jelly delivers a balanced hybrid high—uplifting and mood-brightening with a soothing body calm. Great for social sessions, creative focus, or unwinding without heavy sedation. Key Features: Crown Wick™ – Even perimeter ignition for smooth, reliable lighting PLR Tip™ – Path of Least Resistance Tip channels airflow to eliminate start-up runs Infused Concentrate Core™ – Composed of solventless hash rosin AIR PAK™ + S.P.A.™ Tech – Eliminates canoeing while maintaining steady, smooth airflow Heat Curve Efficiency – Vaporizes cannabinoids and terpenes at optimal temperature for maximum effectiveness",,
bedford-club-bk,AI1-MB-PD-1G,AI1-MB-PD-1G,X| Microbar | Peach Driver  | All-in-One | 1g,Micro Bar,vaporizers,1g,5000,75.6,,hybrid,TRUE,https://shop.bedfordclub.com/menu/products/micro-bar-517094/vape-pens/x-microbar-peach-driver-all-in-one-1g-6782769,https://images.weedmaps.com/photos/products/000/591/007/3058222_Micro_Bar_-_Peach_Driver2.png,2026-05-23T23:11:51.610988+00:00,"Whether it’s a cobbler for dessert or an iced tea in the heat, the Peach Driver hybrid offers the unmistakable peach flavor that we all know so well. This hybrid has the taste of a fuzzy, succulent peach and an energizing effect that’s perfect for social activities and exploring outdoors.",,
bedford-club-bk,PR-JNTS-MFO-XL-2G,PR-JNTS-MFO-XL-2G,X| XL Joint |  Melon Force One | Infused Preroll | Hash | 2g,Joints,preroll,2.0 grams,3400,27.87,,sativa,TRUE,https://shop.bedfordclub.com/menu/products/joints-648573/infused-preroll/x-xl-joint-melon-force-one-infused-preroll-hash-2g-6803007,https://tymber-blaze-products.imgix.net/SativaXLoct-13ad6cf7-ced8-4caf-b023-cdee2b1b13e6.jpg,2026-05-23T23:11:51.610988+00:00,"Uplifting sativa. Melon flavor. Pure clarity Infused With: Top-tier Temple Ball Dry Sift Hash Melon Force Ones is your all-day hitter—fresh, flavorful, and infused with ProXtracts' Temple Ball dry sift for a clean, high-functioning boost. This joint was built for movement—whether you're creating, connecting, or just vibing.",,Melon Force One
bedford-club-bk,PR-JNTS-MFO-1G,PR-JNTS-MFO-1G,X| Joints | Melon Force One |  Infused Preroll | Hash | 1g,Joints,preroll,1g,1800,34.43,0.01,sativa,TRUE,https://shop.bedfordclub.com/menu/products/joints-648573/infused-preroll/x-joints-melon-force-one-infused-preroll-hash-1g-6803006,https://tymber-blaze-products.imgix.net/Sativa1Goct-aaab3eb6-c456-4db1-857e-e505c1a0b682.jpg,2026-05-23T23:11:51.610988+00:00,"Uplifting sativa. Melon flavor. Pure clarity Infused With: Top-tier Temple Ball Dry Sift Hash Melon Force Ones is your all-day hitter—fresh, flavorful, and infused with ProXtracts' Temple Ball dry sift for a clean, high-functioning boost. This joint was built for movement—whether you're creating, connecting, or just vibing.",,
bedford-club-bk,PR-DE-DD-HSH-1.5G,PR-DE-DD-HSH-1.5G,X| Dumbo Electric | Dumbo Dawgs | Infused Preroll | Hash | 1.5g,DUMBO ELECTRIC,preroll,1.5 grams,1600,27.21,,hybrid,TRUE,https://shop.bedfordclub.com/menu/products/dumbo-electric-441445/infused-preroll/x-dumbo-electric-dumbo-dawgs-infused-preroll-hash-15g-6827134,https://tymber-blaze-products.imgix.net/d8af52424719af8c4c5d55664c98a8fc-20b4322d-d8d1-458b-90df-b928ca132175.jpeg,2026-05-23T23:11:51.610988+00:00,A whole gram of Yankee Pound Cake absolutely coated with a half gram of delicious hash!,,
bedford-club-bk,PR-GG-BZ-1G,PR-GG-BZ-1G,X| Golden Garden | Blue Zushi | Pre Roll | 1g,Golden Garden,preroll,1g,1000,29.9,0.05,indica,TRUE,https://shop.bedfordclub.com/menu/products/golden-garden-668537/preroll/x-golden-garden-blue-zushi-pre-roll-1g-7092245,https://tymber-blaze-products.imgix.net/6C13B1F8-15BB-463F-AF89-ECF685FE6733-d497ff9d-2964-4601-bcc2-729065e6865f.jpeg,2026-05-23T23:11:51.610988+00:00,,,
bedford-club-bk,TINC-MFNY-BEL-15ML,TINC-MFNY-BEL-15ML,X| MFNY | The Belafonte Live Resin Tincture | 15mL,MFNY,tinctures,0.5 fluid_ounces,4800,,,sativa,TRUE,https://shop.bedfordclub.com/menu/products/mfny-337200/tinctures/x-mfny-the-belafonte-live-resin-tincture-15ml-7126418,https://tymber-blaze-products.imgix.net/325058cb-5382-4ebf-9673-d292e79d64f6-144e5e4d-0279-49f7-a7cc-a1cd7578c2d4.png,2026-05-23T23:11:51.610988+00:00,"Our tinctures are the “Liquid Gold” of cannabis. Through rigorous research and phenotype hunts, we’ve found a group of terpenes that need no altering. These liquid live resin tinctures deliver more terps, effects, and flavor, in any dose you want — directly to your endocannabinoid system. (Think of tinctures as a “nonstop flight” for terps.) Organic MCT oil is infused with a blend of single source The """"Belafonte"""". which is a perfect balance of Grape and Banana from its parentage; known to promote an arousing head high with long-lasting, invigorating cerebral effects that spread to your whole body. Our tinctures are the “Liquid Gold” of cannabis. Through rigorous research and phenotype hunts, we’ve found a group of terpenes that need no altering. These liquid live resin tinctures deliver more terps, effects, and flavor, in any dose you want — directly to your endocannabinoid system. (Think of tinctures as a “nonstop flight” for terps.) Organic MCT oil is infused with a blend of single source With activated THC entering the bloodstream at a more rapid rate, people may experience relief from anxiety, pain, and nausea; others say it can create an appetite or aid with sleep. The dropper means that whether you’re a beginner or enthusiast, you can choose a lighter or heavier dose that’s just right (your “Goldilocks Zone”). NOTE: When taken sublingually (under the tongue), effects can take anywhere from 15 mins to 2 hrs to begin, and may last longer than other consumption methods. So make sure to dose conservatively your first couple of tries.",,
bedford-club-bk,510-NRAE-NBSKS-1G,510-NRAE-NBSKS-1G,X| Jaunty | Nimbus Snacks | 510 | Live Resin | 1g,Jaunty,vaporizers,1g,6000,,,sativa,TRUE,https://shop.bedfordclub.com/menu/products/jaunty-345194/vape-pens/x-jaunty-nimbus-snacks-510-live-resin-1g-7148225,https://tymber-blaze-products.imgix.net/NimbusSnacks-LiveResin-Vape-f51f8aa1-679a-4ae3-be62-30a53c1f0fcc.png,2026-05-23T23:11:51.610988+00:00,"Nimbus Snacks Type: 80% Sativa | 20% Indica Lineage: Durban Mintz x Girl Scout Cookies Primary terpenes: terpinolene, caryophyllene, humulene, myrcene, limonene, bisabolol Tasting notes: citrus, lemon, sweet gas Live Resin Oil Cartridges — a full-spectrum expression of the plant in its most powerful form. Made from terpene-rich flower that’s flash-frozen at harvest, our clean BHO extraction unlocks and preserves the bold aromas, natural cannabinoids, and strain-specific traits naturally found inside each plant’s cola. Using gold-standard equipment and techniques, we separate and refine the oil without compromising flavor or potency — leaving you with a loud, true-to-plant experience crafted with care in NY.",,
bedford-club-bk,510-NRAE-HRHS-RES-1G,510-NRAE-HRHS-RES-1G,X| Jaunty | Heir Heads | 510 | Live Resin | 1g,Jaunty,vaporizers,1g,6000,,,indica,TRUE,https://shop.bedfordclub.com/menu/products/jaunty-345194/vape-pens/x-jaunty-heir-heads-510-live-resin-1g-7148223,https://tymber-blaze-products.imgix.net/HeirHeads-LiveResin-Vape-cd555c5a-48ae-41b2-b293-9be8131b66b2.png,2026-05-23T23:11:51.610988+00:00,"Heir Heads Type: 70% Indica | 30% Sativa Lineage: Apples & Bananas x Runtz Primary terpenes: caryophyllene, farnesene, limonene, humulene, bisabolol, myrcene, linalool, nerolidol Tasting notes: fruity, herbal, spiced apple Live Resin Oil Cartridges — a full-spectrum expression of the plant in its most powerful form. Made from terpene-rich flower that’s flash-frozen at harvest, our clean BHO extraction unlocks and preserves the bold aromas, natural cannabinoids, and strain-specific traits naturally found inside each plant’s cola. Using gold-standard equipment and techniques, we separate and refine the oil without compromising flavor or potency — leaving you with a loud, true-to-plant experience crafted with care in NY.",,
bedford-club-bk,PR-TW-SR-CT-1G,PR-TW-SR-CT-1G,X| Torrwood Farm| Strawberry Runtz | Pre Roll | 1g,Torrwood Farm,preroll,1g,1300,,,sativa,TRUE,https://shop.bedfordclub.com/menu/products/torrwood-farm-503563/preroll/x-torrwood-farm-strawberry-runtz-pre-roll-1g-7152904,https://tymber-blaze-products.imgix.net/download---2026-04-30T002621-781-e537d297-b310-4159-b50a-e51b4dc9610d.jpeg,2026-05-23T23:11:51.610988+00:00,,,
bedford-club-bk,ACS-PFC-PEAKPRO-3DXL,ACS-PFC-PEAKPRO-3DXL,Peak Pro 3DXL | PuffCo,,merch,,42000,,,,TRUE,https://shop.bedfordclub.com/menu/products/accessories/peak-pro-3dxl-puffco-7153701,https://tymber-blaze-products.imgix.net/PeakProOnyxLeft3Quarter3DXL-108d993e-dee3-4320-bd0e-099d5f153d79.png,2026-05-23T23:11:51.610988+00:00,"The new Peak Pro 3DXL is the pinnacle of hash technology. This premium smart rig delivers incredible flavor and unparalleled performance.Unlock the fullest potential of the plant with its patented 3DXL Chamber, single-button interface, and deep customization via the Connect app. Featuring the Joystick Cap and laser cut perc slots for improved water filtration, enjoy the best hash experience ever",,
bedford-club-bk,POD-PAX-BD-1G,POD-PAX-BD-1G,X| PAX ERA | Blue Dream | Pod | Live Rosin + Diamonds | 1g,PAX,vaporizers,1g,8800,80.0,,sativa,TRUE,https://shop.bedfordclub.com/menu/products/pax-554746/vape-pens/x-pax-era-blue-dream-pod-live-rosin-diamonds-1g-7161683,https://tymber-blaze-products.imgix.net/Live-Rosin-w-Diamonds---Blue-Dream-1g---Packaging---Pod--1--8d230ae6-d32c-4d41-a718-e47c0b521933.png,2026-05-23T23:11:51.610988+00:00,"PAX Live Rosin with Diamonds When it comes to classic Sativas, this one is truly dreamy. Blue Dream is a legendary cross of DJ Short’s Blueberry and Haze. A distinct, refreshing aroma and earthy flavor with hints of blueberry accompany Blue Dream’s cerebral, uplifting effects. Day or night, Blue Dream is the perfect cultivar anytime you need an energetic or creative boost. Effects: Energizing, Creative Terpenes: Myrcene, Pinene, Limonene",,Blue Dream
bedford-club-bk,AI1-PAX-SLP-1G,AI1-PAX-SLP-1G,X| PAX | Sleep | All-in-One | 1g,PAX,vaporizers,1g,6500,,,indica,TRUE,https://shop.bedfordclub.com/menu/products/pax-554746/vape-pens/x-pax-sleep-all-in-one-1g-7161691,https://tymber-blaze-products.imgix.net/Sleep-1g---Packaging---Device-8851bfd1-0c7e-47eb-af09-adfc2e0da17e.png,2026-05-23T23:11:51.610988+00:00,"With floral notes and hints of fruit, this 1:1 sleep formulation was developed and tested through an in-house study with a focus on the science of sleep. For more information, visit pax.com/sleep. Effects: Calming, Relaxing Terpenes: β-Myrcene, Linalool, Citral",,
bedford-club-bk,IPR-JTR-SKOG-1G,IPR-JTR-SKOG-1G,X| Jeeter | Skywalker OG | Infused Preroll | 1g,Jeeter,preroll,1g,2200,,,indica,TRUE,https://shop.bedfordclub.com/menu/products/jeeter-592964/infused-preroll/x-jeeter-skywalker-og-infused-preroll-1g-7210322,https://tymber-blaze-products.imgix.net/d79f6b58f1dda63b_1757515573640-926195946-1_-3--427ce61c-f6a5-4aa7-b199-a059164746b8.jpg,2026-05-23T23:11:51.610988+00:00,"Prepare for liftoff and sink into deep relaxation with Jeeter’s Skywalker OG Infused Pre-Roll. This 1g premium indica joint combines top-shelf whole flower, potent cannabis oil, and a generous kief coating to deliver an ultra-smooth, slow-burning experience that hits hard and lasts long. Skywalker OG is a powerful indica-dominant strain known for its earthy, spicy flavor profile and deeply relaxing, body-heavy effects. Ideal for evening use, this pre-roll is your go-to for stress relief, pain management, and restful sleep—perfect for winding down after a long day. Jeeter’s infused pre-rolls are crafted with care, using only premium flower (never shake or trim), ensuring a consistent, flavorful, and highly potent smoke every time.",,
bedford-club-bk,IPR-RVG-CW-HSH,IPR-RVG-CW-HSH,X| Ravens View Genetics | Cousin Walkers | Infused Preroll | Hash | 5pk | 0.35g,Ravens View Genetics,preroll,1.75 grams,3600,22.0,,sativa,TRUE,https://shop.bedfordclub.com/menu/products/ravens-view-genetics-349854/infused-preroll/-x-ravens-view-genetics-cousin-walkers-infused-preroll-hash-5pk-035g-7228983,https://tymber-blaze-products.imgix.net/Cousin-Walkers-1-80ac9492-7fcd-4683-89a2-1a51391a51d4.jpeg,2026-05-23T23:11:51.610988+00:00,"Going on ""the walk"" with your cousins has always been our favorite part of the holiday season for us. A time to connect with family on a higher level. We curated the perfect pre-roll pack for your ""cousin walk"", containing 5 sativa mini pre-rolls (.35g) infused with bubble hash for an uplifting kick and munchie enhancer before the turkey comes to the table. Our Cousin Walkers feature tangerine cream, a Ravens View Genetics classic, providing citrusy energy paired with a slight body high. They're infused with bubble hash from the same strain, so you can get baked without the anxiety. Top Terpenes: Beta-caryophyllene, Alpha-bisabolol, Farnesene",,
bedford-club-bk,GUM-FOY-NGTTME-4PK,GUM-FOY-NGTTME-4PK,X| FOY | Nighttime/Sleep Chews | Gummies | 4pk | 5mg,FOY,edible,,700,20.0,20.0,indica,TRUE,https://shop.bedfordclub.com/menu/products/foy-516345/edibles/x-foy-nighttimesleep-chews-gummies-4pk-5mg-7411797,https://tymber-blaze-products.imgix.net/image0-fc467eff-cd05-4107-87c4-419c2b485196.jpeg,2026-05-23T23:11:51.610988+00:00,"Elevate your nightly routine with a healthier alternative that surpasses the standard gummy. Foy Nighttime vegan chews are consciously formulated with authentic non-GMO fruit purées, delicately coated in powder derived from natural strawberries, and enriched with a potent adaptogen blend of USDA Certified Organic Reishi mushroom, USDA Certified Organic Valerian Root, and USDA Certified Organic Chamomile. These CO2-extracted, CBN-enriched chews are specially designed to promote optimal sleep quality and help reestablish a harmonious, restful sleep pattern. With 5mg of THC, 5mg of CBD, and 5mg of CBN per chew, Foy Nighttime Chews offer an unparalleled 300mg of total cannabinoids, elevating your nighttime routine to bring you the gift of rejuvenating slumber. EFFECTS: Feel calm, relaxed, and ready for restful sleep and recovery without morning grogginess. A gentle wave of comfort eases your mind and body, helping you fall asleep faster, stay asleep longer, and wake up refreshed. Experience the Benefits: THC: Each Foy chew is crafted with premium CO2 extracted cannabis oil. CBD: Naturally relieves stress. CBN: Naturally improves sleep quality and reestablishes a healthy sleep pattern. USDA Organic Chamomile: Naturally promotes relaxation. USDA Organic Reishi Mushroom: Naturally reduces inflammation. USDA Organic Valerian Root: Naturally aids in recovery, and achieving a deeper, more restful sleep. *Vegan, *USDA Certified Organic Ingredients, *Gluten-Free, *Made with Premium CO2 Extracted Cannabis Oil, *No Artificial Dyes or Flavors, *Responsible Packaging, *300mg of Total Cannabinoids",,
bedford-club-bk,GUM-FOY-DYTME-4PCS,GUM-FOY-DYTME-4PCS,X| FOY | Daytime Chews | Gummies | 4pcs | 5mg,FOY,edible,,700,20.0,20.0,sativa,TRUE,https://shop.bedfordclub.com/menu/products/foy-516345/edibles/x-foy-daytime-chews-gummies-4pcs-5mg-7411796,https://tymber-blaze-products.imgix.net/image1-e22cb99f-27f4-45e2-9108-9cfd97e0a83e.jpeg,2026-05-23T23:11:51.610988+00:00,"Elevate your daily routine with a healthier alternative that surpasses the standard gummy. Foy Daytime vegan chews are consciously formulated with pure non-GMO fruit purées, gently enveloped in powder sourced from natural mangoes, and fortified with a potent adaptogen fusion of USDA Certified Organic Lion’s Mane mushroom, USDA Certified Organic Cordyceps mushroom, and USDA Certified Organic Ginseng. These CO2-extracted THC chews are designed to invigorate and revitalize, providing a natural boost to your daily routine. Embrace the power of nature&#39;s finest ingredients in this wellness package, aimed at promoting a heightened sense of vitality and well-being throughout your day. With 5mg of THC, 5mg of CBD, and 5mg of CBG per chew, Foy Daytime Chews provide an abundant 300mg of total cannabinoids, offering you more in every chew. EFFECTS: Feel uplifted, positive, and ready to take on the day. A happy high that keeps you motivated and balanced. Perfect for socializing, outdoor activities, or simply staying upbeat and engaged. Experience the Benefits: THC: Each Foy chew is crafted with premium CO2 extracted cannabis oil. CBD: Naturally relieves stress. CBG: Naturally boosts energy, and increases mental performance. USDA Organic Lion’s Mane Mushroom: Naturally increases mental clarity and focus. USDA Organic Cordyceps Mushroom: Naturally increases endurance. USDA Organic Ginseng: Naturally boosts energy. *Vegan, *USDA Certified Organic Ingredients, *Gluten-Free, *Made with Premium CO2 Extracted Cannabis Oil, *No Artificial Dyes or Flavors, *Responsible Packaging, *300mg of Total Cannabinoids",,
bedford-club-bk,CONES-ID-RAW-11/4-6PK,CONES-ID-RAW-11/4-6PK,"Cones 1 1/4"" | Raw | 6pk",,merch,,200,,,,TRUE,https://shop.bedfordclub.com/menu/products/accessories/cones-1-14-raw-6pk-7447153,https://tymber-blaze-categories.imgix.net/420default-Accessories.jpg,2026-05-23T23:11:51.610988+00:00,,,
bedford-club-bk,F-CF-SFVOG-3.5G,F-CF-SFVOG-3.5G,X| Clearly Faded | SFV OG | Flower | 3.5g,CLEARLY FADED,flower,1/8 oz,4600,21.09,,hybrid,TRUE,https://shop.bedfordclub.com/menu/products/clearly-faded-429543/flower/x-clearly-faded-sfv-og-flower-35g-7448097,https://tymber-blaze-products.imgix.net/8th-Jar-Glass-Flower-679b8ae0-0d58-455d-9e4c-779b9ba9e8c8.jpg,2026-05-23T23:11:51.610988+00:00,,,
bedford-club-bk,GUM-GRN-PCHMGO-MEG-ROS,GUM-GRN-PCHMGO-MEG-ROS,X| Mega | Peach Mango | Gummies | Rosin,Grön Edibles,edible,,2000,100.0,,hybrid,TRUE,https://shop.bedfordclub.com/menu/products/grn-edibles-394150/edibles/x-mega-peach-mango-gummies-rosin--7456286,https://tymber-blaze-products.imgix.net/Gron-Rosin-THC-Peach-Mango-Mega-With-Product-35fa62c2-9d0e-4eca-b411-37ad15ceb045.png,2026-05-23T23:11:51.610988+00:00,"Let this one teleport your tastebuds. Peach Mango MEGA bursts with sun-drenched peach and lush mango, finished with a tart snap that keeps you coming back. Smooth, bright, and built for feel-good escapes, whether you're on a beach or just pretending to be. Made With Real Fruit • Soy-Free • Gluten-Free • Made with Rosin 1/10 MEGA PEARL PER 10MG SERVING | 10 SERVINGS PER PACKAGE",,
bedford-club-bk,F-DNK-CHCDIE-3.5G,F-DNK-CHCDIE-3.5G,X| Dank | Chocolate Diesel | Preroll | 1g,Dank By Definition,preroll,1.0 grams,1400,,,hybrid,TRUE,https://shop.bedfordclub.com/menu/products/dank-by-definition-338869/preroll/x-dank-chocolate-diesel-preroll-1g-7457424,https://tymber-blaze-products.imgix.net/download---2026-05-11T143405-808-4a735302-faab-4888-a01f-827dea2854f1.jpeg,2026-05-23T23:11:51.610988+00:00,"A pre-roll joint of premium DANK Chocolate Diesel flower rolled in classic joint paper. Chocolate Diesel is a sativa known for its fast-hitting, heady rush that delivers strong euphoria and a boost of energy. Expect a clear, focused, almost coffee-like high that keeps you alert, uplifted, and ready to move. Flavors Diesel Coffee Nutty",,
bedford-club-bk,AI1-AYR-RCVER-1G,AI1-AYR-RCVER-1G,X| Ayrloom | Recover | All-in-One | 4:1:1 THC:CBD:CBG | 1g,ayrloom,vaporizers,1g,4500,,,sativa,TRUE,https://shop.bedfordclub.com/menu/products/ayrloom-338877/vape-pens/x-ayrloom-recover-all-in-one-411-thccbdcbg-1g-7469510,https://tymber-blaze-products.imgix.net/download---2026-04-24T174041-543-59524c1a-726d-4b51-9de4-ebea331d6123.jpeg,2026-05-23T23:11:51.610988+00:00,,,
bedford-club-bk,AI1-HLDY-FLT-1G,AI1-HLDY-FLT-1G,X| Holiday | Float | All-in-One | 1g,HOLIDAY,vaporizers,1g,5200,,,hybrid,TRUE,https://shop.bedfordclub.com/menu/products/holiday-358936/vape-pens/x-holiday-float-all-in-one-1g-7470540,https://tymber-blaze-products.imgix.net/download---2026-04-24T184830-272-b6d1eac8-23ab-4658-a2d5-597a888d9496.jpeg,2026-05-23T23:11:51.610988+00:00,,,
bedford-club-bk,AI1-HLDY-FLT-0.5G,AI1-HLDY-FLT-0.5G,X| Holiday | Float | All-in-One | 0.5g,HOLIDAY,vaporizers,.5g,3200,,,hybrid,TRUE,https://shop.bedfordclub.com/menu/products/holiday-358936/vape-pens/x-holiday-float-all-in-one-05g-7470539,https://tymber-blaze-products.imgix.net/download---2026-04-24T184620-439-b5283e75-92b8-440d-8539-ebd66b57452b.jpeg,2026-05-23T23:11:51.610988+00:00,"ABOUT THE HARDWARE: The H-bar hardware is USB-C rechargeable and has a window on the side for oil visibility. The compact design of the H-bar fits in the palm of your hand and can be comfortably placed in your pocket. The battery voltage is low, so the oil never burns and ensures you get a smooth hit every time. Holiday distillate vapes are flavored with high-quality botanical terpenes.",,
bedford-club-bk,AI1-BLM-GVBLT-0.5G,AI1-BLM-GVBLT-0.5G,X| Bloom | Guava Belts | All-in-One | Classic | 0.5g,BLOOM,vaporizers,.5g,3000,84.07,1.23,sativa,TRUE,https://shop.bedfordclub.com/menu/products/bloom-357010/vape-pens/x-bloom-guava-belts-all-in-one-classic-05g-7480210,https://tymber-blaze-products.imgix.net/Bloom_Classic_0-5gSurf_GVB_ColorBG-f1e0076c-5e40-4445-9b80-47bb0a2aafb0.jpg,2026-05-23T23:11:51.610988+00:00,"Belted with Flavor. A vibrant Classic full of uplifting tropical flavor. Guava Beltz brings juicy sweetness with hints of tropical berry. This strain sparks creativity and energy while keeping the vibe light and social. Sweet, Citrusy, Berry",,
bedford-club-bk,AI1-BLM-RABWZ-1G,AI1-BLM-RABWZ-1G,X| Bloom | Rainbow Z | All-in-One | Live | 1g,BLOOM,vaporizers,1g,5500,84.47,0.78,indica,TRUE,https://shop.bedfordclub.com/menu/products/bloom-357010/vape-pens/x-bloom-rainbow-z-all-in-one-live-1g-7480214,https://tymber-blaze-products.imgix.net/Bloom_Live_1gSurf_Rainbow-Z_ColorBG-d93f1f19-aca1-4f39-bd2f-bc9a125fb537.jpg,2026-05-23T23:11:51.610988+00:00,"The music hits better, conversation flows easier, and food tastes more vibrant when Rainbow Z is in the mix. This euphoric buzz brings life to any party and packs the flavor to match. Its sweetness of ripe pear and smooth hints of vanilla create a luxurious taste upon every hit. The perfect companion for concerts, road trips, and nights out with friends. Cross Zkittlez x DosiDos Notes Pear, Fruity, Vanilla, Herbal",,
bedford-club-bk,IPR-WDSTK-CKXCD-5PK,IPR-WDSTK-CKXCD-5PK,X| Woodstock | Cherry Kush x Chemdog | Infused Preroll | 5pk | 0.5g,Woodstock,preroll,2.5 grams,4000,41.98,,hybrid,TRUE,https://shop.bedfordclub.com/menu/products/woodstock-539034/infused-preroll/x-woodstock-cherry-kush-x-chemdog-infused-preroll-5pk-05g-7507914,https://tymber-blaze-products.imgix.net/Hybrid-IPR-5pk-2d24cc8d-b081-410a-af55-a67c09822386.png,2026-05-23T23:11:51.610988+00:00,Old School meets new school in Woodstock new improved classic shatter infused pre-rolls. This easy rider of a five pack fits in any pocket and each joint is infused to take you on a magic carpet ride. The old school combination of cherry kush flower with chem dog infusion is a truly OG hybrid.,,
bedford-club-bk,F-IO-SBYBUB-3.5G,F-IO-SBYBUB-3.5G,X| Ithaca | Strawberry Bubbles | Flower | 3.5g,Ithaca Organics,flower,1/8 oz,4600,30.0,,sativa dominant,TRUE,https://shop.bedfordclub.com/menu/products/ithaca-organics-700472/flower/x-ithaca-strawberry-bubbles-flower-35g-7512699,https://tymber-blaze-products.imgix.net/Ithaca-Organics_Strawberry-Bubbles_Jar-Box_Square-e60539b0-379d-4d79-a1f0-8e9aa8098a3a.jpg,2026-05-23T23:11:51.610988+00:00,"Strawberry Bubbles is a sativa-leaning hybrid bursting with fresh strawberry and citrus aromas accented by a subtle touch of funk. Its bright, juicy flavor delivers a smooth smoke that uplifts the mood, sparks creativity, and energizes the mind while keeping the body at ease.",,
bedford-club-bk,GUM-CABLS-STLEM-10PCS-10MG,GUM-CABLS-STLEM-10PCS-10MG,X| Brick | Strawberry Lemonade | Gummies | 10pcs | 10mg,Cannabals,edible,,2500,100.0,,hybrid,TRUE,https://shop.bedfordclub.com/menu/products/cannabals-382163/edibles/x-brick-strawberry-lemonade-gummies-10pcs-10mg-7519494,https://tymber-blaze-products.imgix.net/NYS_GUMMIES_STRAWBERRYLEMONADE-024ef585-5348-4db2-9eea-cd2f39717b50.jpg,2026-05-23T23:11:51.610988+00:00,,,
bedford-club-bk,IPR-MFNY-CRXCR-BGLHL-2.5G,IPR-MFNY-CRXCR-BGLHL-2.5G,X| MFNY | Bagel Hole | Candy Rain x Candy Rain | Infused Preroll | Live Rosin | 2.5g,MFNY,preroll,,6600,53.15,0.11,indica,TRUE,https://shop.bedfordclub.com/menu/products/mfny-337200/infused-preroll/x-mfny-bagel-hole-candy-rain-x-candy-rain-infused-preroll-live-rosin-25g-7519939,https://tymber-blaze-products.imgix.net/MFNY-Poster-BagelHole-S4-Rosin-b70b0719-fde3-43ef-a888-94f902b7df95.png,2026-05-23T23:11:51.610988+00:00,"The BagelHole~ is the MF-ing gift that keeps on giving. Each perfectly rolled hand-made XL blunt boasts 2.0 grams of premium MFNY flower with a 0.5 gram cylinder-shaped roll of our premium Live Rosin extract down the center (kind of like the cream cheese inside a freshly baked bagel). Candy Rain Flower with Candy Rain Live Rosin Our real-deal Riverway~ Live Rosin extracts inside these pre-rolls result in a higher level of potency, natural flavors, and aromas of the flower. That means you have the ultimate feel-good hit on your hands.",,
bedford-club-bk,IPR-MFNY-HBXHB-BAGHOL-2.5G,IPR-MFNY-HBXHB-BAGHOL-2.5G,X| MFNY | Bagel Hole |  Honey Banana x Honey Banana | Infused Preroll | Live Resin | 2.5g,MFNY,preroll,2.5 grams,6200,37.78,,sativa,TRUE,https://shop.bedfordclub.com/menu/products/mfny-337200/infused-preroll/x-mfny-bagel-hole-honey-banana-x-honey-banana-infused-preroll-live-resin-25g-7519940,https://tymber-blaze-products.imgix.net/MFNY-Poster-BagelHole-S4-Resin--2--eb85cec4-1e4d-46bf-b674-edde703371f2.png,2026-05-23T23:11:51.610988+00:00,"The BagelHole~ is the MF-ing gift that keeps on giving. Each perfectly rolled hand-made XL blunt boasts 2.0 grams of premium MFNY flower with a 0.5 gram cylinder-shaped roll of our premium Live Resin extract down the center (kind of like the cream cheese inside a freshly baked bagel). Honey Banana Flower with Honey Banana Live Resin Our real-deal Riverway~ Live Rosin and Resin extracts inside these pre-rolls result in a higher level of potency, natural flavors, and aromas of the flower. That means you have the ultimate feel-good holiday hit on your hands.",,
bedford-club-bk,GUM-HH-HG-5PCS,GUM-HH-HG-5PCS,X| Heavy Hitters | Holy Grape | Gummies | 5pcs | 20mg,Heavy Hitters,edible,,2500,100.0,,indica,TRUE,https://shop.bedfordclub.com/menu/products/heavy-hitters-390654/edibles/x-heavy-hitters-holy-grape-gummies-5pcs-20mg-7531145,https://tymber-blaze-products.imgix.net/HH_NY_Ultra_Gummies_HolyGrape_Angled_ECOMM-0cea8a66-0281-4156-bbc8-33d3e50b3685.png,2026-05-23T23:11:51.610988+00:00,Heavy Hitters Ultra Gummies return with improved flavors and an even better high. The heaviest hitting gummies on the market - powered by the same cannabis oil found in our premium vapes paired with delicious fruit flavors.,,
bedford-club-bk,AI1-PAX-SBC-1G,AI1-PAX-SBC-1G,X| PAX | Strawberry Cough | High Purity | All-in-One | 1g,PAX,vaporizers,1g,5500,,,sativa,TRUE,https://shop.bedfordclub.com/menu/products/pax-554746/vape-pens/x-pax-strawberry-cough-high-purity-all-in-one-1g-7560793,https://tymber-blaze-products.imgix.net/High-Purity-THC---Strawberry-Cough-1g---Packaging---Device--2--569f6cdf-4cd7-4242-9a76-19fa5634912a.png,2026-05-23T23:11:51.610988+00:00,"Strawberry Cough is a flavorful sativa with berry and floral notes that deliver a gentle, fruity inhale. Expect an energizing yet peaceful high—perfect for staying sharp while keeping calm. Effects:Energized, Peaceful Terpenes: Caryophyllene, Limonene, beta-Myrcene",,
bedford-club-bk,V-RITL-TRIPCAK-1MG,V-RITL-TRIPCAK-1MG,X| RITUAL | TRIPLE CAKE | Vape | 1g,RITUAL,vaporizers,,6000,,82.42,indica,TRUE,https://shop.bedfordclub.com/menu/products/ritual-707195/vape-pens/x-ritual-triple-cake-vape-1g-7602847,https://tymber-blaze-products.imgix.net/Ritual---Blue-64f72dae-c94e-410d-b0ec-4d02c13c03b4.jpg,2026-05-23T23:11:51.610988+00:00,"Rich, creamy sweetness meets a bold, skunky aroma in this pure live resin. Triple Cake offers an easy balance of uplifting and relaxing effects, making it a versatile choice from day to night.",,
bedford-club-bk,V-RITL-PINNCLE-1MG,V-RITL-PINNCLE-1MG,X| RITUAL | PINNACLE | Vape | 1g,RITUAL,vaporizers,,6000,86.63,,hybrid,TRUE,https://shop.bedfordclub.com/menu/products/ritual-707195/vape-pens/x-ritual-pinnacle-vape-1g-7602846,https://tymber-blaze-products.imgix.net/Ritual---Green-69fb48e0-4786-48f1-a141-3812332c16ab.jpg,2026-05-23T23:11:51.610988+00:00,"Bursting with fresh lemon peel flavor, this Lemon Skunk × Silver Haze cross is a go-to for sativa lovers. Our Lemon Haze live resin brings bright energy and an uplifting lift that’s ideal for daytime use.",,
bedford-club-bk,V-RITL-LEMHAZE-1MG,V-RITL-LEMHAZE-1MG,X| RITUAL | LEMON HAZE | Vape | 1g,RITUAL,vaporizers,,6000,83.78,,sativa,TRUE,https://shop.bedfordclub.com/menu/products/ritual-707195/vape-pens/x-ritual-lemon-haze-vape-1g-7602845,https://tymber-blaze-products.imgix.net/Ritual---Pink-1bcc2e75-693d-4741-8ccb-38e9d8b47cbf.jpg,2026-05-23T23:11:51.610988+00:00,"Bursting with fresh lemon peel flavor, this Lemon Skunk × Silver Haze cross is a go-to for sativa lovers. Our Lemon Haze live resin brings bright energy and an uplifting lift that’s ideal for daytime use",,Lemon Haze
bedford-club-bk,V-FF-NORTLIGT-1G,V-FF-NORTLIGT-1G,X| Florist Farms | Northern Lights | Vape Cartridge | 1g,Florist Farms,vaporizers,,4000,90.0,,indica,TRUE,https://shop.bedfordclub.com/menu/products/florist-farms-355846/vape-pens/x-florist-farms-northern-lights-vape-cartridge-1g-7603458,https://tymber-blaze-products.imgix.net/download---2026-04-25T144521-077-9998b58d-7032-4c1c-915b-51991849b581.jpeg,2026-05-23T23:11:51.610988+00:00,"If you’re looking for a cart that actually tastes like cannabis, this is it - no added flavors, just real, pure cannabis that hits smooth every time. Effect: Indica Flavor: Citrusy pine with herbal undertones Ingredients: 100% Pure Cannabis Oil and Cannabis Terpenes About Florist Farms Located in Cortland, NY, Florist Farms is committed to sustainability. We practice regenerative farming by growing in living soil, using organic compost, and never using pesticides. For over a decade, we’ve been organic vegetable farmers and donate produce weekly to help support our community. At Florist Farms, we’re deeply committed to quality and to delivering the cleanest cannabis products in New York State. No artificial flavoring • No botanical terpenes • Zero cutting agents",,
bedford-club-bk,V-FF-JH-1G,V-FF-JH-1G,X| Florist Farms | Jake Herer | Pod | 1g,Florist Farms,vaporizers,,4000,90.0,,sativa,TRUE,https://shop.bedfordclub.com/menu/products/florist-farms-355846/vape-pens/x-florist-farms-jake-herer-pod-1g-7603457,https://tymber-blaze-products.imgix.net/download---2026-04-28T153638-851-2ef3969e-7b57-43a7-b930-d89ffd5b7232.jpeg,2026-05-23T23:11:51.610988+00:00,"If you’re looking for a cart that actually tastes like cannabis, this is it - no added flavors, just real, pure cannabis that hits smooth every time. Effect: Sativa Flavor: Pine forward with earthy undertones Ingredients: 100% Pure Cannabis Oil and Cannabis Terpenes About Florist Farms Located in Cortland, NY, Florist Farms is committed to sustainability. We practice regenerative farming by growing in living soil, using organic compost, and never using pesticides. For over a decade, we’ve been organic vegetable farmers and donate produce weekly to help support our community. At Florist Farms, we’re deeply committed to quality and to delivering the cleanest cannabis products in New York State. No artificial flavoring • No botanical terpenes • Zero cutting agents",,
bedford-club-bk,V-FLORSFARM-SSD-1G,V-FLORSFARM-SSD-1G,X| Florist Farms | Super Sour Diesel | Vape Cartridge | 1g,Florist Farms,vaporizers,,4000,87.0,,sativa,TRUE,https://shop.bedfordclub.com/menu/products/florist-farms-355846/vape-pens/x-florist-farms-super-sour-diesel-vape-cartridge-1g-7603461,https://tymber-blaze-products.imgix.net/download---2026-04-25T144259-950-2be18f18-9898-42a0-9bc3-04b2682858f5.jpeg,2026-05-23T23:11:51.610988+00:00,"About This Product If you’re looking for a cart that actually tastes like cannabis, this is it - no added flavors, just real, pure cannabis that hits smooth every time. Effect: Sativa Flavor: Pungent gas and diesel notes Ingredients: 100% Pure Cannabis Oil and Cannabis Terpenes About Florist Farms Located in Cortland, NY, Florist Farms is committed to sustainability. We practice regenerative farming by growing in living soil, using organic compost, and never using pesticides. For over a decade, we’ve been organic vegetable farmers and donate produce weekly to help support our community. At Florist Farms, we’re deeply committed to quality and to delivering the cleanest cannabis products in New York State. No artificial flavoring • No botanical terpenes • Zero cutting agents",,
bedford-club-bk,738D63EECYXTCZ,738D63EECYXTCZ,X| 5 Boro | Amnesia Haze | .7G,5 Boro,flower,0.7 grams,900,21.04,,sativa,TRUE,https://shop.bedfordclub.com/menu/products/5-boro-731785/flower/x-5-boro-amnesia-haze-7g--7978458,https://tymber-blaze-products.imgix.net/download---2026-05-01T030545-901-b6d3b692-628a-4199-a1a5-6711d7dc0a78.jpeg,2026-05-23T23:11:51.610988+00:00,"Amnesia Haze has a fresh, fruity hash-like taste and a sweet, earthy smell with hints of spicy pepper. Nugs are light green with darker brown strands and a blanket of trichomes.",,
bedford-club-bk,FAF83D9M3EW9QG,FAF83D9M3EW9QG,X| Pearls | Pomegranate | Gummies,Grön Edibles,edible,35.0 milligrams,2200,100.0,400.0,50/50,TRUE,https://shop.bedfordclub.com/menu/products/grn-edibles-394150/edibles/x-pearls-pomegranate-gummies-7978457,https://tymber-blaze-products.imgix.net/download---2026-04-23T165453-935-f53b4c57-b934-4813-8b05-eec5795de367.jpeg,2026-05-23T23:11:51.610988+00:00,"Our Pomegranate Pearls are infused with a 4:1 ratio of CBD and THC. It offers a cozy high that’s not too high, along with the lively flavor of pomegranate without ever peeling a pomegranate.",,
bedford-club-bk,095534F8PJHOUV,095534F8PJHOUV,X| MFNY | 41 Bananas Live Resin Tincture | 15mL,MFNY,tinctures,15.0 grams,4800,335.4,0.73,,TRUE,https://shop.bedfordclub.com/menu/products/mfny-337200/tinctures/x-mfny-41-bananas-live-resin-tincture-15ml-7978456,https://tymber-blaze-products.imgix.net/download---2026-04-21T131325-121-3a543690-365f-4fd1-9df0-68bf3f3741c0.jpeg,2026-05-23T23:11:51.610988+00:00,,,
bedford-club-bk,C19347R0P9ZEUZ,C19347R0P9ZEUZ,X| Pearls | Blueberry Lemonade | Gummies,Grön Edibles,edible,35.0 milligrams,2200,100.0,,sativa,TRUE,https://shop.bedfordclub.com/menu/products/grn-edibles-394150/edibles/x-pearls-blueberry-lemonade-gummies--7978455,https://tymber-blaze-products.imgix.net/download---2026-04-21T125528-426-c0ccdc9f-8ba2-4381-b56f-61c8fa0a34dd.jpeg,2026-05-23T23:11:51.610988+00:00,"Wake and bake with a burst of bright blueberry lemonade. Infused with CBG and THC in an uplifting 3:1 ratio, these Pearls will keep you lifted all day long.",,
bedford-club-bk,4A6B5A9XPQVIBH,4A6B5A9XPQVIBH,X|  Pearls |  Tangelo | Gummies,Grön Edibles,edible,,2200,100.0,,sativa,TRUE,https://shop.bedfordclub.com/menu/products/grn-edibles-394150/edibles/x-pearls-tangelo-gummies--7978454,https://tymber-blaze-products.imgix.net/download---2026-04-23T171148-868-fc9ddbb6-99d5-4c57-9c83-fa9bfb6b4941.jpeg,2026-05-23T23:11:51.610988+00:00,"Enjoy a bright taste of citrus and seize the day with these Tangelo Pearls. The combination of CBC, CBG & THC provides a highly alert boost to help people be their bright-and-early selves, whether it’s early or not.",,
bedford-club-bk,47E9BELAB0VEMD,47E9BELAB0VEMD,X| Pearls | Lychee Limeade | Gummies,Grön Edibles,edible,,2200,100.0,,sativa,TRUE,https://shop.bedfordclub.com/menu/products/grn-edibles-394150/edibles/x-pearls-lychee-limeade-gummies-7978452,https://tymber-blaze-products.imgix.net/download---2026-04-23T170026-923-a934d18c-a122-4374-8289-c64b3e3045bb.jpeg,2026-05-23T23:11:51.610988+00:00,"Bright, juicy, and a little unexpected, our Lychee Limeade Pearls deliver an exotic twist with notes of peach, pineapple, and delicate rose.",,
bedford-club-bk,96F4CF7FPYQHSL,96F4CF7FPYQHSL,X|  Pearls | Blackberry Lemonade | Sleepy | Gummies,Grön Edibles,edible,35.0 milligrams,2200,100.0,100.0,indica,TRUE,https://shop.bedfordclub.com/menu/products/grn-edibles-394150/edibles/x-pearls-blackberry-lemonade-sleepy-gummies-7978451,https://tymber-blaze-products.imgix.net/download---2026-04-23T170151-155-befe800f-38f7-4644-92cd-b3df3e09a2f6.jpeg,2026-05-23T23:11:51.610988+00:00,"Rest and reset with Blackberry Lemonade Pearls. Infused with equal parts CBD, CBN, and THC in a 1:1:1 ratio, the sleepy indica effects will keep you dreaming all night long.",,
bedford-club-bk,2580CFAJ2OTFHU,2580CFAJ2OTFHU,X| Pearls | Peach Prosecco | Gummies,Grön Edibles,edible,35.0 milligrams,2200,100.0,100.0,50/50,TRUE,https://shop.bedfordclub.com/menu/products/grn-edibles-394150/edibles/x-pearls-peach-prosecco-gummies--7978450,https://tymber-blaze-products.imgix.net/download---2026-04-23T164537-589-44273d56-0402-41d9-9e9f-ca041c3f7215.jpeg,2026-05-23T23:11:51.610988+00:00,"Our Sparkling Peach Pearls are infused with equal parts CBD and THC with a delightful splash of peach to keep you balanced and blissful — morning, noon, or night.",,
bedford-club-bk,9E9C08QHBGLSO6,9E9C08QHBGLSO6,X| 1906 | Sleep | Tins,1906,edible,15.8 grams,3500,100.0,,indica,TRUE,https://shop.bedfordclub.com/menu/products/1906-346801/edibles/x-1906-sleep-tins-7978449,https://tymber-blaze-products.imgix.net/download---2026-04-21T101903-192-0601eccb-8055-4873-9c95-4978a88d7adf.jpeg,2026-05-23T23:11:51.610988+00:00,"You may experience sleep within 20 minutes with 5mg full-spectrum indica RSO, 5mg CBD, + 2mg CBN - the ultimate trifecta of sleep cannabinoids. No sugar, no calories, gluten-free, and vegan. A swallowable, fast-acting (like 20 minutes fast), sugar-free Drop that goes wherever ""bed"" is for you.",,
bedford-club-bk,E02325RVWI4ZG0,E02325RVWI4ZG0,X| 1906 | Genius | Tins,1906,edible,23.4 grams,3500,78.87,88.78,sativa,TRUE,https://shop.bedfordclub.com/menu/products/1906-346801/edibles/x-1906-genius-tins-7978448,https://tymber-blaze-products.imgix.net/download---2026-04-21T102348-793-9af3b5e8-9f11-4c26-b00b-fbe4e33dcf98.jpeg,2026-05-23T23:11:51.610988+00:00,"Unlock your inner genius with the only edible developed specifically for focus, motivation, and attention. Genius Drops are designed with a unique blend of six plant medicines and three cannabinoids working in concert to promote cognitive acuity, clear concentration, and sustainable energy: THC sparks ideas and motivation, while CBD calms anxiety and promotes balance, and CBG clears any static and reduces cognitive interference. So you can push through brain fog, lock in, and stay focused for longer. In 20 minutes or less. Without crashing out or blacking out.",,
bedford-club-bk,6C452E2WFMHWFK,6C452E2WFMHWFK,X| 1906 | Chill | Tins,1906,edible,14.9 grams,3500,100.0,500.0,indica,TRUE,https://shop.bedfordclub.com/menu/products/1906-346801/edibles/x-1906-chill-tins-7978447,https://tymber-blaze-products.imgix.net/download---2026-04-21T102623-760-5f11d4be-8803-409d-8b8f-bae55c91b9a1.jpeg,2026-05-23T23:11:51.610988+00:00,"(1906) Swallowable Pill Details 100mg THC/500mg CBD 20pk Description Find peace of mind and calm the body with a blend of two cannabinoids (THC & CBD) and plant medicines Magnolia and L-Theanine. Chill is the only 1906 Drop formulated with a high dose of CBD: When paired with THC and plant medicines reduces stress, releases tension, and relaxes without losing focus or function. -- Swallowable pills with a rapid onset of 20 minutes. Vegan, calorie-free, sugar-free, and gluten-free. Each Chill Drop contains 5mg THC and 25mg CBD.",,
bedford-club-bk,E362DEGHP6DFFA,E362DEGHP6DFFA,X| 1906 | Bliss | Tins,1906,edible,,3500,100.0,100.0,sativa,TRUE,https://shop.bedfordclub.com/menu/products/1906-346801/edibles/x-1906-bliss-tins-7978446,https://tymber-blaze-products.imgix.net/download---2026-04-16T131033-316-cda148da-4d16-4d2f-89f7-753562249305.jpeg,2026-05-23T23:11:51.610988+00:00,"(1906) Swallowable Pill Details 100mg THC/100mg CBD 20pk Description The greatest happy drug on the planet. A euphoric blend of plant medicines Kanna and Theobromine combined with cannabis promotes a positive, bubbly mood and full-body sense of happiness. -- Swallowable pills with a rapid onset of 20 minutes. Vegan, calorie-free, sugar-free, and gluten-free. Each Bliss Drop contains 5mg THC and 5mg CBD.",,
bedford-club-bk,F28287OB1NK6K5,F28287OB1NK6K5,X| Pearl | Tart Cherry | Gummies,Grön Edibles,edible,35.0 milligrams,2200,25.0,250.0,indica,TRUE,https://shop.bedfordclub.com/menu/products/grn-edibles-394150/edibles/x-pearl-tart-cherry-gummies-7978443,https://tymber-blaze-products.imgix.net/download---2026-04-23T163913-894-5ffada5e-d8c1-4860-8061-e6ae4afc903d.jpeg,2026-05-23T23:11:51.610988+00:00,"The perfect bedtime edible and the first of its kind, our Tart Cherry Pearls are infused with a 10:1 ratio of CBN to THC. Each Pearl contains 25mg CBN and 2.5mg THC to promote restful sleep with minimal psychoactive effects. Sweet dreams. Made With Real Fruit • Soy-Free • Gluten-Free • Made with Rosin • Microdose Friendly Key Features: Flavor: These gummies combine the tangy, tart flavor of cherries with a subtle sweetness, creating a delicious and refreshing taste. Ideal Usage: With a 10:1 ratio of CBN to THC, these gummies are perfect for users seeking relaxation and sleep support. The high CBN content provides strong sedative effects, making them ideal for evening use or before bed to promote a restful night’s sleep. Recommended Instructions: Serving: Start with half of one gummy, wait one full hour for effects to kick in before increasing dosage. Onset: 30 minutes to 2 hours, though most people feel effects within 1 hour. Duration: The effects generally last 4 to 6 hours, with CBN providing a deep, restful sleep experience.",,
bedford-club-bk,B4FA69H1D7QEIB,B4FA69H1D7QEIB,X| Eaton | Apple-A-Day | Gummies | 20pcs | 2.5mg,Eaton Botanicals,edible,120.0 milligrams,3200,50.0,200.0,50/50,TRUE,https://shop.bedfordclub.com/menu/products/eaton-botanicals-500189/edibles/x-eaton-apple-a-day-gummies-20pcs-25mg-7978468,https://tymber-blaze-products.imgix.net/download---2026-04-24T171055-264-c99dd5a3-448f-4e7c-9672-d2373b3c07fe.jpeg,2026-05-23T23:11:51.610988+00:00,"Keep the doc away with Apple-A-Day, an antioxidant packed edible with immunity boosting elderberry, echinacea, zinc and astragalus along with turkey tail mushrooms to keep your body’s natural defense systems on high alert. With a microdose of THC (2.5mg) for a light lift and a healthy amount of calming CBD (10mg) this daily dose of apple supports calm, balance, and everyday vitality. All Eaton Botanicals gummies are made with fast-acting nanotechnology, using real fruit purée with no artificial flavors or dyes, and are always vegan and gluten-free.",,
bedford-club-bk,A792EAKUDOABM6,A792EAKUDOABM6,X| Akron Bloom | Orange Kiss | Pre Roll | 1G,Akron Bloom LLC,preroll,1g,900,30.6,,hybrid,TRUE,https://shop.bedfordclub.com/menu/products/akron-bloom-llc-440726/preroll/x-akron-bloom-orange-kiss-pre-roll-1g-7978463,https://tymber-blaze-products.imgix.net/images--4--5c25a07e-72c4-44b5-a73d-a35120461656.jpeg,2026-05-23T23:11:51.610988+00:00,,,
bedford-club-bk,16D59D7OLYXWWY,16D59D7OLYXWWY,X| Rythm | 95 Cookies | Cartridge | Solventless Live Rosin | 500mg,Rythm,vaporizers,.5g,5000,80.28,,50/50,TRUE,https://shop.bedfordclub.com/menu/products/rythm-694002/vape-pens/x-rythm-95-cookies-cartridge-solventless-live-rosin-500mg-7978461,https://tymber-blaze-products.imgix.net/1773879054041-828913783-1a30a0b4a195d687efb4a1e552dbde06--1--623157e1-426a-44c4-b5ee-d5f86ff73f5e.jpg,2026-05-23T23:11:51.610988+00:00,"Experience solventless purity and rich flavor with Rythm – 95 Cookies – Live Rosin Vape Cartridge – .5g, now available at Cannabis Realm of NY. This premium vape cartridge is crafted using live rosin, delivering a clean, full-spectrum cannabis experience with robust terpene expression. Premium Live Rosin Vape Cartridge This .5g live rosin cartridge is made using solventless extraction from fresh-frozen cannabis, preserving the plant’s natural cannabinoids and terpenes. Designed for use with compatible 510-thread batteries, it offers smooth, flavorful vapor with every draw. 95 Cookies Flavor & Aroma 95 Cookies is known for its rich, dessert-inspired terpene profile with classic cookie strain characteristics. Each inhale delivers a smooth and flavorful experience featuring: Sweet cookie and baked goods notes Creamy vanilla undertones Subtle earthy and nutty hints Smooth, slightly gassy finish This indulgent flavor profile is ideal for those who enjoy sweet, full-bodied cannabis strains. Effects & Experience 95 Cookies is commonly associated with balanced, hybrid effects that combine mental uplift with body relaxation. Consumers often report: A euphoric and mood-enhancing onset Calm, soothing body sensations Light mental clarity and relaxation Smooth, long-lasting effects Its well-rounded profile makes it suitable for both daytime and evening use. Convenient .5g Cartridge Format This .5g vape cartridge provides a portable and efficient way to enjoy premium live rosin, offering excellent flavor and potency in a compact size. Why Choose Rythm – 95 Cookies – Live Rosin Vape Cartridge – .5g? Solventless live rosin extraction for a clean experience Rich, dessert-inspired terpene profile Smooth and consistent vapor production Balanced and long-lasting effects Compatible with standard 510-thread batteries At Cannabis Realm of NY, we offer top-tier vape products designed for purity, flavor, and performance. Rythm 95 Cookies Live Rosin Vape Cartridge .5g is an excellent choice for consumers seeking a high-quality, solventless, and flavorful cannabis vape experience.",,
bedford-club-bk,99762F4N6WK7RC,99762F4N6WK7RC,X| 5 Boro | Permanent Marker | .7G,5 Boro,flower,0.7 grams,900,28.0,,indica,TRUE,https://shop.bedfordclub.com/menu/products/5-boro-731785/flower/x-5-boro-permanent-marker-7g-7978460,https://tymber-blaze-products.imgix.net/download---2026-05-01T030504-883-f385d89b-3654-4f15-aee5-b0f36a113f73.jpeg,2026-05-23T23:11:51.610988+00:00,"Strain Type: Indica Terpenes: B-Caryophyllene, Limonene, B-Myrcene, B-Pinene, Linalool Lineage: Cherry Pie x Tangie Effects: This strain will fill your mind with a sense of lifted creativity, that has you feeling happy and artistically inspired for hours. Perfect for helping you kick back and relax on a lazy afternoon without a care in the world. Aromas/Flavors: The flavor profile has a potent sour citrus aspect, while also carrying slight hints of sweet floral.",,
bedford-club-bk,73BBEDARU69I3G,73BBEDARU69I3G,X|  5 Boro | BLUE HAWAIIAN |.7G,Nanticoke,flower,0.7 grams,900,22.66,,sativa,TRUE,https://shop.bedfordclub.com/menu/products/nanticoke-675970/flower/x-5-boro-blue-hawaiian-7g-7978495,https://tymber-blaze-products.imgix.net/download---2026-05-01T030706-838-55cd2201-534c-4320-acbb-ef2ea7f90eb5.jpeg,2026-05-23T23:11:51.610988+00:00,Blue Hawaiian is a sativa-dominant hybrid strain that delivers vibrant tropical pineapple and blueberry flavors with a citrus-zest finish. The effects are energetic and creative offering a clear-headed uplift ideal for daytime use or social sessions.,,
bedford-club-bk,3FB2D2XAK48KDY,3FB2D2XAK48KDY,X| BLOOM | Super Sour Diesel | All-in-One |  Live Surf | 0.5g,BLOOM,vaporizers,.5g,3200,84.77,2.19,sativa,TRUE,https://shop.bedfordclub.com/menu/products/bloom-357010/vape-pens/x-bloom-super-sour-diesel-all-in-one-live-surf-05g-7978494,https://tymber-blaze-products.imgix.net/download---2026-04-24T182927-342-bd1c1448-644a-4c4c-ace2-c4182277a05a.jpeg,2026-05-23T23:11:51.610988+00:00,"Super Sour Diesel; the next level. A cross between Super Silver Haze and Sour Diesel, that energizes and inspires. Perfect for fueling creativity or staying motivated throughout the day. Phenotype Sativa Cross Super Silver Haze x Sour Diesel Notes Diesel, Citrus, Spicy",,
bedford-club-bk,DC040EJABSM38G,DC040EJABSM38G,X| Ayrloom | Vanilla Cola | Beverage 12oz | 10THC:5CBD | Single,ayrloom,edible,12.0 grams,500,10.0,5.0,50/50,TRUE,https://shop.bedfordclub.com/menu/products/ayrloom-338877/beverage/x-ayrloom-vanilla-cola-beverage-12oz-10thc5cbd-single--7978491,https://tymber-blaze-products.imgix.net/download---2026-04-24T181603-867-8b787d14-f583-4b55-afc7-7766cf5dbce5.jpeg,2026-05-23T23:11:51.610988+00:00,"classic + refreshing cola flavor amped up with rich notes of vanilla, infused with fast-acting thc, your bubbly afternoon treat will never be the same. ingredients: filtered water, cane sugar, natural flavors, caramel color, phosphoric acid, cannabis extract, carbonation, potassium sorbate, caffeine, ascorbic acid. processing type: ethanol extraction + distillation. instructions: drink 1 can and wait at least 1 hour to feel the effect before consuming more. best served cold. use within 48 hours of opening. serving size: 1 can",,
bedford-club-bk,1B7444CNM4WGYT,1B7444CNM4WGYT,X| Ayrloom | Yuzu Citrus | Beverage 12oz | 10THC:5CBD | Single,ayrloom,edible,,500,10.0,5.0,50/50,TRUE,https://shop.bedfordclub.com/menu/products/ayrloom-338877/beverage/x-ayrloom-yuzu-citrus-beverage-12oz-10thc5cbd-single-7978490,https://tymber-blaze-products.imgix.net/download---2026-04-24T181445-709-4b9138d8-2a15-43f4-b549-8703c8dd7afc.jpeg,2026-05-23T23:11:51.610988+00:00,"perfectly light + refreshing with bright lemon flavor + tart lime notes. combined with an invigorating hint of mandarin orange aromatics, this beverage serves an ""all senses on deck"" treat.",,
bedford-club-bk,0429F2KEAH6YRV,0429F2KEAH6YRV,X| Ayrloom | Pineapple Express | All-in-One | 0.5g,ayrloom,vaporizers,.5g,3000,90.0,,sativa,TRUE,https://shop.bedfordclub.com/menu/products/ayrloom-338877/vape-pens/x-ayrloom-pineapple-express-all-in-one-05g--7978489,https://tymber-blaze-products.imgix.net/download---2026-05-06T114907-979-c42db321-915f-4927-b2b9-3ee3c0bb18e1.jpeg,2026-05-23T23:11:51.610988+00:00,"sweet + subtly tart but refreshing + light ingredients: cannabis extract, botanically derived terpenes instructions: inhale for 3-5 seconds. wait at least 30 seconds between puffs. store vertically and at room temperature away from light.",,
bedford-club-bk,9E6AF5PIVTEGQO,9E6AF5PIVTEGQO,X|  Ayrloom | Lychee Dream | All-In-One | 0.5g,ayrloom,vaporizers,.5g,3000,90.0,,sativa,TRUE,https://shop.bedfordclub.com/menu/products/ayrloom-338877/vape-pens/x-ayrloom-lychee-dream-all-in-one-05g-7978488,https://tymber-blaze-products.imgix.net/download---2026-04-24T175758-078-c4b98b15-b9b9-4ca6-a6c0-0620cedff3cf.jpeg,2026-05-23T23:11:51.610988+00:00,"the vibrant + energizing combination of juicy pear, pink florals + sweet berry will leave you feeling lifted + light. ingredients: cannabis extract, botanically derived terpenes. instructions: inhale for 3-5 seconds. wait at least 30 seconds between puffs. store vertically and at room temperature away from light.",,
bedford-club-bk,82D84CB7SSP6VE,82D84CB7SSP6VE,X| Ayrloom | Pillow Talk | Tincture (300THC:1500CBN),ayrloom,tinctures,30.0 milligrams,5000,300.0,,50/50,TRUE,https://shop.bedfordclub.com/menu/products/ayrloom-338877/tinctures/x-ayrloom-pillow-talk-tincture-300thc1500cbn-7978487,https://tymber-blaze-products.imgix.net/download---2026-04-21T131120-091-41cbadd0-289c-4159-a22f-557903a0e250.jpeg,2026-05-23T23:11:51.610988+00:00,"your new sleep essential. take 30 minutes before bedtime + get ready to dream big. a great combination of 300mg thc : 1,500mg cbn ingredients: organic coconut mct oil, cannabis extract. instructions: take 1.0 ml and wait at least 2 hours before consuming more. store at room temperature in a cool, dry place.",,
bedford-club-bk,75C19ELKMYLZ6P,75C19ELKMYLZ6P,X| Ayrloom | Beverage Enhancer | Tincture (300THC),ayrloom,tinctures,30.0 milligrams,5000,300.0,,50/50,TRUE,https://shop.bedfordclub.com/menu/products/ayrloom-338877/tinctures/x-ayrloom-beverage-enhancer-tincture-300thc-7978486,https://tymber-blaze-products.imgix.net/download---2026-04-21T130946-484-5a89e261-3b12-47df-94db-288fa54f39f4.jpeg,2026-05-23T23:11:51.610988+00:00,"The Unflavored Beverage Enhancer Tincture from Ayrloom is a discreet and convenient way to incorporate cannabis into your daily routine. With its unflavored formula, it blends seamlessly into any drink, offering flexibility and precision in dosing. Perfect for those who want to customize their experience without altering the taste of their beverage. Instructions: Take small dose of 0.5ml and wait at least 2 hours before consuming more. Store at room temperature in a cool, dry place Key Features: -Effects: Eases stress and tension without overwhelming sedation; Helps to gently elevate mood, providing a calm and balanced feeling; Can promote mental clarity, making it great for enhancing concentration and productivity; Ideal for reducing mild anxiety and creating a sense of calm; The unflavored nature allows you to mix it with beverages of your choice for precise control over your experience",,
bedford-club-bk,95A44EXVB8JQVJ,95A44EXVB8JQVJ,X| Ayrloom | Everyday Drops | Tincture (150THC:450CBD),ayrloom,tinctures,30.0 milligrams,3000,150.0,450.0,50/50,TRUE,https://shop.bedfordclub.com/menu/products/ayrloom-338877/tinctures/x-ayrloom-everyday-drops-tincture-150thc450cbd--7978485,https://tymber-blaze-products.imgix.net/download---2026-04-21T131047-722-8497370c-2014-4aa4-91b6-ee2419135556.jpeg,2026-05-23T23:11:51.610988+00:00,1:3 THC:CBD 150mg THC 450mg CBD,,
bedford-club-bk,4AD02FELY0CPBO,4AD02FELY0CPBO,X| Ayrloom | High Dose | Tincture | 1000THC,ayrloom,tinctures,30.0 milligrams,6000,1000.0,,50/50,TRUE,https://shop.bedfordclub.com/menu/products/ayrloom-338877/tinctures/-x-ayrloom-high-dose-tincture-1000thc-7978484,https://tymber-blaze-products.imgix.net/download---2026-04-21T130746-118-027e6981-03b4-40a6-8ca6-4da6b163b98e.jpeg,2026-05-23T23:11:51.610988+00:00,"For those seeking concentrated potency, Ayrloom’s High Dose Tincture delivers 1000mg THC in a clean, simple formula. Crafted with just organic coconut MCT oil and cannabis extract, this tincture provides a powerful and fast-acting option for experienced users. Use the included dropper to take 0.3ml, delivering 10mg THC per serving. Administer sublingually or orally, and wait at least two hours before consuming more to find your ideal dosage. Store at room temperature in a cool, dry place for optimal potency and quality. 30ml (1oz) • 10mg THC per serving • 1000mg THC per package Sugar-Free • Gluten-Free • Dairy-Free • Vegan • Tree Nut-Free • Soy-Free This tincture offers a simple yet effective way to experience the benefits of cannabis. With a balanced hybrid effect, it’s perfect for those looking to achieve calm, relaxation, and focus. Ayrloom’s High Dose Tincture is available exclusively in stores and dispensaries, providing a premium experience tailored to your wellness needs. Details These simple drops, made with two ingredients—organic coconut MCT oil and cannabis extract—pack a punch that delivers. Fast-acting, a .3ml serving will transport you to places within and beyond. 30ml (1oz) | 10mg THC per serving | 1000mg THC per package | Hybrid Sugar Free • Gluten Free • Dairy Free • Vegan • Tree Nut Free • Soy Free A tincture is a mixture that is administered orally or sublingually via a dropper. Store in a cool, dry place.",,
bedford-club-bk,D0DE42N2AFMGTQ,D0DE42N2AFMGTQ,X| Ayrloom | Half & Half | Beverage 12oz | Single,ayrloom,edible,12.0 grams,500,10.0,5.0,50/50,TRUE,https://shop.bedfordclub.com/menu/products/ayrloom-338877/beverage/x-ayrloom-half-half-beverage-12oz-single-7978483,https://tymber-blaze-products.imgix.net/download---2026-04-24T181836-070-1b672d3f-9187-4907-8fd5-a98339808ded.jpeg,2026-05-23T23:11:51.610988+00:00,"Half + Half 10mg THC : 5mg CBD Cannabis Infused Lemonade Tea 10mg THC : 5mg CBD Balance A hole in one that would make Arnie proud. half lemonade, half tea, this delightfully refreshing beverage is steeped in rich tradition.",,
bedford-club-bk,01ECB5B2HQ8JNR,01ECB5B2HQ8JNR,X| Ayrloom | Root Beer | Beverage 12oz | 10THC:5CBD | Single,ayrloom,edible,12.0 grams,500,10.0,5.0,50/50,TRUE,https://shop.bedfordclub.com/menu/products/ayrloom-338877/beverage/x-ayrloom-root-beer-beverage-12oz-10thc5cbd-single-7978482,https://tymber-blaze-products.imgix.net/download---2026-04-24T181931-421-d7a01a5b-05d9-4b72-86d6-024e014177bf.jpeg,2026-05-23T23:11:51.610988+00:00,"A rebellious twist on a timeless classic. our root beer opens with warm, earthy notes of sassafras + sarsaparilla, followed by hints of smooth vanilla, sweet birch + a touch of caramel. pairs perfectly with vanilla ice cream for the ultimate float—or enjoy straight from the can for a lifted take on a throwback favorite.",,
bedford-club-bk,6C0AADGZZRCLMT,6C0AADGZZRCLMT,X| Ayrloom | Pineapple Mango | Beverage 12oz | 10THC:5CBD | Single,ayrloom,edible,12.0 grams,500,10.0,5.0,50/50,TRUE,https://shop.bedfordclub.com/menu/products/ayrloom-338877/beverage/x-ayrloom-pineapple-mango-beverage-12oz-10thc5cbd-single-7978480,https://tymber-blaze-products.imgix.net/download---2026-04-24T182025-654-232c1dc3-362f-402c-b2c1-2c1ad5395a60.jpeg,2026-05-23T23:11:51.610988+00:00,"uicy + perfectly sweet, naturally. no need for PTO here! capture that ooo feeling with every sip, + recharge your mind like you’re on ‘island time’.",,
bedford-club-bk,71D0E6LE1NUMX2,71D0E6LE1NUMX2,X| Ayrloom | Orange Creamsicle | Beverage 12oz | 10THC:5CBD | Single,ayrloom,edible,12.0 grams,500,5.0,5.0,50/50,TRUE,https://shop.bedfordclub.com/menu/products/ayrloom-338877/beverage/x-ayrloom-orange-creamsicle-beverage-12oz-10thc5cbd-single-7978479,https://tymber-blaze-products.imgix.net/download---2026-04-24T181132-068-ee792799-7176-435c-964d-55f0ffbbe45f.jpeg,2026-05-23T23:11:51.610988+00:00,"orange + cream like a midsummer night’s dream! perfect for picnic days + sunny rays, the tried + true flavors of decadent vanilla + tangy orange have teamed up to bring you ayrloom orange creamsicle.",,
bedford-club-bk,40B5FFWUPZHQNF,40B5FFWUPZHQNF,X| Ayrloom | Lemonade | Beverage 12oz | 10THC:5CBD | Single,ayrloom,edible,,500,10.0,6.0,50/50,TRUE,https://shop.bedfordclub.com/menu/products/ayrloom-338877/beverage/x-ayrloom-lemonade-beverage-12oz-10thc5cbd-single-7978476,https://tymber-blaze-products.imgix.net/download---2026-04-24T180935-121-4e85d8ba-204f-4c5e-a89a-9bb3c4e0a766.jpeg,2026-05-23T23:11:51.610988+00:00,,,
bedford-club-bk,88C915OFT7QRJ2,88C915OFT7QRJ2,X| Ayrloom | Honeycrisp | Beverage 12oz | 10THC:5CBD | Single,ayrloom,edible,12.0 grams,500,10.0,5.0,50/50,TRUE,https://shop.bedfordclub.com/menu/products/ayrloom-338877/beverage/x-ayrloom-honeycrisp-beverage-12oz-10thc5cbd-single-7978475,https://tymber-blaze-products.imgix.net/download---2026-04-24T181316-107-48644d04-b587-462e-8d2d-438d446c5600.jpeg,2026-05-23T23:11:51.610988+00:00,,,
bedford-club-bk,6539A4ZL2DGEQS,6539A4ZL2DGEQS,X| Ayrloom | Cran Apple | Beverage 12oz | 10THC:5CBD |  Single,ayrloom,edible,12.0 grams,500,10.0,5.0,50/50,TRUE,https://shop.bedfordclub.com/menu/products/ayrloom-338877/beverage/x-ayrloom-cran-apple-beverage-12oz-10thc5cbd-single-7978474,https://tymber-blaze-products.imgix.net/download---2026-04-27T115147-862-59c040d9-3ca5-44d0-8f3e-ef441c8f3af7.jpeg,2026-05-23T23:11:51.610988+00:00,Cran A pple 10mg Cannabis Infused Fresh Cranberry Apple Cider a perfect combination of classic American flavors! the unique blend of fresh apples from our beak & skiff orchard + cranberries from new England strike a delicate balance of sweet + tart.,,
bedford-club-bk,5B2375UBOCFGLW,5B2375UBOCFGLW,X| Bloom | Guava Belts | All-in-One | Classics | 1g,BLOOM,vaporizers,1.0 grams,5000,84.47,,sativa,TRUE,https://shop.bedfordclub.com/menu/products/bloom-357010/vape-pens/x-bloom-guava-belts-all-in-one-classics-1g-7978501,https://tymber-blaze-products.imgix.net/download---2026-04-24T183349-172-f2a92526-f5b5-4112-951b-362a5bb5677f.jpeg,2026-05-23T23:11:51.610988+00:00,"Guava Belts Buckle Up Details Phenotype Sativa Taste Sweet, Citrusy, Berry Mood A vibrant Classic full of uplifting tropical flavor. Guava Beltz brings juicy sweetness with hints of tropical berry. This strain sparks creativity and energy while keeping the vibe light and social. Ingredients Cannabis Oil & Natural Terpenes D-Limonene Naturally Found In: citrus rinds B-Caryophyllene Naturally Found In: black pepper, cloves, hops B-Myrcene Naturally Found In: mango, wild thyme, cardamom, hops",,
bedford-club-bk,BDA487ZF1YI2VZ,BDA487ZF1YI2VZ,Blazy Susan Premium Cones | 50 King Size,Blazy Susan,merch,,2000,,,,TRUE,https://shop.bedfordclub.com/menu/products/blazy-susan-731782/accessories/blazy-susan-premium-cones-50-king-size-7978500,https://tymber-blaze-products.imgix.net/download---2026-05-14T203040-766-3474f7af-21e4-4054-a24d-12cd9f6b08ed.jpeg,2026-05-23T23:11:51.610988+00:00,,,
bedford-club-bk,5D7A02MJQFXZ0I,5D7A02MJQFXZ0I,X| Akron Bloom | Birthday Cake | Pre Roll | 1G,Akron Bloom LLC,preroll,1g,900,28.27,,indica,TRUE,https://shop.bedfordclub.com/menu/products/akron-bloom-llc-440726/preroll/x-akron-bloom-birthday-cake-pre-roll-1g--7978497,https://tymber-blaze-products.imgix.net/download---2026-04-29T233926-846-1b1b5e6b-bbb4-4732-95bf-e2adb8fa5e7d.jpeg,2026-05-23T23:11:51.610988+00:00,"Birthday Cake (aka Birthday Cake Kush) is an indica-dominant hybrid created by crossing Cherry Pie with Girl Scout Cookies (GSC). Known for its dessert-like profile, this strain delivers rich notes of sweet vanilla frosting, buttery cake, and subtle earthy spice that linger on the palate. Dense, trichome-covered buds give off a sugary aroma reminiscent of freshly baked treats. Strain: Birthday Cake Type: Indica-Dominant Hybrid Lineage: Cherry Pie × Girl Scout Cookies Flavor & Aroma: Sweet vanilla and creamy cake notes complemented by earthy undertones and a hint of sugary spice. Effects: Relaxing, mood-enhancing, and calming—ideal for unwinding, easing stress, or enjoying a sweet, mellow evening session.",,
bedford-club-bk,D074E6NCXNZWQN,D074E6NCXNZWQN,X| Camino | Sour Watermelon Spritz | Gummy | 10ct,Camino,edible,72.0 milligrams,2800,100.0,,sativa,TRUE,https://shop.bedfordclub.com/menu/products/camino-731781/edibles/x-camino-sour-watermelon-spritz-gummy-10ct-7978516,https://tymber-blaze-products.imgix.net/download---2026-04-21T164633-168-d577bcad-0a17-49f9-88fb-fc9bf0e8a794.jpeg,2026-05-23T23:11:51.610988+00:00,"EFFECT: Uplifting (Sativa) -- Find yourself the life of the (pool) party with Kiva’s Watermelon Spritz Camino Sours. Energizing, sativa-like terpenes meet sharp, juicy watermelon flavors for a splashy sweet that will leave you feeling refreshingly enlivened. -- TERPENES: • Limonene - Reduces stress, alleviates asthma and allergies, reduces inflammation, and acts as an antioxidant. • Beta-Caryophyllene - May assist with the body's response to anxiety and stress. • Linalool - Anti-anxiety and sedating effects. • Alpha-Pinene - Improves attention span to deliver a more lucid and focused experience.",,
bedford-club-bk,D4E9D5MY472IQL,D4E9D5MY472IQL,X| Camino | Sour Tropical Burst | Gummy | 10ct,Camino,edible,72.0 milligrams,3000,100.0,,sativa,TRUE,https://shop.bedfordclub.com/menu/products/camino-731781/edibles/x-camino-sour-tropical-burst-gummy-10ct-7978515,https://tymber-blaze-products.imgix.net/download---2026-04-21T170209-202-f971d228-ddfb-48bf-b91c-080d1e6beace.jpeg,2026-05-23T23:11:51.610988+00:00,"With Camino Sours Tropical Burst Energy gummies, you can enjoy an exhilarating experience with 10MG THC and 5MG THCV. THCV is your energy-boosting ally, potentially enhancing metabolism and curbing appetite. It ensures a clear-headed journey ahead. -- There’s a Camino for every taste, tolerance, and occasion. With a variety of terpene-tailored effects and delicious fruit flavors, we invite you to explore our family of Camino edibles. We know you’ll… find your sweet spot. -- Terpenes: SATIVA-LIKE TERPENES: LIMONENE, ALPHA-PINENE, BETACARYOPHYLLENE, VALENCENE -- Camino by KIVA",,
bedford-club-bk,9A7EC07XG3DEQO,9A7EC07XG3DEQO,X| Camino | Sour Raspberry Lemonade | Gummy | 10ct,Camino,edible,100.0 milligrams,2800,100.0,,50/50,TRUE,https://shop.bedfordclub.com/menu/products/camino-731781/edibles/x-camino-sour-raspberry-lemonade-gummy-10ct-7978514,https://tymber-blaze-products.imgix.net/download---2026-04-21T165204-499-4290c962-0af3-4811-a3be-f406f93573ce.jpeg,2026-05-23T23:11:51.610988+00:00,"For those moments when you want to make a great experience even more joyous”like hanging with friends at the beach or enjoying a comedy show” enter Camino Sours Raspberry Lemonade Bliss gummies. These delightful treats are designed to boost your mood and create a blissful experience no matter where you are and what youre up to. Each delectable gummy is infused with 10MG of THC and a tailored blend of hybrid-like terpenes that marries perfectly with the sweet, tangy notes of ripe raspberries and the flavors of fresh, sugary lemonade. Welcome to your happy place!",,
bedford-club-bk,DD65B2141JK7SN,DD65B2141JK7SN,X| Camino | Sour Orchard Peach | Gummy | 10ct,Camino,edible,72.0 milligrams,3000,100.0,100.0,50/50,TRUE,https://shop.bedfordclub.com/menu/products/camino-731781/edibles/x-camino-sour-orchard-peach-gummy-10ct-7978513,https://tymber-blaze-products.imgix.net/download---2026-04-21T141013-248-580152a3-1342-46fd-8c08-8be3af4382d8.jpeg,2026-05-23T23:11:51.610988+00:00,"EFFECT: Balance (Hybrid) -- Come back to center as the vivid rays of twilight hour sweep across rolling orchard hills. Orchard Peach Camino Sours are characterized by tart notes of lush, ripe peach with a balancing blend of CBD and THC with indica and sativa-like terpenes. -- There’s a Camino for every taste, tolerance, and occasion. With a variety of terpene-tailored effects and delicious fruit flavors, we invite you to explore our family of Camino edibles. We know you’ll… find your sweet spot.",,
bedford-club-bk,26A9A9K8ZFEM9S,26A9A9K8ZFEM9S,X| Camino | Sour Deep Sleep Blackberry Dream | 10ct,Camino,edible,72.0 milligrams,3000,100.0,,indica,TRUE,https://shop.bedfordclub.com/menu/products/camino-731781/edibles/x-camino-sour-deep-sleep-blackberry-dream-10ct-7978512,https://tymber-blaze-products.imgix.net/download---2026-04-21T135235-092-ea3f3e74-e6d2-4d61-8b3d-0ca7e029f5df.jpeg,2026-05-23T23:11:51.610988+00:00,"Drift into dreamland by way of a whimsical woodland forest filled with fragrant blackberry bushes. Blackberry Dream Camino Sours combine THC and CBN with chamomile and lavender extracts for a tranquil effect enhanced by soothing, indica-like terpenes. Take one of these subtly sour gummies and call it a night.",,
bedford-club-bk,980D1FBWXVIYNQ,980D1FBWXVIYNQ,X| Camino | Yuzu Lemon | Gummies | 20pcs,Camino,edible,72.0 milligrams,3000,100.0,100.0,50/50,TRUE,https://shop.bedfordclub.com/menu/products/camino-731781/edibles/x-camino-yuzu-lemon-gummies-20pcs--7978511,https://tymber-blaze-products.imgix.net/download---2026-04-21T133956-128-48b6c661-880c-48b0-afd6-2d034a5f4b2f.jpeg,2026-05-23T23:11:51.610988+00:00,"When stress becomes overwhelming and you wish to restore your sense of balance, consider Yuzu Lemon 'Balance' Camino gummies. The harmonious blend of 5MG THC and 5MG CBD facilitates a refreshing change in your outlook—similar to uncovering a concealed Zen garden right in your own backyard.",,
bedford-club-bk,2FC8849ISBCIJQ,2FC8849ISBCIJQ,X| Camino | Wild Cherry | 20ct,Camino,edible,72.0 milligrams,3000,100.0,,sativa,TRUE,https://shop.bedfordclub.com/menu/products/camino-731781/edibles/x-camino-wild-cherry-20ct-7978510,https://tymber-blaze-products.imgix.net/download---2026-04-21T142446-588-4da8834a-b73f-477d-8da5-ee26bd9095c0.jpeg,2026-05-23T23:11:51.610988+00:00,"5mg THC per piece | 100mg THC total in 20 pieces -- EFFECT: Excite (Sativa) -- Get the rooftop party started with Kiva's Wild Cherry Camino gummies. The invigorating blend of sativa-like terpenes with sweet, fruity notes of tart cherry will have you dancing all night long. -- INGREDIENTS: Organic Tapioca Syrup, Sugar, Gelatin, Malic Acid, Natural Flavors, Citric Acid, Cannabis Extract, Fruit and Vegetable Juice for Color, Natural Terpenes, Coconut Oil, Carnauba Wax",,
bedford-club-bk,77BEE1EI6TYYE4,77BEE1EI6TYYE4,X| Camino | Wild Berry | Gummy | 20ct,Camino,edible,72.0 milligrams,2800,100.0,,indica,TRUE,https://shop.bedfordclub.com/menu/products/camino-731781/edibles/x-camino-wild-berry-gummy-20ct-7978509,https://tymber-blaze-products.imgix.net/download---2026-04-21T165742-067-79a357b0-80e5-41d3-8dd5-f62919b92369.jpeg,2026-05-23T23:11:51.610988+00:00,"5mg THC per piece - 100mg THC per package Go on a relaxing coastal stroll with Kiva’s Wild Berry Camino gummies. The calming, indica-like terpenes pair with notes of wild blackberry and fresh raspberry for a laid-back weekend vibe. Terpenes: Beta-Caryophyllene, Linalool, Myrcene, Humulene, Terpinolene",,
bedford-club-bk,02005FTKBZAWMI,02005FTKBZAWMI,X| Camino | Sleep | Midnight Blueberry | Gummy | 20ct,Camino,edible,72.0 milligrams,3000,100.0,,,TRUE,https://shop.bedfordclub.com/menu/products/camino-731781/edibles/x-camino-sleep-midnight-blueberry-gummy-20ct-7978508,https://tymber-blaze-products.imgix.net/download---2026-04-21T134107-273-342077ee-7147-4f21-b33a-6c9268482d27.jpeg,2026-05-23T23:11:51.610988+00:00,"Settle in for a smooth slumber by a serene lake and let all your worries go. Kivas Midnight Blueberry Camino gummies offer a calming combination of 5 MG of THC, 1 MG of CBN, relaxing terpenes and chamomile and lavender extracts to promote restful sleep. Take one before bed and enjoy a night of tranquil effects. Sweet dreams!",,
bedford-club-bk,F875CAPRNHN1WV,F875CAPRNHN1WV,X| 5 Boro | CEREAL MILK | .7G,Nanticoke,flower,0.7 grams,900,,,hybrid,TRUE,https://shop.bedfordclub.com/menu/products/nanticoke-675970/flower/x-5-boro-cereal-milk-7g-7978507,https://tymber-blaze-products.imgix.net/download---2026-05-01T031105-834-d664c593-90b1-4e26-bcaf-7065c8ecd798.jpeg,2026-05-23T23:11:51.610988+00:00,ndulge in the sweet dessert-like flavor of Cereal Milk with this premium 0.7g Dime from 5 Boro. Expertly crafted for portability and smooth hits it delivers a flavorful uplifting experience in a compact easy-to-use format — perfect for on-the-go enjoyment.,,
bedford-club-bk,5D6CF3IT9UXK6G,5D6CF3IT9UXK6G,X| Akron Bloom | Blueberry Kiss | Pre Roll | 1G,Akron Bloom LLC,preroll,1g,900,19.46,,hybrid,TRUE,https://shop.bedfordclub.com/menu/products/akron-bloom-llc-440726/preroll/x-akron-bloom-blueberry-kiss-pre-roll-1g--7978503,https://tymber-blaze-products.imgix.net/download---2026-04-29T234108-349-a84bef1e-dc54-40a0-98cc-c238ec2dd367.jpeg,2026-05-23T23:11:51.610988+00:00,Blueberry Kiss is a potent indica-hybrid cherished for its flavor profile and physical relief. It's the perfect choice for a flavorful smoke to relax your muscles and mind.,,
bedford-club-bk,6DD7F6KCNF11M5,6DD7F6KCNF11M5,X| MFNY | Blueberry 2.0 x Turbo Blueberry |  Live Resin Infused Pre Roll | .75g,MFNY,preroll,0.75 grams,1120,25.37,0.04,indica,TRUE,https://shop.bedfordclub.com/menu/products/mfny-337200/infused-preroll/x-mfny-blueberry-20-x-turbo-blueberry-live-resin-infused-pre-roll-75g-7978502,https://tymber-blaze-products.imgix.net/download---2026-04-30T004613-603-0e7ca9c3-c54b-4f3a-9807-3d504e31208d.jpeg,2026-05-23T23:11:51.610988+00:00,,,
bedford-club-bk,90A2E8RAQJ1DLI,90A2E8RAQJ1DLI,X| MFNY | Cherry Lime x O2 OG Kush | Live Resin Gummies | 10 pk,MFNY,edible,,2200,112.9,0.67,indica,TRUE,https://shop.bedfordclub.com/menu/products/mfny-337200/edibles/x-mfny-cherry-lime-x-o2-og-kush-live-resin-gummies-10-pk-7978522,https://tymber-blaze-products.imgix.net/download---2026-04-28T152349-999-37807d1b-756e-4e41-98bd-bf2cd16610b3.jpeg,2026-05-23T23:11:51.610988+00:00,,,
bedford-club-bk,487FA6TJ2O4H5A,487FA6TJ2O4H5A,X| Akron Bloom | Cherry Kiss | Pre Roll | 1G,Akron Bloom LLC,preroll,1g,900,37.18,,hybrid,TRUE,https://shop.bedfordclub.com/menu/products/akron-bloom-llc-440726/preroll/x-akron-bloom-cherry-kiss-pre-roll-1g--7978521,https://tymber-blaze-products.imgix.net/download---2026-04-29T233756-044-102b9a86-6a3b-487c-bdd9-40dcd4b936ec.jpeg,2026-05-23T23:11:51.610988+00:00,"The Akron Bloom Cherry Kiss 1g Preroll is a high-potency, sativa-leaning hybrid pre-roll often boasting over 30% THC. Known for its sweet cherry, berry, and herbal flavor profile, this product offers an energizing and uplifting experience, ideal for daytime, creative, or social use.",,
bedford-club-bk,CACB5EZQMZPLQM,CACB5EZQMZPLQM,X| MFNY | Candy Rain | Live Rosin Badder | 1g,MFNY,concentrate,1g,7500,77.29,,indica,TRUE,https://shop.bedfordclub.com/menu/products/mfny-337200/concentrates/x-mfny-candy-rain-live-rosin-badder-1g-7978519,https://tymber-blaze-products.imgix.net/download---2026-05-01T193525-444-c2215e0f-846c-4c7d-b7d1-8cb01d5390f1.jpeg,2026-05-23T23:11:51.610988+00:00,"""At MFNY, we make RiverwayTM Live Rosin in a specific way that preserves powerful plant characteristics. We do this to highlight the difference between “real” live rosin and misleading alternatives on store shelves. Riverway isn’t just a name, it’s a promise to make products all New Yorkers can be proud of. Candy Rain Riverway Live Rosin badder is a premium concentrate that is created with a proprietary cultivation, freezing, and extraction process designed to preserve flavor, maximize potency, and ensure a truly solventless experience. It starts with our best, in-house grown, bred, and fresh-frozen Candy Rain buds. We flash freeze our plants right after meticulous harvest preparation to lock in all the trichome-and-terpene-rich goodness of the plant (this is the “Live” part of Resin), and pull from only the best micron range. Candy Rain is known for its sweet candy aroma and flavor. Potent in THC, it promotes a relaxing body high with long-lasting, invigorating cerebral effects that spread to your whole body. Riverway Live Rosin badder concentrate has a soft, butter-like texture for an easy-to-use, super enjoyable experience. Our Riverway Live Rosin concentrates are exclusively single-source and produced at the highest of standards in our next generation laboratory space, using scientific precision and years of experience, which we’ve proudly gathered together in New York's Hudson Valley.",,
bedford-club-bk,22C6EALVDJQUYA,22C6EALVDJQUYA,X| MFNY | Candy Rain x Candy Rain | Live Resin Infused Pre Roll | .75g,MFNY,preroll,0.75 grams,1120,29.54,0.04,indica,TRUE,https://shop.bedfordclub.com/menu/products/mfny-337200/infused-preroll/x-mfny-candy-rain-x-candy-rain-live-resin-infused-pre-roll-75g-7978518,https://tymber-blaze-products.imgix.net/download---2026-05-06T161009-908-06a6708e-f4eb-40ba-be66-31793e093263.jpeg,2026-05-23T23:11:51.610988+00:00,,,
bedford-club-bk,743CB2O0HC7S8V,743CB2O0HC7S8V,X| MFNY | Candy Rain | Live Resin |  510 Cart | .5g,MFNY,vaporizers,.5g,4500,71.91,0.14,indica,TRUE,https://shop.bedfordclub.com/menu/products/mfny-337200/vape-pens/x-mfny-candy-rain-live-resin-510-cart-5g-7978517,https://tymber-blaze-products.imgix.net/download---2026-04-28T151947-923-655df403-07bc-485e-92e8-f3950d352aeb.jpeg,2026-05-23T23:11:51.610988+00:00,,,
bedford-club-bk,73E500NJEISXKR,73E500NJEISXKR,X| Dank | Gary Payton | Flower | 3.5g,Dank By Definition,flower,1/8 oz,5300,31.3,,hybrid,TRUE,https://shop.bedfordclub.com/menu/products/dank-by-definition-338869/flower/x-dank-gary-payton-flower-35g--7978543,https://tymber-blaze-products.imgix.net/download---2026-04-30T014719-517-8005166e-4c5d-4fa0-a5be-c219b8f7df82.jpeg,2026-05-23T23:11:51.610988+00:00,,,
bedford-club-bk,F81FCCQICSSSWI,F81FCCQICSSSWI,X| Dank | Cherry AK-47| Sungrown | 1g,Dank By Definition,preroll,1g,1000,27.97,,sativa,TRUE,https://shop.bedfordclub.com/menu/products/dank-by-definition-338869/preroll/x-dank-cherry-ak-47-sungrown-1g-7978536,https://tymber-blaze-products.imgix.net/download---2026-05-11T143616-631-4c056afb-f2d2-46ad-9039-7a9f84259658.jpeg,2026-05-23T23:11:51.610988+00:00,"Turn up your session with the Dank Cherry AK-47 Sungrown Pre-Roll—a bold, sativa-leaning hybrid crafted for flavor, balance, and an uplifting experience. Made with quality sun-grown flower, this pre-roll delivers a smooth, even burn while preserving the strain’s natural terpene richness. Cherry AK-47 is a unique phenotype of the legendary AK-47, known for its vibrant cherry aroma layered with classic skunky, earthy undertones. Expect a flavor profile that blends sweet fruit, subtle spice, and a gassy finish for a well-rounded, terp-heavy smoke. The effects are both energizing and mellow—starting with a euphoric cerebral lift that boosts mood, creativity, and social energy, followed by a light body relaxation that keeps you grounded without slowing you down. Perfect for daytime use or casual sessions, this pre-roll offers a balanced high that’s ideal for staying engaged, creative, and in a good headspace.",,
bedford-club-bk,4BFD43P8BS3QCV,4BFD43P8BS3QCV,X| MFNY | Creamsicle x Rainbow Beltz 2.0 | Live Resin Gummies | 10pk,MFNY,edible,,2200,109.2,0.4,,TRUE,https://shop.bedfordclub.com/menu/products/mfny-337200/edibles/x-mfny-creamsicle-x-rainbow-beltz-20-live-resin-gummies-10pk-7978532,https://tymber-blaze-products.imgix.net/download---2026-04-21T112108-306-a3b644bf-f03b-4002-b94b-c7a171e3513b.jpeg,2026-05-23T23:11:51.610988+00:00,,,
bedford-club-bk,450DBEER971MCB,450DBEER971MCB,X| Ruby Farms | Classics | White Widow | 7 Count | Net 5g | 0.7g,Ruby Farms,preroll,5.0 grams,5000,25.24,,sativa,TRUE,https://shop.bedfordclub.com/menu/products/ruby-farms-338873/preroll/x-ruby-farms-classics-white-widow-7-count-net-5g-07g-7978531,https://tymber-blaze-products.imgix.net/download---2026-04-29T211844-742-97c38acc-ef87-4bc1-b80e-0bacfc57eec2.jpeg,2026-05-23T23:11:51.610988+00:00,"White Widow is one of our signature cultivars we have preserved for years winning world's strongest strain in 1995 High Times cannabis cup. The White Widow is a nostalgic cultivar, that is the allure of the old school cannabis. It's super rare to have an authentic White Widow. White Widow was bred in the 90's by Dutch legends at Green House seeds.",,
bedford-club-bk,B6DD3ATJ4YWMQB,B6DD3ATJ4YWMQB,X| Ruby Farms | Doobies | Granddaddy Purple | 7 Count | Net 3.5G | 0.5,Ruby Farms,preroll,1/8 oz,3800,25.02,,indica,TRUE,https://shop.bedfordclub.com/menu/products/ruby-farms-338873/preroll/x-ruby-farms-doobies-granddaddy-purple-7-count-net-35g-05-7978527,https://tymber-blaze-products.imgix.net/download---2026-04-29T171642-234-8136f0f0-98d8-4846-8c34-68d89f68d3f3.jpeg,2026-05-23T23:11:51.610988+00:00,"Grand Daddy Purple is an indica strain that inherits a complex grape and berry aroma from its Mendo Purps and Afghanistan parent. Its potent effects are clearly detectable in both mind and body, delivering a fusion of relaxation and pungent grape taste after notes.",,
bedford-club-bk,267D53IL0ZCA7U,267D53IL0ZCA7U,X| Ruby Farms | Classics | 7 Count | Tangie | Net 5g |.7g,Ruby Farms,preroll,5.0 grams,5000,25.3,,sativa,TRUE,https://shop.bedfordclub.com/menu/products/ruby-farms-338873/preroll/x-ruby-farms-classics-7-count-tangie-net-5g-7g-7978526,https://tymber-blaze-products.imgix.net/download---2026-04-29T225303-326-53394fa9-ecbf-4f12-bf2b-1ac55dc47d90.jpeg,2026-05-23T23:11:51.610988+00:00,,,
bedford-club-bk,58415EIQX4EFZQ,58415EIQX4EFZQ,X| Ruby Farms | Classics | Purple Haze | 7 Count | Net 5g | .7g,Ruby Farms,preroll,5.0 grams,5000,24.0,,sativa,TRUE,https://shop.bedfordclub.com/menu/products/ruby-farms-338873/preroll/x-ruby-farms-classics-purple-haze-7-count-net-5g-7g-7978525,https://tymber-blaze-products.imgix.net/download---2026-04-29T225142-758-bee3ea8d-70c8-403a-87eb-42b030384a55.jpeg,2026-05-23T23:11:51.610988+00:00,"Step into a nostalgic dream with Ruby Farms Classics Purple Haze. These premium 0.7g Prerolls open with a burst of sweet berry aromatics layered over a classic earthy finish. This legendary Sativa delivers a high-energy cerebral spark, fueled by a terpene profile rich in myrcene and limonene. With a potent THC content, expect to feel creative, happy, and uplifted—perfect for an inspired, all-day experience.",,
bedford-club-bk,40C081N1FCHLEL,40C081N1FCHLEL,X| Ruby Farms | Classics | Grand Daddy Purple | Preroll | 7pk | 0.7g,Ruby Farms,preroll,5.0 grams,5000,25.13,0.14,indica,TRUE,https://shop.bedfordclub.com/menu/products/ruby-farms-338873/preroll/x-ruby-farms-classics-grand-daddy-purple-preroll-7pk-07g-7978565,https://tymber-blaze-products.imgix.net/download---2026-04-29T171839-065-bf73ca82-021c-4eba-9c69-98e2d0e0a44e.jpeg,2026-05-23T23:11:51.610988+00:00,“Enjoy a Ruby Doobie” The Ruby Doobie’s hand-rolled aesthetic is complemented by the natural and unbleached hemp-based wraps that enclose our Ruby Farms flower. This artisanally hand-rolled luxury smoking experience comes in a sleek copper metal tin that is convenient and all about good vibrations. We paired our Grand Daddy Purple with this batch an indica strain that inherits a complex grape and berry aroma from its Mende Purps and Afghanistan parent. Its potent effects are clearly detectable in both mind and body delivering a fusion of relaxation and pungent grape taste after notes.,,
bedford-club-bk,9EE359QCCWNCIG,9EE359QCCWNCIG,X| Ruby Farms | Doobies | Wedding Cake | 7pk | 3.5G | 0.5G,Ruby Farms,preroll,1/8 oz,3800,24.43,,,TRUE,https://shop.bedfordclub.com/menu/products/ruby-farms-338873/preroll/x-ruby-farms-doobies-wedding-cake-7pk-35g-05g-7978564,https://tymber-blaze-products.imgix.net/download---2026-05-03T225435-579-af3b5eca-8171-4f4b-9755-053e189a61e0.jpeg,2026-05-23T23:11:51.610988+00:00,"Wedding Cake is a hybrid strain that delivers a serene and euphoric experience, offering a soothing embrace for both body and mind. It boasts a flavorful profile characterized by its luscious, tangy notes with subtle hints of cream and dough. The Ruby Doobie’s hand-rolled aesthetic is complemented by the natural and unbleached hemp-based wraps that enclose our Ruby Farms flower.",,
bedford-club-bk,E750E4EVZTLH0P,E750E4EVZTLH0P,X| Ruby Farms | Doobies | White Widow | 7 Count | Net 3.5G | 5g,Ruby Farms,preroll,1/8 oz,3800,27.83,,sativa,TRUE,https://shop.bedfordclub.com/menu/products/ruby-farms-338873/preroll/x-ruby-farms-doobies-white-widow-7-count-net-35g-5g-7978562,https://tymber-blaze-products.imgix.net/download---2026-04-29T205936-823-2d9a3eec-0962-40b6-83c6-ef09432a50c0.jpeg,2026-05-23T23:11:51.610988+00:00,,,
bedford-club-bk,52C05FQR5U8STZ,52C05FQR5U8STZ,X| Ruby Farms | Doobies | Super Lemon Haze | 7 Count | Net 3.5g |.5g,Ruby Farms,preroll,1/8 oz,3800,28.13,,sativa,TRUE,https://shop.bedfordclub.com/menu/products/ruby-farms-338873/preroll/x-ruby-farms-doobies-super-lemon-haze-7-count-net-35g-5g-7978561,https://tymber-blaze-products.imgix.net/download---2026-04-29T211530-630-82c40377-99d4-4d02-9c44-59ebad7484dc.jpeg,2026-05-23T23:11:51.610988+00:00,,,
bedford-club-bk,6A6689TBZSQI9S,6A6689TBZSQI9S,X| Ruby Farms | Doobies | Sour Diesel | 7 Count | Net 3.5g | .5g,Ruby Farms,preroll,1/8 oz,3800,29.59,,sativa,TRUE,https://shop.bedfordclub.com/menu/products/ruby-farms-338873/preroll/x-ruby-farms-doobies-sour-diesel-7-count-net-35g-5g-7978560,https://tymber-blaze-products.imgix.net/download---2026-04-29T210145-879-98aa2ee5-b95c-4a03-9a2a-a21b35e7293b.jpeg,2026-05-23T23:11:51.610988+00:00,,,
bedford-club-bk,AD49871PTS7YPM,AD49871PTS7YPM,X|  Ruby Farms | Doobies | Blue Dream | 7 Count | Net 3.5G |.5g,Ruby Farms,preroll,1/8 oz,3800,27.73,,hybrid,TRUE,https://shop.bedfordclub.com/menu/products/ruby-farms-338873/preroll/x-ruby-farms-doobies-blue-dream-7-count-net-35g-5g-7978557,https://tymber-blaze-products.imgix.net/download---2026-04-29T205509-271-5a6671c2-1e6a-42df-9066-2b9ac74eb689.jpeg,2026-05-23T23:11:51.610988+00:00,,,
bedford-club-bk,AE6C49YRLYDL1L,AE6C49YRLYDL1L,X| Ruby Farms | Doobies | Blue Dream | 2 Count | Net 1G | 0.5g,Ruby Farms,preroll,1/8 oz,1400,24.5,,50/50,TRUE,https://shop.bedfordclub.com/menu/products/ruby-farms-338873/preroll/x-ruby-farms-doobies-blue-dream-2-count-net-1g-05g-7978556,https://tymber-blaze-products.imgix.net/download---2026-04-27T234830-526-662ff687-8390-4c2c-8bd0-f9ded951cddd.jpeg,2026-05-23T23:11:51.610988+00:00,,,
bedford-club-bk,EA78B21O5VVYIL,EA78B21O5VVYIL,X| Doobie Labs | Blue Lobster | Flower | 3.5g,BLAZE,flower,1/8 oz,5200,29.04,,indica,TRUE,https://shop.bedfordclub.com/menu/products/blaze-731784/flower/x-doobie-labs-blue-lobster-flower-35g-7978555,https://tymber-blaze-products.imgix.net/download---2026-04-30T013708-115-7f7ba4a6-40c9-4da0-8008-f7b521975a45.jpeg,2026-05-23T23:11:51.610988+00:00,"Doobie Labs - Blue Lobster (Indoor) - 3.5g | Premium Craft Cannabis Indulge in the exotic and potent experience of Doobie Labs - Blue Lobster (Indoor) - 3.5g, a top-shelf indoor-grown strain crafted for those who seek premium quality, rich flavors, and powerful effects. This rare hybrid boasts a bold terpene profile, blending sweet, fruity notes with a hint of ocean-fresh zest, making it a true standout. Why Choose Blue Lobster? Premium Indoor Cultivation – Grown in a controlled environment to enhance potency, flavor, and freshness Unique & Exotic Flavor – A sweet and citrusy blend with subtle earthy and gassy undertones Potent Hybrid Effects – Expect a balanced high that elevates your mood while deeply relaxing your body Dense, Trichome-Rich Buds – Sticky, frosty nugs packed with cannabinoids and terpenes An Unforgettable Smoking Experience Blue Lobster is perfect for both seasoned consumers and those looking to explore premium indoor cannabis. Whether you're unwinding after a long day, sparking creativity, or just looking for a smooth, flavorful smoke, this strain delivers every time. Get Doobie Labs - Blue Lobster (Indoor) - 3.5g Today! Enjoy this small-batch, high-quality cannabis in a convenient 3.5g size, ideal for sampling or savoring premium flower. Order now and experience the bold, flavorful high of Doobie Labs - Blue Lobster (Indoor) - 3.5g!",,
bedford-club-bk,3CB50BGR3E1LYY,3CB50BGR3E1LYY,X| Dank | Apple Fritter | Preroll | 0.5g,Dank By Definition,preroll,5.0 grams,1000,27.12,,hybrid,TRUE,https://shop.bedfordclub.com/menu/products/dank-by-definition-338869/preroll/x-dank-apple-fritter-preroll-05g-7978546,https://tymber-blaze-categories.imgix.net/420default-Preroll.jpg,2026-05-23T23:11:51.610988+00:00,,,
bedford-club-bk,A48225WHWFW2TA,A48225WHWFW2TA,X| Dank | Preroll | 7 Pack | Rainbow Belts | 3.5g,Dank By Definition,flower,1/8 oz,4000,24.67,,indica,TRUE,https://shop.bedfordclub.com/menu/products/dank-by-definition-338869/flower/x-dank-preroll-7-pack-rainbow-belts-35g-7978545,https://tymber-blaze-products.imgix.net/download---2026-05-07T141545-842-b0c63ddf-eb8d-4087-a7a9-34627aadc074.jpeg,2026-05-23T23:11:51.610988+00:00,"A 7 pack of pre-roll joints with premium DANK flower rolled in classic joint paper. Rainbow Belts blends candy-sweet fruit notes with soft herbal depth for a smooth, calming smoke. The high settles in with bright euphoria before easing into deep physical relaxation. Balanced, flavorful, and quietly heavy-hitting. Designed for slow evenings and full release. From the Hudson Valley to New York’s top dispensaries, this is DANK by definition. Strain Type: Indica Flavor Notes: Candy • Fruit • Sweet • Citrus Aroma: Sugary • Fruity • Soft Gas Effects: Euphoric • Relaxing • Sedating Experience: Smooth • Calm • Comforting Best For: Evenings • Sleep • Unwinding",,
bedford-club-bk,2FEC7FZKCZMIOO,2FEC7FZKCZMIOO,X| Dank |  99 Problems | Pre Roll | 7pk | 3.5g,Dank By Definition,preroll,1/8 oz,4000,25.47,,indica,TRUE,https://shop.bedfordclub.com/menu/products/dank-by-definition-338869/preroll/x-dank-99-problems-pre-roll-7pk-35g-7978544,https://tymber-blaze-products.imgix.net/download---2026-05-01T175931-554-16776ecd-c8b8-4e2a-a8ea-3efcdf2d3355.jpeg,2026-05-23T23:11:51.610988+00:00,"99 Problems is a potent hybrid that delivers a problem-solving experience with balanced effects as powerful and multifaceted as its name suggests—ready to address whatever challenges come your way with confidence and ease. This versatile cultivar begins with a cerebral rush that brings euphoria, mental clarity, and creative energy before settling into a deeply relaxing body high that soothes pain and tension while maintaining pleasant focus and motivation throughout your experience. 99 Problems features a complex flavor profile dominated by earthy diesel and pungent notes perfectly complemented by hints of citrus brightness, spicy complexity, and subtle herbal undertones that create a smooth, layered experience with each exhale. The aroma is equally intriguing, presenting prominent diesel and earthy scents layered with citrus depth, spicy richness, and sharp fuel notes that intensify when the dense, forest-green, crystal-covered buds are broken apart. Medical cannabis patients particularly appreciate 99 Problems for its effectiveness in managing chronic pain, anxiety, stress, and fatigue while promoting euphoria, balanced relief, and sustained energy—perfect for any time of day when therapeutic comfort, mental clarity, and productive mood elevation are desired. Feelings: Euphoric, Relaxed, Focused",,
bedford-club-bk,F3204CEW2SJ8DT,F3204CEW2SJ8DT,X| Felas | NYC Haze | Flower | 3.5g,Felas,flower,1/8 oz,5000,24.6,0.19,sativa,TRUE,https://shop.bedfordclub.com/menu/products/felas-731778/flower/x-felas-nyc-haze-flower-35g-7978576,https://tymber-blaze-products.imgix.net/download---2026-04-30T023604-205-2991c8e4-6c51-4a8a-a8f6-cff7070e1775.jpeg,2026-05-23T23:11:51.610988+00:00,,,
bedford-club-bk,678741ZNOPGUHS,678741ZNOPGUHS,X| Pearls | Electric Honeydew | Gummies | Rosin | Gummies,Grön Edibles,edible,35.0 milligrams,2500,100.0,,hybrid,TRUE,https://shop.bedfordclub.com/menu/products/grn-edibles-394150/edibles/x-pearls-electric-honeydew-gummies-rosin-gummies-7978575,https://tymber-blaze-products.imgix.net/EHG-Feature-4C-63c5faf6-945f-45db-b5ed-ddd92ef032f1-800x800-156a0ec0-0e5b-40ab-831c-8292365dcce1.png,2026-05-23T23:11:51.610988+00:00,"Grön – Electric Honeydew – Rosin Infused Pearls – 100mg – Hybrid | Cannabis Realm of NY Bright Flavor, Balanced Vibes – Grön Electric Honeydew Rosin Pearls (Hybrid) Get ready for a juicy burst of flavor and perfectly balanced effects with the Grön – Electric Honeydew – Rosin Infused Pearls – 100mg – Hybrid, now available at Cannabis Realm of NY. These vibrant, fruit-forward edibles deliver the refreshing taste of ripe honeydew melon paired with the evenly balanced effects of a hybrid strain, making them a go-to choice for anytime enjoyment. Each pack contains 10 delicious Pearls, infused with 10mg of THC each for a total of 100mg per package. Crafted with solventless live rosin, Grön Pearls offer a clean, full-spectrum edible experience with rich terpene profiles and strain-specific effects that honor the integrity of the plant. Electric Honeydew is all about balance—offering a smooth, uplifting high that eases the mind while gently relaxing the body. These vegan and gluten-free gummies are ideal for social situations, creative projects, or simply cruising through your day with clarity and calm. Product Highlights: Brand: Grön Strain Type: Hybrid Infusion: Solventless live rosin (full-spectrum) THC Content: 100mg per pack (10mg per Pearl) Flavor Profile: Sweet honeydew melon, fruity, lightly tart Form: Rosin Infused Pearls – vegan, gluten-free, allergen-friendly Effects: Balanced, uplifting, calming, creative Ideal For: Anytime use, mild relaxation, enhanced focus, social settings",,
bedford-club-bk,D8A630ZV18XGKW,D8A630ZV18XGKW,X| Eaton | Gummy Nightly Nightcap | Dark Cherry | 20pcs | 5mg,Eaton Botanicals,edible,120.0 milligrams,3200,100.0,,indica,TRUE,https://shop.bedfordclub.com/menu/products/eaton-botanicals-500189/edibles/x-eaton-gummy-nightly-nightcap-dark-cherry-20pcs-5mg--7978574,https://tymber-blaze-products.imgix.net/download---2026-04-23T175705-245-6a78b754-701d-4117-bec8-7f8732edf3db.jpeg,2026-05-23T23:11:51.610988+00:00,"Sleep deep and wake up well with Nightly Nightcap, a fast-acting blend of low-dose THC (5mg), calming CBN, reishi mushrooms for deep relaxation, and L-theanine to promote restful sleep. With a rich dark cherry flavor, this botanically powered nightcap helps you unwind, fall asleep, and stay asleep for a good night.",,
bedford-club-bk,E7EC8E3F8HG4DQ,E7EC8E3F8HG4DQ,X| Eaton | Gal Pal | Watermelon | Gummies | 20pcs | 5mg,Eaton Botanicals,edible,120.0 milligrams,3200,100.0,100.0,50/50,TRUE,https://shop.bedfordclub.com/menu/products/eaton-botanicals-500189/edibles/x-eaton-gal-pal-watermelon-gummies-20pcs-5mg-7978573,https://tymber-blaze-products.imgix.net/download---2026-04-23T175305-335-269bdd59-5159-4757-ad85-2db03743d227.jpeg,2026-05-23T23:11:51.610988+00:00,"Ladies, say hello to Gal Pal, your new best friend for anytime of the month. Our 5mg fast-acting functional gummy is made with real organic watermelon puree, infused with CBD, organic lion’s mane, magnolia bark extract, chasteberry and Vitamin B6 to ease PMS and perimenopause symptoms. 5mg THC + 5mg CBD + adaptogens (Lion’s Mane) Magnolia Bark Chasteberry Vitamin B6 Fast-acting nano technology Vegan & gluten-free Real fruit puree No artificial flavors or dyes",,
bedford-club-bk,80BA362ZYMF7DI,80BA362ZYMF7DI,X| Eaton | Fixer Upper | Mango Ginger | Gummies | 20pcs | 5mg,Eaton Botanicals,edible,120.0 milligrams,3200,100.0,100.0,50/50,TRUE,https://shop.bedfordclub.com/menu/products/eaton-botanicals-500189/edibles/x-eaton-fixer-upper-mango-ginger-gummies-20pcs-5mg-7978572,https://tymber-blaze-products.imgix.net/download---2026-04-23T175547-733-bc89ac17-2f68-47c0-93ca-12ddf87071a6.jpeg,2026-05-23T23:11:51.610988+00:00,"Eaton Botanicals – Mango Ginger Fixer Upper – 1:1 THC:CBD – 20-Pack – 100mg Balanced energy and recovery in a flavorful cannabis gummy Refresh your mind and body with Eaton Botanicals Mango Ginger Fixer Upper, now available at Cannabis Realm of NY in White Plains, NY. These bold and fruity gummies feature a perfectly balanced 1:1 ratio of THC to CBD, designed to support both relief and focus throughout your day. Each gummy contains 5mg THC and 5mg CBD, giving you a moderate, manageable dose that delivers both relaxation and clarity. With 20 gummies per pack, you’ll get 100mg of THC and 100mg of CBD in total—ideal for those seeking the entourage effect without overwhelming potency. Why it stands out: 1:1 THC:CBD ratio promotes balance, recovery, and mood support Mango ginger flavor combines tropical sweetness with a spicy kick Great for daily wellness, stress management, and mild pain relief 5mg microdose makes it easy to personalize your experience Fast-acting, discreet, and great for on-the-go use Whether you’re recovering after a workout or just looking to boost your mood, Mango Ginger Fixer Upper offers a flavorful way to reset and recharge. With its energizing blend and even cannabinoid profile, it’s a go-to choice among those seeking functional cannabis edibles in New York. Shop Eaton Botanicals Mango Ginger Fixer Upper at Cannabis Realm of NY and elevate your daily routine with a gummy that works as hard as you do",,
bedford-club-bk,A84CBE7XKIWOFS,A84CBE7XKIWOFS,X| Eaton | Daily Elevation | Peach | Gummies | 20pcs | 5mg,Eaton Botanicals,edible,120.0 milligrams,3200,100.0,100.0,50/50,TRUE,https://shop.bedfordclub.com/menu/products/eaton-botanicals-500189/edibles/x-eaton-daily-elevation-peach-gummies-20pcs-5mg-7978571,https://tymber-blaze-products.imgix.net/download---2026-04-23T180449-077-dd73371c-8ffd-423e-ab7c-f243e4768559.jpeg,2026-05-23T23:11:51.610988+00:00,"Elevate your day with Daily Elevation, a fast-acting blend of low-dose THC (5mg), CBG for focus, cordyceps mushrooms for energy, and essential B vitamins to fight fatigue and keep you feeling creative, energized, and motivated. Peachy and powerful, this plant-based boost fuels your mind and body. All Eaton Botanicals gummies are made with fast-acting nanotechnology, using real fruit purée with no artificial flavors or dyes, and are always vegan and gluten-free.",,
bedford-club-bk,9D47FCZPHT6ZSJ,9D47FCZPHT6ZSJ,X| Eaton | Serenity Now | Lemon Lavender | Gummy | 2.5mg,Eaton Botanicals,edible,120.0 milligrams,3200,50.0,200.0,50/50,TRUE,https://shop.bedfordclub.com/menu/products/eaton-botanicals-500189/edibles/x-eaton-serenity-now-lemon-lavender-gummy-25mg-7978570,https://tymber-blaze-products.imgix.net/download---2026-04-23T175926-269-5080b4a8-4e6e-42c4-83f4-6e14c4c8d117.jpeg,2026-05-23T23:11:51.610988+00:00,"Feel calm, clear, and grounded with Serenity Now, our microdose, vegan gummy crafted with a thoughtful blend of powerful botanicals. Designed by holistic health experts, our formula features magnolia bark to promote calm, L-theanine to balance the mood, lavender to enhance relaxation, and lion’s mane to clear the mind—creating the perfect way to unwind without feeling weighed down. Calm Your Mind with Serenity Now.",,
bedford-club-bk,1451524SWW2HKP,1451524SWW2HKP,X| Weekender | LIFT | Durban Poison X Triangle Kush | Pre Roll | 1g,Weekenders,preroll,1g,1500,23.0,,sativa,TRUE,https://shop.bedfordclub.com/menu/products/weekenders-650792/preroll/x-weekender-lift-durban-poison-x-triangle-kush-pre-roll-1g-7978569,https://tymber-blaze-products.imgix.net/download---2026-04-29T230922-799-63ea02a5-b8ff-4e37-b3f8-3d400a36fc62.jpeg,2026-05-23T23:11:51.610988+00:00,"Weekenders ""Lift"" (Durban Poison) is a sativa-dominant pre roll. Designed for energy and focus, this strain offers a sweet, piney, and licorice flavor profile with a citrusy aftertaste, making it ideal for daytime use.",,
bedford-club-bk,AB05C2GKZNMAW7,AB05C2GKZNMAW7,X| Pearls | Dragon Punch | Rosin | Gummies,Grön Edibles,edible,,2500,100.0,,indica,TRUE,https://shop.bedfordclub.com/menu/products/grn-edibles-394150/edibles/x-pearls-dragon-punch-rosin-gummies-7978566,https://tymber-blaze-products.imgix.net/download---2026-04-23T171529-656-b8bc32e9-effd-4b54-9a46-2bbafdd2d29e.jpeg,2026-05-23T23:11:51.610988+00:00,"One bite and boom—you're down for the count (in the best way). Dragon Punch Pearls serve up tropical dragon fruit with a bold punch of chill. Sweet, a little wild, and perfect for tapping out after a long day.",,
bedford-club-bk,394A03UOLJWBJS,394A03UOLJWBJS,X| Find | True OG | Flower | 28g,Find,flower,28.0 grams,17500,23.7,,indica,TRUE,https://shop.bedfordclub.com/menu/products/find-668848/flower/x-find-true-og-flower-28g-7978603,https://tymber-blaze-products.imgix.net/download---2026-05-01T023754-002-f6305934-7aad-4556-9bac-8e4758d4b26e.jpeg,2026-05-23T23:11:51.610988+00:00,"Find – True OG (28g Premium Flower) Settle into calm confidence with True OG by Find, a 28g (1 ounce) bag of top-shelf indica flower known for its classic Kush aroma and deeply relaxing effects. This legendary strain delivers rich earthy, pine, and citrus notes that fill the room with a bold, clean fragrance — the mark of true quality cannabis. True OG is a pure indica strain celebrated for its potent body high and soothing mental calm, making it perfect for evening use, stress relief, and restful nights. Each bud is dense, frosty, and terpene-rich, offering smooth, full-bodied hits that bring both flavor and relief with every pull.",,
bedford-club-bk,09A5CD71ZILAYJ,09A5CD71ZILAYJ,X| Find | True OG | Flower | 14g,Anthem,flower,14.0 grams,11000,25.73,,indica,TRUE,https://shop.bedfordclub.com/menu/products/anthem-731783/flower/x-find-true-og-flower-14g--7978602,https://tymber-blaze-products.imgix.net/download---2026-05-01T022830-293-ccfb0f0d-e440-4661-9858-a4c49ca05b5f.jpeg,2026-05-23T23:11:51.610988+00:00,"4g Indoor Flower | Indica Classic, potent, and deeply relaxing, Find True OG is a premium indoor-grown indica flower delivering old-school flavor and heavy-hitting effects. Cultivated in a controlled indoor environment, these dense, resin-rich buds offer a smooth, aromatic smoke with consistent potency. True OG features a bold terpene profile of earthy pine, spicy kush, and subtle citrus notes, creating a rich and traditional OG flavor. The indica effects settle in with strong body relaxation and a calm, euphoric headspace, making it ideal for evening use, stress relief, or deep unwinding. Perfect for consumers seeking a large-format indoor indica with classic OG genetics and powerful effects. Product Highlights: Brand: Find Strain: True OG Weight: 14g Cultivation: Indoor Type: Indica Flavor Profile: Pine, earthy kush, spice, light citrus Effects: Deeply relaxing, calming, euphoric",,
bedford-club-bk,6D8EEEUUZQDY8Q,6D8EEEUUZQDY8Q,X| Find | Modified Goat | Flower | 14g,Anthem,flower,14.0 grams,11000,31.84,,indica,TRUE,https://shop.bedfordclub.com/menu/products/anthem-731783/flower/x-find-modified-goat-flower-14g--7978598,https://tymber-blaze-products.imgix.net/download---2026-05-01T022643-053-d8541f11-1d67-4ce3-b4f1-9a2fa090450e.jpeg,2026-05-23T23:11:51.610988+00:00,"Find's Modified Goat strain presents a bold, complex aroma that pairs deep, earthy richness with sharp, gassy brightness. Notes of pine, peppery funk, and a hint of sweet diesel weave together into a rugged yet refined profile.",,
bedford-club-bk,E596FCQTPYYWAO,E596FCQTPYYWAO,X| Fernway | White Widow | All-in-One | T PRO | 2g,Fernway,vaporizers,2.0 grams,8300,79.71,,hybrid,TRUE,https://shop.bedfordclub.com/menu/products/fernway-338875/vape-pens/x-fernway-white-widow-all-in-one-t-pro-2g-7978594,https://tymber-blaze-products.imgix.net/download---2026-04-24T222511-645-f43b7820-1bc6-4cfe-b0d2-0e924d254d4d.jpeg,2026-05-23T23:11:51.610988+00:00,,,
bedford-club-bk,B5D3B5PVC52OEX,B5D3B5PVC52OEX,X| Fernway | Stone Fruit | All-in-One | T PRO | 2g,Fernway,vaporizers,2.0 grams,8300,80.72,,50/50,TRUE,https://shop.bedfordclub.com/menu/products/fernway-338875/vape-pens/x-fernway-stone-fruit-all-in-one-t-pro-2g-7978592,https://tymber-blaze-products.imgix.net/download---2026-04-24T224422-801-a052b3dc-55b3-4b43-89dc-291cd60b5a36.jpeg,2026-05-23T23:11:51.610988+00:00,,,
bedford-club-bk,7D33BA3UKYNDZO,7D33BA3UKYNDZO,X| Fernway | Space Queen | All-in-One | T PRO | 2g,Fernway,vaporizers,2.0 grams,8300,77.31,,indica,TRUE,https://shop.bedfordclub.com/menu/products/fernway-338875/vape-pens/x-fernway-space-queen-all-in-one-t-pro-2g-7978591,https://tymber-blaze-products.imgix.net/download---2026-04-24T225227-933-477bfb3b-3d19-4933-9bcd-8d51a555309b.jpeg,2026-05-23T23:11:51.610988+00:00,,,
bedford-club-bk,468AB5W6I8QT81,468AB5W6I8QT81,X| Fernway | Space Queen | 510 | 1g,Fernway,vaporizers,1.0 grams,5000,85.09,,indica,TRUE,https://shop.bedfordclub.com/menu/products/fernway-338875/vape-pens/x-fernway-space-queen-510-1g--7978590,https://tymber-blaze-products.imgix.net/download---2026-04-24T221453-344-fe92e014-7d89-4abf-bd93-1dd9859de7ae.jpeg,2026-05-23T23:11:51.610988+00:00,"This majestic indica boasts resin-rich buds and a fascinating flavor profile of sweet tropical fruits with a dry herbal top note. Genetics: Romulan x Cinderella 99 Flavor notes: Floral, Fruit, Sweet Top Terpenes: Terpinolene, Myrcene, Ocimene",,
bedford-club-bk,25E23DIOQASPXX,25E23DIOQASPXX,X| Fernway | Sour Diesel | All-in-One | 1g,Fernway,vaporizers,1.0 grams,5000,83.75,,sativa,TRUE,https://shop.bedfordclub.com/menu/products/fernway-338875/vape-pens/x-fernway-sour-diesel-all-in-one-1g-7978589,https://tymber-blaze-products.imgix.net/download---2026-04-24T224937-320-583040d3-62c0-4ea5-b980-fad153e56980.jpeg,2026-05-23T23:11:51.610988+00:00,"Iconic for good reason. The classic pungent sativa that always commands attention, with sharp gasoline notes balanced by spicy pepper and earthy pine. Flavor Notes: Gas Pepper Pine Genetics: Chemdawg x Super Skunk",,
bedford-club-bk,8C6246XWBDKG3G,8C6246XWBDKG3G,X| Fernway | Snow Dog | All-in-One | T PRO | 2g,Fernway,vaporizers,2.0 grams,8300,75.94,,sativa,TRUE,https://shop.bedfordclub.com/menu/products/fernway-338875/vape-pens/x-fernway-snow-dog-all-in-one-t-pro-2g-7978588,https://tymber-blaze-products.imgix.net/download---2026-04-24T224259-513-6c9ddcf9-0cf7-4ee3-b94a-a46c88cc4fe8.jpeg,2026-05-23T23:11:51.610988+00:00,,,
bedford-club-bk,39D9A7GUQTLHTO,39D9A7GUQTLHTO,X| Fernway | Red Headed Stranger | 2g | T PRO,Fernway,vaporizers,2.0 grams,8300,82.78,,sativa,TRUE,https://shop.bedfordclub.com/menu/products/fernway-338875/vape-pens/x-fernway-red-headed-stranger-2g-t-pro-7978587,https://tymber-blaze-products.imgix.net/download---2026-04-24T222745-006-968c063e-df19-4eda-91d4-9fa88b72a109.jpeg,2026-05-23T23:11:51.610988+00:00,"Walk your own line. A strain as mysterious and alluring as its name suggests, this uplifting sativa imparts a spicy flavor reminiscent of orange zest and gas.",,
bedford-club-bk,A58ACEIFOD2YGL,A58ACEIFOD2YGL,X| Fernway | Red Headed Stranger | 510 | 1g,Fernway,vaporizers,1.0 grams,5000,86.98,,sativa,TRUE,https://shop.bedfordclub.com/menu/products/fernway-338875/vape-pens/x-fernway-red-headed-stranger-510-1g-7978586,https://tymber-blaze-products.imgix.net/download---2026-04-24T221732-959-84b0cdb1-efc8-4e7d-babe-0e58049ebcc1.jpeg,2026-05-23T23:11:51.610988+00:00,"Walk your own line. A strain as mysterious and alluring as its name suggests, this uplifting sativa imparts a spicy flavor reminiscent of orange zest and gas. Flavor Notes: • Cinnamon • Gas • Oranges",,
bedford-club-bk,5DC15DNUUPFGUO,5DC15DNUUPFGUO,X| Fernway | Mandarin Orange | All-in-One | 2g | T PRO,Fernway,vaporizers,2.0 grams,8300,80.83,,sativa,TRUE,https://shop.bedfordclub.com/menu/products/fernway-338875/vape-pens/x-fernway-mandarin-orange-all-in-one-2g-t-pro-7978584,https://tymber-blaze-products.imgix.net/download---2026-04-24T223825-493-e253ed7c-c842-4dbc-8719-bf9640928fbf.jpeg,2026-05-23T23:11:51.610988+00:00,,,
bedford-club-bk,1AF312JG7GL6JM,1AF312JG7GL6JM,X| Fernway | Cuban Black Haze | All-In-One |  1g,Fernway,vaporizers,1.0 grams,5000,84.5,,sativa,TRUE,https://shop.bedfordclub.com/menu/products/fernway-338875/vape-pens/x-fernway-cuban-black-haze-all-in-one-1g-7978580,https://tymber-blaze-products.imgix.net/download---2026-04-24T220832-282-cc6a9e53-0e00-4331-8999-96a25204d604.jpeg,2026-05-23T23:11:51.610988+00:00,"A true original. Straight from the Piff lineage with NYC pedigree, this iconic sativa is a piece of cannabis history worth searching for. Flavor Notes: • Earth • Floral • Spice Genetics: Colombian Black x Colombian Gold x Purple Haze Top Terpenes: Limonene, Ocimene, Myrcene",,
bedford-club-bk,CD13B2SFUDNL37,CD13B2SFUDNL37,X| Fernway | Berry Haze | 2g | T PRO,Fernway,vaporizers,2.0 grams,8300,76.0,,indica,TRUE,https://shop.bedfordclub.com/menu/products/fernway-338875/vape-pens/x-fernway-berry-haze-2g-t-pro-7978578,https://tymber-blaze-products.imgix.net/download---2026-04-24T222156-634-808cf27f-6ddb-458f-aa9a-a4559fd20198.jpeg,2026-05-23T23:11:51.610988+00:00,"Discover the Fernway Traveler Pro in Berry Haze — a 2g all-in-one indica vape delivering the rich sweetness of berry with a creamy, earthy finish. Custom engineered by Fernway, every component of the Traveler Pro has been intentionally upgraded to redefine what a premium vaping experience should feel like. This THC vape offers quality you can feel from first open to last hit, making it an ideal choice whether you're settling into a second date, hosting poker night, or enjoying movies so bad they're good. Available at The Flowery NY, this premium vape is perfect for anyone looking to buy top shelf weed online in New York. Experience an elevated indica session with a disposable vape designed to deliver smooth, flavorful draws every time.",,
bedford-club-bk,7E6904YHXQLE0P,7E6904YHXQLE0P,X| Florist Farms | Permanent Marker | 7pk | .5g,Florist Farms,preroll,1/8 oz,3800,21.0,,indica,TRUE,https://shop.bedfordclub.com/menu/products/florist-farms-355846/preroll/x-florist-farms-permanent-marker-7pk-5g-7978624,https://tymber-blaze-products.imgix.net/download---2026-05-01T015653-987-dde58ffe-458f-4a19-ae14-8b2d026ead52.jpeg,2026-05-23T23:11:51.610988+00:00,"Seven half-gram pre-rolls made from 100% flower - no trim, ever. They're single-sourced, pesticide-free, and rolled for a smooth, clean smoke. Plus, the pocket-sized tin makes them easy to take on the go. Effect: Indica Flavor: Earthy and herbal with hints of gas Ingredients: Whole cannabis flower",,
bedford-club-bk,075981O9D2AL29,075981O9D2AL29,X| Florist Farms | Tropicana  Cookies | Live Resin Infused | 5pk | .5g,Florist Farms,preroll,2.5 grams,4000,41.0,,sativa,TRUE,https://shop.bedfordclub.com/menu/products/florist-farms-355846/infused-preroll/x-florist-farms-tropicana-cookies-live-resin-infused-5pk-5g-7978621,https://tymber-blaze-products.imgix.net/download---2026-05-01T013601-925-11cb9222-625f-4910-8d19-ec5e0d11045d.jpeg,2026-05-23T23:11:51.610988+00:00,"These half gram prerolls are packed with whole flower and infused with live resin and pure THC-A Diamonds for an extra potent, full-bodied high. They come in a sleek, pocket-sized tin, and they're actually some of the best-selling pre-rolls in New York! Definitely a go-to for experienced smokers or anyone wanting a more powerful hit. Effect: Sativa Taste: Citrusy with a waffle cone finish Ingredients: Whole Cannabis Flower, Live Resin Extract, THC-A Diamonds",,
bedford-club-bk,4B0D45BNZPEPGR,4B0D45BNZPEPGR,X| Florist Farms | Mule Fuel | Live Resin Infused | 5pk | 0.5g,Florist Farms,preroll,2.5 grams,4000,37.0,,50/50,TRUE,https://shop.bedfordclub.com/menu/products/florist-farms-355846/infused-preroll/x-florist-farms-mule-fuel-live-resin-infused-5pk-05g--7978620,https://tymber-blaze-products.imgix.net/download---2026-05-01T014815-538-57f416cb-2ade-415c-a327-356a06baba9b.jpeg,2026-05-23T23:11:51.610988+00:00,"These half gram prerolls are packed with whole flower and infused with live resin and pure THC-A Diamonds for an extra potent, full-bodied high. They come in a sleek, pocket-sized tin, and they're actually some of the best-selling pre-rolls in New York! Definitely a go-to for experienced smokers or anyone wanting a more powerful hit. Effect: Hybrid Taste: Gas forward with spicy undertones Ingredients: Whole Cannabis Flower, Live Resin Extract, THC-A Diamonds",,
bedford-club-bk,2054E90T1B89BZ,2054E90T1B89BZ,X| Florist Farms | Gelato | Live Resin Infused | 5pk | .5g,Florist Farms,preroll,2.5 grams,4000,38.0,,hybrid,TRUE,https://shop.bedfordclub.com/menu/products/florist-farms-355846/infused-preroll/x-florist-farms-gelato-live-resin-infused-5pk-5g-7978619,https://tymber-blaze-products.imgix.net/download---2026-05-01T015831-502-fa9c0d4b-307d-4b05-a9ce-505222deae9d.jpeg,2026-05-23T23:11:51.610988+00:00,"These half gram pre-rolls are packed with whole flower and infused with live resin and pure THC-A Diamonds for an extra potent, full-bodied high. They come in a sleek, pocket-sized tin, and they’re actually some of the best-selling pre-rolls in New York! Definitely a go-to for experienced smokers or anyone wanting a more powerful hit. Effect: Hybrid Taste: Creamy sweet with earthy undertones Ingredients: Whole Cannabis Flower, Live Resin Extract, THC-A Diamonds",,
bedford-club-bk,5B7928UI73SRYV,5B7928UI73SRYV,X| Florist Farms | Blue Dream | Live Resin Infused | 5pk | .5g,Florist Farms,preroll,2.5 grams,4000,39.0,,sativa,TRUE,https://shop.bedfordclub.com/menu/products/florist-farms-355846/infused-preroll/x-florist-farms-blue-dream-live-resin-infused-5pk-5g-7978617,https://tymber-blaze-products.imgix.net/download---2026-05-01T013904-372-fe758164-a649-4882-8c81-58810e009816.jpeg,2026-05-23T23:11:51.610988+00:00,"These half gram prerolls are packed with whole flower and infused with live resin and pure THC-A Diamonds for an extra potent, full-bodied high. They come in a sleek, pocket-sized tin, and they're actually some of the best-selling pre-rolls in New York! Definitely a go-to for experienced smokers or anyone wanting a more powerful hit. Effect: Sativa Flavor: Sweet and piney with a berry finish Ingredients: Whole Cannabis Flower, Live Resin Extract, THC-A Diamonds",,
bedford-club-bk,F9BA32VBNILBLV,F9BA32VBNILBLV,X| Florist Farms | Biscotti | 7pk | 3.5g,Florist Farms,preroll,1/8 oz,3800,23.0,,indica,TRUE,https://shop.bedfordclub.com/menu/products/florist-farms-355846/infused-preroll/x-florist-farms-biscotti-7pk-35g-7978613,https://tymber-blaze-products.imgix.net/download---2026-05-01T014304-596-aaa99c1f-ce06-4020-9d47-dd5b2d6ab8ab.jpeg,2026-05-23T23:11:51.610988+00:00,"Seven half-gram pre-rolls made from 100% flower - no trim, ever. They're single-sourced, pesticide-free, and rolled for a smooth, clean smoke. Plus, the pocket-sized tin makes them easy to take on the go. Effect: Indica Flavor: Sweet and nutty with gassy undertones Ingredients: Whole cannabis flower",,
bedford-club-bk,C3AA28KC04XIGN,C3AA28KC04XIGN,X| Florist Farms | Banana Cream Cake x Jealousy | 7pk | 3.5g,Florist Farms,preroll,1/8 oz,3800,22.0,,hybrid,TRUE,https://shop.bedfordclub.com/menu/products/florist-farms-355846/infused-preroll/x-florist-farms-banana-cream-cake-x-jealousy-7pk-35g-7978612,https://tymber-blaze-products.imgix.net/download---2026-05-01T015107-725-61fb8a84-3cf9-46c6-9a22-a798b5df9117.jpeg,2026-05-23T23:11:51.610988+00:00,"About This Product Seven half-gram pre-rolls made from 100% flower - no trim, ever. They're single-sourced, pesticide-free, and rolled for a smooth, clean smoke. Plus, the pocket-sized tin makes them easy to take on the go. Effect: Hybrid Flavor: Herbal with sweet and spicy undertones Ingredients: Whole cannabis flower",,
bedford-club-bk,D262FE3PNDB5WO,D262FE3PNDB5WO,X| Flamer |  Silly Goofy | 5pk | 2.5g,FLAMER,preroll,2.5 grams,4200,25.0,,sativa,TRUE,https://shop.bedfordclub.com/menu/products/flamer-592906/preroll/x-flamer-silly-goofy-5pk-25g--7978611,https://tymber-blaze-products.imgix.net/download---2026-04-30T212520-635-336f8557-9ea9-45fa-adf0-e70abcfeede0.jpeg,2026-05-23T23:11:51.610988+00:00,,,
bedford-club-bk,087CF8HLT7WQJD,087CF8HLT7WQJD,X| Flamer | Revelation | Flower | 3.5g,FLAMER,flower,1/8 oz,4400,30.0,,sativa,TRUE,https://shop.bedfordclub.com/menu/products/flamer-592906/flower/x-flamer-revelation-flower-35g-7978610,https://tymber-blaze-products.imgix.net/download---2026-04-30T020630-973-1f774b82-4642-408b-82b4-33e40dc5407c.jpeg,2026-05-23T23:11:51.610988+00:00,,,
bedford-club-bk,2BD9720DNTIIUG,2BD9720DNTIIUG,X| Flamer | Pillow Princess | 3.5g,FLAMER,flower,1/8 oz,4400,30.0,,indica,TRUE,https://shop.bedfordclub.com/menu/products/flamer-592906/flower/x-flamer-pillow-princess-35g-7978609,https://tymber-blaze-products.imgix.net/download---2026-04-28T134311-217-bea86f81-4ee1-40bb-9634-091f9c7edd13.jpeg,2026-05-23T23:11:51.610988+00:00,,,
bedford-club-bk,2EED6BIWRCCWYA,2EED6BIWRCCWYA,X| Flamer | PNC | 5pk | 2.5g,FLAMER,preroll,2.5 grams,4200,27.0,,hybrid,TRUE,https://shop.bedfordclub.com/menu/products/flamer-592906/preroll/x-flamer-pnc-5pk-25g-7978608,https://tymber-blaze-products.imgix.net/download---2026-04-29T234832-909-79277893-c43e-4028-810e-c833cf983073.jpeg,2026-05-23T23:11:51.610988+00:00,,,
bedford-club-bk,28C39CYIM1QZ1Z,28C39CYIM1QZ1Z,X| Flamer |  Lobotomy | Pre Roll | .75g |  Single,FLAMER,preroll,0.75 grams,1400,28.0,,indica,TRUE,https://shop.bedfordclub.com/menu/products/flamer-592906/preroll/x-flamer-lobotomy-pre-roll-75g-single-7978607,https://tymber-blaze-products.imgix.net/download---2026-04-28T134730-935-1b80df0f-c6c3-45b6-856e-101e7a886183.jpeg,2026-05-23T23:11:51.610988+00:00,,,
bedford-club-bk,3E9332KB6XMNP4,3E9332KB6XMNP4,X| Flamer | Lobotomy | 5pk | 2.5g,FLAMER,preroll,2.5 grams,4200,26.0,,indica,TRUE,https://shop.bedfordclub.com/menu/products/flamer-592906/preroll/x-flamer-lobotomy-5pk-25g-7978606,https://tymber-blaze-products.imgix.net/download---2026-04-29T234641-974-b429fc13-5aff-46cc-b08b-1166dfb4c31b.jpeg,2026-05-23T23:11:51.610988+00:00,,,
bedford-club-bk,7184D3JAOEXO1F,7184D3JAOEXO1F,X| Flamer | Hehe Haha | 3.5,FLAMER,flower,1/8 oz,4400,28.0,,sativa,TRUE,https://shop.bedfordclub.com/menu/products/flamer-592906/flower/x-flamer-hehe-haha-35-7978605,https://tymber-blaze-products.imgix.net/download---2026-04-28T142044-414-4d08533a-c63d-4471-91f2-4da74296a39d.jpeg,2026-05-23T23:11:51.610988+00:00,,,
bedford-club-bk,C552FFX7BHMBRQ,C552FFX7BHMBRQ,X| Heavy Hitters | Guava Strawberry | Live Rosin Gummies,Heavy Hitters,edible,100.0 milligrams,3000,20.0,,sativa,TRUE,https://shop.bedfordclub.com/menu/products/heavy-hitters-390654/edibles/x-heavy-hitters-guava-strawberry-live-rosin-gummies-7978633,https://tymber-blaze-products.imgix.net/download---2026-04-21T171530-430-868b9dbc-a49d-42c7-b4c5-d81fd394524f.jpeg,2026-05-23T23:11:51.610988+00:00,"Ultra Pure & Ultra Potent Founded in 1996. Family-owned and operated. Heavy Hitters remains driven by a relentless pursuit of crafting the perfect high. No shortcuts, no substitutes, no compromises. With a legacy of delivering purity & potency that spans almost three decades, Heavy Hitters vapes rank among the bestselling premium cannabis products of all time. With more than 10 million units sold, each Heavy Hitters product showcases our dedication to using only top-tier input materials, unrivaled craftsmanship, and innovative production techniques resulting in a best-in-class cannabis experience for our customers.",,
bedford-club-bk,1EF99D7JAQJURD,1EF99D7JAQJURD,X| Grocery | Soap x Purple Punch | 28g,Grocery,flower,28.0 grams,16000,27.67,,hybrid,TRUE,https://shop.bedfordclub.com/menu/products/grocery-698078/flower/x-grocery-soap-x-purple-punch-28g-7978632,https://tymber-blaze-products.imgix.net/download---2026-05-01T023322-116-fed7785d-9d21-4d61-83ad-48b326441eb6.jpeg,2026-05-23T23:11:51.610988+00:00,"Enjoy bold flavor and generous value with Grocery Soap x Purple Punch 28g Flower, a flavorful hybrid strain combining the bright, soapy citrus notes of The Soap with the sweet, relaxing qualities of Purple Punch. This full ounce delivers aromatic buds and smooth smoke for extended sessions. Soap x Purple Punch offers a layered terpene profile of sweet grape candy, creamy citrus, and earthy herbs, with subtle floral and gassy undertones. Each inhale delivers a smooth, fruity sweetness balanced by light herbal spice on the finish. The effects are euphoric and relaxing, beginning with an uplifting cerebral buzz that boosts mood and creativity before settling into comfortable body relaxation. This balanced hybrid works well for social sessions, laid-back evenings, or anytime you want flavorful smoke without heavy sedation. Product Highlights Brand: Grocery Strain: Soap x Purple Punch Format: Flower Weight: 28g (1 oz) Type: Hybrid Flavor & Aroma Sweet grape candy Creamy citrus Earthy herbs Effects Uplifting and happy Relaxed body calm",,
bedford-club-bk,4BEB08CKDOJEWT,4BEB08CKDOJEWT,X| Good Tide | Mango | Gummies | Hash Rosin | 10pcs | 10mg,Good Tide,edible,40.0 milligrams,2600,100.0,,indica,TRUE,https://shop.bedfordclub.com/menu/products/good-tide-672510/edibles/x-good-tide-mango-gummies-hash-rosin-10pcs-10mg-7978630,https://tymber-blaze-products.imgix.net/download---2026-04-24T154657-378-fb280efe-041c-40b1-a634-7b3c63eac0cb.jpeg,2026-05-23T23:11:51.610988+00:00,"Mango Indica gummies combine tropical sweetness with subtle herbal undertones for a flavorful experience. They provide gentle relaxation and a balanced, calming high. The 10-count pack is convenient for everyday use or social moments.",,
bedford-club-bk,A13E30HGWBQYTR,A13E30HGWBQYTR,X| Good Tide | Guava | Gummies | 100mg | 10ct,Good Tide,edible,40.0 milligrams,2600,100.0,,hybrid,TRUE,https://shop.bedfordclub.com/menu/products/good-tide-672510/edibles/x-good-tide-guava-gummies-100mg-10ct-7978628,https://tymber-blaze-products.imgix.net/download---2026-04-24T153338-175-3212e87b-ff1e-4271-9763-278bea1ba544.jpeg,2026-05-23T23:11:51.610988+00:00,"Take a tropical plunge with Good Tide guava gummies.Infused with rosin extracted from hybrid cannabis strains, our guava gummies offer a balanced high with true-to-plant properties. The naturally occurring terpenes and minor cannabinoids present in our solventless hash rosin combine with the real- fruit guava ingredients to create a deliciously rounded experience.",,
bedford-club-bk,C7586E2ZYEUS5R,C7586E2ZYEUS5R,X| Good Tide | Grapefruit | Gummies | 100mg | 10ct,Good Tide,edible,40.0 milligrams,3000,100.0,100.0,sativa,TRUE,https://shop.bedfordclub.com/menu/products/good-tide-672510/edibles/x-good-tide-grapefruit-gummies-100mg-10ct-7978627,https://tymber-blaze-products.imgix.net/download---2026-04-24T153019-888-731969e4-d993-425a-9e72-e0da03a69200.jpeg,2026-05-23T23:11:51.610988+00:00,"Experience a harmonious Sativa blend with equal parts THC, CBD, and CBC. The grapefruit flavor delivers a zesty, refreshing inhale, while the effects uplift the mind and calm the body. Ideal for enhancing mood and maintaining clarity throughout the day.",,
bedford-club-bk,B3FF1ANJ4CDMDY,B3FF1ANJ4CDMDY,X| Heavy Hitters | Gumbo | Flower | 7g,Heavy Hitters,flower,7.0 grams,11000,26.2,,indica,TRUE,https://shop.bedfordclub.com/menu/products/heavy-hitters-390654/flower/x-heavy-hitters-gumbo-flower-7g-7978656,https://tymber-blaze-products.imgix.net/download---2026-04-30T012204-028-5f80e869-fe7b-4cd1-b1e8-553375c19476.jpeg,2026-05-23T23:11:51.610988+00:00,,,
bedford-club-bk,1350D0GN0J0B3M,1350D0GN0J0B3M,X| Heavy Hitters | Gelato | Ultra AIO | 1g,Heavy Hitters,vaporizers,1g,7000,88.0,,hybrid,TRUE,https://shop.bedfordclub.com/menu/products/heavy-hitters-390654/vape-pens/x-heavy-hitters-gelato-ultra-aio-1g-7978655,https://tymber-blaze-products.imgix.net/download---2026-04-28T003921-976-4625478f-a7d3-4093-9e3a-bf08e5b728c1.jpeg,2026-05-23T23:11:51.610988+00:00,"""SWEET CREAM AND CITRUS MERGE WITH A HINT OF MINTY DESSERT—THE TASTE OF A LATE‑NIGHT GELATO RUN LAYERED WITH RICH FUEL NOTES. THE EFFECT HITS WITH A SMOOTH UPLIFT, BRINGING EASE AND CLARITY BEFORE SETTLING INTO A RELAXED, YET ALERT STATE. PHENOTYPE: HYBRID LINEAGE: SUNSET SHERBET × THIN MINT GIRL SCOUT COOKIES FLAVOR PROFILE: SWEET, CREAMY, CITRUS EFFECT PROFILE: UPLIFTED, RELAXED, EUPHORIC THIS STATEMENT HAS NOT BEEN EVALUATED BY THE FOOD AND DRUG ADMINISTRATION. THIS PRODUCT IS NOT INTENDED TO DIAGNOSE, TREAT, CURE, OR PREVENT ANY DISEASE."" Flavors Berry Diesel Earthy",,
bedford-club-bk,D0F9AAKV2AFHKH,D0F9AAKV2AFHKH,X| Heavy Hitters | Blackberry Soda | Slow Cured Resin | All-in-One | 1g,Heavy Hitters,vaporizers,1g,8000,83.55,,hybrid,TRUE,https://shop.bedfordclub.com/menu/products/heavy-hitters-390654/vape-pens/x-heavy-hitters-blackberry-soda-slow-cured-resin-all-in-one-1g-7978652,https://tymber-blaze-products.imgix.net/download---2026-04-28T005032-185-80830c90-5563-4c08-8edb-c66ec11672e3.jpeg,2026-05-23T23:11:51.610988+00:00,"""BLACKBERRY SODA IS A RICH, FLAVORFUL HYBRID THAT LEANS SMOOTH AND INDULGENT, BLENDING DARK BERRY SWEETNESS WITH A SUBTLE CREAMY, GASSY DEPTH. THE SMOKE IS LUSH AND DESSERT-LIKE, AND THE EFFECTS COME ON WITH A MELLOW EUPHORIC LIFT BEFORE SETTLING INTO A RELAXED, COMFORTABLE BODY VIBE THAT STAYS BALANCED AND EASYGOING. PHENOTYPE: HYBRID LINEAGE: BLACKBERRY KUSH × CAVIAR FLAVOR PROFILE: BLACKBERRY, SWEET, CREAMY EFFECT PROFILE: RELAXED, EUPHORIC, CALM THIS STATEMENT HAS NOT BEEN EVALUATED BY THE FOOD AND DRUG ADMINISTRATION. THIS PRODUCT IS NOT INTENDED TO DIAGNOSE, TREAT, CURE, OR PREVENT ANY DISEASE.""",,
bedford-club-bk,B37DF9DBXQN5WQ,B37DF9DBXQN5WQ,X| Heavy Hitters | Alaskan Thunder F | Ultra All-in-One | 1g,Heavy Hitters,vaporizers,1g,7000,87.5,,sativa,TRUE,https://shop.bedfordclub.com/menu/products/heavy-hitters-390654/vape-pens/x-heavy-hitters-alaskan-thunder-f-ultra-all-in-one-1g-7978648,https://tymber-blaze-products.imgix.net/download---2026-04-28T003636-269-3908a5a9-58a4-4ab3-aee8-dae14fdb6f16.jpeg,2026-05-23T23:11:51.610988+00:00,"""A BOLD, ELECTRIFYING STRAIN THAT CARRIES THE WILD, COLD-CLIMATE SPIRIT OF ALASKA INTO THE SESSION. EXPECT SHARP PINE AND CITRUS AROMAS WITH UNDERTONES OF SKUNK AND EARTH, A RUSH OF CLEAR, UPLIFTING CEREBRAL ENERGY, AND A SUBTLE GROUNDING HAZE THAT KEEPS YOU PRESENT AND CREATIVE. PHENOTYPE: SATIVA LINEAGE: NORTHERN CALIFORNIA SATIVA × RUSSIAN RUDERALIS, LATER CROSSED WITH AFGHANI GENETICS. FLAVOR PROFILE: PINE, CITRUS, SKUNK EFFECT PROFILE: UPLIFTED, CREATIVE, ENERGIZED THIS STATEMENT HAS NOT BEEN EVALUATED BY THE FOOD AND DRUG ADMINISTRATION. THIS PRODUCT IS NOT INTENDED TO DIAGNOSE, TREAT, CURE, OR PREVENT ANY DISEASE.""",,
bedford-club-bk,580BD9YVSCOAF4,580BD9YVSCOAF4,X| Hashtag  | Honey Lemon Cherry Gelato | 28g,Hashtag Honey,flower,28.0 grams,18000,21.8,,indica,TRUE,https://shop.bedfordclub.com/menu/products/hashtag-honey-630614/flower/x-hashtag-honey-lemon-cherry-gelato-28g-7978644,https://tymber-blaze-products.imgix.net/download---2026-05-01T023117-302-2e6e0843-38ae-49a3-a9cf-8e456206f46c.jpeg,2026-05-23T23:11:51.610988+00:00,"Strain: Lemon Cherry Gelato Indica Dominant- HYBRID THC % - 21.8% *Lineage- This hybrid strain is a cross between Sunset Sherbet x Girl Scout Cookies. Flavor Profile- Sweet, cherry candy taste with a citrusy undertone. Effects- Euphoric, Relaxed & Creative.",,
bedford-club-bk,8A6886WOHZMC3I,8A6886WOHZMC3I,X| Ruby Farms | Doobies Hash Infused | Blueberry DJ Cut | 10 Count | Net 5g | 0.5g,Ruby Farms,preroll,5.0 grams,5800,40.42,,indica,TRUE,https://shop.bedfordclub.com/menu/products/ruby-farms-338873/infused-preroll/x-ruby-farms-doobies-hash-infused-blueberry-dj-cut-10-count-net-5g-05g-7978642,https://tymber-blaze-products.imgix.net/download---2026-04-29T225627-742-4bc81b03-3a7a-4af9-92d4-b1562c1d34c9.jpeg,2026-05-23T23:11:51.610988+00:00,"The Blueberry DJ Cut Hash Infused Doobie 10PK from Ruby Farms offers a truly elevated smoking experience. Each expertly hand-rolled joint is infused with premium hash, creating a smooth, rich smoke that enhances the natural flavors of the high-quality indica flower. Wrapped in natural, unbleached hemp, these pre-rolls bring a burst of sweet, fruity blueberry notes balanced by the earthy richness of the hash infusion. Packaged in a sleek, durable container for ultimate convenience and style, these joints are designed for the discerning connoisseur. This indica-dominant strain delivers deep, full-body relaxation and calming euphoria, making it perfect for unwinding after a busy day or setting the mood for a peaceful evening. The Blueberry DJ Cut Hash Infused 10PK is the ultimate choice for those seeking a premium, soothing experience with every puff.",,
bedford-club-bk,FD7523B9PBCG8U,FD7523B9PBCG8U,X| MFNY | Hash Burger | Live Resin Vape Pen | .5g,MFNY,vaporizers,.5g,4800,67.13,0.42,indica,TRUE,https://shop.bedfordclub.com/menu/products/mfny-337200/vape-pens/x-mfny-hash-burger-live-resin-vape-pen-5g-7978640,https://tymber-blaze-products.imgix.net/download---2026-04-28T152935-490-8ef6e51a-ed24-46d6-b3d4-0a6dc49e00c5.jpeg,2026-05-23T23:11:51.610988+00:00,,,
bedford-club-bk,F68F98YBUQ0RPK,F68F98YBUQ0RPK,X| MFNY | Hash Burger |  Live Resin |  510 Cart | .5g,MFNY,vaporizers,.5g,4500,67.97,0.17,indica,TRUE,https://shop.bedfordclub.com/menu/products/mfny-337200/vape-pens/x-mfny-hash-burger-live-resin-510-cart-5g-7978639,https://tymber-blaze-products.imgix.net/download---2026-04-28T152634-610-ac2b0c0d-5fa7-4b03-821b-c8c201b3b489.jpeg,2026-05-23T23:11:51.610988+00:00,,,
bedford-club-bk,4B0A48C3CCYSLY,4B0A48C3CCYSLY,X| Hashtag Honey | Trop Fire | 14g,Hashtag Honey,flower,14.0 grams,11000,20.0,,hybrid,TRUE,https://shop.bedfordclub.com/menu/products/hashtag-honey-630614/flower/x-hashtag-honey-trop-fire-14g-7978635,https://tymber-blaze-products.imgix.net/download---2026-05-01T023451-525-6256b904-75aa-43ec-80e9-92027fbe288d.jpeg,2026-05-23T23:11:51.610988+00:00,"Strain: Trop Train Sative Dominant- HYBRID THC % - 20% *Lineage- A hybrid strain that is a cross between Pineapple Express x Trainwreck. Flavor Profile- Sweet, citrus and earthy flavor with hints of pine. Effects- Calming, Uplifting and Euphoric",,
bedford-club-bk,A9E9E4UZCTHJFF,A9E9E4UZCTHJFF,X| Hudson Cannabis | Sour Unicorn | Hash Infused | 7pk | 3.5g,Hudson Cannabis,preroll,1/8 oz,5100,39.0,,indica,TRUE,https://shop.bedfordclub.com/menu/products/hudson-cannabis-349204/infused-preroll/x-hudson-cannabis-sour-unicorn-hash-infused-7pk-35g-7978672,https://tymber-blaze-products.imgix.net/download---2026-04-30T005105-526-97bca859-e2e7-437b-8405-7971eb96df7a.jpeg,2026-05-23T23:11:51.610988+00:00,"Sour Unicorn lands like a spring rainbow, with a sharp gassy nose, spicy herbal undertones, and a bouquet of floral flavors. This magical hash-infused indica blend will melt your heart with powerfully relaxing, giggly effects. Call the unicorn, make dreams come true, and fulfill your preroll fantasies.",,
bedford-club-bk,AB2442CAC3TX8O,AB2442CAC3TX8O,X| MFNY | Honey Banana | 510 | Live Resin | 0.5g,MFNY,vaporizers,.5g,4500,81.58,0.18,sativa,TRUE,https://shop.bedfordclub.com/menu/products/mfny-337200/vape-pens/x-mfny-honey-banana-510-live-resin-05g-7978670,https://tymber-blaze-products.imgix.net/download---2026-04-28T153333-122-69c3373b-b3d9-48b0-9594-3e2bf854ef08.jpeg,2026-05-23T23:11:51.610988+00:00,,,
bedford-club-bk,DA9E4APN76JKOB,DA9E4APN76JKOB,X| Holiday | Weekend | All-in-One | 1g,HOLIDAY,vaporizers,1.0 grams,4500,92.34,,50/50,TRUE,https://shop.bedfordclub.com/menu/products/holiday-358936/vape-pens/x-holiday-weekend-all-in-one-1g-7978668,https://tymber-blaze-products.imgix.net/download---2026-04-24T185121-600-a1f1c31f-41da-46a8-9405-3b69f7baadbd.jpeg,2026-05-23T23:11:51.610988+00:00,"The Weekend All-in-One Vape by Holiday is your new essential for that easy-going vibe any day of the week, now available in a potent 1-gram disposable at CNA Stores. This refreshing mocktail flavor is inspired by the classic Paloma, blending ruby red grapefruit with a hint of sweet pomegranate for a perfectly balanced experience.",,
bedford-club-bk,91DE8BDWOWBHJV,91DE8BDWOWBHJV,X| Holiday | Staycation | All-in-One | 0.5g,HOLIDAY,vaporizers,.5g,2500,90.05,,50/50,TRUE,https://shop.bedfordclub.com/menu/products/holiday-358936/vape-pens/x-holiday-staycation-all-in-one-05g-7978667,https://tymber-blaze-products.imgix.net/download---2026-04-24T184108-544-b5225bfd-373d-448e-b286-670d3a24496d.jpeg,2026-05-23T23:11:51.610988+00:00,"Sometimes you just need a little Staycation! Sip on the cooling, refreshingly sweet flavor of Frozen Lychee. This balanced hybrid H-bar makes you want to snuggle up in a blanket next to a crackling fireplace. Let’s order take-out! The H-bar hardware is USB-C rechargeable and has a window on the side for oil visibility. The compact design of the H-bar fits in the palm of your hand and can be comfortably placed in your pocket. The battery voltage is low, so the oil never burns and ensures you get a smooth hit every time. Holiday distillate vapes are flavored with high-quality botanical terpenes.",,
bedford-club-bk,31F914NZQVXNAV,31F914NZQVXNAV,X| Holiday | Happy Camper | All-in-One | 0.5g,HOLIDAY,vaporizers,.5g,2500,91.8,,50/50,TRUE,https://shop.bedfordclub.com/menu/products/holiday-358936/vape-pens/x-holiday-happy-camper-all-in-one-05g-7978666,https://tymber-blaze-products.imgix.net/download---2026-04-24T184350-800-d8bc66fd-9509-41ef-ba46-0d1c8c38754d.jpeg,2026-05-23T23:11:51.610988+00:00,,,
bedford-club-bk,9E7FBDDPQKOIUR,9E7FBDDPQKOIUR,X| Holiday | Happy Camper | All-in-One | 1g,HOLIDAY,vaporizers,1.0 grams,4500,84.47,,50/50,TRUE,https://shop.bedfordclub.com/menu/products/holiday-358936/vape-pens/x-holiday-happy-camper-all-in-one-1g-7978665,https://tymber-blaze-products.imgix.net/download---2026-04-24T184945-804-774a540b-374a-4b02-be27-ef922466c726.jpeg,2026-05-23T23:11:51.610988+00:00,,,
bedford-club-bk,D215CEUFMFGYSG,D215CEUFMFGYSG,X| Holiday | Golden Hour | All-in-One | 0.5g,HOLIDAY,vaporizers,.5g,2500,92.3,,sativa,TRUE,https://shop.bedfordclub.com/menu/products/holiday-358936/vape-pens/x-holiday-golden-hour-all-in-one-05g-7978664,https://tymber-blaze-products.imgix.net/download---2026-04-24T183956-393-d2817139-2773-4c64-8a2f-ececc20847e2.jpeg,2026-05-23T23:11:51.610988+00:00,,,
bedford-club-bk,A84F40VHKKWDCP,A84F40VHKKWDCP,X| Heavy Hitters | Northern Lights | Ultra AIO | 1g,Heavy Hitters,vaporizers,1.0 grams,7000,85.8,,indica,TRUE,https://shop.bedfordclub.com/menu/products/heavy-hitters-390654/vape-pens/x-heavy-hitters-northern-lights-ultra-aio-1g-7978661,https://tymber-blaze-products.imgix.net/download---2026-04-28T003921-976-4d05057e-5bd7-45af-ac82-55b69c37612e.jpeg,2026-05-23T23:11:51.610988+00:00,"""EARTHY PINE AND SUBTLE SWEETNESS DEFINE THIS LEGENDARY INDICA. THE HIGH UNFOLDS GRADUALLY, BRINGING DEEP, FULL-BODY RELAXATION THAT MELTS STRESS AND TENSION. AS THE CALM SETTLES, THE MIND STAYS CLEAR AND FOCUSED, ALLOWING A SERENE, PEACEFUL STATE THAT CAN LAST FOR HOURS, MAKING IT PERFECT FOR UNWINDING OR LETTING GO OF A LONG DAY. PHENOTYPE: INDICA LINEAGE: AFGHANI × THAI FLAVOR PROFILE: EARTHY, PINE, SWEET EFFECT PROFILE: RELAXED, CALM, SEDATED THIS STATEMENT HAS NOT BEEN EVALUATED BY THE FOOD AND DRUG ADMINISTRATION. THIS PRODUCT IS NOT INTENDED TO DIAGNOSE, TREAT, CURE, OR PREVENT ANY DISEASE.""",,
bedford-club-bk,E23AA6BNQSBXLA,E23AA6BNQSBXLA,X| Heavy Hitters | Melon Kush | Flower | 7G,Heavy Hitters,flower,7.0 grams,11000,27.6,,indica,TRUE,https://shop.bedfordclub.com/menu/products/heavy-hitters-390654/flower/x-heavy-hitters-melon-kush-flower-7g-7978659,https://tymber-blaze-products.imgix.net/download---2026-04-30T012030-621-541f0031-0a69-4a29-8dc9-b21284b27d34.jpeg,2026-05-23T23:11:51.610988+00:00,,,
bedford-club-bk,39528FFTJDHF28,39528FFTJDHF28,X| Heavy Hitters | Mega Diesel | Slow Cured Resin | All-in-One | 1g,Heavy Hitters,vaporizers,1g,8000,86.1,,sativa,TRUE,https://shop.bedfordclub.com/menu/products/heavy-hitters-390654/vape-pens/x-heavy-hitters-mega-diesel-slow-cured-resin-all-in-one-1g-7978658,https://tymber-blaze-products.imgix.net/download---2026-04-28T004108-417-c19f6fa6-161b-481d-aede-66f51af1cae4.jpeg,2026-05-23T23:11:51.610988+00:00,"""MEGA DIESEL IS A LOUD, PUNCHY SATIVA THAT LEANS HARD INTO CLASSIC FUEL FUNK WITH SHARP DIESEL AND CITRUS NOTES. THE EFFECTS COME ON FAST WITH A RUSH OF CEREBRAL ENERGY AND FOCUS, KEEPING THE MIND ALERT AND MOTIVATED WHILE THE BODY STAYS LIGHT — A STRONG DAYTIME STRAIN FOR PRODUCTIVITY OR CREATIVE MOMENTUM. PHENOTYPE: SATIVA LINEAGE: SOUR DIESEL × UNKNOWN FLAVOR PROFILE: DIESEL, CITRUS, PUNGENT EFFECT PROFILE: ENERGIZING, FOCUSED, UPLIFTING",,
bedford-club-bk,18F4BBN0NZ5OL8,18F4BBN0NZ5OL8,X| Jaunty | Sour Diesel | 510 l 1g,Jaunty,vaporizers,1.0 grams,4500,90.0,,sativa,TRUE,https://shop.bedfordclub.com/menu/products/jaunty-345194/vape-pens/x-jaunty-sour-diesel-510-l-1g-7978696,https://tymber-blaze-products.imgix.net/download---2026-04-28T010916-313-71f2c391-e755-4b65-b214-aeba4175a251.jpeg,2026-05-23T23:11:51.610988+00:00,"Jaunty’s classic one-gram 510-thread vape cartridges combine proprietary blends of cannabis-derived terpenes with CO2-extracted cannabis oil, delivering true-to-strain flavors and effects-based profiles. Sour Diesel is an OG sativa featuring one of the most identifiable dank-diesel aromatic profiles, delivering an invigorating cerebral high that kick-starts your creative waves with every hit.",,
bedford-club-bk,7D205AKLMMSGZ9,7D205AKLMMSGZ9,X| Jaunty | Ghost Train | All-in-One | 1.5g,Jaunty,vaporizers,1.5 grams,5500,90.0,,sativa,TRUE,https://shop.bedfordclub.com/menu/products/jaunty-345194/vape-pens/x-jaunty-ghost-train-all-in-one-15g-7978694,https://tymber-blaze-products.imgix.net/download---2026-04-28T011937-880-7e8ae8a4-f6cd-4318-aa28-d5f03159c060.jpeg,2026-05-23T23:11:51.610988+00:00,"Ghost Train | AIO Palm| 1.5g Ghost Train is a hazy sativa with a sweet blend of sour, citrus, and piney aromas, known for its energizing e?ects and creativity-boosting qualities. Jaunty Palms combine cannabis-derived terpenes with distilled cannabis oil, delivering true-to-strain flavors and effects-driven profiles in a discreet, portable device — ideal for on-the-go use.",,
bedford-club-bk,55EBBEFUN7N88D,55EBBEFUN7N88D,X| Jaunty | Blackberry Kush | All-in-One | 1.5g,Jaunty,vaporizers,1.5 grams,5500,90.0,,indica,TRUE,https://shop.bedfordclub.com/menu/products/jaunty-345194/vape-pens/x-jaunty-blackberry-kush-all-in-one-15g-7978692,https://tymber-blaze-products.imgix.net/BlackberryKush-All-In-One-Palms-394fd92b-0336-443d-9e35-9f3dcf064b2e-800x800-fc6cd1a5-80f5-45e2-a4e1-4c5a69ba48ef.jpg,2026-05-23T23:11:51.610988+00:00,"Blackberry Kush | AIO Palm | 1.5g Blackberry Kush is a potent indica with earthy, diesel-like flavors and sweet berry notes, known for its sedating high that promotes euphoria and uplifting moods. Jaunty Palms combine cannabis-derived terpenes with distilled cannabis oil, delivering true-to-strain flavors and effects-driven profiles in a discreet, portable device — ideal for on-the-go use.",,
bedford-club-bk,D59D0CSJ3ETZZ8,D59D0CSJ3ETZZ8,X| Ithaca | White Truffle | Flower | 3.5g,Ithaca Organics,flower,1/8 oz,4200,20.0,,indica,TRUE,https://shop.bedfordclub.com/menu/products/ithaca-organics-700472/flower/x-ithaca-white-truffle-flower-35g-7978691,https://tymber-blaze-products.imgix.net/download---2026-04-30T020101-819-7790c800-676c-4fbd-acf7-5a7644d4742a.jpeg,2026-05-23T23:11:51.610988+00:00,"""White Truffle is an indica-leaning hybrid celebrated for its savory, earthy flavor layered with garlic, mushrooms, and a subtle touch of sweet funk. Its effects are profoundly calming, wrapping the body in a soothing buzz while easing the mind into quiet relaxation. A flavorful, grounding cultivar, White Truffle is a go-to for unwinding at the end of the day. At Ithaca Organics Cannabis Co., we prioritize quality over quantity by growing small-batch cannabis with rich terpene profiles, bold aromas, and standout flavors. For generations, our family has farmed the Finger Lakes, cultivating certified organic produce and hemp with the same dedication we now bring to every cannabis plant. """,,
bedford-club-bk,A7CD26BZPEGEIM,A7CD26BZPEGEIM,X| Ithaca | White Truffle Bubble Hash | 1g,BLAZE,concentrate,1g,4000,70.0,,indica,TRUE,https://shop.bedfordclub.com/menu/products/blaze-731784/concentrates/x-ithaca-white-truffle-bubble-hash-1g-7978690,https://tymber-blaze-products.imgix.net/download---2026-05-01T194131-620-1c0d2c5a-d02a-4012-999d-4484010ec666.jpeg,2026-05-23T23:11:51.610988+00:00,,,
bedford-club-bk,0B8CCA84X1TUAO,0B8CCA84X1TUAO,X| Ithaca | Just the Plant | SATIVA | Tincture,Ithaca Organics,tinctures,1.0 grams,9000,1000.0,,sativa,TRUE,https://shop.bedfordclub.com/menu/products/ithaca-organics-700472/tinctures/x-ithaca-just-the-plant-sativa-tincture-7978689,https://tymber-blaze-products.imgix.net/download---2026-04-21T131249-829-5ffa718a-922c-402b-bd76-131ec7dc4402.jpeg,2026-05-23T23:11:51.610988+00:00,"Sativa-Just The Plant | 1000mg THC Rosin | 30ml It’s just the plant. Born from pure hash rosin & extracted without solvents. This terpene-rich tincture captures the full character of the cannabis plant. Suspended in MCT oil for optimal bioavailability. It delivers steady, versatile relief that helps you return to your center. Powered by an uplifting sativa belnd, this tincture is crafted for clarity and momentum. It is perfect for creative bursts, social energy, or a bright start to your day. Always rosin. Always our flower. Always small-batch. 1fl oz (30ml) | Live Rosin Tincture | Sativa | 120 .25ml servings per bottle | 1000mg Full-Spectrum THC per bottle |",,
bedford-club-bk,517C0DB18GDFER,517C0DB18GDFER,X| Ithaca | Just the Plant HYBRID | Tincture,Ithaca Organics,tinctures,1.0 grams,9000,1000.0,,50/50,TRUE,https://shop.bedfordclub.com/menu/products/ithaca-organics-700472/tinctures/x-ithaca-just-the-plant-hybrid-tincture-7978688,https://tymber-blaze-products.imgix.net/download---2026-04-21T131156-115-8bde2ec6-2c52-45e9-a4c6-bea763ca73bc.jpeg,2026-05-23T23:11:51.610988+00:00,"Rosin-powered hybrid tincture crafted from solventless hash rosin. Provides balanced relief with terpene-rich flavor for calm, clarity, and anytime use.",,
bedford-club-bk,3F862CCQSTCGKM,3F862CCQSTCGKM,X| Ithaca | Gorilla Glue | Flower |  3.5g,Ithaca Organics,flower,1/8 oz,4200,26.0,,hybrid,TRUE,https://shop.bedfordclub.com/menu/products/ithaca-organics-700472/flower/x-ithaca-gorilla-glue-flower-35g-7978687,https://tymber-blaze-products.imgix.net/download---2026-04-30T015939-509-5f7e922e-83fc-4dcb-b608-906f9174faea.jpeg,2026-05-23T23:11:51.610988+00:00,"G. Glue captivates the senses with its irresistible sweet and sour mocha aroma, infused with hints of chemical diesel and pine. The flavor is just as enticing, leaving a lingering sour diesel taste that keeps you coming back for more. Experience a potent, relaxing high that can leave you blissfully ‘glued’ to the couch—perfect for easing stress, anxiety, and pain. Mixed light.",,
bedford-club-bk,38898BWQJVFOY4,38898BWQJVFOY4,X| Ithaca | Farmers Blend Bubble Hash | 1g,Ithaca Organics,concentrate,1g,3000,97.3,,hybrid,TRUE,https://shop.bedfordclub.com/menu/products/ithaca-organics-700472/concentrates/x-ithaca-farmers-blend-bubble-hash-1g-7978686,https://tymber-blaze-products.imgix.net/download---2026-05-01T204553-027-e22306cc-cb23-4b6b-8dad-608c242e9941.jpeg,2026-05-23T23:11:51.610988+00:00,,,
bedford-club-bk,672F0AINALFTCF,672F0AINALFTCF,X| Ithaca | East Coast Sour Diesel Bubble Hash | 1g,Ithaca Organics,concentrate,1g,4000,62.6,,sativa,TRUE,https://shop.bedfordclub.com/menu/products/ithaca-organics-700472/concentrates/x-ithaca-east-coast-sour-diesel-bubble-hash-1g-7978685,https://tymber-blaze-products.imgix.net/download--5--e9692a97-fae4-44cb-9ad3-406cdcce85a6.png,2026-05-23T23:11:51.610988+00:00,,,
bedford-club-bk,74DCEAU5PLHKC6,74DCEAU5PLHKC6,X| Jeeter | Strawberry Sour Diesel | Infused Pre Roll | 1g,Jeeter,preroll,1g,3000,37.07,,sativa,TRUE,https://shop.bedfordclub.com/menu/products/jeeter-592964/infused-preroll/x-jeeter-strawberry-sour-diesel-infused-pre-roll-1g-7978684,https://tymber-blaze-products.imgix.net/download---2026-05-01T174450-165-972bc933-f3f0-48a3-907b-36fd3ecb540d.jpeg,2026-05-23T23:11:51.610988+00:00,,,
bedford-club-bk,01AC73RGDMYYKC,01AC73RGDMYYKC,X| Jeeter | Pina Colada | Infused Preroll | 1g,Jeeter,preroll,1g,3000,35.54,,hybrid,TRUE,https://shop.bedfordclub.com/menu/products/jeeter-592964/infused-preroll/x-jeeter-pina-colada-infused-preroll-1g-7978683,https://tymber-blaze-products.imgix.net/download---2026-05-01T174038-100-8b2d08df-83b1-48ab-8e44-c6d4487d7d8d.jpeg,2026-05-23T23:11:51.610988+00:00,,,
bedford-club-bk,8796BCK8LXIURP,8796BCK8LXIURP,X| Jeeter | Sugar Plum | Infused Pre Roll | 5pk |  .5g | 2.5g,Jeeter,preroll,2.5 grams,5000,34.74,,sativa,TRUE,https://shop.bedfordclub.com/menu/products/jeeter-592964/infused-preroll/x-jeeter-sugar-plum-infused-pre-roll-5pk-5g-25g-7978678,https://tymber-blaze-products.imgix.net/download---2026-05-01T172116-537-e4365144-fdc9-4767-aaba-f4720649cd29.jpeg,2026-05-23T23:11:51.610988+00:00,,,
bedford-club-bk,2D5DBE8PIGFRMV,2D5DBE8PIGFRMV,X| Jeeter | Strawberry Sour Diesel | Infused Pre Roll | 5pk | .5g | 2.5g,Jeeter,preroll,2.5 grams,5500,35.72,,sativa,TRUE,https://shop.bedfordclub.com/menu/products/jeeter-592964/infused-preroll/x-jeeter-strawberry-sour-diesel-infused-pre-roll-5pk-5g-25g-7978677,https://tymber-blaze-products.imgix.net/download---2026-05-01T172459-698-3d8ce79a-0595-40dc-9d8c-987c1a5f02a1.jpeg,2026-05-23T23:11:51.610988+00:00,,,
bedford-club-bk,D9E20EDQ2ZQDUV,D9E20EDQ2ZQDUV,X| Jeeter | Gelato | Infused Pre Roll | 5pk | .5g | 2.5g,Jeeter,preroll,2.5 grams,6250,38.76,,hybrid,TRUE,https://shop.bedfordclub.com/menu/products/jeeter-592964/infused-preroll/x-jeeter-gelato-infused-pre-roll-5pk-5g-25g-7978676,https://tymber-blaze-products.imgix.net/download---2026-05-01T173729-914-8ce0fcf8-2d0c-411b-b61f-6a2d1e718aaf.jpeg,2026-05-23T23:11:51.610988+00:00,,,
bedford-club-bk,37FCD2VQ0XLOE8,37FCD2VQ0XLOE8,X| Jeeter | Blue Dream | Infused Pre-Roll | 5pk | .5g | 2.5g,Jeeter,preroll,2.0 grams,4000,34.32,,hybrid,TRUE,https://shop.bedfordclub.com/menu/products/jeeter-592964/infused-preroll/x-jeeter-blue-dream-infused-pre-roll-5pk-5g-25g-7978675,https://tymber-blaze-products.imgix.net/download---2026-05-01T171704-314-87d6d29a-8c1e-4151-aefa-a6ac1f525cf8.jpeg,2026-05-23T23:11:51.610988+00:00,,,
bedford-club-bk,9F58D83EUXMZTJ,9F58D83EUXMZTJ,X| Ravens View Genetics | Lemongrass | Pre Roll |  1g,Ravens View Genetics,preroll,1g,800,18.0,,indica,TRUE,https://shop.bedfordclub.com/menu/products/ravens-view-genetics-349854/preroll/-x-ravens-view-genetics-lemongrass-pre-roll-1g-7978699,https://tymber-blaze-products.imgix.net/download---2026-04-27T142314-660-c9bfff50-b9e1-45e5-9f52-7262b7fa5473.jpeg,2026-05-23T23:11:51.610988+00:00,"Instant clarity and relaxation, with a refreshing sour citrus twist. Your zen moment.",,
bedford-club-bk,E6A745MSRM9AOC,E6A745MSRM9AOC,X| MilkWeed | Sunset Serbet | 3.5g | Flower,MilkWeed,flower,1/8 oz,5000,24.92,,hybrid,TRUE,https://shop.bedfordclub.com/menu/products/milkweed-731773/flower/x-milkweed-sunset-serbet-35g-flower-7978712,https://tymber-blaze-products.imgix.net/download---2026-04-30T005726-026-a42416c6-7d7e-491f-b765-e655ae570943.jpeg,2026-05-23T23:11:51.610988+00:00,"Sunset Sherbert was originally bred by Mario Guzman of Sherbinskis, designed to inherit the genetic lineage of its parent strain Girl Scout Cookies, loved for her incredible sweet and fruity flavor. To complement a deep body high, Sunset Sherbert has a radical energy to boost the mood of frequent users. Enjoy the sunset as mild waves of euphoria help beat those mid-week blues back down. Milkweed is a boutique craft flower brand born from a long-term international legacy grower, NYC subway engineer, and Union Square market organic farmer. From their years of experience and knowledge, the team wanted to grow what they think is the premier cannabis flower. Thus, Milkweed was born. Milkweed is grown on a small scale, in high-tech indoor single strain rooms that are specifically engineered to hold a calculated, steady climate - no matter what phase of life the plant is in. Irrigation events occur over 30 times a day, steering the growth for maximum results. The name is a nod to the Monarch butterflies that survive off of the native New York plant, Milkweed, during their migration. Like them, we’ve evolved. From our humble beginnings in trap grow rooms and NYC subway cars, to the cutting edge technology we use today. Peace be the journey.",,
bedford-club-bk,85F1D1D2QZCG7E,85F1D1D2QZCG7E,X| MilkWeed | Pina Colada | Flower | 3.5,MilkWeed,flower,1/8 oz,5000,29.34,,hybrid,TRUE,https://shop.bedfordclub.com/menu/products/milkweed-731773/flower/x-milkweed-pina-colada-flower-35--7978711,https://tymber-blaze-products.imgix.net/download---2026-04-30T010126-214-fd8e489d-42b5-4f76-a2d3-ff42340ba583.jpeg,2026-05-23T23:11:51.610988+00:00,"Piña Colada is an exotic versatile strain for both relaxation and stimulation, making it a popular sativa for social gatherings or creative activities. It may also benefit those dealing with stress, fatigue or inflammation. When was the last time you felt the sand between your toes, drank straight from a coconut, or lounged by the water in deep relaxation? Embrace the vibe of a tropical vacation reminiscent of the popular cocktail this strain is named after. White Ash Only, Triple A Quality.",,
bedford-club-bk,824F80H12K0QXC,824F80H12K0QXC,X| MilkWeed | Galactic Warheads | Flower | 3.5g,MilkWeed,flower,1/8 oz,5000,31.53,,hybrid,TRUE,https://shop.bedfordclub.com/menu/products/milkweed-731773/flower/x-milkweed-galactic-warheads-flower-35g--7978709,https://tymber-blaze-products.imgix.net/download---2026-04-30T005933-829-5da2c38e-4fd8-410c-b8c5-14df1363bd58.jpeg,2026-05-23T23:11:51.610988+00:00,"Galactic Warheads is a potent, balanced hybrid cannabis strain known for its intense, sweet, and sour candy-like flavor, with dominant terpenes like limonene, caryophyllene, and nerolidol. It delivers a strong, euphoric, and uplifting mental high with deep body relaxation, making users feel chatty, happy, and creative, often described as a ""cosmic"" or ""interstellar"" experience with high THC levels.",,
bedford-club-bk,8F04A5L0MIEMOC,8F04A5L0MIEMOC,X| MilkWeed | Candy Funk | Flower 3.5g,MilkWeed,flower,1/8 oz,5000,30.33,,hybrid,TRUE,https://shop.bedfordclub.com/menu/products/milkweed-731773/flower/x-milkweed-candy-funk-flower-35g--7978708,https://tymber-blaze-products.imgix.net/download---2026-04-30T010406-395-e5bdb6e0-e8d3-4e63-9aef-76d048350a5b.jpeg,2026-05-23T23:11:51.610988+00:00,"Candy Funk is a modern hybrid nickname attached to cultivars that marry candy-shop sweetness with deep, earthy, sometimes sulfur-tinged “funk.” In dispensary menus and breeder drops, the name commonly denotes a phenotype rather than a single, universally registered cultivar. That means you’ll encounter slightly different expressions depending on who grew it, which cut they ran, and how it was handled post-harvest. Milkweed is cultivated in New York by Back Home Farm LLC, focusing on small-scale, craft indoor cultivation. The brand emphasizes quality and precision in its growing techniques, ensuring that each product meets high standards. The name ""Milkweed"" pays homage to the native plant that supports Monarch butterflies during their migration, reflecting the brand's commitment to nature and sustainability.",,
bedford-club-bk,092A42LY2JYF9K,092A42LY2JYF9K,X| MilkWeed | Blutopia | Pre Roll | 4pk | 3g,MilkWeed,preroll,3.0 grams,3500,26.26,,hybrid,TRUE,https://shop.bedfordclub.com/menu/products/milkweed-731773/preroll/x-milkweed-blutopia-pre-roll-4pk-3g-7978707,https://tymber-blaze-products.imgix.net/download---2026-04-29T235022-542-1f0386ec-8f10-472b-be60-310cf8bcb906.jpeg,2026-05-23T23:11:51.610988+00:00,"Bluetopia is an evenly balanced hybrid strain (50% indica/50% sativa) created through crossing the tasty Grape Gas X LCG strains. The flavor and aroma profile is described as a mouth coating fusion of sweet, sugary blueberries, sharp mint, nutty pancakes, and gas notes. Named for its gorgeous appearance and super happy high, Bluephoria is the perfect balanced hybrid to help you get into the best mood of your life.",,
bedford-club-bk,E274CEPGZESPOG,E274CEPGZESPOG,MK Lighter,MK,merch,,1000,,,,TRUE,https://shop.bedfordclub.com/menu/products/mk-731771/accessories/mk-lighter-7978704,https://tymber-blaze-categories.imgix.net/420default-Accessories.jpg,2026-05-23T23:11:51.610988+00:00,,,
bedford-club-bk,CA08BET60NX48U,CA08BET60NX48U,X| Old Pal | Lemon Haze | Flower | 14g,Old Pal,flower,14.0 grams,6000,25.99,,hybrid,TRUE,https://shop.bedfordclub.com/menu/products/old-pal-671608/flower/x-old-pal-lemon-haze-flower-14g--7978728,https://tymber-blaze-products.imgix.net/download---2026-05-01T192516-849-9c79c720-6597-4192-9e83-703b8fc84a25.jpeg,2026-05-23T23:11:51.610988+00:00,,,
bedford-club-bk,C5D8ABCNFHPRRT,C5D8ABCNFHPRRT,X| Old Pal | Mendo Purps | Flower | 14.g,Old Pal,flower,14.0 grams,6000,26.15,,indica,TRUE,https://shop.bedfordclub.com/menu/products/old-pal-671608/flower/x-old-pal-mendo-purps-flower-14g--7978726,https://tymber-blaze-products.imgix.net/download---2026-05-01T192303-005-4aedd20a-396b-4bb7-814c-c890b13da0c4.jpeg,2026-05-23T23:11:51.610988+00:00,,,
bedford-club-bk,570E01TVFXMAEW,570E01TVFXMAEW,X| Nanticoke | Coconut Cream | Flower | 3.5g,Nanticoke,flower,1/8 oz,3900,25.0,,indica,TRUE,https://shop.bedfordclub.com/menu/products/nanticoke-675970/flower/x-nanticoke-coconut-cream-flower-35g--7978721,https://tymber-blaze-products.imgix.net/download---2026-04-30T014335-629-bb482e32-9741-40b5-a5a9-147c4afd9e81.jpeg,2026-05-23T23:11:51.610988+00:00,Coconut Cream is a potent indica with a powerful relaxing effect while providing a light euphoric sensation. It has aromas of sweet cookies crossed with grape and gas. Greenhouse grown.,,
bedford-club-bk,E1D2C2NXXF4YV4,E1D2C2NXXF4YV4,X| MilkWeek | Sunset Sherbert | Flower | 7g,MilkWeed,flower,7.0 grams,9500,29.47,,hybrid,TRUE,https://shop.bedfordclub.com/menu/products/milkweed-731773/flower/x-milkweek-sunset-sherbert-flower-7g--7978714,https://tymber-blaze-products.imgix.net/download---2026-04-30T010727-436-e5578056-d315-4eb5-add5-38a01641dfc4.jpeg,2026-05-23T23:11:51.610988+00:00,"Sunset Sherbert was originally bred by Mario Guzman of Sherbinskis, designed to inherit the genetic lineage of its parent strain Girl Scout Cookies, loved for her incredible sweet and fruity flavor. To complement a deep body high, Sunset Sherbert has a radical energy to boost the mood of frequent users. Enjoy the sunset as mild waves of euphoria help beat those mid-week blues back down. Milkweed is a boutique craft flower brand born from a long-term international legacy grower, NYC subway engineer, and Union Square market organic farmer. From their years of experience and knowledge, the team wanted to grow what they think is the premier cannabis flower. Thus, Milkweed was born. Milkweed is grown on a small scale, in high-tech indoor single strain rooms that are specifically engineered to hold a calculated, steady climate - no matter what phase of life the plant is in. Irrigation events occur over 30 times a day, steering the growth for maximum results. The name is a nod to the Monarch butterflies that survive off of the native New York plant, Milkweed, during their migration. Like them, we’ve evolved. From our humble beginnings in trap grow rooms and NYC subway cars, to the cutting edge technology we use today. Peace be the journey.",,
bedford-club-bk,1B8FC1OWLMPVOM,1B8FC1OWLMPVOM,X| MilkWeeed | Nino Brown | Pre Roll | 4 Pk | 3g,MilkWeed,preroll,3.0 grams,3500,31.74,,sativa,TRUE,https://shop.bedfordclub.com/menu/products/milkweed-731773/preroll/x-milkweeed-nino-brown-pre-roll-4-pk-3g-7978713,https://tymber-blaze-products.imgix.net/download---2026-04-29T235304-878-bdce7163-4f76-454f-aea1-cabcd76147a5.jpeg,2026-05-23T23:11:51.610988+00:00,"MILKWEED presents Nino Brown, a premium 4-pack of prerolls containing 3 grams of expertly crafted Sativa/Indica hybrid cannabis. This convenient pack delivers the perfect balance of uplifting cerebral energy and soothing body relaxation, making it ideal for any time of day. Nino Brown offers a complex flavor profile with earthy, spicy notes complemented by hints of pine and citrus that tantalize the palate with every puff. Each preroll is precisely crafted for consistent potency and smooth smoking experience. Expect focused creativity paired with gentle relaxation—perfect for social gatherings, creative projects, or unwinding after a long day. The hybrid classification provides versatile effects that can uplift your mood while keeping you comfortably grounded. Whether you're a seasoned enthusiast or exploring new strains, these convenient prerolls offer quality and portability in one package",,
bedford-club-bk,63EA880HZ5H8JS,63EA880HZ5H8JS,X| PAX | Purple Afghani | Live Rosin with Diamonds | All-in-One | 1g,PAX,vaporizers,1g,8800,,,indica,TRUE,https://shop.bedfordclub.com/menu/products/pax-554746/vape-pens/x-pax-purple-afghani-live-rosin-with-diamonds-all-in-one-1g-7978747,https://tymber-blaze-products.imgix.net/download---2026-04-28T143029-351-176273af-35e0-4554-918b-d775baaf4e0f.jpeg,2026-05-23T23:11:51.610988+00:00,"Unwind with the luxurious relaxation of Purple Afghani, an indica-dominant cannabis strain boasting enticing aromas of wood and sage. Its robust flavor profile combines floral notes with that classic purple funk, delivering a soothing experience ideal for unwinding after a long day. Flavors Blueberry Earthy Grape",,
bedford-club-bk,D28E46SURJYZU8,D28E46SURJYZU8,X| PAX | London Pound Cake | All-in-One | 1g,PAX,vaporizers,1g,5500,83.0,,indica,TRUE,https://shop.bedfordclub.com/menu/products/pax-554746/vape-pens/x-pax-london-pound-cake-all-in-one-1g-7978746,https://tymber-blaze-products.imgix.net/4012640_PAX_Trip_-_London_Pound_Cake_1g_-_Packaging___Device-dd9b5954-eafa-4053-b70f-f2574e63b6fe-800x800-2c974a62-1a8c-4c45-bf81-d3774ae2afb9.jpg,2026-05-23T23:11:51.610988+00:00,"Kick back and relax with the delicious flavors and delightful feels of this indica. Notes of vanilla, lemon and, chill calming effects are truly the icing on this cake. Flavors Lemon Citrus Berry",,
bedford-club-bk,6F2B69SQXLXGNN,6F2B69SQXLXGNN,X| PAX | Guava Gelato | Live Rosin with Diamonds | All-in-One | 1g,PAX,vaporizers,1g,8800,84.86,,hybrid,TRUE,https://shop.bedfordclub.com/menu/products/pax-554746/vape-pens/x-pax-guava-gelato-live-rosin-with-diamonds-all-in-one-1g-7978745,https://tymber-blaze-products.imgix.net/download---2026-04-28T014616-729-865c629d-0d01-4bc1-891b-e42edf6c7401.jpeg,2026-05-23T23:11:51.610988+00:00,"This Hybrid is just as deliciously dreamy as it sounds. Guava Gelato is a cross of Guava and Gelato cultivars with a creamy, tropical aroma and bright notes of pineapple and coconut. Uplifting for the mind and relaxing for the body, Guava Gelato can help you get to your happy place. Weight: 1g.",,
bedford-club-bk,2DA680AZQNU0AC,2DA680AZQNU0AC,X| PAX | Forbidden Fruit | High Purity | All-in-One | 1g,PAX,vaporizers,1g,5500,75.0,,hybrid,TRUE,https://shop.bedfordclub.com/menu/products/pax-554746/vape-pens/x-pax-forbidden-fruit-high-purity-all-in-one-1g-7978744,https://tymber-blaze-products.imgix.net/download---2026-04-28T015205-511-7b0a9099-30a3-42ed-ae92-900fe39509ff.jpeg,2026-05-23T23:11:51.610988+00:00,"Meet TRIP, the first all-in-one made with ocean-bound plastic. This hybrid pairs perfectly with taking in new scenery outdoors or taking on a new series indoors. Sweet, tropical flavors and balanced effects make Forbidden Fruit highly tempting.",,
bedford-club-bk,A2D42BPPSNU39E,A2D42BPPSNU39E,X| PAX TRIP | Blue Dream | Live Rosin with Diamonds | All-in-One | 1g,PAX,vaporizers,1g,8800,89.44,,sativa,TRUE,https://shop.bedfordclub.com/menu/products/pax-554746/vape-pens/x-pax-trip-blue-dream-live-rosin-with-diamonds-all-in-one-1g--7978743,https://tymber-blaze-products.imgix.net/download---2026-04-28T143252-063-76826f45-9db8-475d-be5d-d638c605ca84.jpeg,2026-05-23T23:11:51.610988+00:00,"When it comes to classic Sativas, this one is truly dreamy. Blue Dream is a legendary cross of DJ Short’s Blueberry and Haze. A distinct, refreshing aroma and earthy, blueberry flavor accompany Blue Dream’s cerebral, uplifting effects. Day or night, Blue Dream is the perfect cultivar anytime you need an energetic or creative boost. Flavors Blueberry Berry Earthy",,
bedford-club-bk,B0D2B2EJVSNIVN,B0D2B2EJVSNIVN,X| PAX | Pineapple Express | Live Rosin With Diamonds | Pod | 1g,PAX,vaporizers,1g,8800,78.56,,sativa,TRUE,https://shop.bedfordclub.com/menu/products/pax-554746/vape-pens/x-pax-pineapple-express-live-rosin-with-diamonds-pod-1g--7978741,https://tymber-blaze-products.imgix.net/download---2026-04-28T014044-013-8c14911f-ddb9-4d94-b517-827dd4d09d26.jpeg,2026-05-23T23:11:51.610988+00:00,"A cult classic on the screen and an iconic Sativa on the scene, Pineapple Express deserves a round of applause. This legendary cultivar is a cross of Trainwreck and Hawaiian, renowned for its earthy, pine aroma and tropical, citrusy notes. Its uplifting effects inspire creativity, making Pineapple Express a worthy muse for your next artistic endeavor, DIY project or script for the next great stoner movie.",,
bedford-club-bk,78B6C8FZHEJZTZ,78B6C8FZHEJZTZ,X| PAX |  Guava Gelato | Live Rosin with Diamonds | Pod | 1g,PAX,vaporizers,1g,8800,81.0,,hybrid,TRUE,https://shop.bedfordclub.com/menu/products/pax-554746/vape-pens/x-pax-guava-gelato-live-rosin-with-diamonds-pod-1g--7978740,https://tymber-blaze-products.imgix.net/download---2026-04-28T014348-626-265e2dba-cb59-4f32-a884-0d391e557d12.jpeg,2026-05-23T23:11:51.610988+00:00,"This Hybrid is just as deliciously dreamy as it sounds. Guava Gelato is a cross of Guava and Gelato cultivars with a creamy, tropical aroma and bright notes of piña colada. Uplifting for the mind and relaxing for the body, Guava Gelato can help you get to your happy place.",,
bedford-club-bk,ACE120QYZHEBBY,ACE120QYZHEBBY,X| PAX | Northern Lights |  Live Rosin With Diamonds | Pod | 1g,PAX,vaporizers,1.0 grams,8800,83.0,,indica,TRUE,https://shop.bedfordclub.com/menu/products/pax-554746/vape-pens/x-pax-northern-lights-live-rosin-with-diamonds-pod-1g--7978737,https://tymber-blaze-products.imgix.net/download---2026-04-28T014931-556-ecfaed38-a22c-430d-baa9-28abb3f74dbb.jpeg,2026-05-23T23:11:51.610988+00:00,"Northern Lights, also known as “”NL,”” is an indica marijuana strain made by crossing Afghani with Thai. Northern Lights produces euphoric effects that settle in firmly throughout the body, relaxing muscles and easing the mind. Consumers say this strain has a pungently sweet and spicy flavor profile that is smooth on the exhale. Medical marijuana patients choose Northern Lights to help relieve symptoms associated with depression, stress, pain and insomnia. Northern Lights stands among the most famous strains of all time, a pure indica cherished for its resinous buds, fast flowering, and resilience during growth. This strain has given rise to famous hybrids like Shiva Skunk and Super Silver Haze. Rumor has it that Northern Lights first sprouted near Seattle, Washington, but was propagated out of Holland after 1985 at what is now Sensi Seeds.PAX’s Live Rosin is the fullest expression of the flower, frozen at the peak of harvest and fresh-pressed to preserve all the natural cannabinoids, terpenes, and plant compounds. When enhanced with Natural Diamonds, the purest form of THC, you get the perfect balance of potency and flavor.",,
bedford-club-bk,4B4F2BZUOQ04O2,4B4F2BZUOQ04O2,X| PAX | White Widow | High Purity | All-in-One | 2g,PAX,vaporizers,2.0 grams,8000,76.0,,50/50,TRUE,https://shop.bedfordclub.com/menu/products/pax-554746/vape-pens/x-pax-white-widow-high-purity-all-in-one-2g-7978735,https://tymber-blaze-products.imgix.net/download---2026-04-28T143707-285-f19c215c-5d03-44cd-940b-92a31c416a50.jpeg,2026-05-23T23:11:51.610988+00:00,"Experience the legendary White Widow, a renowned hybrid strain revered for its cannabis aromas underscoring euphoric effects and earthy flavors. With a lineage tracing back to the 1990s, White Widow delivers a blissful high that uplifts the mind and relaxes the body, making it a timeless favorite among cannabis enthusiasts worldwide. Flavors Earthy Spicy/Herbal Blueberry",,
bedford-club-bk,53C752XADQCKHR,53C752XADQCKHR,X| PAX | London Pound Cake | High Purity | All-in-One |  2g,PAX,vaporizers,2.0 grams,8500,82.0,,indica,TRUE,https://shop.bedfordclub.com/menu/products/pax-554746/vape-pens/x-pax-london-pound-cake-high-purity-all-in-one-2g-7978734,https://tymber-blaze-products.imgix.net/download---2026-04-28T143544-910-aec18977-40f8-4427-af83-b9b1e4132e14.jpeg,2026-05-23T23:11:51.610988+00:00,,,
bedford-club-bk,58EDE1FQEY1EGG,58EDE1FQEY1EGG,X| Pearls | Orange Yuzu | Rosin | Gummies,Grön Edibles,edible,35.0 milligrams,2500,100.0,,sativa,TRUE,https://shop.bedfordclub.com/menu/products/grn-edibles-394150/edibles/x-pearls-orange-yuzu-rosin-gummies-7978733,https://tymber-blaze-products.imgix.net/download---2026-04-23T171734-516-c445bfce-f5fd-4405-9c86-8978413d174f.jpeg,2026-05-23T23:11:51.610988+00:00,"Pucker up and power through with Orange Yuzu Pearls. Bringing big, bold flavor with a tangy twist, these Pearls will wake up your taste buds and help you seize the day. It’s like a sunrise in your mouth—zesty, bright, and bursting with energy. 10MG PER PEARL | 10 PEARLS PER PACKAGE | SOLVENTLESS HASH ROSIN",,
bedford-club-bk,D50006BHDSEMDN,D50006BHDSEMDN,X| Old Pal | Golden Cake | Flower | 14g,Old Pal,flower,14.0 grams,6000,,,sativa,TRUE,https://shop.bedfordclub.com/menu/products/old-pal-671608/flower/x-old-pal-golden-cake-flower-14g--7978729,https://tymber-blaze-products.imgix.net/download---2026-05-01T192804-113-be04b366-e320-43b4-a60e-5aed88c4b52e.jpeg,2026-05-23T23:11:51.610988+00:00,,,
bedford-club-bk,ECD8EBS1DOJEOT,ECD8EBS1DOJEOT,X| MFNY | Peach x Oishii | Live Resin Gummies | 10 pk,MFNY,edible,0.1 grams,2200,100.0,,indica,TRUE,https://shop.bedfordclub.com/menu/products/mfny-337200/edibles/x-mfny-peach-x-oishii-live-resin-gummies-10-pk-7978752,https://tymber-blaze-products.imgix.net/download---2026-04-21T111820-396-f1b6a3af-8177-493f-980b-7975952965f9.jpeg,2026-05-23T23:11:51.610988+00:00,"MFNY – Peach Oishii – 10pk Live Resin Gummies Delicate, juicy, and terpene-rich, MFNY Peach Oishii Live Resin Gummies deliver a premium edible experience inspired by the sweet elegance of ripe peaches. Infused with high-quality live resin, these gummies provide full-spectrum effects with enhanced flavor and potency in every bite. The flavor profile is lush and refreshing, featuring sun-ripened peach with soft floral and candy-like undertones, creating a smooth, dessert-style taste that’s both light and indulgent. The live resin infusion ensures a balanced, long-lasting high, offering gentle euphoria, mood elevation, and calming body effects. Perfect for discreet, on-the-go enjoyment, this 10-pack format provides consistent dosing and premium quality for both casual and experienced edible consumers. ?? Highlights: Product: Live Resin Gummies (10pk) Flavor: Peach Oishii Infusion: Premium Live Resin Effects: Euphoric, relaxing, mood-boosting Ideal for: Anytime use, flavorful edibles, discreet dosing MFNY Peach Oishii 10pk Live Resin Gummies combine juicy peach flavor with smooth, full-spectrum effects for a refined, elevated edible experience.",,
bedford-club-bk,D4130BTWYZO6ZC,D4130BTWYZO6ZC,X| PAX | White Widow | All-in-One |1g,PAX,vaporizers,1g,5500,79.0,,hybrid,TRUE,https://shop.bedfordclub.com/menu/products/pax-554746/vape-pens/x-pax-white-widow-all-in-one-1g-7978749,https://tymber-blaze-products.imgix.net/download---2026-05-03T140449-140-372c0a9b-911b-40aa-a24e-f4094c0eb7bb.jpeg,2026-05-23T23:11:51.610988+00:00,"Experience the legendary White Widow, a renowned hybrid strain revered for its cannabis aromas underscoring euphoric effects and earthy flavors. With a lineage tracing back to the 1990s, White Widow delivers a blissful high that uplifts the mind and relaxes the body, making it a timeless favorite among cannabis enthusiasts worldwide. Flavors Earthy Spicy/Herbal Blueberry",,
bedford-club-bk,1B7055GDZ5AUD7,1B7055GDZ5AUD7,Raw | Phenomenally Thin Rolling Paper,Raw,merch,,200,,,,TRUE,https://shop.bedfordclub.com/menu/products/raw-731766/accessories/raw-phenomenally-thin-rolling-paper-7978767,https://tymber-blaze-categories.imgix.net/420default-Accessories.jpg,2026-05-23T23:11:51.610988+00:00,,,
bedford-club-bk,72BFCAQHKGWYDL,72BFCAQHKGWYDL,Raw Classic | Kingsize Slim+Tips,Raw Classic,merch,,200,,,,TRUE,https://shop.bedfordclub.com/menu/products/raw-classic-731767/accessories/raw-classic-kingsize-slimtips-7978766,https://tymber-blaze-categories.imgix.net/420default-Accessories.jpg,2026-05-23T23:11:51.610988+00:00,,,
bedford-club-bk,4C18D3KZCVSMUK,4C18D3KZCVSMUK,X| MFNY | Raspberry Lemonade x Gelato 41 | Live Resin Gummies | 10 pk,MFNY,edible,0.1 grams,2200,93.6,0.4,indica,TRUE,https://shop.bedfordclub.com/menu/products/mfny-337200/edibles/x-mfny-raspberry-lemonade-x-gelato-41-live-resin-gummies-10-pk-7978765,https://tymber-blaze-products.imgix.net/download---2026-04-21T110237-275-6d3259de-c141-4709-9fe4-73f1f359dceb.jpeg,2026-05-23T23:11:51.610988+00:00,"Terpene-rich edibles at an even tastier price. Introducing our live resin Raspberry Lemonade x Gelato 41 gummies. These vegan gummies are infused with MFNY’s single-source, in-house produced Gelato 41 live resin. Key Features: Flavor: This unique pairing creates a refreshing, dessert-like gummy with a sophisticated balance of tangy and sweet. These gummies combine the tart, citrusy notes of raspberry lemonade with the creamy, sweet, and slightly earthy flavors of Gelato 41. Ideal Usage: The live resin infusion enhances the potency, delivering uplifting and euphoric cerebral effects with relaxing physical sensations. Ideal for evening use or leisurely activities where a balanced, calming high is desired. Recommended Instructions: Serving: Start with half of one gummy, wait one full hour for effects to kick in before increasing dosage. Onset: 30 minutes to 2 hours, though most people feel effects within 1 hour. Duration: Typically lasts 4 to 6 hours, but it can extend to 8 hours or more in some cases, depending on potency and personal tolerance.",,
bedford-club-bk,1BBF2ENC5JYODH,1BBF2ENC5JYODH,X| Pearls | Raspberry Lemonade | Gummies | 10pcs,Grön Edibles,edible,,2200,100.0,,sativa,TRUE,https://shop.bedfordclub.com/menu/products/grn-edibles-394150/edibles/x-pearls-raspberry-lemonade-gummies-10pcs-7978764,https://tymber-blaze-products.imgix.net/Gron-NY-Pearls-Raspberry-Lemonade-THC-With-Product-071e50ae-1b12-4d1e-9a48-3b110b35018a-800x800-c1d5f7b1-da3d-4685-b85c-1325193dd618.png,2026-05-23T23:11:51.610988+00:00,"Bask in a splash of sunshine with our refreshing Raspberry Lemonade Pearls. Made with real raspberries and infused with THC, these Pearls will make any day so much sweeter.",,
bedford-club-bk,26AF92IV2E7WWL,26AF92IV2E7WWL,X|  MFNY | Rainbow Driver Live Resin Tincture | 15mL,MFNY,tinctures,15.0 grams,4800,372.6,1.02,indica,TRUE,https://shop.bedfordclub.com/menu/products/mfny-337200/tinctures/x-mfny-rainbow-driver-live-resin-tincture-15ml-7978763,https://tymber-blaze-products.imgix.net/download---2026-04-21T130821-629-f611f8e1-eab2-4e93-a98f-6b0496fa768b.jpeg,2026-05-23T23:11:51.610988+00:00,,,
bedford-club-bk,45468DS8HX1O1G,45468DS8HX1O1G,X| Weekender | GLOW | Tropicana Cookie | Pre Rolls | 1g,Weekenders,preroll,1g,1500,25.0,,hybrid,TRUE,https://shop.bedfordclub.com/menu/products/weekenders-650792/preroll/x-weekender-glow-tropicana-cookie-pre-rolls-1g-7978758,https://tymber-blaze-products.imgix.net/download---2026-04-29T232614-589-25394e2d-2810-45c3-8e88-548c4acbda17.jpeg,2026-05-23T23:11:51.610988+00:00,"For peace, love and a warm fuzzy GLOW we bring you Trop Cookies aka Tropicana Cherry, a cross of Tropicana Cookies & Cherry Cookies. Trop Cookies smells like dank tangerines and cherry and is an ideal functional & daytime high.",,
bedford-club-bk,28FBBFRCDL6RUA,28FBBFRCDL6RUA,X| Rythm | Bananaconda | Flower | 3.5g,Rythm,flower,1/8 oz,5500,29.8,,hybrid,TRUE,https://shop.bedfordclub.com/menu/products/rythm-694002/flower/x-rythm-bananaconda-flower-35g--7978781,https://tymber-blaze-products.imgix.net/download---2026-04-30T012814-350-2c8262ee-42f6-45dc-84dd-c65160784952.jpeg,2026-05-23T23:11:51.610988+00:00,"RYTHM Premium Flower delivers a consistently elevated cannabis experience from the #1 Flower Brand in the World¹. Featuring a curated lineup of iconic, high-potency strains, each jar is expertly cultivated, hand-trimmed, and meticulously cured to showcase lush aromas, rich flavors, and terpene-forward profiles. Every harvest is selected for trusted, reliable quality, with larger buds and fewer pieces per jar for a more premium presentation. Sealed for freshness, RYTHM Premium Flower offers bold potency, vibrant terpene expression, and the dependable experience discerning consumers expect every time. Bananaconda [orig: Snake Cake x Dual OG] is a hybrid that blends ripe banana and creamy sweetness on the inhale, finishing with herbal depth.",,
bedford-club-bk,551600E5ZFTRBJ,551600E5ZFTRBJ,X| Ruby Farms | Lions Mane Mango | Pick me Up | Gummy | 20pk | 100mg,Ruby Farms,edible,3.9 grams,2500,100.0,,sativa,TRUE,https://shop.bedfordclub.com/menu/products/ruby-farms-338873/edibles/x-ruby-farms-lions-mane-mango-pick-me-up-gummy-20pk-100mg-7978779,https://tymber-blaze-products.imgix.net/download---2026-04-24T155319-682-796766f7-96b4-405c-85a6-312a17424ad4.jpeg,2026-05-23T23:11:51.610988+00:00,"“Ruby Farms – Cannabis Infused Vegan Mushroom Gummies “”PICK ME UP”” – Lions Mane Mango Our Vegan Gummies are meticulously created for the health-conscious individual who values convenience and adventure. Each flavor is deliberately crafted, pairing our high-quality ingredients with specific cannabis terpenes to deliver a luxurious and sophisticated taste experience. These artisanal treats are more than just delicious – they’re superfoods, rich in essential vitamins and nutrients. These gummies are a perfect blend of health, flavor, and ethical sourcing, catering to a refined palate while supporting a active lifestyle. Lions Mane Mango: Kickstart your day with a burst of energy and mental clarity with our Lion’s Mane Mango Gummies. The Lions Mane Mushroom has many health benefits from brain function to gut health. Paired with our strain specific Lemon Haze live resin blend oil. Lions Mane is a great go to, for a day packed with activity.” Cannabinoids THC 100mg THC 100mg CBD 200mg THCa 0% CBDa 0% CBG 0% CBN 0% Effects What the dispensary says Suggestions More from Ruby Farms Customer Reviews There are no reviews for this product yet. Be the first to add one! New Window",,
bedford-club-bk,690E511QOB1HFD,690E511QOB1HFD,X| Ruby Farms | Mandarin Rose | Electric Love | Gummy | 20pk | 100mg,Ruby Farms,edible,3.9 grams,2500,100.0,200.0,50/50,TRUE,https://shop.bedfordclub.com/menu/products/ruby-farms-338873/edibles/x-ruby-farms-mandarin-rose-electric-love-gummy-20pk-100mg-7978778,https://tymber-blaze-products.imgix.net/download---2026-04-24T155017-712-c7f9304f-1356-40c3-a185-d0e43796190f.jpeg,2026-05-23T23:11:51.610988+00:00,"Our vibrant all-day edible Mandarin Rose is a nourishing treat that keeps you going. The mandarin orange is packed with Vitamins A, B, and a high level of Vitamin C — which boosts immunity, prevents infections, removes free radicals, and supports skin health (from the inside out). And rose is a wonderful complement as it relieves stress and depression — helping you to stay up and motivated throughout your day. When it comes to the rose flavor in this gummy, we like to think of it as tasting a little bit of love. This gummy is finished by our powerful and balanced Ruby Rose No. 83 Hybrid strain that helps to keep you level and even. The oil in this gummy is our special live resin derived from our fresh-frozen cannabis.",,
bedford-club-bk,C3E0C3GUG3YOW2,C3E0C3GUG3YOW2,X| Ruby Farms | Elderberry Sage | Night Cap | Gummy | 20pk | 100mg,Ruby Farms,edible,3.9 grams,2500,1000.0,200.0,indica,TRUE,https://shop.bedfordclub.com/menu/products/ruby-farms-338873/edibles/x-ruby-farms-elderberry-sage-night-cap-gummy-20pk-100mg-7978777,https://tymber-blaze-products.imgix.net/download---2026-04-24T155211-202-35130681-4786-49c0-b4a0-3359854f9d84.jpeg,2026-05-23T23:11:51.610988+00:00,"Elderberry Sage is the perfect way to reward yourself once you’ve shut the laptop or hung up the hammer for the day. No matter what you do, once work is done and you need to relax — this gummy will help you to let go and unwind. The elderberry is here to help as it has powerful antiviral and anti-inflammatory properties. The sage in this gummy also helps to restore inner peace and provide you with a sense of cleansing calmness. But the star of this gummy is our proprietary and powerful fresh-frozen cannabis derived live resin oil from our strain called Ruby No. 23 Indica. It yields an oil with exceptionally high levels of CBN. This is one of our Alchemists’ crowning achievements as CBN does not naturally occur in high levels. Over generations of breeding and development, our Growers and Alchemists have created a specific and unique strain that gives you the most CBN possible. And CBN is the compound researchers have identified as having sedative properties that help you get great and restorative sleep without the grogginess of mainstream over-prescribed pharmaceuticals.",,
bedford-club-bk,018493LCXPGGQC,018493LCXPGGQC,X| Rove | Purple Punch | Premier Solventless Ice Hash Live Rosin Minibar | 0.5g,ROVE,vaporizers,.5g,6000,77.54,,indica,TRUE,https://shop.bedfordclub.com/menu/products/rove-346802/vape-pens/x-rove-purple-punch-premier-solventless-ice-hash-live-rosin-minibar-05g-7978776,https://tymber-blaze-products.imgix.net/download---2026-04-24T231948-246-0c2a64d2-40a5-4c22-a629-48e41ab8ea36.jpeg,2026-05-23T23:11:51.610988+00:00,"Our Ice Hash Live Rosin delivers the purest and freshest cannabis experience straight from the plant to the consumer. Derived from fresh frozen plants, this solventless process is made with only ice and water. Rosin is as close as you can get to the plant. This full-spectrum process preserves cannabinoids and terpenes with nothing added, giving you the cleanest full flower experience.",,
bedford-club-bk,F92168BVZ0OMEL,F92168BVZ0OMEL,X| Rove | Wedding Cake | Premier Solventless Ice Hash Live Rosin Minibar | 0.5g,ROVE,vaporizers,.5g,6000,80.0,,50/50,TRUE,https://shop.bedfordclub.com/menu/products/rove-346802/vape-pens/x-rove-wedding-cake-premier-solventless-ice-hash-live-rosin-minibar-05g-7978775,https://tymber-blaze-products.imgix.net/download---2026-04-24T231948-246-ef878daa-8046-4d2b-8014-6be7a912ef32.jpeg,2026-05-23T23:11:51.610988+00:00,,,
bedford-club-bk,9BCD67RU0HEYZE,9BCD67RU0HEYZE,X| Rove | Gelonade | Premier Solventless Ice Hash Live Rosin Minibar | 0.5g,ROVE,vaporizers,.5g,6000,76.02,,sativa,TRUE,https://shop.bedfordclub.com/menu/products/rove-346802/vape-pens/x-rove-gelonade-premier-solventless-ice-hash-live-rosin-minibar-05g-7978774,https://tymber-blaze-products.imgix.net/download---2026-04-24T231948-246-35722995-b01e-4184-b465-0f663769a5a3.jpeg,2026-05-23T23:11:51.610988+00:00,,,
bedford-club-bk,4ACFFFFG3OBO8K,4ACFFFFG3OBO8K,X| Rove |  Green Crack | Premier Solventless Ice Hash Live Rosin Minibar | 0.5g,ROVE,vaporizers,.5g,6000,76.03,,sativa,TRUE,https://shop.bedfordclub.com/menu/products/rove-346802/vape-pens/x-rove-green-crack-premier-solventless-ice-hash-live-rosin-minibar-05g-7978773,https://tymber-blaze-products.imgix.net/download---2026-04-24T231948-246-fe9753dc-cc80-46c2-8ff4-0152f7bbcf8f.jpeg,2026-05-23T23:11:51.610988+00:00,,,
bedford-club-bk,EDCC1DW9DMVO7R,EDCC1DW9DMVO7R,X| Rhythm | Cheddar Cheeze | 28g | Flower,Rythm,flower,28.0 grams,20000,25.55,,indica,TRUE,https://shop.bedfordclub.com/menu/products/rythm-694002/flower/x-rhythm-cheddar-cheeze-28g-flower--7978771,https://tymber-blaze-products.imgix.net/download---2026-05-01T024820-677-540168db-b8d5-41d3-a69f-e9af1b8ec0ef.jpeg,2026-05-23T23:11:51.610988+00:00,,,
bedford-club-bk,8B7261J0RL8TAJ,8B7261J0RL8TAJ,X| Revert | Bubba Kush | Infused Ground Flower | 14g,Revert,flower,14.0 grams,7000,30.7,,indica,TRUE,https://shop.bedfordclub.com/menu/products/revert-618385/infused-flower/x-revert-bubba-kush-infused-ground-flower-14g-7978768,https://tymber-blaze-products.imgix.net/download---2026-05-01T025001-685-23192937-529c-486b-9a97-3c2f7714f82d.jpeg,2026-05-23T23:11:51.610988+00:00,"Bubba Kush delivers rich, earthy flavors with hints of sweetness. This kief-infused ground flower offers a calming, relaxing experience and is perfect for easy packing and rolling. Flavors Earthy Spicy/Herbal Woody",,
bedford-club-bk,FE18DEZTPJSXAQ,FE18DEZTPJSXAQ,X| STIIIZY | PREMIUM JACK | All-in-One | 1g,STIIIZY,vaporizers,1g,4500,78.93,0.46,sativa,TRUE,https://shop.bedfordclub.com/menu/products/stiiizy-467963/vape-pens/x-stiiizy-premium-jack-all-in-one-1g-7978793,https://tymber-blaze-products.imgix.net/download---2026-04-25T145038-176-2165486d-2f55-453f-9a54-8d0770d3bf00.jpeg,2026-05-23T23:11:51.610988+00:00,,,
bedford-club-bk,7B64CAPR4WGOKF,7B64CAPR4WGOKF,X| STIIIZY | PINEAPPLE EXPRESS | All-in-One | 1g,STIIIZY,vaporizers,1g,4500,82.56,,hybrid,TRUE,https://shop.bedfordclub.com/menu/products/stiiizy-467963/vape-pens/x-stiiizy-pineapple-express-all-in-one-1g-7978792,https://tymber-blaze-products.imgix.net/download---2026-04-28T154224-492-8e4b634e-9b6f-4d3e-b468-def0794cdb8d.jpeg,2026-05-23T23:11:51.610988+00:00,,,
bedford-club-bk,CD838EL90THJNZ,CD838EL90THJNZ,X| STIIIZY | OG KUSH | All-in-One | 1g,STIIIZY,vaporizers,1g,4500,79.99,,indica,TRUE,https://shop.bedfordclub.com/menu/products/stiiizy-467963/vape-pens/x-stiiizy-og-kush-all-in-one-1g-7978791,https://tymber-blaze-products.imgix.net/download---2026-04-25T150604-971-0ce8a8cb-2347-44bb-a318-e4416301dc6c.jpeg,2026-05-23T23:11:51.610988+00:00,,,
bedford-club-bk,6825A3DSJGZHA9,6825A3DSJGZHA9,X| STIIIZY | NY DIESEL | All-in-One | 1G,BLAZE,vaporizers,1g,4500,79.79,,sativa,TRUE,https://shop.bedfordclub.com/menu/products/blaze-731784/vape-pens/x-stiiizy-ny-diesel-all-in-one-1g-7978790,https://tymber-blaze-products.imgix.net/download---2026-04-27T235133-362-6e160cb5-8e31-4ccb-ac2d-bbf27f0c7b8d.jpeg,2026-05-23T23:11:51.610988+00:00,,,
bedford-club-bk,277A85JQ9FMBZ3,277A85JQ9FMBZ3,X| STIIIZY | BLUE DREAM | All-in-One | 1G,STIIIZY,vaporizers,1g,4500,76.34,,sativa,TRUE,https://shop.bedfordclub.com/menu/products/stiiizy-467963/vape-pens/x-stiiizy-blue-dream-all-in-one-1g-7978788,https://tymber-blaze-products.imgix.net/download---2026-04-28T154548-405-3ef57010-d05d-42c1-bbd5-fd2d3f3401c0.jpeg,2026-05-23T23:11:51.610988+00:00,,,
bedford-club-bk,4751E04CYYMYEI,4751E04CYYMYEI,X| STIIIZY |  BIRTHDAY CAKE | All-in-One | 1g,STIIIZY,vaporizers,1g,4500,80.56,,50/50,TRUE,https://shop.bedfordclub.com/menu/products/stiiizy-467963/vape-pens/x-stiiizy-birthday-cake-all-in-one-1g-7978787,https://tymber-blaze-products.imgix.net/download---2026-04-25T145831-823-a94caf21-7a88-48fd-a83c-f1854103a29b.jpeg,2026-05-23T23:11:51.610988+00:00,"Stiiizy - Birthday Cake - Disposable Vape - 1g Hybrid | 1 Gram | Ready-to-Use Premium Vape Indulge in sweet satisfaction with the Stiiizy Birthday Cake Disposable Vape, a hybrid strain that delivers a balanced high and rich, dessert-like flavor. This 1g disposable is pre-filled and ready to go—perfect for effortless use at home or on the move. Featuring Birthday Cake, a deliciously potent hybrid, this vape offers the best of both worlds: relaxing body effects paired with an uplifting, happy head high. Expect smooth pulls, flavorful clouds, and a calming finish that’s ideal for winding down without feeling too sedated. Why You’ll Love It: Premium hybrid strain for a well-rounded high Sweet vanilla cake and earthy undertones Discreet, portable, and easy to use No charging required—just inhale and enjoy Contains 1 gram of high-quality cannabis oil Crafted for both new users and seasoned vape fans, Stiiizy's Birthday Cake is a flavorful, satisfying way to enjoy cannabis with zero hassle. Available at Cannabis Realm of NY – Hudson Valley’s Trusted Dispensary Shop premium THC vapes like Stiiizy, top-quality hybrid strains, and more at Cannabis Realm of NY. Visit our Hudson Valley dispensary or order online for quick pickup. Cannabis Realm of NY – Discover flavor, convenience, and quality in every puff.",,
bedford-club-bk,061CB2E95MZE8Z,061CB2E95MZE8Z,X| STIIIZY | APPLE FRITTER | All-in-One | 1g,STIIIZY,vaporizers,1g,4500,71.65,,50/50,TRUE,https://shop.bedfordclub.com/menu/products/stiiizy-467963/vape-pens/x-stiiizy-apple-fritter-all-in-one-1g-7978786,https://tymber-blaze-products.imgix.net/download---2026-04-25T145257-614-d36c32eb-70e3-4d1e-965d-0e7f50cf4d7e.jpeg,2026-05-23T23:11:51.610988+00:00,,,
bedford-club-bk,2DA887ER1JSDBS,2DA887ER1JSDBS,X| Rythm | Hash Queen | 28g | Flower,Rythm,flower,28.0 grams,20000,21.24,,sativa,TRUE,https://shop.bedfordclub.com/menu/products/rythm-694002/flower/x-rythm-hash-queen-28g-flower-7978784,https://tymber-blaze-products.imgix.net/download---2026-05-01T024551-074-c85404c9-f914-424a-b230-8e44cc08d5e5.jpeg,2026-05-23T23:11:51.610988+00:00,,,
bedford-club-bk,9A5BBDML7ZXIOS,9A5BBDML7ZXIOS,X| Rythm | Dulce de Uva | Flower |  3.5g,Rythm,flower,1/8 oz,5500,33.58,,indica,TRUE,https://shop.bedfordclub.com/menu/products/rythm-694002/flower/x-rythm-dulce-de-uva-flower-35g--7978783,https://tymber-blaze-products.imgix.net/download---2026-04-30T013403-045-20c8e55a-eb9c-4dce-ad60-31ac38a69448.jpeg,2026-05-23T23:11:51.610988+00:00,"RYTHM Dulce De Uva is a premium hybrid weed strain that delivers exceptional flavor and balanced effects through expertly cultivated cannabis flower. This 3.5g dulce de uva strain is made from a genetic cross between Grape Pie and OG Kush, offering cannabis enthusiasts a distinctive rythm dulce de uva experience. This strain has a sweet and fruity flavor that resembles grape candy with a hint of vanilla, creating an indulgent sensory experience that defines premium cannabis cultivation. Dulce De Uva Strain Effects and Experience The dulce de uva strain effects include happiness, relaxation, and gigglyness that make it perfect for social situations and stress relief. This dulce de uva rhythm delivers balanced hybrid characteristics that provide both mental uplift and physical comfort. The dulce de uva strain review feedback consistently highlights its effectiveness for mood enhancement and gentle relaxation that appeals to both recreational and medical users. Is Dulce De Uva Indica or Sativa? Dulce de uva strain indica or sativa classification reveals this strain as a balanced hybrid that combines the best characteristics of both genetic types. The hybrid nature provides versatile effects that appeal to users seeking both relaxation and happiness without overwhelming sedation. This balanced profile makes the dulce de uva weed strain suitable for various consumption preferences throughout the day. Premium Genetics and Breeding The dulce de uva strain genetics feature exceptional breeding from Bloom Seed Co, combining Grape Pie and OG Kush to create unique characteristics. This dulce de uva genetics combination produces the distinctive grape candy flavor profile and balanced effects that set this strain apart. The careful breeding ensures consistent quality and distinctive characteristics in every batch. Grape Candy Flavor Profile This dulce de uva cannabis strain features flavors like grape, sweet, and vanilla that create an authentic candy-like experience. The sweet and fruity flavor resembles grape candy with a hint of vanilla, making each session enjoyable and memorable. The distinctive flavor profile makes this dulce de uva weed instantly recognizable among fruit-forward cannabis varieties. Medical Benefits and Therapeutic Applications Medical marijuana patients often choose this dulce de uva strain when dealing with symptoms associated with anxiety, stress, and depression. The therapeutic benefits make this dulce de uva flower popular among medical users seeking mood enhancement and stress relief. The balanced effects provide comprehensive wellness benefits while maintaining enjoyable recreational characteristics. Terpene Profile and Characteristics The dominant terpene of this strain is myrcene, which contributes to both the relaxing effects and the sweet flavor profile. The dulce de uva strain terpenes work synergistically to create the entourage effect that enhances both flavor and therapeutic benefits. This terpene profile ensures consistent effects and authentic grape characteristics. RYTHM Quality Standards As part of the RYTHM cultivation lineup, this dulce de uva strain rythm represents premium quality standards and expert growing techniques. The dulce de uva rythm designation ensures consistent potency, flavor, and effects that users can depend on. The brand's commitment to excellence reflects in every aspect of cultivation and processing. Balanced Hybrid Benefits The combination of happiness, relaxation, and gigglyness creates versatile effects suitable for various activities and social situations. The balanced nature makes it appealing to users seeking mood enhancement without heavy sedation. This makes the strain perfect for evening relaxation or social gatherings. 3.5g Premium Format The 3.5g format provides excellent value while showcasing the premium flower quality that RYTHM is known for. This size allows users to experience the full spectrum of the strain's grape candy flavors and balanced effects while maintaining optimal freshness and potency. Available at SilverLeaf Dispensary, experience why RYTHM Dulce De Uva has become a sought-after choice among cannabis enthusiasts seeking premium hybrid flower with authentic grape candy flavors, balanced mood-enhancing effects, and the exceptional cultivation quality that defines RYTHM's commitment to cannabis excellence.",,
bedford-club-bk,2FB20ACDAHMFPY,2FB20ACDAHMFPY,X| Rythm | Dulce De Uva Solventless | Live Rosin | 1g,Rythm,concentrate,1g,7500,71.81,,indica,TRUE,https://shop.bedfordclub.com/menu/products/rythm-694002/concentrates/x-rythm-dulce-de-uva-solventless-live-rosin-1g--7978782,https://tymber-blaze-products.imgix.net/download---2026-04-29T131239-955-396a6cdc-259d-4e5b-827d-e6c614f0110f.jpeg,2026-05-23T23:11:51.610988+00:00,"Contents: Live Rosin Tier 2 Concentrate - (1.0g) Flavor: Sweet, Grape Notes, Citrus, Vanilla, Nutty Cookie, Earthy Undertones Extraction Method: Solventless Ingredients: Solventless Extracted Cannabis Concentrate Rythm’s Dulce De Uva Live Rosin Concentrate is a premium, solventless extract crafted to deliver pure grape-forward flavor and potent hybrid effects. This concentrate is bred from Ice Cream Cake × (Grape Pie × Wedding Crasher), a resin-heavy lineage that produces dense trichome coverage ideal for rosin pressing. The aroma and flavor profile live up to the name “Dulce De Uva” (Spanish for “grape candy”), dominated by sweet grape notes, accented by citrus, vanilla, nutty cookie, and earthy undertones. The effects as balanced and versatile: a euphoric cerebral uplift paired with calming body relaxation, making it suitable for both daytime creativity and evening unwinding.",,
bedford-club-bk,439F2CLZV0JCYS,439F2CLZV0JCYS,X| Ravens View Genetics | Sativa Variety Pack | Pre Roll | 5pk | 6g,Ravens View Genetics,preroll,3.0 grams,4600,17.27,,sativa,TRUE,https://shop.bedfordclub.com/menu/products/ravens-view-genetics-349854/preroll/x-ravens-view-genetics-sativa-variety-pack-pre-roll-5pk-6g--7978810,https://tymber-blaze-products.imgix.net/download---2026-04-29T234513-720-1f67f64d-9c49-4a90-86c9-49a350497496.jpeg,2026-05-23T23:11:51.610988+00:00,"Everyone has a favorite. Our variety pack is the perfect solution for those seeking to try different strains and discover their personal preferences. And now, we're excited to introduce individual pre-rolls in each of our signature strains, further enhancing the experience. Whether you prefer the uplifting effects of our Orange Cream Pop, the relaxing vibes of our Lemon Pines , or the balanced blend of our Jelly Donutz we have you covered. With our diverse selection, you can indulge in the distinct characteristics and flavors of each strain, making every session a unique and enjoyable journey. Five .6g Pre-Rolls | Sativa | Orange Cream Pop x Squirt x Sharpie x Lemon Pines x Jelly Donutz Cannabis flower is the smokable, trichome-covered part of a female cannabis plant. Pre-rolls are cannabis joints that have been rolled ahead of time for you.",,
bedford-club-bk,F404AEASKFSJKH,F404AEASKFSJKH,X| STIIIZY | SOUR DIESEL | All-in-One | 0.5G,BLAZE,vaporizers,1.0 grams,2700,80.81,0.51,sativa,TRUE,https://shop.bedfordclub.com/menu/products/blaze-731784/vape-pens/x-stiiizy-sour-diesel-all-in-one-05g-7978802,https://tymber-blaze-products.imgix.net/download---2026-04-27T235657-163-cba2d510-c41b-4939-8684-a8e7eecb2e44.jpeg,2026-05-23T23:11:51.610988+00:00,,,
bedford-club-bk,5892F89VUEVDJJ,5892F89VUEVDJJ,X| STIIIZY | PREMIUM JACK | All-in-One | 0.5G,STIIIZY,vaporizers,1.0 grams,2700,80.49,,sativa,TRUE,https://shop.bedfordclub.com/menu/products/stiiizy-467963/vape-pens/x-stiiizy-premium-jack-all-in-one-05g-7978801,https://tymber-blaze-products.imgix.net/download---2026-04-28T000112-589-eadffeea-ed2d-4611-9fd2-cb09a3606dbb.jpeg,2026-05-23T23:11:51.610988+00:00,,,
bedford-club-bk,C5C128MB2KJHJJ,C5C128MB2KJHJJ,X| STIIIZY | ORANGE SUNSET | All-in-One | 0.5G,STIIIZY,vaporizers,1.0 grams,2700,81.31,0.48,sativa,TRUE,https://shop.bedfordclub.com/menu/products/stiiizy-467963/vape-pens/x-stiiizy-orange-sunset-all-in-one-05g-7978800,https://tymber-blaze-products.imgix.net/download---2026-04-27T235258-646-c186e41e-1dc9-4239-ae51-66da484c90f4.jpeg,2026-05-23T23:11:51.610988+00:00,,,
bedford-club-bk,587BB4W4HGV8JP,587BB4W4HGV8JP,X| STIIIZY | BLUE DREAM | All-in-One | 0.5G,STIIIZY,vaporizers,1.0 grams,2700,84.46,,indica,TRUE,https://shop.bedfordclub.com/menu/products/stiiizy-467963/vape-pens/x-stiiizy-blue-dream-all-in-one-05g-7978798,https://tymber-blaze-products.imgix.net/download---2026-04-27T235657-163-71d9c821-506e-4674-856a-c38cf39e717a.jpeg,2026-05-23T23:11:51.610988+00:00,,,
bedford-club-bk,9BF2249PJ7EJMF,9BF2249PJ7EJMF,X| STIIIZY | BIRTHDAY CAKE | All-in-One | 0.5G,STIIIZY,vaporizers,1.0 grams,2700,81.7,,50/50,TRUE,https://shop.bedfordclub.com/menu/products/stiiizy-467963/vape-pens/x-stiiizy-birthday-cake-all-in-one-05g-7978797,https://tymber-blaze-products.imgix.net/download---2026-04-28T000534-131-95176f1e-5e5a-46c4-8179-08c45e3719e4.jpeg,2026-05-23T23:11:51.610988+00:00,,,
bedford-club-bk,03E969RLXBV1NP,03E969RLXBV1NP,X| PAX | Super Lemon Haze | High Purity | All-in-One | 1g,PAX,vaporizers,2.0 grams,5500,80.0,,sativa,TRUE,https://shop.bedfordclub.com/menu/products/pax-554746/vape-pens/x-pax-super-lemon-haze-high-purity-all-in-one-1g-7978817,https://tymber-blaze-products.imgix.net/download---2026-04-28T142328-480-d247e213-3e3a-4943-9711-9a45c3b7fe78.jpeg,2026-05-23T23:11:51.610988+00:00,"Super Lemon Haze is a lively sativa with crisp pine and citrus flavor and aroma. It delivers an energizing, inspired high, perfect for sparking creativity and powering through your day with a smile. Flavors Lemon Citrus Pine",,
bedford-club-bk,4563B0TXADENDB,4563B0TXADENDB,X| Ravens View Genetics |  Squirt | 3.5g,Ravens View Genetics,flower,1/8 oz,4800,18.32,,sativa,TRUE,https://shop.bedfordclub.com/menu/products/ravens-view-genetics-349854/flower/x-ravens-view-genetics-squirt-35g-7978814,https://tymber-blaze-products.imgix.net/download---2026-05-07T130653-498-82053c04-02e9-40e5-81a0-8012862a2628.jpeg,2026-05-23T23:11:51.610988+00:00,"Ravens View Genetics – Squirt Flower (3.5g) Enjoy bright citrus flavor and uplifting effects with Squirt Flower (3.5g) from Ravens View Genetics, available at Cannabis Realm. This vibrant sativa-leaning strain is known for its refreshing grapefruit-like terpene profile and energetic, mood-boosting experience—making it a great choice for daytime sessions. Product Details Product Type: Cannabis Flower Strain: Squirt Brand: Ravens View Genetics Weight: 3.5 grams (? oz) Category: Sativa Flavor & Aroma Squirt delivers a sweet and tart citrus flavor, often described as reminiscent of fresh grapefruit with subtle tropical sweetness. Its aromatic terpene profile produces a bright, fruity scent that stands out among citrus-forward cannabis strains. Effects & Experience This strain is popular for its energetic and uplifting effects, helping promote focus, creativity, and a positive mood. Many consumers enjoy Squirt when working on projects, staying active, or socializing with friends thanks to its motivating and functional high.",,
bedford-club-bk,B1D385G8WR38HK,B1D385G8WR38HK,X| Ravens View Genetics | Squirt | 1g,Ravens View Genetics,preroll,1g,1000,14.28,,sativa,TRUE,https://shop.bedfordclub.com/menu/products/ravens-view-genetics-349854/preroll/x-ravens-view-genetics-squirt-1g-7978813,https://tymber-blaze-products.imgix.net/download---2026-05-05T190015-006-ac05af50-17c1-44cb-a3c5-e25966315714-800x800-9d708cba-4810-44d9-88ae-f6888c7693de.jpeg,2026-05-23T23:11:51.610988+00:00,"The Squirt 1G Pre-roll by Ravens View Genetics is a sativa-leaning offering known for its vibrant citrus profile and functional, energizing effects. Grown in Delhi, New York, this strain is part of their lineup focusing on heirloom and landrace genetics to achieve high terpene expression. Strain Overview Type: Sativa. Lineage: A cross between Blueberry Muffin and Tangie. Flavor & Aroma: Delivers a sweet and tart grapefruit taste with subtle tropical sweetness, reminiscent of the Squirt soft drink. Vibe: Functional, energetic, and euphoric. It is highly recommended for daytime activities, creativity, and social interaction",,
bedford-club-bk,1FF05EJXQFFAPV,1FF05EJXQFFAPV,X| MFNY | Sour Diesel | Live Resin 510 Cart | .5g,MFNY,vaporizers,.5g,4500,74.39,0.13,sativa,TRUE,https://shop.bedfordclub.com/menu/products/mfny-337200/vape-pens/x-mfny-sour-diesel-live-resin-510-cart-5g-7978811,https://tymber-blaze-products.imgix.net/download---2026-04-28T181458-865-5ffcf735-c9ab-4932-a258-de4c122ae0e7.jpeg,2026-05-23T23:11:51.610988+00:00,"MFNY Classics are writing a new chapter in the history of cannabis, paying homage to the cultivars that shaped modern cannabis and the highs they first brought us. Rather than simply reviving names, we work with restored heirloom genetics, cultivated with intention and precision in conditions optimized to the plant’s needs, preserving and showcasing these important cultivars as they were meant to be experienced and bringing their legendary, full-of-life flavors and effects to a new generation of New Yorkers. The MFNY live resin vape cart has a terpene-rich profile of our single-source, in-house produced Sour Diesel real live resin. We start with fresh-frozen flower buds, then use the hydrocarbon extraction method (plus years of experience and scientific precision) to deliver the purest plant extract. An extract that showcases the cultivar's naturally produced full-spectrum cannabinoids and remarkable natural terpenes. Upon the first inhale of MFNY’s Sour Diesel, your pallet will be met with a deep diesel fuel and skunk that eventually gives way to a sour cream exhale; known to promote an focused head high with long-lasting, invigorating cerebral effects that spread to your whole body. No distillates, added flavors, or alterations. Comes in a 510 Cart with recommended battery settings 2.8 - 3.3V. Do not vaporize live resin at higher temperatures, as it can “burn off” the precious terpenes and aromas we are working hard to preserve; higher temps can also cause an undesirable “burnt” aftertaste. Vape cartridge contains concentrated live resin oil that is heated by a battery and vaporized for inhalation. These products are very potent and are designed to be consumed in 2-3 second puffs.",,
bedford-club-bk,F9BDB7HJ6CILHC,F9BDB7HJ6CILHC,X| WYLD | Marionberry  Gummies | 10ct,WYLD,edible,40.0 milligrams,2400,100.0,,indica,TRUE,https://shop.bedfordclub.com/menu/products/wyld-378907/edibles/x-wyld-marionberry-gummies-10ct-7978831,https://tymber-blaze-products.imgix.net/download---2026-04-22T170352-713-abea4e54-cba4-44e6-89e9-3a60b13606b5.jpeg,2026-05-23T23:11:51.610988+00:00,"WYLD's 100mg Marionberry Indica Enhanced Gummies are made with real fruit and are Indica enhanced which makes them a great addition to the end of any long day. Whether eaten around a campfire or in the comfort of your own home, these gummies are great for unwinding. Ingredients: Tapioca Syrup, Sugar, Water (H20), Marionberry Juice Concentrate, Gelatin, Natural Flavoring, Coconut Oil, Citric Acid, Cannabis Extract, Sunflower Lecithin.Contains: Coconut. 10mg THC per gummy, 10 gummies per package = 100mg THC per package.",,
bedford-club-bk,5C9F498JXUDV95,5C9F498JXUDV95,X| WYLD | Kiwi | Gummies | 10ct,WYLD,edible,40.0 milligrams,2800,100.0,,sativa,TRUE,https://shop.bedfordclub.com/menu/products/wyld-378907/edibles/x-wyld-kiwi-gummies-10ct-7978830,https://tymber-blaze-products.imgix.net/download---2026-04-22T170303-479-b1c947c9-efdd-493a-b1fa-a511fdab5c3d.jpeg,2026-05-23T23:11:51.610988+00:00,"Our Kiwi gummies are tailor-made with real fruit and THCv to unlock your next level. With a 1 to 1 blend of THC and THCv, these uplifting gummies open up a Sativa experience that brings a boost of energy and focus to the typical THC high. Feeling Fuzzy? Time for Wyld's Kiwi gummies.",,
bedford-club-bk,A0A278EQINOVZ4,A0A278EQINOVZ4,X| WYLD | Huckleberry | Gummies | 10ct,WYLD,edible,40.0 milligrams,2200,100.0,,50/50,TRUE,https://shop.bedfordclub.com/menu/products/wyld-378907/edibles/x-wyld-huckleberry-gummies-10ct-7978829,https://tymber-blaze-products.imgix.net/download---2026-04-22T170044-883-376a29f1-7565-44f2-b4cd-2d8cab357f9b.jpeg,2026-05-23T23:11:51.610988+00:00,Our Huckleberry Hybrid gummies are made with real fruit and enhanced with a balanced hybrid terpene profile that may assist in creating a sense of cheerfulness and overall well being. Ideal for your day-to-day adventures!,,
bedford-club-bk,DEEF3CIRO4FOKV,DEEF3CIRO4FOKV,X| WYLD | Grapefruit | Gummies | 10ct,WYLD,edible,40.0 milligrams,2800,100.0,,sativa,TRUE,https://shop.bedfordclub.com/menu/products/wyld-378907/edibles/x-wyld-grapefruit-gummies-10ct-7978828,https://tymber-blaze-products.imgix.net/download---2026-04-22T170004-338-aa564aef-1360-4ddb-adf4-57c983e13e0a.jpeg,2026-05-23T23:11:51.610988+00:00,"Heighten every experience with Wyld Grapefruit gummies. Tailor-made with THC, CBG, and CBC, these real fruit gummies provide a clear-headed, energizing high. --- Uplifting | Revive --- 100mg THC:100mg CBG:100mg CBC per pkg, 10mg THC:10mg CBG:10mg CBC per gummy",,
bedford-club-bk,9837BCPPB82O9B,9837BCPPB82O9B,X| WYLD | Elderberry | Gummies | 10ct,WYLD,edible,40.0 milligrams,2800,100.0,,indica,TRUE,https://shop.bedfordclub.com/menu/products/wyld-378907/edibles/x-wyld-elderberry-gummies-10ct-7978827,https://tymber-blaze-products.imgix.net/download---2026-04-22T165859-000-3bbd78ba-f2b3-48e1-ac47-979abc9c425e.jpeg,2026-05-23T23:11:51.610988+00:00,"CBG: 0.09mg/g | CBN: 50mg | THC: 100mg | THC9: 2.69mg/g -- Wyld's Elderberry THC:CBN gummies have been designed specifically with sleep in mind. The sedating effects of CBN in combination with THC alongside terpenes found in Indica strains may provide greater sedation than THC alone. This combination may be particularly useful when preparing for sleep. It's a little like watching sheep count you. -- Ingredients: Sugar, Tapioca Syrup, Water, Elderberry Juice Concentrate, Gelatin, Natural Flavoring, Coconut Oil, Citric Acid, Malic Acid, Pectin (Pectin, Sodium Citrate), Cannabis Extract, Hemp Extract, Sunflower Lecithin -- Contains: Coconut -- Each gummy contains: 10mg THC/5mg CBN -- Each packet contains 10 gummies",,
bedford-club-bk,B820A6MLRYHAQD,B820A6MLRYHAQD,X| WYLD | Boysenberry | Gummies | 10ct,WYLD,edible,40.0 milligrams,2800,100.0,100.0,indica,TRUE,https://shop.bedfordclub.com/menu/products/wyld-378907/edibles/x-wyld-boysenberry-gummies-10ct-7978826,https://tymber-blaze-products.imgix.net/download---2026-04-22T165642-762-42071fad-1a66-422c-bdb9-4aa0105ad953.jpeg,2026-05-23T23:11:51.610988+00:00,"This gummy pairs THC with CBD, CBN, and our Indica botanical terpene blend for a dreamy experience. CBD and CBN combined with THC supports your sleep with deeply relaxing and sedating effects. 10mg THC:10mg:CBD:10mg CBN per gummy",,
bedford-club-bk,A8FE48WXGRYGA1,A8FE48WXGRYGA1,X| WYLD | Blood Orange | Gummies | 10ct,WYLD,edible,40.0 milligrams,2800,100.0,,sativa,TRUE,https://shop.bedfordclub.com/menu/products/wyld-378907/edibles/x-wyld-blood-orange-gummies-10ct-7978825,https://tymber-blaze-products.imgix.net/download---2026-04-22T165549-867-2ad418a9-9481-4e3a-bafe-15ec86e2a537.jpeg,2026-05-23T23:11:51.610988+00:00,"Our Blood Orange CBC gummies are made with real fruit and a Sativa enhanced botanical terpene blend, making them a great addition to a day out and about. Whether eaten for a creative boost, or prepping for a dance party, these gummies are great for carefree adventures.",,
bedford-club-bk,71E8E00FMNQ2WO,71E8E00FMNQ2WO,X| Doobie Labs | Venom Runts | Flower | 3.5,1OFF,flower,1/8 oz,5200,31.32,,indica,TRUE,https://shop.bedfordclub.com/menu/products/1off-731765/flower/x-doobie-labs-venom-runts-flower-35--7978824,https://tymber-blaze-products.imgix.net/download---2026-04-30T013534-652-bdbc879b-ee3d-43d4-be92-ca02b991a883.jpeg,2026-05-23T23:11:51.610988+00:00,"Step into the shadowy embrace of Venom Runtz, a potent indica-dominant hybrid with a deep, fruity aroma and earthy hints. Its dense, trichome-coated buds set the stage for a profound relaxation that melts away stress. Perfect for unwinding after a long day, Venom Runtz soothes the body and calms the mind, offering a tranquil escape to serenity.",,
bedford-club-bk,DB5F7AM72V8SKS,DB5F7AM72V8SKS,X| The Drop | Kush Cake | 3.5g,The Drop,flower,1/8 oz,5100,34.82,,indica,TRUE,https://shop.bedfordclub.com/menu/products/the-drop-671602/flower/x-the-drop-kush-cake-35g-7978822,https://tymber-blaze-products.imgix.net/IMG_5709-51255295-174c-4fcb-ba88-2865660a90ba.jpg,2026-05-23T23:11:51.610988+00:00,"STRAIN: Kush Cake (INDICA) 35%THC LINEAGE: Cherry Pie x Girl Scout Cookies MAJOR TERPS: Limonene Caryophyllene Linalool humulene DESCRIPTION Open the windows – loud gas with subtle cherry notes. A steady wave into a euphoric headspace and a relaxed, warm body buzz. P.S. Enjoy the ride – or lean into it, but keep the couch close",,
bedford-club-bk,4D9458QO6HERU0,4D9458QO6HERU0,X| MFNY | The Belafonte Live Resin Tincture | 15mL,MFNY,tinctures,15.0 grams,4800,400.35,1.22,,TRUE,https://shop.bedfordclub.com/menu/products/mfny-337200/tinctures/x-mfny-the-belafonte-live-resin-tincture-15ml-7978820,https://tymber-blaze-products.imgix.net/download---2026-04-21T131358-290-6b44289c-63de-49d8-8c02-9976ad1eef45.jpeg,2026-05-23T23:11:51.610988+00:00,,,
bedford-club-bk,77C09BRTN7I0VF,77C09BRTN7I0VF,X| MFNY | The Belafonte | Live Resin 510 Cart | 5g,MFNY,vaporizers,.5g,4500,69.5,0.18,sativa,TRUE,https://shop.bedfordclub.com/menu/products/mfny-337200/vape-pens/x-mfny-the-belafonte-live-resin-510-cart-5g-7978819,https://tymber-blaze-products.imgix.net/download---2026-04-28T181904-530-68bd695a-c4b3-4f9d-9913-06ebad03473a.jpeg,2026-05-23T23:11:51.610988+00:00,,,
bedford-club-bk,0B1F90KIYRKUHB,0B1F90KIYRKUHB,X| Woodstock | Dream Cookies | 2pk | Prerolls | 1g | 0.5g,Woodstock,preroll,1.0 grams,1200,19.48,,hybrid,TRUE,https://shop.bedfordclub.com/menu/products/woodstock-539034/preroll/x-woodstock-dream-cookies-2pk-prerolls-1g-05g-7978846,https://tymber-blaze-products.imgix.net/download---2026-04-29T232115-686-ac379d16-1b76-436c-9b01-67ad5c6a99bc.jpeg,2026-05-23T23:11:51.610988+00:00,,,
bedford-club-bk,0639A4PWDRC1PD,0639A4PWDRC1PD,X| MFNY  | White Fire | Live Resin Vape | All-in-One |  0.5g,MFNY,vaporizers,.5g,4800,,,sativa,TRUE,https://shop.bedfordclub.com/menu/products/mfny-337200/vape-pens/x-mfny-white-fire-live-resin-vape-all-in-one-05g-7978845,https://tymber-blaze-products.imgix.net/download---2026-04-28T163304-304-05f4dccc-532f-491d-80a4-4bcde3fee051.jpeg,2026-05-23T23:11:51.610988+00:00,,,
bedford-club-bk,449699HCF63NTJ,449699HCF63NTJ,X| MFNY | White Fire OG | Live Resin 510 Cart | .5g,MFNY,vaporizers,.5g,4500,75.95,0.14,sativa,TRUE,https://shop.bedfordclub.com/menu/products/mfny-337200/vape-pens/x-mfny-white-fire-og-live-resin-510-cart-5g-7978844,https://tymber-blaze-products.imgix.net/download---2026-04-28T163811-100-fbfd023e-1ae7-4e49-9e3b-88470734c795.jpeg,2026-05-23T23:11:51.610988+00:00,,,
bedford-club-bk,BBD480YXZ3XTQO,BBD480YXZ3XTQO,X| Weekender | DREAM | Daryl Strawberry | 7pk | Pre Roll | 3.5g,Weekenders,preroll,1/8 oz,4400,22.44,,indica,TRUE,https://shop.bedfordclub.com/menu/products/weekenders-650792/preroll/x-weekender-dream-daryl-strawberry-7pk-pre-roll-35g-7978842,https://tymber-blaze-products.imgix.net/download---2026-04-29T231056-398-94122be7-d6ce-4856-94c9-58783ad10be3.jpeg,2026-05-23T23:11:51.610988+00:00,,,
bedford-club-bk,D60BC7YBRM3TKR,D60BC7YBRM3TKR,X| Weekender | LIFT | Durban Poison X Triangle Kush | 7pk | Pre Roll | 3.5g,Weekenders,preroll,1/8 oz,4400,24.0,,sativa,TRUE,https://shop.bedfordclub.com/menu/products/weekenders-650792/preroll/x-weekender-lift-durban-poison-x-triangle-kush-7pk-pre-roll-35g-7978841,https://tymber-blaze-products.imgix.net/download---2026-04-29T230607-165-a33472d2-4493-423e-9f69-4932ea84429c.jpeg,2026-05-23T23:11:51.610988+00:00,"LIFT brings that energetic, get out and seize the day high. To achieve that we present Durban Poison, a sativa dominant strain that is a cross of Durban Poison and Triangle Kush. The effects include feelings of happiness, euphoria and focus. Durban Poison is a landrace cultivar that is native to South Africa's emerald triangle. Sweet, piney, with hints of licorice and a citrusy aftertaste. It's a delightful and uplifting effects make it the ideal choice for those in need of a boost. Weekenders cannabis is expertly crafted so you can be high in society. We believe that enhancement wins over intoxication. It’s not just about getting high. It’s about getting the right kind of high. A high that makes you feel better than you did before, no matter who you are or what you love."" OUR CULTIVATOR Weekenders cannabis comes from cultivator Burning Bush, a veteran-owned company based in the Hudson Valley, who honor a legacy of working with nature to create the finest cannabis flower possible. The focus of the farm is sun-grown, small-batch organic cannabis. TERPENES AND THE TERROIR Terpenes are the natural components that give cannabis its smell and taste and nothing produces better terpenes than sun-grown flower. The soil, the topography and the climate in which our flower is grown come together to produce cannabis of the highest quality. NO SYNTHETIC FERTILIZERS OR CHEMICALS The farm uses organic and sustainable practices and spring fed streams to grow their cannabis. They nurture the soil, and the soil in turn feeds the plants, resulting in flower rich in cannabinoids which deliver the full entourage effect",,
bedford-club-bk,5C9EBAQWYI4BOL,5C9EBAQWYI4BOL,X| Weekender | DREAM |  GMO | Pre Roll | 1g,Weekenders,preroll,1g,1500,22.0,,indica,TRUE,https://shop.bedfordclub.com/menu/products/weekenders-650792/preroll/x-weekender-dream-gmo-pre-roll-1g-7978840,https://tymber-blaze-products.imgix.net/download---2026-04-29T232816-309-010844e7-fe19-440f-9261-714cdcc4c3a3.jpeg,2026-05-23T23:11:51.610988+00:00,"Weekenders Dream GMO 1g is an indica single preroll built for deep relaxation, typically testing around 22% THC and using GMO genetics for a heavy, end-of-day high. Retail descriptions highlight a minty flavor layered with sour lemon-lime and creamy, herbal sage notes, leading into a calm, tranquil body melt that eases stress and settles you down without feeling chaotic or racy. As part of the “Dream” line, it’s positioned as the nightcap option in the Weekenders family—best for unwinding, movies, and sleep rather than daytime function.",,
bedford-club-bk,420712WJH6ETDN,420712WJH6ETDN,X| Pearls | Watermelon THC | Gummies,Grön Edibles,edible,35.0 milligrams,2200,100.0,,indica,TRUE,https://shop.bedfordclub.com/menu/products/grn-edibles-394150/edibles/x-pearls-watermelon-thc-gummies--7978839,https://tymber-blaze-products.imgix.net/download---2026-04-23T165306-346-b0fd9605-68b3-45fd-a594-1e35b1ca2c3a.jpeg,2026-05-23T23:11:51.610988+00:00,"Take a bite of mellow melon with our Watermelon Pearls. Infused with THC, they're like a warm summer day and a nice cool breeze all in one.",,
bedford-club-bk,FAF57AECRGMQBJ,FAF57AECRGMQBJ,X| WYLD | Strawberry | Gummies | 10ct,WYLD,edible,40.0 milligrams,2400,100.0,,50/50,TRUE,https://shop.bedfordclub.com/menu/products/wyld-378907/edibles/x-wyld-strawberry-gummies-10ct-7978838,https://tymber-blaze-products.imgix.net/download---2026-05-03T215310-267-8b704180-55ff-456f-a5a7-e2a3e78fba5b.jpeg,2026-05-23T23:11:51.610988+00:00,"Our Strawberry 20:1 CBD:THC gummies are made with real fruit, a Hybrid terpene blend, and enhanced with cannabis-derived CBD oil. Perfect for relaxing your body while keeping your mind sharp and alert. They are the go-to gummy if you are looking to decompress or take the edge off.",,
bedford-club-bk,37CD3FA21C9EE2,37CD3FA21C9EE2,X| WYLD | Sour Tangerine | Gummies | 10ct,WYLD,edible,40.0 milligrams,2400,100.0,,50/50,TRUE,https://shop.bedfordclub.com/menu/products/wyld-378907/edibles/x-wyld-sour-tangerine-gummies-10ct-7978837,https://tymber-blaze-products.imgix.net/download---2026-04-22T171710-975-336de1a4-44c9-4495-9406-584d5484d5a7.jpeg,2026-05-23T23:11:51.610988+00:00,"Sweet, Sour, Delicious! Wyld Sour Tangerine gummies are infused with THC and Hybrid terpenes to create a refreshing, playful high. Time for laughter! --- Balanced | Playful",,
bedford-club-bk,AA225BHSSMQFLF,AA225BHSSMQFLF,X| WYLD | Sour Apple | Gummies | 10ct,WYLD,edible,40.0 milligrams,2400,100.0,,sativa,TRUE,https://shop.bedfordclub.com/menu/products/wyld-378907/edibles/x-wyld-sour-apple-gummies-10ct-7978836,https://tymber-blaze-products.imgix.net/download---2026-04-22T171409-385-8881c50d-7422-4fbd-9e85-f662c81237ff.jpeg,2026-05-23T23:11:51.610988+00:00,"Wyld's Sour Apple Sativa Enhanced gummies are made with real fruit and enhanced with botanical terpenes that assist in creating both euphoric and energizing experiences, with a tart, punchy twist! It's a little like sparklers on a summer night.",,
bedford-club-bk,FC8DF6PRMNMUS9,FC8DF6PRMNMUS9,X| WYLD | Raspberry Gummies | 10ct,WYLD,edible,40.0 milligrams,2400,100.0,,sativa,TRUE,https://shop.bedfordclub.com/menu/products/wyld-378907/edibles/x-wyld-raspberry-gummies-10ct-7978835,https://tymber-blaze-products.imgix.net/download---2026-04-22T171336-337-d8b2786a-f263-4ba7-a339-27ba1f8a7188.jpeg,2026-05-23T23:11:51.610988+00:00,"This gummy pairs THC with our sativa botanical terpene blend for an uplifting and active experience. Cerebral and euphoric, our Raspberry gummy lifts you into a Wyld state of mind. 10mg THC per gummy Sativa Enhanced | Active",,
bedford-club-bk,FC3626YWPHGKG3,FC3626YWPHGKG3,X| WYLD | Pomegranate | Gummies | 10ct,WYLD,edible,40.0 milligrams,2800,100.0,,50/50,TRUE,https://shop.bedfordclub.com/menu/products/wyld-378907/edibles/x-wyld-pomegranate-gummies-10ct-7978834,https://tymber-blaze-products.imgix.net/download---2026-04-22T171113-458-4fd367e1-bff7-40f9-94d2-6ec42c1f42d8.jpeg,2026-05-23T23:11:51.610988+00:00,"Wyld is a household edible name for a reason. Their delicious gummies are infused with real fruit and consistently dosed terpenes and cannabinoids for a mouth-watering and reliable experience. Wyld gummies come in a variety of CBD:THC ratios to cater to all bodies and tastes, and the flavors and terpene profiles are consistent in every batch. Infused with THC Distillate and CBD Isolate, Wyld uses sunflower lecithin and coconut oil to ensure that their gummies are evenly distributed with cannabinoids, and can be absorbed quickly by your body. ** DOSING: 10mg of THC and 10mg of CBD per piece, 100mg of THC and 100mg of CBD per package. Wyld recommends starting with half of a gummy and waiting at least 90 minutes before making the decision to consume more. ** TERPENES: Limonene, Alpha-Pinene, Beta-Pinene, Linalool. ** INGREDIENTS: Sugar, Tapioca Syrup, Water (H2O), Pomegranate Juice Concentrate, Gelatin, Natural Flavoring, Citric Acid, Pectin, Coconut Oil, Cannabis Extract Oil, Sunflower Lecithin.",,
bedford-club-bk,4BD81DDA9INNQX,4BD81DDA9INNQX,X| WYLD | Pear | Gummies | 10ct,WYLD,edible,40.0 milligrams,2800,100.0,,50/50,TRUE,https://shop.bedfordclub.com/menu/products/wyld-378907/edibles/x-wyld-pear-gummies-10ct-7978833,https://tymber-blaze-products.imgix.net/download---2026-04-22T170519-593-4d0f3c4d-1b78-450b-94ea-b5ba7ec9fe43.jpeg,2026-05-23T23:11:51.610988+00:00,"Wyld High Values Pear 1:1 CBG + Hybrid Enhanced Gummies (10-Pack) – Smooth, subtle, and perfectly balanced. These Pear gummies blend the therapeutic benefits of CBG and THC in a 1:1 ratio, offering a clear-headed and calming high designed for both body and mind. Whether you're easing into your day or winding down without fog, this hybrid-enhanced gummy delivers equilibrium in every bite. Flavor Profile: Crisp, juicy pear with a natural, clean sweetness. Light and refreshing with no artificial aftertaste. Cannabinoid Blend & Effects: Each gummy contains 5mg CBG + 5mg THC, infused with Hybrid-enhanced botanical terpenes for functional relief and clarity. Common effects include: Gentle mental uplift Balanced body relaxation Calm focus Mild mood elevation Ideal For: Daytime or early evening use Light relaxation without sedation Managing stress while staying present Functional wellness routines",,
bedford-club-bk,F45B4FNNG1SQR0,F45B4FNNG1SQR0,X| WYLD | Peach | Gummies | 10ct,WYLD,edible,40.0 milligrams,2400,100.0,,50/50,TRUE,https://shop.bedfordclub.com/menu/products/wyld-378907/edibles/x-wyld-peach-gummies-10ct-7978832,https://tymber-blaze-products.imgix.net/download---2026-04-22T170442-018-12f6b61f-b541-44b7-bb71-523db57fdc85.jpeg,2026-05-23T23:11:51.610988+00:00,"CBC: 0.01mg/g | CBD: 2.59mg/g | CBG: 0.07mg/g | THC: 47.2mg | THC9: 1.18mg/g -- A double dose of CBD paired with THC in Wyld Peach gummies turns mundane tasks into your new favorite adventure.​ Made with real fruit and enhanced with a balanced Hybrid terpene profile that may assist in creating a sense of ease and overall well being. --- Balanced | Chill --- 100mg CBD:50mg THC per package, 10mg CBD:5mg THC per gummy --- Ingredients: Sugar, Tapioca Syrup, Water, Peach Juice Concentrate, Gelatin, Coconut Oil, Citric Acid, Natural Flavoring, Pectin (Pectin, Sodium Citrate), Hemp Extract, Cannabis Extract, Sunflower Lecithin --- Contains: Coconut",,
bedford-club-bk,5CC1E0DK8LODJG,5CC1E0DK8LODJG,X| Woodstock | Sour Spritzer | Flower | 7g,Woodstock,flower,7.0 grams,4000,27.59,,sativa,TRUE,https://shop.bedfordclub.com/menu/products/woodstock-539034/flower/x-woodstock-sour-spritzer-flower-7g-7978853,https://tymber-blaze-products.imgix.net/download---2026-05-01T025615-610-b12074f3-b098-4326-8a89-7a7bbaeb0612.jpeg,2026-05-23T23:11:51.610988+00:00,Old School meets new school with Woodstocks new 100% whole flower pre ground ready to roll up. 7 grams of premium never shake or trim- always from whole buds! Sour Spritzer is an energizing and focusing sativa strain that keeps you truckin 'on,,
bedford-club-bk,4B85D8GTDAPBJN,4B85D8GTDAPBJN,X| Woodstock | Red Velvet | 2pk | Prerolls | 0.5g | 1g,Woodstock,preroll,.5g,1200,23.54,,hybrid,TRUE,https://shop.bedfordclub.com/menu/products/woodstock-539034/preroll/x-woodstock-red-velvet-2pk-prerolls-05g-1g-7978852,https://tymber-blaze-products.imgix.net/download---2026-04-29T232422-973-16199da6-d7fb-454f-b028-b8088cf300c7.jpeg,2026-05-23T23:11:51.610988+00:00,"Because it is a balanced hybrid, the Red Velvet strain is generally associated with effects that combine a cerebral, mood-lifting ""head high"" with a calming, relaxing ""body buzz."" Experience: Users often report feeling euphoric and mentally stimulated initially, followed by a gentle, soothing physical relaxation. Usage: Its balanced nature makes it versatile for many consumers, often used for winding down after a long day, social settings, or when looking for a mix of creativity and calm. Suitability: It is generally considered approachable for both new and experienced cannabis consumers.",,
bedford-club-bk,6C55E9SPB1ELOH,6C55E9SPB1ELOH,X| Woodstock | Pluto | Flower | 7g,Woodstock,flower,7.0 grams,4000,24.7,,indica,TRUE,https://shop.bedfordclub.com/menu/products/woodstock-539034/flower/x-woodstock-pluto-flower-7g-7978851,https://tymber-blaze-products.imgix.net/download---2026-05-01T191328-788-4d2c576e-c655-4e86-b3fa-ea42f09a22eb.jpeg,2026-05-23T23:11:51.610988+00:00,,,
bedford-club-bk,4865B4SOKOW78E,4865B4SOKOW78E,X| Woodstock | Picasso Moon x SFV | Infused Preroll | 5pk | 0.5g,Woodstock,preroll,2.5 grams,4000,34.66,,sativa,TRUE,https://shop.bedfordclub.com/menu/products/woodstock-539034/infused-preroll/x-woodstock-picasso-moon-x-sfv-infused-preroll-5pk-05g-7978849,https://tymber-blaze-products.imgix.net/Sativa-IPR-5pk-bed81474-75d1-46dc-846d-346da89e4339-800x800-4eb8a0fa-1531-47c2-89f5-5ea31c9bb02e.png,2026-05-23T23:11:51.610988+00:00,,,
bedford-club-bk,42B3A4VOZGHSLY,42B3A4VOZGHSLY,X| Woodstock | Picasso Moon |  Pre Roll | 2pk 0.5g,Woodstock,preroll,.5g,1200,21.37,,sativa,TRUE,https://shop.bedfordclub.com/menu/products/woodstock-539034/preroll/x-woodstock-picasso-moon-pre-roll-2pk-05g-7978848,https://tymber-blaze-products.imgix.net/download---2026-05-01T191748-643-e57bab5c-72d9-4c02-97a8-5c675cd39680.jpeg,2026-05-23T23:11:51.610988+00:00,"Step into a more inspired state of mind with Woodstock – Picasso Moon – 2-Pack Pre-Rolls, a sativa-dominant strain crafted to energize, uplift, and awaken your creativity. Now available at Cannabis Realm of NY, these convenient 0.5g pre-rolls offer smooth, flavorful smoke and a bright cerebral high, perfect for daytime use. Picasso Moon lives up to its name—it's imaginative, lively, and full of character. Expect a flavor profile bursting with citrus, pine, and herbal notes, paired with an aroma that’s both refreshing and invigorating. The effects are immediate and uplifting, offering a clear-headed buzz that’s ideal for socializing, creative pursuits, or staying productive without feeling overstimulated. Each pre-roll is expertly filled with premium indoor-grown sativa flower, ensuring a smooth burn, potent effects, and consistent quality every time. Whether you're an artist, a thinker, or just looking to brighten your day, Picasso Moon is your ticket to elevated focus and mood. ? Product Highlights: Brand: Woodstock Strain: Picasso Moon Type: Sativa Format: 2 pre-rolls × 0.5g (1g total) Flavor Profile: Citrus, pine, herbal, earthy Effects: Uplifting, creative, energizing, mentally stimulating Best For: Daytime use, creativity, social energy, focus ?? Why Choose Woodstock – Picasso Moon Pre-Rolls? Fast-Acting Sativa High: Delivers a bright, cerebral buzz to spark your best ideas Tasty and Terpene-Rich: Enjoy a zesty citrus flavor with a touch of pine and herbs Indoor-Grown Quality: Crafted from top-shelf cannabis for consistent potency and smoothness Perfect for On-the-Go: With two convenient 0.5g pre-rolls, it’s easy to light up and elevate anytime Creativity & Focus in One: Great for tackling creative projects, staying motivated, or enjoying the outdoors",,
bedford-club-bk,223C57DQLIXVLR,223C57DQLIXVLR,X| Woodstock | Pave | Flower | 7g,Woodstock,flower,7.0 grams,4000,24.24,,hybrid,TRUE,https://shop.bedfordclub.com/menu/products/woodstock-539034/flower/x-woodstock-pave-flower-7g-7978847,https://tymber-blaze-products.imgix.net/download---2026-05-01T192021-291-637f673a-9e57-4311-84d7-58e554c4d027.jpeg,2026-05-23T23:11:51.610988+00:00,Old School meets new school with Woodstocks new 100% whole flower pre ground ready to roll up. 7 grams of premium never shake or trim- always from whole buds! Pave is a minty & grassy strain with OG lineage!,,
bedford-club-bk,14216EUAG6KNLD,14216EUAG6KNLD,X| Camino | Watermelon Lemonade | Gummy | 20ct,Camino,edible,72.0 milligrams,2800,100.0,,50/50,TRUE,https://shop.bedfordclub.com/menu/products/camino-731781/edibles/x-camino-watermelon-lemonade-gummy-20ct-7988856,https://tymber-blaze-products.imgix.net/download---2026-04-21T142848-950-ccebd5f4-92a0-415c-8fa2-fa10368cb392.jpeg,2026-05-23T23:11:51.610988+00:00,Watermelon Lemonade Camino gummies combine a synergistic blend of sativa and indica-like terpenes with notes of juicy watermelon and tart citrus. Quench your thirst on the warm beaches of California with this refreshingly tart confection. Welcome to your happy place.,,
bedford-club-bk,1CBF6C4MOTEG7Z,1CBF6C4MOTEG7Z,X| Camino | Sparkling Pear | Gummy | 20ct,Camino,edible,0.72 grams,3000,40.0,120.0,sativa,TRUE,https://shop.bedfordclub.com/menu/products/camino-731781/edibles/x-camino-sparkling-pear-gummy-20ct-7988855,https://tymber-blaze-products.imgix.net/download---2026-04-21T165558-003-a1100ecb-4bb1-498b-be70-40723c420171.jpeg,2026-05-23T23:11:51.610988+00:00,,,
bedford-club-bk,D936C5WQSFTBMK,D936C5WQSFTBMK,X| Camino | Pineapple Habanero | Gummy | 20ct,BLAZE,edible,0.72 grams,2800,100.0,,sativa,TRUE,https://shop.bedfordclub.com/menu/products/blaze-731784/edibles/x-camino-pineapple-habanero-gummy-20ct-7988854,https://tymber-blaze-products.imgix.net/download---2026-04-21T165411-945-c82a8cce-2f81-4ec6-bc22-33b9d15242d1.jpeg,2026-05-23T23:11:51.610988+00:00,,,
bedford-club-bk,22A618OGCOE2CP,22A618OGCOE2CP,X| Camino | Freshly Squeezed | Gummy | 20ct,Camino,edible,72.0 milligrams,3000,100.0,200.0,50/50,TRUE,https://shop.bedfordclub.com/menu/products/camino-731781/edibles/x-camino-freshly-squeezed-gummy-20ct-7988853,https://tymber-blaze-products.imgix.net/download---2026-04-21T141643-151-dff0b508-0ff7-484f-a114-1ea7a85f1fed.jpeg,2026-05-23T23:11:51.610988+00:00,"KIVA's Freshly Squeezed 1:2 THC/CBG Camino gummies deliver a perfectly balanced hybrid experience in a convenient 20-pack format. Each gummy contains 5mg THC and 10mg CBG for a total of 100mg per package, offering a unique ratio designed to promote clarity and calm without overwhelming sedation. CBG, known as the ""mother of all cannabinoids,"" works synergistically with THC to support focused relaxation and gentle uplift. With bright, citrus-inspired flavors reminiscent of fresh-squeezed oranges, these edibles provide a delicious way to enjoy the benefits of cannabinoids throughout your day. Perfect for those seeking balanced effects, enhanced focus, and a smooth, controlled experience. KIVA's commitment to quality ensures consistent dosing and premium ingredients in every bite.",,
bedford-club-bk,F0EB17BYJKU6KB,F0EB17BYJKU6KB,X| Camino |  Sour Strawberry Sunset | Gummy | 10ct,Camino,edible,0.72 grams,2800,100.0,,indica,TRUE,https://shop.bedfordclub.com/menu/products/camino-731781/edibles/x-camino-sour-strawberry-sunset-gummy-10ct-7988857,https://tymber-blaze-products.imgix.net/download---2026-04-21T170026-813-2e731076-ebcf-4b8d-8d18-bf911e1578bc.jpeg,2026-05-23T23:11:51.610988+00:00,,,
bedford-club-bk,6B6F6C8VHBE4I8,6B6F6C8VHBE4I8,X| Ruby Farms | Doobies | Strawberry Fields | 7 Count | Net 3.5g | .5g,Ruby Farms,preroll,1/8 oz,3800,2.13,,sativa,TRUE,https://shop.bedfordclub.com/menu/products/ruby-farms-338873/preroll/x-ruby-farms-doobies-strawberry-fields-7-count-net-35g-5g-7988859,https://tymber-blaze-products.imgix.net/download---2026-04-29T211304-214-04c3dc61-2d03-438b-837b-dffe1fdd28cb.jpeg,2026-05-23T23:11:51.610988+00:00,,,
bedford-club-bk,B9AD4C2KMK6BHG,B9AD4C2KMK6BHG,X| Ruby Farms | Doobies | RS11 | 7 Count | Net 3.5G |.5g,Ruby Farms,preroll,1/8 oz,3800,25.96,,hybrid,TRUE,https://shop.bedfordclub.com/menu/products/ruby-farms-338873/preroll/x-ruby-farms-doobies-rs11-7-count-net-35g-5g--7988858,https://tymber-blaze-products.imgix.net/download---2026-04-29T172800-377-8e76e17e-7628-4752-96f9-f9283f539a16.jpeg,2026-05-23T23:11:51.610988+00:00,"RS11 hits the sweet spot — fruity, funky, and full of smooth-hitting hybrid energy. Ruby Farms rolls up 3.5g of this fan-favorite strain into 7 doobies, giving you convenient flavor and blissful balance in every session. It’s flavor-forward and always vibe-ready.",,
bedford-club-bk,F0B10CMKF4K7CO,F0B10CMKF4K7CO,X| Lost Farm | Strawberry Lemonade x Napa | Gummy | Resin | 10ct,Lost Farm,edible,39.0 milligrams,3000,100.0,,50/50,TRUE,https://shop.bedfordclub.com/menu/products/lost-farm-731774/edibles/x-lost-farm-strawberry-lemonade-x-napa-gummy-resin-10ct-7988867,https://tymber-blaze-products.imgix.net/download---2026-04-21T123644-584-eceaf497-1e01-4e48-ad55-ec87f7e5ac1c.jpeg,2026-05-23T23:11:51.610988+00:00,"Lost Farm | Strawberry Lemonade x Napa Resin | 100mg Gummies (10ct) Bright, zesty, and strain-specific, these Strawberry Lemonade gummies are infused with live resin from the Napa strain, delivering a sweet berry and citrus flavor with uplifting, clear-headed effects. Each vegan gummy contains 10mg THC, for a total of 100mg per pack — perfect for flavorful, daytime enjoyment. Flavor-forward. Full-spectrum. Always Lost Farm. $30",,
bedford-club-bk,9C6CEDOGAKMYRY,9C6CEDOGAKMYRY,X| Lost Farm | Juicy Peach x Mimosa | Gummy | Resin | 10ct,Lost Farm,edible,0.39 grams,3000,100.0,,sativa,TRUE,https://shop.bedfordclub.com/menu/products/lost-farm-731774/edibles/x-lost-farm-juicy-peach-x-mimosa-gummy-resin-10ct-7988866,https://tymber-blaze-products.imgix.net/download---2026-04-21T123112-940-167d145e-689a-48b5-9c9e-92bfdf617006.jpeg,2026-05-23T23:11:51.610988+00:00,,,
bedford-club-bk,EC8BE1YFNBLO7M,EC8BE1YFNBLO7M,X| Lost Farm | Dragonfruit x Frose | Resin Gummy | 10ct,Lost Farm,edible,0.39 grams,3000,100.0,,50/50,TRUE,https://shop.bedfordclub.com/menu/products/lost-farm-731774/edibles/x-lost-farm-dragonfruit-x-frose-resin-gummy-10ct--7988865,https://tymber-blaze-products.imgix.net/download---2026-04-21T122625-261-711d7dfe-a05c-455f-ad07-8223194570d2.jpeg,2026-05-23T23:11:51.610988+00:00,,,
bedford-club-bk,90A9BE1IWA9POX,90A9BE1IWA9POX,X| Revert | Purple Gorilla  | 14g | Flower,Revert,flower,14.0 grams,9000,26.2,,hybrid,TRUE,https://shop.bedfordclub.com/menu/products/revert-618385/flower/x-revert-purple-gorilla-14g-flower--7988870,https://tymber-blaze-products.imgix.net/download---2026-05-01T024327-778-efb7c35e-81ab-4e05-b13e-ba3522f1d648.jpeg,2026-05-23T23:11:51.610988+00:00,,,
bedford-club-bk,EC3021NEO7AX1X,EC3021NEO7AX1X,X| STIIIZY | GELATO | All-in-One | 0.5G,STIIIZY,vaporizers,1.0 grams,2700,81.86,,50/50,TRUE,https://shop.bedfordclub.com/menu/products/stiiizy-467963/vape-pens/x-stiiizy-gelato-all-in-one-05g-7988875,https://tymber-blaze-products.imgix.net/download---2026-04-28T000348-142-8baaf60d-d80c-4f92-bd05-6cceb896ceaa.jpeg,2026-05-23T23:11:51.610988+00:00,,,
bedford-club-bk,VP20260309-05,VP20260309-05,X| GEEK THCX | MAUI WOWIE | AIO | 1G,,vaporizers,.5g,5000,87.25,,sativa,TRUE,https://shop.bedfordclub.com/menu/products/vape-pens/x-geek-thcx-maui-wowie-aio-1g-7992674,https://tymber-blaze-products.imgix.net/c9ef1b9830cc46b86c16338a8261612a-4eb63aad-13fc-4a10-8bec-be0d9636996f.png,2026-05-23T23:11:51.610988+00:00,,,Maui Wowie
bedford-club-bk,VP20260309-01,VP20260309-01,X| GEEK THCX | MANGO GUAVA | AIO | 1G,,vaporizers,.5g,5000,87.5,,hybrid,TRUE,https://shop.bedfordclub.com/menu/products/vape-pens/x-geek-thcx-mango-guava-aio-1g-7992672,https://tymber-blaze-products.imgix.net/download---2026-04-24T233143-816-8e821d5d-36b4-457b-8341-cc8e58e7939c.jpeg,2026-05-23T23:11:51.610988+00:00,,,Mango Guavo
bedford-club-bk,VP20260309-03,VP20260309-03,X| GEEK THCX | GRANDDADDY PURPLE | AIO | 1G,,vaporizers,.5g,5000,90.99,,indica,TRUE,https://shop.bedfordclub.com/menu/products/vape-pens/x-geek-thcx-granddaddy-purple-aio-1g-7992669,https://tymber-blaze-products.imgix.net/download---2026-04-24T233108-634-a7da5755-025a-4b2c-92fb-2c085d49b317.jpeg,2026-05-23T23:11:51.610988+00:00,,,Granddaddy Purple
bedford-club-bk,VP20260309-04,VP20260309-04,X| GEEK THCX | BLUE DREAM | AIO | 1G,,vaporizers,.5g,5000,86.48,,hybrid,TRUE,https://shop.bedfordclub.com/menu/products/vape-pens/x-geek-thcx-blue-dream-aio-1g-7992667,https://tymber-blaze-products.imgix.net/download---2026-04-24T233032-321-b03b56d7-dd1f-4f3a-81d8-112bedf3aba6.jpeg,2026-05-23T23:11:51.610988+00:00,,,Blue Dream
bedford-club-bk,VP20260309-02,VP20260309-02,X| GEEK THCX | STRAWBERRY COUGH | AIO | 1G,,vaporizers,.5g,5000,86.6,,sativa,TRUE,https://shop.bedfordclub.com/menu/products/vape-pens/x-geek-thcx-strawberry-cough-aio-1g-7992676,https://tymber-blaze-products.imgix.net/download---2026-04-24T233635-495-3c96bc91-7ea6-4694-a3c9-206b13574216.jpeg,2026-05-23T23:11:51.610988+00:00,,,Strawberry Cough
bedford-club-bk,VP20260309-06,VP20260309-06,X| GEEK THCX | WATERMELON SLUSHI | AIO | 1G,,vaporizers,.5g,5000,87.32,,indica,TRUE,https://shop.bedfordclub.com/menu/products/vape-pens/x-geek-thcx-watermelon-slushi-aio-1g-7998296,https://tymber-blaze-products.imgix.net/download---2026-04-24T234002-620-fad0dc26-4fbe-400b-8495-9ff24818ab39.jpeg,2026-05-23T23:11:51.610988+00:00,,,Watermelon Slushy
bedford-club-bk,BEDCPRO1,BEDCPRO1,X| Ghost | Guava | Vape | 2g,Ghost,vaporizers,.5g,8500,91.7,,sativa,TRUE,https://shop.bedfordclub.com/menu/products/ghost-345281/vape-pens/x-ghost-guava-vape-2g-8000688,https://tymber-blaze-products.imgix.net/download---2026-04-16T195403-940-4eb8e922-1720-4292-8861-bd42d566f84e.jpeg,2026-05-23T23:11:51.610988+00:00,"Guava is a sativa-dominant hybrid strain that typically has a tropical and fruity aroma with notes of guava. It offers a relaxing and calming high, promoting deep physical relaxation, stress relief, and potential pain management. Guava is known for its pleasant flavor and potential mood elevation. Flavors Sweet Earthy Chemical",,Guava
bedford-club-bk,B5F6PRO1,B5F6PRO1,X| Ghost | Glue | Flower | 3.5g,Ghost,flower,,4600,26.0,,hybrid,TRUE,https://shop.bedfordclub.com/menu/products/ghost-345281/flower/x-ghost-glue-flower-35g-8000687,https://tymber-blaze-products.imgix.net/download---2026-04-16T192714-846-3a7e7881-6a8e-426f-9547-a854a478fdb1.jpeg,2026-05-23T23:11:51.610988+00:00,"Glue is a hybrid descended from Chem’s Sister, Sour Dubb, and Chocolate Diesel, famous for its heavy gas profile and powerful body release. Its aroma is pungent and dense, blending diesel and earthy spice with pine resin and faint chocolate‑coffee notes. Flavor is bold and lingering, with sour fuel on the inhale and a mix of earth, cocoa, and wood on the exhale. Effects are strong and grounding, delivering a fast mood lift that settles into deep, long‑lasting body calm, ideal for serious end‑of‑day decompression.",,Glue
bedford-club-bk,BC7APRO1,BC7APRO1,X| Ghost | Gelato Z | Flower | 3.5g,Ghost,flower,,4600,26.0,,indica,TRUE,https://shop.bedfordclub.com/menu/products/ghost-345281/flower/x-ghost-gelato-z-flower-35g-8000686,https://tymber-blaze-products.imgix.net/download---2026-04-16T192901-767-181a6dc0-3881-43d0-b500-5cbce540f24f.jpeg,2026-05-23T23:11:51.610988+00:00,"Gelato Z is an indica cultivar built from Gelato and Z genetics, known for its fruit‑heavy sweetness and calm, dessert‑like character. The nose is mouthwatering and layered, mixing sweet berry and stone fruit with sour citrus, floral tones, and earthy pine. Flavor is creamy and smooth, bringing candy fruit and citrus over a subtle gelato‑style earthiness on the finish. Effects are deeply relaxing yet clear, easing physical tension while keeping the mind content and uplifted for a slow, satisfying unwind.",,Gelato Z
bedford-club-bk,BFD8PRO1,BFD8PRO1,X| Ghost | Animal Cake | Flower | 7g,Ghost,flower,.5g,8000,31.0,,hybrid,TRUE,https://shop.bedfordclub.com/menu/products/ghost-345281/flower/x-ghost-animal-cake-flower-7g-8000685,https://tymber-blaze-products.imgix.net/download---2026-04-16T200017-447-cb960952-3603-4016-964c-480b60c997eb.jpeg,2026-05-23T23:11:51.610988+00:00,"Ghost – Animal Cake (Indoor) – 7g Indica | Cannabis Realm of NY (Hudson Valley) Treat your senses to a rich, dessert-inspired cannabis experience with Ghost – Animal Cake (Indoor) – 7g, a premium indica cannabis flower now available at Cannabis Realm of NY in the Hudson Valley, New York. Expertly cultivated indoors, this strain delivers an enticing aroma, flavorful smoke, and soothing effects that make it perfect for relaxing evenings or unwinding after a long day. Animal Cake is a beloved hybrid lineage that leans toward indica dominance, combining classic genetics like Birthday Cake and Animal Cookies to create a rich, dessert-forward profile featuring sweet vanilla, citrus, and spice notes. The aroma is complex and inviting with hints of creamy sweetness and earthy undertones that carry through every session, showcasing the strain’s robust terpene expression. Grown indoors to maximize quality and consistency, these dense, trichome-coated buds offer a smooth, flavorful smoke sure to satisfy both seasoned cannabis users and newcomers seeking a memorable experience. As a primarily indica strain, Animal Cake delivers soothing body relaxation, gentle euphoria, and calming effects that can help melt away tension and promote a sense of well-being without heavy sedation. Its balanced nature also makes it a versatile choice for stress relief, mood enhancement, or cozy evenings at home. Product Highlights: Brand: Ghost Strain: Animal Cake Type: Indica (Indica-Dominant Hybrid) Cultivation: Indoor-grown Size: 7g Flower Aroma & Flavor: Sweet vanilla, citrus, spice, earthy undertones Effects: Relaxing, calming, mood-enhancing",,Animal Cake
bedford-club-bk,BC43PRO1,BC43PRO1,X| Ghost | Zkittles x Gelato | Flower | 7g,Ghost,flower,,8000,31.0,,hybrid,TRUE,https://shop.bedfordclub.com/menu/products/ghost-345281/flower/x-ghost-zkittles-x-gelato-flower-7g-8000693,https://tymber-blaze-products.imgix.net/download---2026-04-16T160431-324-617edc66-6383-4f91-8061-e8033f995a92.jpeg,2026-05-23T23:11:51.610988+00:00,"Zkittles x Gelato is a hybrid that pairs two dessert classics for a rich, candy‑forward profile. Its aroma is intensely fruity, often compared to opening a bag of mixed candy, with layers of citrus, berry, and grape over soft cream and earth. Flavor is dense and smooth, bringing sweet tropical fruit and grape on the inhale with a creamy, slightly doughy finish. Effects tend to land as a euphoric, feel‑good head buzz that gradually settles into a mellow, relaxed body comfort while keeping the mood bright. terpene profile caryophyllene • limonene • linalool flavor/taste sweet candy • citrus • creamy grape effects euphoric • relaxed • uplifted",,Zkittles X Gelato
bedford-club-bk,BE1FPRO1,BE1FPRO1,X| Ghost | Strawberry Shortcake | Vape | 2g,Ghost,vaporizers,.5g,8500,91.7,,indica,TRUE,https://shop.bedfordclub.com/menu/products/ghost-345281/vape-pens/x-ghost-strawberry-shortcake-vape-2g-8000692,https://tymber-blaze-products.imgix.net/download---2026-04-16T193422-108-2037e10f-0ad3-4aef-aedc-6830620486a5.jpeg,2026-05-23T23:11:51.610988+00:00,"Strawberry Shortcake is an indica-dominant hybrid strain with a delightful sweet and fruity aroma reminiscent of fresh strawberries. It often delivers a euphoric and uplifting high, promoting creativity and focus. Strawberry Shortcake is known for its balanced effects and potential mood enhancement. Flavors Strawberry Sweet Vanilla",,Strawberry Shortcake
bedford-club-bk,B858PRO1,B858PRO1,X| Ghost | RS-11 | Vape | 2g,Ghost,vaporizers,.5g,8500,90.1,,hybrid,TRUE,https://shop.bedfordclub.com/menu/products/ghost-345281/vape-pens/x-ghost-rs-11-vape-2g-8000691,https://tymber-blaze-products.imgix.net/download---2026-04-16T195032-990-57e40e0f-c619-4cc9-bd4a-08d30b90a94b.jpeg,2026-05-23T23:11:51.610988+00:00,"Elevate your vape experience with RS11 by Ghost, a top-tier 2g disposable delivering bold flavor and powerful effects. Known for its sweet, fruity aroma and smooth finish, RS11 offers a balanced high that blends mental euphoria with deep body relaxation. Each puff is infused with Ghost’s signature purity—crafted from premium cannabis oil for consistent potency and flavor. Highlights: 2g rechargeable disposable vape Strain: RS11 (hybrid) – fruity, sweet, and earthy flavor profile Balanced mind and body effects for any time of day Crafted from high-quality cannabis oil for smooth hits Sleek, travel-ready design with long-lasting battery Ghost’s RS11 delivers flavor, balance, and strength — a true premium vape for those who demand more from every draw.",,RS-11
bedford-club-bk,BCDBPRO1,BCDBPRO1,X| Ghost | PB Cookies | Flower  | 3.5g,Ghost,flower,,4600,26.0,,indica,TRUE,https://shop.bedfordclub.com/menu/products/ghost-345281/flower/x-ghost-pb-cookies-flower-35g-8000690,https://tymber-blaze-products.imgix.net/download---2026-04-16T193111-142-4ba302fc-ee52-4747-b2cd-004abff17185.jpeg,2026-05-23T23:11:51.610988+00:00,"Treat yourself to a truly indulgent smoke with PB Cookies, an indica-dominant hybrid that lives up to its dessert-inspired name. This premium 3.5g offering from Ghost features beautifully cured, frosty buds bursting with the unmistakable aroma of warm peanut butter cookies fresh from the oven. On the nose, expect rich roasted nut notes layered with doughy sweetness and a subtle earthy spice. The flavor is smooth and satisfying, coating the palate with creamy peanut butter, brown sugar sweetness, and a soft herbal finish that lingers after every exhale. PB Cookies delivers deeply comforting, full-body effects, gently lifting your mood before easing you into a slow, head-to-toe relaxation. It’s the perfect strain for winding down in the evening, melting away stress, or settling into a cozy, mellow session. If you’re a fan of dessert strains with rich flavor and soothing effects, Ghost’s PB Cookies is a must-have for your stash.",,PB Cookies
bedford-club-bk,B86DPRO1,B86DPRO1,X| Ghost | Mr. E | Flower | 7g,Ghost,flower,,8000,30.0,,hybrid,TRUE,https://shop.bedfordclub.com/menu/products/ghost-345281/flower/x-ghost-mr-e-flower-7g-8000689,https://tymber-blaze-products.imgix.net/download---2026-04-16T195749-052-5df24091-1067-4a89-829d-f76b1d8c33a2.jpeg,2026-05-23T23:11:51.610988+00:00,"Mr. E is a mysterious hybrid that delivers an enigmatic experience with balanced effects as intriguing and captivating as its cryptic name suggests. This fascinating cultivar begins with an immediate cerebral rush that brings intense euphoria, mental clarity, and creative energy before flowing into a balanced body high that soothes tension while maintaining focus and motivation. Mr. E features a complex flavor profile dominated by earthy and diesel notes perfectly balanced with hints of citrus, pine, and subtle sweet undertones that create a smooth, full-bodied experience with each exhale. The aroma is equally compelling, presenting prominent earthy and fuel scents layered with citrus brightness, pine, and light herbal notes that fill the space when the dense, forest-green, trichome-covered buds are broken apart. Medical cannabis patients particularly appreciate Mr. E for its effectiveness in managing chronic stress, depression, fatigue, and mild pain while promoting euphoria, mental alertness, and balanced relaxation—ideal for daytime or early evening use when powerful mood elevation and sustained energy are desired. Feelings: Euphoric, Energetic, Focused",,Mr.E
bedford-club-bk,B69CPRO1,B69CPRO1,X| Dank | Platinum Gorilla | Flower | 14g,Dank By Definition,flower,,11500,25.49,,indica,TRUE,https://shop.bedfordclub.com/menu/products/dank-by-definition-338869/flower/x-dank-platinum-gorilla-flower-14g-8004757,https://tymber-blaze-products.imgix.net/download---2026-04-17T152120-202-87eb1f6f-4b75-4dd4-8505-7ee11879ab15.jpeg,2026-05-23T23:11:51.610988+00:00,"Platinum Gorilla is a hard-hitting hybrid that delivers a bold, resinous experience with heavy relief as powerful and unforgettable as its name implies. This potent cultivar hits fast with a heady surge of euphoria and mental haze before dropping into a deep, full-body calm that can feel couch-locking at higher doses. Platinum Gorilla offers a pungent flavor of earthy pine, sharp diesel, and peppery spice accented by a faint sweetness that lingers on the finish. The aroma is loud and skunky, mixing fuel, forest notes, and rich earth that blooms when the sticky, frost-covered buds are cracked open. Medical cannabis patients often appreciate Platinum Gorilla for supporting relief from chronic stress, pain, and insomnia, especially for evening sessions when strong relaxation and shut-down comfort are the goal. Feelings: Relaxed, Euphoric, Sleepy",,Platinum Gorilla
bedford-club-bk,B70DPRO2,B70DPRO2,X| Dank | Platinum Cookies | Preroll | Sungrown | 1g,Dank By Definition,flower,,1000,27.42,,hybrid,TRUE,https://shop.bedfordclub.com/menu/products/dank-by-definition-338869/flower/x-dank-platinum-cookies-preroll-sungrown-1g-8004756,https://tymber-blaze-products.imgix.net/download--3--d2ebe612-cfb0-416b-92c7-cb016a9595fc.png,2026-05-23T23:11:51.610988+00:00,"Platinum Cookies also known as ""Platinum GSC"" or ""Platinum Girl Scout Cookies,"" is an evenly balanced hybrid strain. It gets its name from its frosty appearance and sweet cookie kush flavor. The aroma mirrors the taste, though it carries a strong, fragrant musky undertone. The Platinum Cookies experience enhances the classic GSC effects with greater intensity. The high begins with a euphoric lift that elevates your mood and brings deep contentment. As your mind drifts in blissful tranquility, a tingling body sensation emerges, leading to complete relaxation and ease. Feelings: Relaxed, Uplifted, Focused",,Platinum Cookies
bedford-club-bk,B7ECPRO1,B7ECPRO1,X| Dank | Pineapple Express | Preroll | Sungrown | 1g,Dank By Definition,flower,,1000,25.96,,hybrid,TRUE,https://shop.bedfordclub.com/menu/products/dank-by-definition-338869/flower/x-dank-pineapple-express-preroll-sungrown-1g-8004755,https://tymber-blaze-products.imgix.net/download--3--6900ebd0-c404-4c60-9236-f2f6097ed3c6.png,2026-05-23T23:11:51.610988+00:00,"Pineapple Express is a sativa-dominant hybrid marijuana strain made by crossing Trainwreck with Hawaiian. While this strain rose to fame on the silver screen in 2008 amidst the release of Pineapple Express, it is a real strain that you can find on the shelves of dispensaries across the country. Since then, this strain has become a favorite in the hearts and minds of cannabis lovers. Pineapple Express produces long-lasting energetic effects that you can feel right away.",,Pineapple Express
bedford-club-bk,B894PRO1,B894PRO1,X| Dank | Lemon Skunk | Flower | 3.5g,Dank By Definition,flower,,5300,28.06,,hybrid,TRUE,https://shop.bedfordclub.com/menu/products/dank-by-definition-338869/flower/x-dank-lemon-skunk-flower-35g-8004753,https://tymber-blaze-products.imgix.net/download---2026-04-17T151426-545-63e8c0e9-000a-423a-88ac-425dc733d6d7.jpeg,2026-05-23T23:11:51.610988+00:00,"Brighten your day with Lemon Skunk, a zesty sativa-dominant strain that hits with uplifting, euphoric effects. Its citrusy, lemon-forward flavor is fresh and tangy, delivering a smooth smoke that’s perfect for boosting mood and creativity. Ideal for a lively, energetic experience. Indoor grown.",,Lemon Skunk
bedford-club-bk,B420PRO1,B420PRO1,X| Dank |  OG Kush | Flower | 3.5g,Dank By Definition,flower,,5300,29.0,,hybrid,TRUE,https://shop.bedfordclub.com/menu/products/dank-by-definition-338869/flower/x-dank-og-kush-flower-35g-8004750,https://tymber-blaze-products.imgix.net/download---2026-04-17T150447-985-ef58adbf-1d96-4465-9f21-acc452a15387.jpeg,2026-05-23T23:11:51.610988+00:00,"OG Kush is a legendary hybrid renowned for its unique terpene profile, featuring a complex aroma that combines notes of fuel, skunk, and spice. This strain is often associated with the term ""Original Gangster,"" signifying its authenticity and potency in the cannabis world. When you open a jar of OG Kush, you’re greeted with a distinctive scent reminiscent of lemon, pine, and diesel, evoking a sense of nostalgia for classic cannabis. Its high THC content delivers a balanced experience, providing an uplifting, euphoric head high complemented by a soothing body effect. This makes OG Kush a favorite for both recreational and medicinal users seeking relief from stress, pain, and insomnia. Whether enjoyed in a social setting or for relaxation at home, OG Kush remains a timeless staple in cannabis culture.",,OG Kush
bedford-club-bk,BB3CPRO1,BB3CPRO1,X| Dank | Blue Runtz | Preroll | Sungrown | 1g,Dank By Definition,preroll,,1000,25.51,,hybrid,TRUE,https://shop.bedfordclub.com/menu/products/dank-by-definition-338869/preroll/x-dank-blue-runtz-preroll-sungrown-1g-8004749,https://tymber-blaze-products.imgix.net/download--3--d8dc0355-3e03-4445-a944-ccf5f33c8365.png,2026-05-23T23:11:51.610988+00:00,"Blue Runtz is a candy-forward hybrid that delivers a blue-berry-sweet experience with feel-good effects as bright and satisfying as a handful of chewy fruit candy. This cultivar starts with a fast, uplifting head change that boosts mood, laughter, and easy conversation before easing into a warm body relaxation that keeps you comfortable without immediately shutting you down. Blue Runtz features a sweet flavor of berry candy and creamy vanilla with hints of citrus zest and a faint gassy finish that lingers on the palate. The aroma is loud and dessert-like, blending sugary blue fruit, tropical sweetness, and a soft skunky funk that intensifies when the dense, frosty buds are broken apart. Many patients appreciate Blue Runtz for helping manage stress, low mood, and everyday tension while staying pleasantly upbeat—great for afternoons and early evenings. Feelings: Euphoric, Happy, Uplifted",,Blue Runtz
bedford-club-bk,B216PRO1,B216PRO1,X| Preferred Gardens | Zourz | Preroll | 1g,1OFF,preroll,1.0 grams,1400,30.76,,hybrid,TRUE,https://shop.bedfordclub.com/menu/products/1off-731765/preroll/x-preferred-gardens-zourz-preroll-1g-8033074,https://tymber-blaze-products.imgix.net/download---2026-04-23T132740-324-d7c45596-a296-46a0-8f4e-1e1631bef182.jpeg,2026-05-23T23:11:51.610988+00:00,"Preferred Gardens – Zourz (Indoor) – 1g Discover top-tier indoor flower with Zourz by Preferred Gardens, a premium strain crafted for flavor-forward consumers seeking both potency and refinement. Grown in controlled indoor environments, this 1g offering showcases the brand’s commitment to quality, consistency, and carefully curated genetics. Zourz stands out with a bold terpene profile that blends sweet, candy-like notes with subtle sour and gassy undertones, creating a smooth yet complex smoking experience. Each inhale delivers rich flavor, while the exhale leaves a lingering, mouth-coating finish true to elite indoor cultivation. Ideal for experienced users, Zourz offers balanced effects that can lean relaxing while maintaining a euphoric, uplifting edge—making it suitable for both laid-back sessions and creative moments. Key Features: 1g premium indoor cannabis flower Cultivated under controlled conditions for enhanced terpene expression Flavor profile: sweet, sour, and slightly gassy Smooth, potent smoke with balanced hybrid effects From Preferred Gardens, a legacy brand known for small-batch quality and unique genetics Elevate your rotation with Preferred Gardens Zourz—crafted for those who appreciate flavor, potency, and precision in every gram.",,Zourz
bedford-club-bk,B7FEPRO1,B7FEPRO1,X| Preferred Gardens | Cookie Dough | Preroll | 1g,1OFF,preroll,1.0 grams,1400,30.76,,hybrid,TRUE,https://shop.bedfordclub.com/menu/products/1off-731765/preroll/x-preferred-gardens-cookie-dough-preroll-1g-8033073,https://tymber-blaze-products.imgix.net/download---2026-04-23T133026-381-ec68e79f-f788-4da7-a5ca-04f55bc9d253.jpeg,2026-05-23T23:11:51.610988+00:00,"Preferred Gardens – Cookie Dough (Indoor) – 1g Indulge in a rich, dessert-inspired cannabis experience with Cookie Dough by Preferred Gardens. This premium 1g indoor flower is cultivated under tightly controlled conditions to maximize terpene expression, potency, and overall quality—delivering a top-shelf experience in every gram. Cookie Dough is known for its warm, bakery-like aroma, blending sweet vanilla, creamy dough, and subtle earthy gas undertones. The flavor translates smoothly on inhale, offering a nostalgic, dessert-style smoke with a clean, lingering finish. The effects typically lean toward a calming, euphoric high—ideal for unwinding while still maintaining a light ?????? uplift. Whether you're relaxing solo or enhancing a laid-back session, this strain delivers a balanced hybrid experience with a slightly soothing edge. Key Features: 1g premium indoor cannabis flower Flavor profile: sweet cookie dough, vanilla, light gas Smooth, terpene-rich smoke with dessert-like notes Balanced hybrid effects: relaxing, euphoric, and mellow Cultivated by a legacy, quality-focused brand For those who appreciate flavorful, connoisseur-grade flower, Cookie Dough offers a satisfying blend of sweetness, potency, and craftsmanship in a perfectly sized 1g format.",,Cookie Dough
bedford-club-bk,BB11PRO1,BB11PRO1,X| Ayrloom | ATF | Infused Preroll | 5pk | 0.6g,ayrloom,preroll,,4000,35.0,,sativa,TRUE,https://shop.bedfordclub.com/menu/products/ayrloom-338877/preroll/x-ayrloom-atf-infused-preroll-5pk-06g-8042526,https://tymber-blaze-products.imgix.net/download---2026-04-27T114518-052-b5d42d9a-56a1-440d-aa1e-029d39085184.jpeg,2026-05-23T23:11:51.610988+00:00,"Brace yourself for ""high-altitude euphoria"" with this high-performance sativa infused multipack, featuring the legendary and earth-shaking profile of Alaskan Thunderfuck (ATF). This specialized 5-pack of 0.6g infused prerolls delivers a precision-engineered experience by Ayrloom, combining top-shelf flower with potent cannabis oil and kexture-enhancing kief for a monumental cerebral rush and sustained physical energy.",,ATF
bedford-club-bk,BB51PRO1,BB51PRO1,X| Bloom | White Truffle | All-in-One | 0.5g,BLOOM,vaporizers,,3200,85.0,,indica,TRUE,https://shop.bedfordclub.com/menu/products/bloom-357010/vape-pens/x-bloom-white-truffle-all-in-one-05g-8042566,https://tymber-blaze-products.imgix.net/download---2026-04-27T121053-928-357c6e46-651d-4a86-b3d9-c4064387abbe.jpeg,2026-05-23T23:11:51.610988+00:00,"White Truffle This luxurious indica is known for its rich, earthy flavor and smooth, savory finish. Its high settles gently over the body, easing tension and stress while keeping the mind calm, clear, and lightly euphoric. A perfect choice for winding down the day with elevated ease and quiet confidence. Phenotype Indica Cross Gorilla Butter x Unknown Notes Earthy, Gas, Pine",,White Truffle
bedford-club-bk,BC2BPRO1,BC2BPRO1,X| Bloom | Fire Mango | All-in-One | 1g,BLOOM,vaporizers,,5000,83.9,,indica,TRUE,https://shop.bedfordclub.com/menu/products/bloom-357010/vape-pens/x-bloom-fire-mango-all-in-one-1g-8042565,https://tymber-blaze-products.imgix.net/download---2026-04-27T121313-496-ce1d2751-8752-473a-88de-fb2181037105.jpeg,2026-05-23T23:11:51.610988+00:00,"Fire Mango, Too Hot to Handle! Phenotype: Indica Taste: Fruity, Citrusy, Earthy Mood: Turn down the noise and sink into something smooth. Fire Mango delivers tropical sweetness with a fiery kick, melting stress into deep, mellow relaxation. Perfect for unwinding and chilling. Ingredients: Cannabis Oil & Natural Terpenes. D-Limonene Naturally Found In: citrus rinds. B-Caryophyllene Naturally Found In: black pepper, cloves, hops. B-Myrcene Naturally Found In: mango, wild thyme, cardamom, hops. Weight: 1g",,Fire Mango
bedford-club-bk,BCD0PRO1,BCD0PRO1,X| Grocery | Triple Double OG | Flower | 28 gram,Grocery,flower,,16000,27.8,,sativa,TRUE,https://shop.bedfordclub.com/menu/products/grocery-698078/flower/x-grocery-triple-double-og-flower-28-gram-8042615,https://tymber-blaze-products.imgix.net/download---2026-04-27T124619-704-b3a73a8c-d8ac-4216-a398-a0aff75a1640.jpeg,2026-05-23T23:11:51.610988+00:00,"Triple Double OG delivers an uplifting cerebral high with bright, citrusy flavors that keep you motivated and focused. Perfect for achieving peak performance both on and off the court.",,Triple Double OG
bedford-club-bk,BD5DPRO1,BD5DPRO1,X| Grocery | Championship Kush | Flower | 28 Gram,Grocery,flower,,16000,27.51,,indica,TRUE,https://shop.bedfordclub.com/menu/products/grocery-698078/flower/x-grocery-championship-kush-flower-28-gram-8042614,https://tymber-blaze-products.imgix.net/download---2026-04-27T124121-434-bc8383e5-f2ce-4d76-b36a-0d2c565338b5.jpeg,2026-05-23T23:11:51.610988+00:00,"Win Big with this premium indica that hits harder than a dunk. Championship Kush delivers deep, satisfying relaxation with rich, earthy flavors after putting in work all day.",,Championship Kush
bedford-club-bk,BCC0PRO1,BCC0PRO1,X| Grocery | Baller Mints | Flower | 28 Gram,Grocery,flower,,16000,28.82,,hybrid,TRUE,https://shop.bedfordclub.com/menu/products/grocery-698078/flower/x-grocery-baller-mints-flower-28-gram-8042613,https://tymber-blaze-products.imgix.net/download---2026-04-27T124426-837-3c795555-a696-40a6-836b-41469315b37e.jpeg,2026-05-23T23:11:51.610988+00:00,This perfectly balanced hybrid brings the energy and refreshing mint flavors and championship-level effects. Baller Mints delivers mental clarity for strategic plays while keeping your body relaxed and ready for action.,,Baller Mints
bedford-club-bk,BCC3PRO1,BCC3PRO1,X| Tyson 2.0 | Sonoran Sunrise | Indoor Flower | 3.5 Gram |,TYSON 2.0,flower,,4400,27.0,,hybrid,TRUE,https://shop.bedfordclub.com/menu/products/tyson-20-358926/flower/x-tyson-20-sonoran-sunrise-indoor-flower-35-gram--8042620,https://tymber-blaze-products.imgix.net/download---2026-04-27T123153-215-6c22c026-5bb3-428e-8f8b-73fa37cca648.jpeg,2026-05-23T23:11:51.610988+00:00,"Perfect for those up early—or still up late—Sonoran Sunrise hits with a bright burst of citrus, backed by creamy cookie notes and a touch of floral gas. This balanced hybrid delivers a smooth, flavorful smoke that’s both uplifting and grounding, ideal for easing into the day or winding one down.",,Sonoran Sunrise
bedford-club-bk,BC2CPRO1,BC2CPRO1,X| Tyson 2.0 | Exodus Reserve | Indoor Flower | 3.5 Gram,TYSON 2.0,flower,,4400,25.32,,hybrid,TRUE,https://shop.bedfordclub.com/menu/products/tyson-20-358926/flower/x-tyson-20-exodus-reserve-indoor-flower-35-gram-8042619,https://tymber-blaze-products.imgix.net/download---2026-04-27T122934-283-555fd862-3ebd-4ee2-9d49-12a1683c9288.jpeg,2026-05-23T23:11:51.610988+00:00,"Named in loving memory of Mike Tyson’s daughter, Exodus is a hybrid crafted from Oreoz x Jealousy, combining earthy sweetness, rich chocolate, and a hint of funk. It delivers a calming, heart-opening experience that soothes the body and lifts the mind. More than a strain, Exodus is a tribute to love, healing, and the deep lessons that come from loss and connection.",,Exodus Reserve
bedford-club-bk,BFC5PRO1,BFC5PRO1,X| Raven's View Genetics | Lemon Pine | Pre Roll | 1g,Ravens View Genetics,preroll,,1100,25.6,,sativa,TRUE,https://shop.bedfordclub.com/menu/products/ravens-view-genetics-349854/preroll/x-ravens-view-genetics-lemon-pine-pre-roll-1g-8043193,https://tymber-blaze-categories.imgix.net/420default-Preroll.jpg,2026-05-23T23:11:51.610988+00:00,"As the name suggests, this strain is packed with notes of citrus and pine, manifesting an inspired, cerebral experience. Lemon Pine is the connoisseur’s choice for soaking up the sunshine and connecting with the world around you.",,Lemon Pine
bedford-club-bk,E49A0AYGWMHNGY,E49A0AYGWMHNGY,X| Bloom | Blue Cookies | Live | All-in-One | 0.5g,BLOOM,vaporizers,.5g,3200,87.96,,50/50,TRUE,https://shop.bedfordclub.com/menu/products/bloom-357010/vape-pens/x-bloom-blue-cookies-live-all-in-one-05g-8043192,https://tymber-blaze-products.imgix.net/download---2026-04-27T141617-732-f9ca2fa1-3a73-42b2-9964-de0a47b15b39.jpeg,2026-05-23T23:11:51.610988+00:00,"Blue Cookies is an intense rush of a high, which shouldn't surprise given the cross of GSC and Blueberry strains, both known for their potency. Bold flavors match the potency of this strain, with obvious blueberry and sweet flavors at the initial hit, followed by earthy notes. Cerebral, aroused and relaxed feelings are most often the result of hitting this strain, making it perfect for either an enjoyable stroll in nature or a night in indulging in your favorite at home activities. Phenotype Hybrid Cross GSC x Blueberry Notes Blueberry, Cherry, Dank",,
bedford-club-bk,B1EEPRO1,B1EEPRO1,X| Raven's View Genetics | Nutter Budder | Pre Roll | 1g,Ravens View Genetics,preroll,,1100,16.5,,hybrid,TRUE,https://shop.bedfordclub.com/menu/products/ravens-view-genetics-349854/preroll/x-ravens-view-genetics-nutter-budder-pre-roll-1g-8043190,https://tymber-blaze-products.imgix.net/download---2026-04-27T135917-358-6000ebd7-c793-40c4-a12c-16ee50d279ce.jpeg,2026-05-23T23:11:51.610988+00:00,"Ravens View Genetics – Nutter Budder Flower (1g) Enjoy a rich, relaxing cannabis experience with Nutter Budder Flower (1g) from Ravens View Genetics, available at Cannabis Realm. This convenient single-gram offering highlights the flavorful Nutter Budder, an indica-leaning variety known for its calming effects and distinctive nutty, dessert-like profile. Product Details Product Type: Cannabis Flower Strain: Nutter Budder Brand: Ravens View Genetics Weight: 1 gram Category: Indica Flavor & Aroma Nutter Budder typically delivers a sweet, nutty aroma with earthy undertones, often described as reminiscent of creamy dessert flavors. The terpene profile creates a smooth, flavorful smoke that appeals to fans of rich, savory-sweet cannabis strains. Effects & Experience This indica-leaning strain is commonly associated with relaxing and calming effects, making it a good option for unwinding after a long day. Many consumers report feeling happy, relaxed, and slightly sleepy, which makes it a popular evening strain.",,Nutter Butter
bedford-club-bk,B01CPRO1,B01CPRO1,X| Raven's View Genetics | Garlic Budder | Pre Roll | 1g,Ravens View Genetics,preroll,,1100,20.7,,indica,TRUE,https://shop.bedfordclub.com/menu/products/ravens-view-genetics-349854/preroll/x-ravens-view-genetics-garlic-budder-pre-roll-1g-8043189,https://tymber-blaze-products.imgix.net/download---2026-04-27T135643-597-b60bbc3f-30ba-473d-b2d4-d3a71b289694.jpeg,2026-05-23T23:11:51.610988+00:00,"Raven's View Genetics' Garlic Budder 1g pre-roll is a potent, savory indica-dominant hybrid offering a relaxing experience with roughly – THC. Popular for evening use, it features a unique aromatic profile of nutty spices and garlic derived from its GMO × Fortune Cookies parentage.",,Garlic Budder
bedford-club-bk,BD10PRO1,BD10PRO1,X| Ravens View Genetics | Jelly Donutz | Pre Roll | 1g,Ravens View Genetics,preroll,,1000,24.9,,sativa,TRUE,https://shop.bedfordclub.com/menu/products/ravens-view-genetics-349854/preroll/x-ravens-view-genetics-jelly-donutz-pre-roll-1g-8043196,https://tymber-blaze-products.imgix.net/download---2026-04-27T125852-394-26926ee6-bbd4-4053-8958-80a437f7af90.jpeg,2026-05-23T23:11:51.610988+00:00,"This heavy-hitting strain offers a tasty combination of cotton candy and fuel flavors for an energizing, upbeat experience while avoiding the jitters. Jelly Donutz is the connoisseur’s choice for enjoying active hobbies or pushing through your to-do list. One 1g Pre-Roll Sativa-Dominant Hybrid [Hella Jelly x White Runtz] Jelly Donuts",,Jelly Donutz
bedford-club-bk,B115PRO1,B115PRO1,X| Raven's View Genetics | Pineapple Muffin | Pre Roll | 1g,Ravens View Genetics,preroll,,1100,16.5,,indica,TRUE,https://shop.bedfordclub.com/menu/products/ravens-view-genetics-349854/preroll/x-ravens-view-genetics-pineapple-muffin-pre-roll-1g-8043195,https://tymber-blaze-products.imgix.net/download---2026-04-27T135040-460-f2b7a019-a928-4bf5-94b1-e23f8010e681.jpeg,2026-05-23T23:11:51.610988+00:00,"Raven's View Genetics Pineapple Muffin 1g Pre-Roll is an indica-dominant hybrid featuring a sweet, dessert-like aroma of blueberries and pineapple. Grown in Delhi, NY, this strain often tests around 16.5%–21% THC, providing a calm, blissful, and relaxed experience with a gentle mood boost.",,Pineapple Muffin
bedford-club-bk,BFFAPRO1,BFFAPRO1,X| Raven's View Genetics | Orange Cream Pop | Pre Roll | 1g,Ravens View Genetics,preroll,,1000,20.5,,sativa,TRUE,https://shop.bedfordclub.com/menu/products/ravens-view-genetics-349854/preroll/x-ravens-view-genetics-orange-cream-pop-pre-roll-1g-8043194,https://tymber-blaze-products.imgix.net/download---2026-04-27T135352-438-f49a08ce-f37a-4f36-8266-10be59e940b4.jpeg,2026-05-23T23:11:51.610988+00:00,"Ravens View Genetics' Orange Cream Pop is a sativa-dominant hybrid strain (Hella Jelly x Orange Creamsicle Bx3) known for its vibrant orange, citrus, and sweet cream aroma. It offers an energizing, creative, and uplifting high designed for daytime use, featuring a complex flavor profile with creamy, skunky undertones.",,Orange Cream Pop
bedford-club-bk,A6528C75DM7BWJ,A6528C75DM7BWJ,X| Raven's View Genetics | Poddy Mouth | Pre Roll | 1g,Ravens View Genetics,preroll,1g,900,20.0,,50/50,TRUE,https://shop.bedfordclub.com/menu/products/ravens-view-genetics-349854/preroll/x-ravens-view-genetics-poddy-mouth-pre-roll-1g-8043665,https://tymber-blaze-products.imgix.net/download---2026-04-27T150402-415-5e537d41-bfbc-471e-9295-466abfda047d.jpeg,2026-05-23T23:11:51.610988+00:00,"""A versatile hybrid with earthy sweetness, perfect for sparking inspiration or good times.""",,
bedford-club-bk,B179PRO1,B179PRO1,X| MEGA | Tropical Twist | Gummies,Grön Edibles,edible,,1800,100.0,,indica,TRUE,https://shop.bedfordclub.com/menu/products/grn-edibles-394150/edibles/x-mega-tropical-twist-gummies-8043828,https://tymber-blaze-products.imgix.net/download---2026-04-27T154912-597-6999b16f-1d48-4505-9884-14e899b46291.jpeg,2026-05-23T23:11:51.610988+00:00,"Our Tropical Twist Mega will take you to an island vacation no matter where you are, with flavors of pineapple and coconut (who ordered the Piña Colada?). Bon voyage.",,Tropical Twist
bedford-club-bk,BE4EPRO1,BE4EPRO1,X| MEGA | Strawberry Lemonade | 1:1 | CBC/THC,Grön Edibles,edible,,1800,100.0,,sativa,TRUE,https://shop.bedfordclub.com/menu/products/grn-edibles-394150/edibles/x-mega-strawberry-lemonade-11-cbcthc-8043827,https://tymber-blaze-products.imgix.net/download---2026-04-27T151953-580-79bb7da2-992d-4947-a8de-a50683e4b8b5.jpeg,2026-05-23T23:11:51.610988+00:00,"A pick-me-up edible when you’re looking forward to a big day, our 1:1 Strawberry Lemonade Mega is infused with CBC and THC for a boost of tart lemonade with a touch of strawberry sweetness. Soy-Free • Gluten-Free • Made with Rosin 1/10 MEGA PER SERVING | 10 SERVINGS PER PACKAGE",,Strawberry Lemonade
bedford-club-bk,B689PRO1,B689PRO1,X| MEGA | Sour Grape | Gummies,Grön Edibles,edible,,1800,100.0,,indica,TRUE,https://shop.bedfordclub.com/menu/products/grn-edibles-394150/edibles/x-mega-sour-grape-gummies-8043826,https://tymber-blaze-products.imgix.net/download---2026-04-27T154702-635-b4a4d057-f1ea-4488-be1e-b1be673206ff.jpeg,2026-05-23T23:11:51.610988+00:00,,,Sour Grape
bedford-club-bk,BF03PRO1,BF03PRO1,X| MEGA | Sour Apple | Gummies,Grön Edibles,edible,,1800,100.0,,hybrid,TRUE,https://shop.bedfordclub.com/menu/products/grn-edibles-394150/edibles/x-mega-sour-apple-gummies-8043825,https://tymber-blaze-products.imgix.net/download---2026-04-27T152752-502-da41c18c-50b8-4f33-96a8-1fe753255e29.jpeg,2026-05-23T23:11:51.610988+00:00,,,Big Apple
bedford-club-bk,B600PRO1,B600PRO1,X| MEGA | Passion Orange Guava | Gummies,Grön Edibles,edible,,1800,100.0,,hybrid,TRUE,https://shop.bedfordclub.com/menu/products/grn-edibles-394150/edibles/x-mega-passion-orange-guava-gummies-8043824,https://tymber-blaze-products.imgix.net/download---2026-04-27T153840-988-43958866-6641-4827-bf43-176add15013c.jpeg,2026-05-23T23:11:51.610988+00:00,,,Passion Orange Guava
bedford-club-bk,B5D9PRO1,B5D9PRO1,X| MEGA | Lemonade | Gummies,Grön Edibles,edible,,1800,100.0,,sativa,TRUE,https://shop.bedfordclub.com/menu/products/grn-edibles-394150/edibles/x-mega-lemonade-gummies-8043823,https://tymber-blaze-products.imgix.net/download---2026-04-27T153614-818-c9408368-97d7-4c7c-afce-582e450ac0c8.jpeg,2026-05-23T23:11:51.610988+00:00,The Lemonade Mega tastes as lively and bright as it makes you feel. The combination of sunny sativa effects and fresh lemonade flavor are absolutely made for each other.,,Lemonade
bedford-club-bk,B55BPRO1,B55BPRO1,X| MEGA | Cherry Limeade | Gummies,Grön Edibles,edible,,1800,100.0,,indica,TRUE,https://shop.bedfordclub.com/menu/products/grn-edibles-394150/edibles/x-mega-cherry-limeade-gummies-8043822,https://tymber-blaze-products.imgix.net/download---2026-04-27T153403-515-78a732bb-f41b-48af-9029-0ccf920dcc3b.jpeg,2026-05-23T23:11:51.610988+00:00,"Like a splash of your favorite summertime slushy, our Cherry Limeade Mega is a little sweet and a little tart. Okay who are we kidding? They’re not a little anything.",,Cherry Limeade
bedford-club-bk,B52BPRO1,B52BPRO1,X| MEGA | Cherry Cola | Rosin | Gummies,Grön Edibles,edible,,2000,100.0,,indica,TRUE,https://shop.bedfordclub.com/menu/products/grn-edibles-394150/edibles/x-mega-cherry-cola-rosin-gummies-8043821,https://tymber-blaze-products.imgix.net/download---2026-04-27T152855-990-71da642c-302c-4512-893e-2503eca2fcb6.jpeg,2026-05-23T23:11:51.610988+00:00,"Classic Flavor Meets Indica Sedation – Grön Mega Cherry Cola Rosin Gummies! Savor the perfect blend of taste and effect with the Grön Mega Cherry Cola Rosin Infused Gummies. These vegan, gluten-free edibles are infused with solventless live rosin and offer a deliciously potent way to experience cannabis in its purest form. Each pack contains 1 100mg gummy that can be split to 10 10mg pieces of all in one go, delivering 100mg total THC. Experience the nostalgic fusion of rich cherry and effervescent cola, that will leave you feeling relaxed in the mind and body ready for you night time adventure. Infused with full-spectrum Indica rosin, Grön’s Mega Cherry Cola gummies preserve the natural terpenes and cannabinoids of the plant, offering a true-to-strain experience with every bite.",,Cherry Cola
bedford-club-bk,B3B3PRO1,B3B3PRO1,X| MEGA | Blue Razzleberry | 1:1 | CBG/THC Daytime,Grön Edibles,edible,,1800,100.0,,sativa,TRUE,https://shop.bedfordclub.com/menu/products/grn-edibles-394150/edibles/x-mega-blue-razzleberry-11-cbgthc-daytime-8043820,https://tymber-blaze-products.imgix.net/download---2026-04-27T151637-587-36d1a411-2c4c-4d35-8f4d-bd8acd991872.jpeg,2026-05-23T23:11:51.610988+00:00,"Treat your tastebuds to a blast of berry in an uplifting 1:1 ratio of CBG and THC. It's the ideal Mega for people who have a big — like really, really big — day ahead.",,Blue Razzleberry
bedford-club-bk,B3A1PRO1,B3A1PRO1,X| MEGA | Blackberry | Sleepy 1:1 CBN/THC,Grön Edibles,edible,,1800,100.0,,indica,TRUE,https://shop.bedfordclub.com/menu/products/grn-edibles-394150/edibles/x-mega-blackberry-sleepy-11-cbnthc-8043819,https://tymber-blaze-products.imgix.net/download---2026-04-27T151218-229-5acf30be-32c9-4e79-aeb8-6bd78b1a59bf.jpeg,2026-05-23T23:11:51.610988+00:00,"INDICA Dream big with fresh-picked flavor of real blackberries in a 1:1 ratio of CBN & THC. PERFECT FOR: Dreaming all night long Silencing the Sunday scaries Unwinding at the end of a long day A cozy night in Made with Real Fruit Full-Spectrum Extract Gluten-Free Soy-Free Corn Syrup, Sugar, Water, Gelatin, Citric Acid, Coconut Oil, Natural Fruit Flavors, Fumaric Acid, Organic Blackberry Powder, Cannabis Extract. CONTAINS: COCONUT",,Blackberry
bedford-club-bk,B44BPRO1,B44BPRO1,X| MEGA | Baja Blaze | Gummies | Rosin,Grön Edibles,edible,,2000,100.0,,sativa,TRUE,https://shop.bedfordclub.com/menu/products/grn-edibles-394150/edibles/x-mega-baja-blaze-gummies-rosin-8043818,https://tymber-blaze-products.imgix.net/download---2026-04-27T152408-431-421da4cb-2511-4152-ba50-809064ee08b6.jpeg,2026-05-23T23:11:51.610988+00:00,"Tropical and Sweet Flavor Meets Sativa Euphoria– Grön Mega Baja Blaze Rosin Gummies! Savor the perfect blend of taste and effect with the Grön Mega Baja Blaze Rosin Infused Gummies. These vegan, gluten-free edibles are infused with solventless live rosin and offer a deliciously potent way to experience cannabis in its purest form. Each pack contains 1 100mg gummy that can be split to 10 10mg pieces of all in one go, delivering 100mg total THC and a sativa high that offers the best high filled with euphoria, happiness, creativity, and inspiration without the heavy anxiety. No matter if its for a day out in the sun or a long day you might need a boost for, this will be the next go to for your sativa daytime needs. Infused with full-spectrum hybrid rosin, Grön’s Mega Baja Blaze gummies preserve the natural terpenes and cannabinoids of the plant, offering a true-to-strain experience with every bite. The juicy peach and ripe mango flavor delivers a tropical escape, while the consistent dosing ensures you’re always in control of your experience. Certificate Of Analysis",,Baja Blaze
bedford-club-bk,B0ECPRO2,B0ECPRO2,X| MEGA Peach Mango | Rosin | Gummies,Grön Edibles,edible,,2000,100.0,,hybrid,TRUE,https://shop.bedfordclub.com/menu/products/grn-edibles-394150/edibles/x-mega-peach-mango-rosin-gummies-8043817,https://tymber-blaze-products.imgix.net/download---2026-04-27T154208-860-ef5c57c7-ff24-4c63-8e4d-746328e609f2.jpeg,2026-05-23T23:11:51.610988+00:00,"Tropical Flavor Meets Hybrid Balance – Grön Mega Peach Mango Rosin Gummies! Savor the perfect blend of taste and effect with the Grön Mega Peach Mango Rosin Infused Gummies. These vegan, gluten-free edibles are infused with solventless live rosin and offer a deliciously potent way to experience cannabis in its purest form. Each pack contains 1 100mg gummy that can be split to 10 10mg pieces of all in one go, delivering 100mg total THC and a hybrid high that offers the best of both worlds—uplifting euphoria and calming relaxation. Whether you're looking to unwind, boost creativity, or enhance your mood, these gummies are a flavorful and effective choice. Infused with full-spectrum hybrid rosin, Grön’s Mega Peach Mango gummies preserve the natural terpenes and cannabinoids of the plant, offering a true-to-strain experience with every bite. The juicy peach and ripe mango flavor delivers a tropical escape, while the consistent dosing ensures you’re always in control of your experience.",,Peach Mango
bedford-club-bk,B99APRO1,B99APRO1,X| LayUp | Mango Tea | Beverage 12oz | 10mg,Layup,edible,,500,10.0,,sativa,TRUE,https://shop.bedfordclub.com/menu/products/layup-576013/beverage/x-layup-mango-tea-beverage-12oz-10mg-8050702,https://tymber-blaze-products.imgix.net/download---2026-04-27T161752-554-afc37aa5-40b9-4aac-9952-c44122acef9f.jpeg,2026-05-23T23:11:51.610988+00:00,"Layup Mango Tea is juicy, vivid, and effortlessly refreshing. Real mango and brewed tea combine for a tropical hit that’s playful and never heavy. 10mg THC and electrolytes provide an effortless lift that moves naturally. 16g sugar. Less than 60 calories. No Carbonation. Vegan. Gluten Free. Non-GMO. Layup is co-founded by J.R. Smith, former NBA champion and current collegiate athlete and golfer. Known for his fearless play and focus under pressure, J.R. brings that same energy to the creation of Layup—a THC beverage designed to keep you clear, calm, and dialed in. From product development to brand direction, J.R. has been hands-on every step of the way. This isn’t a name-drop—it’s a partnership that brings together elite mindset and everyday functionality in one can.",,Mango Tea
bedford-club-bk,B467PRO1,B467PRO1,X| LayUp | Lemonade | Beverage | 10mg,Layup,edible,,500,10.0,,hybrid,TRUE,https://shop.bedfordclub.com/menu/products/layup-576013/beverage/x-layup-lemonade-beverage-10mg-8050701,https://tymber-blaze-products.imgix.net/download---2026-04-27T162145-895-0b890291-ce23-4723-8e06-4e2506883b80.jpeg,2026-05-23T23:11:51.610988+00:00,"Layup Lemonade is a bright, refreshing, and effortlessly smooth beverage designed for those who appreciate an elevated experience. With 10mg of fast-acting THC that takes effect in about 15 minutes, this drink is crafted using real lemon juice and natural cane sugar to achieve a perfect balance of tart and sweet. Enhanced with electrolytes for optimal hydration, this vegan and gluten-free beverage is ideal for enjoying on the golf course, at the beach, or around the bonfire. With only 72 calories and 18 grams of sugar per serving, Layup Lemonade offers a sophisticated, health-conscious way to stay cool and energized.",,Lemonade
bedford-club-bk,B895PRO1,B895PRO1,X| Cannabals | Purple Haze | Puffs | Pre Rolls | 0.5g | 7ct,Cannabals,preroll,,4500,29.38,,sativa,TRUE,https://shop.bedfordclub.com/menu/products/cannabals-382163/infused-preroll/x-cannabals-purple-haze-puffs-pre-rolls-05g-7ct-8050700,https://tymber-blaze-products.imgix.net/download---2026-04-27T160857-103-345db621-76a0-49b3-9e57-ff2850963f5f.jpeg,2026-05-23T23:11:51.610988+00:00,"Cannabals | Diamond-Infused Pre-Roll | 0.5 Gram | Purple Haze | 7-Pack THC Range: 24% Strain Type: Purple Haze Flower infused with THCA Diamonds Product Description: Step into a vibrant world of flavor and experience with Cannabals' Diamond-Infused Pre-Rolls. Each 0.7g pre-roll features the legendary Purple Haze strain, enhanced with potent THCA Diamonds, known for their unrivaled purity. When heated, these diamonds convert to THC, delivering a powerful, smooth high. Expect a delicious burst of sweet berry flavors with a touch of spice that complements the Purple Haze strain’s signature effects. Purple Haze is celebrated for its cerebral, euphoric high that fuels creativity while providing a light, body-buzzing relaxation. Whether you’re seeking inspiration or simply unwinding after a long day, this pre-roll offers a dreamy, uplifting escape. Elevate your experience and let your mind soar with Cannabals' perfectly crafted blend of flower and diamonds. Effects: Uplifting Cerebral High, Relaxation, Creative Boost, Dreamy Euphoria",,Purple Haze
bedford-club-bk,B847PRO1,B847PRO1,X| Cannabals | Puffs | Sour Diesel | Pre Rolls | 0.5g | 7ct,Cannabals,preroll,.5g,4500,30.0,,hybrid,TRUE,https://shop.bedfordclub.com/menu/products/cannabals-382163/infused-preroll/x-cannabals-puffs-sour-diesel-pre-rolls-05g-7ct-8050699,https://tymber-blaze-products.imgix.net/download---2026-04-27T160508-629-794b5d50-00ab-4197-81a0-933a9dd59c48.jpeg,2026-05-23T23:11:51.610988+00:00,"Fuel up and lock in. Sour Diesel is loud from first spark—gassy, citrusy, and just a little earthy. With diamond-infused flower, this cult classic delivers fast-acting cerebral elevation and a clean body feel. Perfect for powering through the day or leveling up your vibe. Focused, talkative, and timeless.",,Sour Diesel
bedford-club-bk,B938PRO1,B938PRO1,X| Cannabals | Milk Chocolate | Cones | 100mg THC 10ct,Cannabals,edible,,3000,100.0,,hybrid,TRUE,https://shop.bedfordclub.com/menu/products/cannabals-382163/edibles/x-cannabals-milk-chocolate-cones-100mg-thc-10ct-8050698,https://tymber-blaze-products.imgix.net/download---2026-04-27T161442-749-348ec00b-75f2-4f24-8235-a9cc7df177d5.jpeg,2026-05-23T23:11:51.610988+00:00,"Cannabals Milk Chocolate Cones 10 mg per cone | 100 mg per bag Crunchy, creamy, and oh-so-dreamy. Cannabals Milk Chocolate Cones bring the ultimate treat in every bite—crispy sugar cones packed with smooth, decadent Belgian milk chocolate infused with 10 mg of cannabis. Rich, satisfying, and dangerously snackable. Each bag comes with 10 cones, but let’s be real—stopping at just one is the real challenge. Ingredients: Milk chocolate (sugar, cocoa butter, whole milk powder, unsweetened chocolate, lecithin (soy), natural vanilla flavor), cone (wheat flour, sugar, coconut oil, rapeseed lecithin (emulsifier), salt), cannabis extract",,Milk Chocolate
bedford-club-bk,B34DPRO1,B34DPRO1,X| Cannabals | Lemon Cherry Gelato | Puffs | Pre Rolls | 0.5g - 7ct,Cannabals,preroll,,4500,29.0,,indica,TRUE,https://shop.bedfordclub.com/menu/products/cannabals-382163/infused-preroll/x-cannabals-lemon-cherry-gelato-puffs-pre-rolls-05g-7ct-8050697,https://tymber-blaze-products.imgix.net/download---2026-04-27T161125-903-3473a008-448d-40c8-a985-2acafd0bd901.jpeg,2026-05-23T23:11:51.610988+00:00,,,Lemon Cherry Gelato
bedford-club-bk,B3A8PRO1,B3A8PRO1,X| Ruby Farms | Doobies | Black Cherry Gelato | 7 Count | Net 3.5G | 0.5g,Ruby Farms,preroll,,3800,27.6,,hybrid,TRUE,https://shop.bedfordclub.com/menu/products/ruby-farms-338873/preroll/x-ruby-farms-doobies-black-cherry-gelato-7-count-net-35g-05g-8052520,https://tymber-blaze-products.imgix.net/download---2026-04-27T234437-455-eefc1774-a15d-45e7-b719-ed1777305eb3.jpeg,2026-05-23T23:11:51.610988+00:00,"The Ruby Doobie’s hand-rolled aesthetic is complemented by the natural and unbleached hemp-based wraps that enclose our Ruby Farms flower. This artisanal hand-rolled luxury smoking experience comes in a sleek, copper metal tin that is convenient and all about good vibrations. We paired our Black Cherry Gelato Strain with this batch, a hybrid strain with beautiful deep purple leaves. It is crossed with Black Cherry Funk x Acai. This exotic is a hard cut to get and is high in demand. Seven .5g Pre-Rolls | Hybrid | Black Cherry Funk x Acai Cannabis flower is the smokable, trichome-covered part of a female cannabis plant. Pre-rolls are cannabis joints that have been rolled ahead of time for you.",,Black Cherry Gelato
bedford-club-bk,B399PRO1,B399PRO1,X| Ruby Farms | Doobies | 707 Headband | 7 Count | Net 3.5G | 0.5g,Ruby Farms,preroll,,3800,27.7,,hybrid,TRUE,https://shop.bedfordclub.com/menu/products/ruby-farms-338873/preroll/x-ruby-farms-doobies-707-headband-7-count-net-35g-05g-8052519,https://tymber-blaze-products.imgix.net/download---2026-04-27T234144-664-b75bbbb2-5702-4213-8860-1f206467e348.jpeg,2026-05-23T23:11:51.610988+00:00,"Ruby Farms are purveyors of classic, nostalgic cultivars that are rare and highly sought after, predominantly Dutch lineage. We have spent decades growing and preserving these special genetics. Every plant has a purpose, and we have a core value of living off the land. Ruby Farms is committed to the three P's: purity, potency and precision. Our custom artisan vintage packaging filled with the absolute highest quality, sun grown flower, fully climate control drying and curing environment ensures a transformational consumer luxury smoking experience. ""We are loyal to the soil, and our roots run deep."" We express our story through our products",,707 Headband
bedford-club-bk,B387PRO1,B387PRO1,X| Ruby Farms | Doobies | Super Silver Haze | 2 Count | Net 1G | 0.5g,Ruby Farms,preroll,,1400,27.0,,sativa,TRUE,https://shop.bedfordclub.com/menu/products/ruby-farms-338873/preroll/x-ruby-farms-doobies-super-silver-haze-2-count-net-1g-05g-8052522,https://tymber-blaze-products.imgix.net/download---2026-04-27T233854-383-220067f0-848d-4f27-b048-75f682f6b96d.jpeg,2026-05-23T23:11:51.610988+00:00,"Super Silver Haze is an award-winning sativa from Green House Seeds, bred from Skunk, Northern Lights, and Haze. Known for its energetic, long-lasting high and uplifting effects. This sticky, resinous strain is a favorite for daytime use.",,Super Silver Haze
bedford-club-bk,BE10PRO1,BE10PRO1,X| Ruby Farms | Doobies | Purple Hindu Kush | 2 Count | Net 1G | 5g,Ruby Farms,preroll,,1400,27.0,,indica,TRUE,https://shop.bedfordclub.com/menu/products/ruby-farms-338873/preroll/x-ruby-farms-doobies-purple-hindu-kush-2-count-net-1g-5g-8052521,https://tymber-blaze-products.imgix.net/download---2026-04-27T233601-281-d98fa6df-fa30-46ee-91bc-86cc747a848b.jpeg,2026-05-23T23:11:51.610988+00:00,"Ruby Farms Purple Hindu Kush Doobies are 2-pack pre-rolls (1g total, 0.5g each) featuring a potent indica strain known for deep relaxation, stress relief, and a 27–28% THC range. These 1g packs are designed for on-the-go convenience, offering a high-terpene, earthy, and floral smoke",,Purple Hindu Kush
bedford-club-bk,BA65PRO1,BA65PRO1,X| Flamer | PNC | Pre Roll | Single,FLAMER,preroll,,1400,28.8,,sativa,TRUE,https://shop.bedfordclub.com/menu/products/flamer-592906/preroll/x-flamer-pnc-pre-roll-single-8054702,https://tymber-blaze-products.imgix.net/download---2026-04-28T132001-796-08097a3d-5c6a-44fb-a12a-148620e82539.jpeg,2026-05-23T23:11:51.610988+00:00,"Need answers? smoke P.N.C. this is the closest you’ll be to God. This sativa dominant hybrid strain will leave you feeling amorous, relaxed, and happy. Includes one 1g preroll.",,PNC
bedford-club-bk,B88DPRO1,B88DPRO1,X| Microbar | Rocket Popz | All-in-One | 1g,Micro Bar,vaporizers,,5000,89.3,,indica,TRUE,https://shop.bedfordclub.com/menu/products/micro-bar-517094/vape-pens/x-microbar-rocket-popz-all-in-one-1g-8059037,https://tymber-blaze-products.imgix.net/download---2026-04-29T123527-538-90fcf0c4-124e-4054-97cf-b2b77eb602d6.jpeg,2026-05-23T23:11:51.610988+00:00,"Introducing Micro Bar's new summer banger: Rocket Popz. This delightful treat brings the nostalgia of classic popsicles to your taste buds with a refreshing blend of cherry, lime, and blue raspberry flavors. Each puff offers a sweet, tangy burst that cools you down on even the hottest summer days. Rocket Popz is your ultimate summer refresher, capturing the joy of childhood memories in every delicious drop. Don't miss out on this limited-edition sensation—it's the perfect way to beat the heat and savor the season.",,Rocket Popz
bedford-club-bk,B8BCPRO1,B8BCPRO1,X| Microbar | Pineapple Express | All-in-One | 1g,Micro Bar,vaporizers,,5000,93.0,,sativa,TRUE,https://shop.bedfordclub.com/menu/products/micro-bar-517094/vape-pens/x-microbar-pineapple-express-all-in-one-1g-8059036,https://tymber-blaze-products.imgix.net/download---2026-04-29T123756-850-cb4845d0-04ec-4eb1-91b8-94c7950be2b2.jpeg,2026-05-23T23:11:51.610988+00:00,"Pineapple Express whisks you away with the bold, sweet taste of ripe, golden pineapples, harmoniously blended with subtle hints of exotic fruits and a whisper of cream. This Invigorating and unforgettable tropical escape with every tantalizing drop.",,Pineapple Express
bedford-club-bk,B7ADPRO1,B7ADPRO1,X| Microbar | Melon Bar Quickstrike | All-in-One | 1g,Micro Bar,vaporizers,,5000,80.0,,sativa,TRUE,https://shop.bedfordclub.com/menu/products/micro-bar-517094/vape-pens/x-microbar-melon-bar-quickstrike-all-in-one-1g-8059035,https://tymber-blaze-products.imgix.net/download---2026-04-29T122712-979-ee7dcc4e-ca23-4ea1-b571-ebc775e022fb.jpeg,2026-05-23T23:11:51.610988+00:00,"Delight in the taste of spring with the Quickstrike Limited Edition Melon Bar! This creamy, fruity concoction embodies the refreshing sweetness of ripe melon, leaving a smooth, velvety finish. Every puff delivers a well-balanced flavor that's both invigorating and indulgent. Bright, juicy, and utterly irresistible, this limited edition is available for a short time — don’t miss out, get yours before it’s gone!",,Melon Bar Quickstrike
bedford-club-bk,BF12PRO1,BF12PRO1,X| Microbar | Golden Dragon Fruit | All-in-One | 1g,Micro Bar,vaporizers,,5000,89.0,,hybrid,TRUE,https://shop.bedfordclub.com/menu/products/micro-bar-517094/vape-pens/x-microbar-golden-dragon-fruit-all-in-one-1g-8059034,https://tymber-blaze-products.imgix.net/download---2026-04-29T123153-803-b3a5b3a7-c077-46ce-8b0d-3e2323f472b6.jpeg,2026-05-23T23:11:51.610988+00:00,"Due to the overwhelming popularity of the ""Year of the DRAGON FRUIT"" Quickstrike released in celebration of the 2024 Chinese New Year, we’ve brought it back with a twist in the form of Golden Dragon Fruit for our Mainline collection. This unique blend of sweet and tangy golden dragon fruit, complemented by an array of succulent fruits, continues to embody the power, luck, and strength of the dragon, delivering an exciting and bold taste experience.",,Golden Dragon Fruit
bedford-club-bk,B758PRO1,B758PRO1,X| Microbar | Blackberry Slush | All-in-One | 1g,Micro Bar,vaporizers,,5000,82.85,,sativa,TRUE,https://shop.bedfordclub.com/menu/products/micro-bar-517094/vape-pens/x-microbar-blackberry-slush-all-in-one-1g-8059033,https://tymber-blaze-products.imgix.net/download---2026-04-29T122524-043-4f4b5549-4fb6-42b3-a0a2-8e528dba0123.jpeg,2026-05-23T23:11:51.610988+00:00,"Introducing ""Blackberry Slush,"" a flavor from Micro Bar that's sure to tantalize your taste buds with its irresistible combination of sweetness and subtle tartness. With every puff, you'll be transported to a world of pure delight, as the luscious taste of ripe blackberries washes over your palate. The initial burst of sweetness is perfectly balanced by a hint of tartness, creating a harmonious symphony of flavors that dance on your tongue.",,Blackberry Slush
bedford-club-bk,B5F1PRO1,B5F1PRO1,X| Florist Farms | La Bomba | Flower | 7g,Florist Farms,flower,,7000,29.0,,sativa,TRUE,https://shop.bedfordclub.com/menu/products/florist-farms-355846/flower/x-florist-farms-la-bomba-flower-7g-8062267,https://tymber-blaze-products.imgix.net/download---2026-04-29T151645-275-2054d7fc-0eb8-408d-b40c-b1c041c3689b.jpeg,2026-05-23T23:11:51.610988+00:00,"This quarter-ounce of Florist Farms flower is hand-trimmed, sustainably grown in living soil, and cultivated with care in Cortland, NY. Whether you're rolling up or packing a bowl, expect a smooth, consistent experience rooted in craftsmanship and integrity. Effect: Sativa Flavor: Tropical with notes of spice and gas Ingredients: Cannabis Flower",,La Bomba
bedford-club-bk,BD06PRO1,BD06PRO1,X| Florist Farms | King Sherb | Flower | 3.5g,Florist Farms,flower,,4000,32.0,,indica,TRUE,https://shop.bedfordclub.com/menu/products/florist-farms-355846/flower/x-florist-farms-king-sherb-flower-35g-8062266,https://tymber-blaze-products.imgix.net/download---2026-04-29T151008-778-9353d8ce-de74-4367-bbd3-8437120f9803.jpeg,2026-05-23T23:11:51.610988+00:00,"This quarter-ounce of Florist Farms flower is hand-trimmed, sustainably grown in living soil, and cultivated with care in Cortland, NY. Whether you're rolling up or packing a bowl, expect a smooth, consistent experience rooted in craftsmanship and integrity. Effect: Indica Flavor: Earthy and spicy with notes of citrus Ingredients: Cannabis Flower",,King Herb
bedford-club-bk,BCD3PRO1,BCD3PRO1,X| Florist Farms | Jet Fuel Gelato | Flower | 3.5g,Florist Farms,flower,,4000,31.0,,hybrid,TRUE,https://shop.bedfordclub.com/menu/products/florist-farms-355846/flower/x-florist-farms-jet-fuel-gelato-flower-35g-8062265,https://tymber-blaze-products.imgix.net/download---2026-04-29T150801-923-3515e687-ddb5-437d-a512-518750f94597.jpeg,2026-05-23T23:11:51.610988+00:00,"This quarter-ounce of Florist Farms flower is hand-trimmed, sustainably grown in living soil, and cultivated with care in Cortland, NY. Whether you're rolling up or packing a bowl, expect a smooth, consistent experience rooted in craftsmanship and integrity. Effect: Hybrid Flavor: Diesel with rich floral undertones Ingredients: Cannabis Flower",,Jet Fuel Gelato
bedford-club-bk,BD60PRO1,BD60PRO1,X| Florist Farms | Jealousy | Flower | 7g,Florist Farms,flower,,7000,34.0,,hybrid,TRUE,https://shop.bedfordclub.com/menu/products/florist-farms-355846/flower/x-florist-farms-jealousy-flower-7g-8062264,https://tymber-blaze-products.imgix.net/download---2026-04-29T151227-395-985dc1af-ee5a-479c-974b-74c229a772af.jpeg,2026-05-23T23:11:51.610988+00:00,"This quarter-ounce of Florist Farms flower is hand-trimmed, sustainably grown in living soil, and cultivated with care in Cortland, NY. Whether you're rolling up or packing a bowl, expect a smooth, consistent experience rooted in craftsmanship and integrity. Effect: Hybrid Flavor: Herbaceous and woody with a spicy finish Ingredients: Cannabis Flower",,Jealousy
bedford-club-bk,B4A7PRO1,B4A7PRO1,X| Florist Farms | Grandi Guava | Flower | 3.5g,Florist Farms,flower,,4000,33.0,,sativa,TRUE,https://shop.bedfordclub.com/menu/products/florist-farms-355846/flower/x-florist-farms-grandi-guava-flower-35g-8062263,https://tymber-blaze-products.imgix.net/download---2026-04-29T150031-267-f774bef3-65be-47a6-9076-307390836655.jpeg,2026-05-23T23:11:51.610988+00:00,"This quarter-ounce of Florist Farms flower is hand-trimmed, sustainably grown in living soil, and cultivated with care in Cortland, NY. Whether you're rolling up or packing a bowl, expect a smooth, consistent experience rooted in craftsmanship and integrity. Effect: Sativa Flavor: Tropical fruit with hints of sweet citrus Ingredients: Cannabis Flower",,Grandi Guava
bedford-club-bk,B8EDPRO1,B8EDPRO1,X| Florist Farms | Biscotti | Flower | 7g,Florist Farms,flower,,7000,23.0,,indica,TRUE,https://shop.bedfordclub.com/menu/products/florist-farms-355846/flower/x-florist-farms-biscotti-flower-7g-8062262,https://tymber-blaze-products.imgix.net/download---2026-04-29T154732-028-d418b089-2862-4940-894e-5054eeef40d2.jpeg,2026-05-23T23:11:51.610988+00:00,,,Biscotti
bedford-club-bk,B4E1PRO1,B4E1PRO1,X| Florist Farms | Apple Fritter | Flower | 3.5,Florist Farms,flower,,4000,26.0,,hybrid,TRUE,https://shop.bedfordclub.com/menu/products/florist-farms-355846/flower/x-florist-farms-apple-fritter-flower-35-8062261,https://tymber-blaze-products.imgix.net/download---2026-04-29T150545-852-2f86b80b-a0ae-4c37-9804-69c5b8efbd1c.jpeg,2026-05-23T23:11:51.610988+00:00,"This eighth of Florist Farms flower is hand-trimmed and sustainably grown in greenhouses with living soil at their farm in Cortland, New York. Whether you're rolling up or packing a bowl, expect a smooth, consistent experience rooted in craftsmanship and integrity. Effect: Hybrid Flavor: Sweet and earthy with apple pastry notes Ingredients: Cannabis Flower",,Apple Fritter
bedford-club-bk,B329PRO1,B329PRO1,X| Head and Heal | RSO Dablicator | 1g,Head & Heal,edible,,7000,78.0,,hybrid,TRUE,https://shop.bedfordclub.com/menu/products/head-heal-392116/edibles/x-head-and-heal-rso-dablicator-1g-8062272,https://tymber-blaze-products.imgix.net/download---2026-04-29T155347-164-23e045cd-68cf-4c2c-bad1-647ad2291c0a.jpeg,2026-05-23T23:11:51.610988+00:00,"RSO is one of the most potent and natural cannabis extracts available. Unlike refined oils, RSO keeps the full spectrum of compounds from the plant - THC, CBD, and terpenes - all working together for stronger, longer-lasting effects. Many people choose RSO for help with sleep, comfort, and relaxation, or when they want a deeper, full-body experience. How to Use RSO With the Dablicator pen, using RSO has never been easier. Just twist and click to dispense a rice-grain-sized drop - no mess, no syringes, no guesswork. You can dispense directly onto your tongue, add it to a smoothie or hot beverage, or apply it to some food (like a cookie or cracker). It can also be dissolved into butter or oil for cooking. How do I use Dablicator? Dablicator is incredibly easy to use! First, take the cap off the tip. Then, hold the tank and twist the body, revealing the button. As the device twists, the button extends. There will be black lines at .025ml intervals and a red line at a .15ml interval. Each batch of RSO will have a different potency, so it is important to review the information on your products label for exact dosing information. Once you’ve twisted to your desired dose, press the button to dispense the oil. When you’re done dispensing oil, just twist back on the body to stop the flow of oil. When you first use a new Dablicator, you will need to prime it by going through the above steps to use the device and push the air bubble out that sometimes can occur. Once you’ve cleared this air bubble, you’ll be able to use the Dablicator normally. Visit headandhealthc.com for further instruction on how to use your Dablicator.",,RSO
bedford-club-bk,BBC0PRO1,BBC0PRO1,X| Head & Heal | Sleep Blend | 300THC | 1oz,Head & Heal,tinctures,.5g,7000,300.0,,hybrid,TRUE,https://shop.bedfordclub.com/menu/products/head-heal-392116/tinctures/x-head-heal-sleep-blend-300thc-1oz-8062271,https://tymber-blaze-products.imgix.net/download---2026-04-29T162919-037-f6388098-e3e5-4d07-956c-44e20950e0d3.jpeg,2026-05-23T23:11:51.610988+00:00,"10mg THC, 20mg CBD, and 20mg CBN per dropper A perfect blend of three powerful cannabinoids to naturally promote deep and restful sleep Precise-dosing information for every bottle is included on the side of each box. Simply measure out your exact dose and drop directly into your mouth 30 minutes before bedtime to promote a healthy sleep cycle and wake up feeling refreshed. Ingredients: Organic MCT oil, cannabis extract",,Sleep Blend
bedford-club-bk,B50FPRO1,B50FPRO1,X| Head & Heal | Relief Blend | 300mg THC | 1oz,Head & Heal,tinctures,.5g,7000,300.0,,hybrid,TRUE,https://shop.bedfordclub.com/menu/products/head-heal-392116/tinctures/x-head-heal-relief-blend-300mg-thc-1oz-8062270,https://tymber-blaze-products.imgix.net/download---2026-04-29T162614-787-a77c4c4a-cf1a-4816-8a4d-aaf5ee08f6ca.jpeg,2026-05-23T23:11:51.610988+00:00,"Relief THC:CBD The perfect combination for daily relief 10mg THC and 20mg CBD per dropper A synergistic 1:2 ratio of THC:CBD, providing more relief together than they would individually Offers a perfectly-formulated, natural approach to managing discomfort Precise-dosing information for every bottle is included on the side of each box. Simply measure out your exact dose and drop directly into your mouth as needed throughout the day for natural relief. Ingredients: Organic MCT oil, cannabis extract",,Relief
bedford-club-bk,B4BEPRO1,B4BEPRO1,"X| Head & Heal | Max Strength Blend | 1,000mg THC 1oz",Head & Heal,tinctures,.5g,11600,1000.0,,hybrid,TRUE,https://shop.bedfordclub.com/menu/products/head-heal-392116/tinctures/x-head-heal-max-strength-blend-1000mg-thc-1oz-8062269,https://tymber-blaze-products.imgix.net/download---2026-04-29T161352-889-7f7f166d-d6ed-4ec3-8bd1-71987936a4ad.jpeg,2026-05-23T23:11:51.610988+00:00,"33mg THC per dropper | 1000mg THC per bottle Don’t want to smoke your cannabis? A tincture is a great alternative. This 1000mg THC cannabis tincture is the highest potency product legally allowed in the state of New York. These tinctures are the most economical way to consume large quantities of THC for those in need of high doses for relief. To use: Find your dose using our easy to use dosing chart on the bottle and drop oil under the tongue. Hold for 10-15 seconds, then swallow. Expect effects 15 minutes - 1hr after consumption. Start low and go slow. We recommend starting with a dose of 2.5mg THC and working your way up until you find your most efficacious dose. Ingredients: Organic Fractionated Coconut Oil (MCT Oil), Full Spectrum Cannabis Extract Vegan | Kosher | Dairy Free | Sugar-Free | Gluten Free | Soy-Free | Tree Nut-Free30ml (1oz) | 100 Servings Per Bottle | 10mg THC per serving | 1000mg THC per bottle | HybridWhen you choose Head & Heal, you’re choosing to buy direct from the farmer. You’re choosing regeneratively-grown cannabis. Regenerative? That means we’re committed to giving back to our Mother Earth. Our humble farm is focused on building topsoil, biodiversity, and tending to all life. We extract our oils to retain the full spectrum of cannabinoids and terpenes, delivering a product that is pure, potent and highly effective.",,Max Strength Blend
bedford-club-bk,B397PRO1,B397PRO1,X| Head & Heal | Focus Blend | Tincture | 150mg | 1oz,Head & Heal,tinctures,.5g,7000,5.0,20.0,hybrid,TRUE,https://shop.bedfordclub.com/menu/products/head-heal-392116/tinctures/x-head-heal-focus-blend-tincture-150mg-1oz-8062268,https://tymber-blaze-products.imgix.net/download---2026-04-29T155908-099-1a3f169c-ad0d-483d-bd7d-630b8c02a71e.jpeg,2026-05-23T23:11:51.610988+00:00,"5mg THC and 20mg CBG per dropper Improves mental clarity and focus Provides a calm and creative state Natural and caffeine-free alternative to coffee Precise-dosing information for every bottle is included on the side of each box. Simply measure out your exact dose and drop directly into your mouth as needed throughout the day for natural support in focusing your mind and calming your body. Ingredients: Organic MCT oil, cannabis extract",,Focus
bedford-club-bk,BD96PRO1,BD96PRO1,X| MFNY | Sour Diesel x Sour Diesel | Live Resin Infused | Pre Roll | .75g | 4 pk,MFNY,vaporizers,,5000,32.89,,sativa,TRUE,https://shop.bedfordclub.com/menu/products/mfny-337200/vape-pens/x-mfny-sour-diesel-x-sour-diesel-live-resin-infused-pre-roll-75g-4-pk-8080753,https://tymber-blaze-products.imgix.net/download---2026-05-01T222730-528-11bb1182-b4e0-4c96-bcba-5e7918b1b6e6.jpeg,2026-05-23T23:11:51.610988+00:00,"The cultivar, the myth, the legend. It’s the first of the MFNY Classics that pay homage to the strains that shaped modern cannabis — and the highs they first brought us. MFNY Classics aren’t throwbacks, they’re living proof of what we can do by fusing old-school cultivars with modern processes. All to bring legendary, full-of-life flavors and effects to New Yorkers. For our resin infused pre-rolls (four-packs), we start with premium, hand-trimmed whole Sour Diesel flower then infuse it with our in-house made Sour Diesel live resin HTFSE (High Terpene Full Spectrum Extract from fresh frozen buds) totaling three quarters of a gram in weight. This process creates a higher potency, flavorful product as upon the first inhale of MFNY’s Sour Diesel, your pallet will be met with a deep diesel fuel and skunk that eventually gives way to a sour cream exhale. Potent and high in THC, this product is a treat for experienced cannabis consumers. No shake, no trim. Just the very best of our craft cannabis, ready to enjoy. Exclusively single-sourced at MFNY in the Hudson Valley",,Sour Diesel
bedford-club-bk,BCC3PRO2,BCC3PRO2,X| MFNY | Honey Banana Live Resin Vape Pen | .35g,MFNY,vaporizers,,1800,75.24,,hybrid,TRUE,https://shop.bedfordclub.com/menu/products/mfny-337200/vape-pens/x-mfny-honey-banana-live-resin-vape-pen-35g-8080752,https://tymber-blaze-products.imgix.net/download---2026-05-01T153423-544-ad01ab27-57d9-4184-b7cf-0df163cf0e35.jpeg,2026-05-23T23:11:51.610988+00:00,,,Honey Banana
bedford-club-bk,B3B2PRO1,B3B2PRO1,X| Jaunty | Papaya Punch | All-In-One | 1.5g,Jaunty,vaporizers,,5500,90.0,,hybrid,TRUE,https://shop.bedfordclub.com/menu/products/jaunty-345194/vape-pens/x-jaunty-papaya-punch-all-in-one-15g-8099706,https://tymber-blaze-products.imgix.net/download---2026-05-06T111359-647-6791da5c-27e7-48c7-962c-552efac1c88d.jpeg,2026-05-23T23:11:51.610988+00:00,"Contents: THC All-In-One Vape - (1.5g) Flavor: Fruit, Creamy, Floral, Sweet Extraction Method: Ethanol Ingredients: Cannabis Distillate Oil, Cannabis-Derived Terpenes Ride the wave of a tropical fruit cocktail with Papaya Punch, a hybrid packed with big fruit salad juiciness layered over a creamy floral sweetness that’s as complex as it is bold. Jaunty Palms combine cannabis-derived terpenes with distilled cannabis oil, delivering true-to-strain flavors and effects-driven profiles in a discreet, portable device — ideal for on-the-go use.",,Papaya Punch
bedford-club-bk,B3A5PRO1,B3A5PRO1,X| Jaunty | Chocolate Diesel | All-in-One | 1.5g,Jaunty,vaporizers,,5500,90.0,,sativa,TRUE,https://shop.bedfordclub.com/menu/products/jaunty-345194/vape-pens/x-jaunty-chocolate-diesel-all-in-one-15g-8099705,https://tymber-blaze-products.imgix.net/download---2026-05-06T111131-796-08c5b09a-476f-4255-9999-bbc6902f50b9.jpeg,2026-05-23T23:11:51.610988+00:00,"Jaunty – Chocolate Diesel – 1.5g Sativa All-In-One (AIO) Disposable Tap into bold flavor and sustained energy with the Jaunty Chocolate Diesel 1.5g Sativa All-In-One (AIO) Disposable—a convenient, high-capacity solution for flavorful, uplifting vaping without the need for charging, refills, or cartridges. Designed for smooth performance and consistent potency, this disposable delivers the full essence of a classic sativa profile in a sleek, ready-to-use format. Chocolate Diesel combines sweet, dessert-style notes with fuel-forward complexity. Expect a rich aromatic blend of cocoa, earthy diesel, and subtle citrus undertones, creating a uniquely satisfying taste that’s both bold and smooth. The effects lean uplifting and energizing, offering a clear-headed cerebral buzz that enhances focus, creativity, and motivation—perfect for daytime sessions, social activities, or anytime you need a boost without sedation. Key Features: 1.5g All-In-One Disposable Vape — no charging, no cartridges, perfect for on-the-go use Strain: Chocolate Diesel (Sativa) Flavor profile: rich chocolate, earthy diesel, subtle citrus Effects: uplifting, energizing, creative, clear focus Smooth, aromatic vapor with balanced potency Extended capacity (1.5g) for long-lasting enjoyment Jaunty Chocolate Diesel AIO Disposable — premium sativa flavor and spirited effects in one ultra-convenient device.",,Chocolate Diesel
bedford-club-bk,BBC1PRO1,BBC1PRO1,X| Fernway | Pickle | All-in-One |  1g | T PRO,Fernway,vaporizers,,5600,88.07,,hybrid,TRUE,https://shop.bedfordclub.com/menu/products/fernway-338875/vape-pens/x-fernway-pickle-all-in-one-1g-t-pro-8100207,https://tymber-blaze-products.imgix.net/download---2026-05-06T123219-646-617ce967-1704-4cf1-b72c-a924b83d6f2b.jpeg,2026-05-23T23:11:51.610988+00:00,"Unapologetically bold. That bright, briny hit you crave, tangy and herbaceous in every puff. Goes Great With: Raiding the fridge at 2am, Splitting a sandwich with your best friend, Your wildest group chat",,Pickle
bedford-club-bk,B80APRO1,B80APRO1,X| Fernway | Mandarin Orange | 510 | 1g,,vaporizers,,5000,84.7,,sativa,TRUE,https://shop.bedfordclub.com/menu/products/vape-pens/x-fernway-mandarin-orange-510-1g-8100206,https://tymber-blaze-products.imgix.net/download---2026-05-06T122317-451-233e4089-e07d-4642-a407-94cf5c46e4b8.jpeg,2026-05-23T23:11:51.610988+00:00,"Like sunshine in a vape. A fresh and sweet flavor, like a glass of orange juice squeezed just for you. Goes Great With: A big brunch with friends Hitting the disc golf course Stopping to watch an incredible street musician",,Mandarin Orange
bedford-club-bk,B736PRO1,B736PRO1,X| Fernway | King Louie | All-in-One | 1g,Fernway,vaporizers,,5000,81.8,,indica,TRUE,https://shop.bedfordclub.com/menu/products/fernway-338875/vape-pens/x-fernway-king-louie-all-in-one-1g-8100205,https://tymber-blaze-products.imgix.net/download---2026-05-06T122056-091-4ac911cc-0caa-4d99-917f-62450bc7c06a.jpeg,2026-05-23T23:11:51.610988+00:00,"All hail the king. A standout cross of OG Kush and LA Confidential, this sophisticated indica delivers sweet surrender with waves of earthy pine and subtle citrus. Flavor Notes: Pine Earth Lemon Genetics: OG Kush x LA Confidential",,King Louie
bedford-club-bk,BAD3PRO1,BAD3PRO1,X| Fernway | Headband | All-in-One | 1g,Fernway,vaporizers,,5000,80.7,,,TRUE,https://shop.bedfordclub.com/menu/products/fernway-338875/vape-pens/x-fernway-headband-all-in-one-1g-8100204,https://tymber-blaze-products.imgix.net/download---2026-05-06T121753-187-d088eec6-0283-449a-9e77-e98062341df7.jpeg,2026-05-23T23:11:51.610988+00:00,"Believe the hype. Each hit delivers notes of bright lemon and bold diesel, for a gorgeous slow-building high that lingers. Flavor Notes: Citrus Earth Gas",,Headband
bedford-club-bk,B6F6PRO1,B6F6PRO1,X| Fernway | GG4 | 510 | 1g,Fernway,vaporizers,,5000,81.89,,hybrid,TRUE,https://shop.bedfordclub.com/menu/products/fernway-338875/vape-pens/x-fernway-gg4-510-1g-8100203,https://tymber-blaze-products.imgix.net/download---2026-05-06T121445-440-5d2af43e-ff42-463d-ab52-acf0603fceb2.jpeg,2026-05-23T23:11:51.610988+00:00,Flavor Notes: Earth Hops Wood Genetics: Chem’s Sister x Chocolate Diesel x Sour Dub,,GG4
bedford-club-bk,BB02PRO1,BB02PRO1,X| Revert | Sour Blue Diesel | Kief Infused Ground Flower | 14g,Revert,flower,,7000,31.1,,hybrid,TRUE,https://shop.bedfordclub.com/menu/products/revert-618385/infused-flower/x-revert-sour-blue-diesel-kief-infused-ground-flower-14g-8100590,https://tymber-blaze-products.imgix.net/download---2026-05-06T131322-846-b0807a13-5967-4538-9a92-08a048062d5d.jpeg,2026-05-23T23:11:51.610988+00:00,"Sour Blue Diesel – 14g kief infused ground flower crafted from sungrown hybrid flower, bred from Sour Diesel × Blueberry lineage, offering notes of tart berry and bright citrus with a terpene-rich aroma of fuel and sweet earth. The profile balances sharp freshness with grounded depth. The experience brings an energizing mental lift that transitions into relaxed physical comfort, making it well suited for creative work or easy daytime focus. Sour Blue Diesel delivers a steady, terpene-forward expression shaped by consistent sungrown cultivation.",,Sour Blue Diesel
bedford-club-bk,BB83PRO1,BB83PRO1,X| Revert | Monster Cookies | Kief Infused Ground Flower | 14g,Revert,flower,,7000,31.5,,indica,TRUE,https://shop.bedfordclub.com/menu/products/revert-618385/infused-flower/x-revert-monster-cookies-kief-infused-ground-flower-14g-8100589,https://tymber-blaze-products.imgix.net/download---2026-05-06T131744-606-d8f5c85f-4194-4729-a21a-02352fe8cb64.jpeg,2026-05-23T23:11:51.610988+00:00,"Monster Cookies – 14g kief infused ground flower crafted from sungrown indica flower, bred from Girl Scout Cookies × Granddaddy Purple, highlighting sweet vanilla and light herbal tones with a terpene-rich aroma of earth and soft spice. Its character feels rich yet composed. Expect a calming body presence paired with a quiet, settled mindset that fits evening unwinding or slower moments at home. Monster Cookies offers a smooth, dependable finish supported by thoughtful cultivation and infusion.",,Monster Cookies
bedford-club-bk,BAB2PRO1,BAB2PRO1,X| Revert | Ice Cream Cake | Flower | 14g,Revert,flower,,9000,26.51,,indica,TRUE,https://shop.bedfordclub.com/menu/products/revert-618385/flower/x-revert-ice-cream-cake-flower-14g-8100588,https://tymber-blaze-products.imgix.net/download---2026-05-06T130802-279-ba91be2e-b515-4316-af99-29975e261913.jpeg,2026-05-23T23:11:51.610988+00:00,"A true indica built for slowing everything down. Ice Cream Cake delivers a heavy, full-bodied experience that leans into comfort and stillness. It’s the kind of smoke you reach for when the day’s done and you’re ready to fully check out.",,Ice Cream Cake
bedford-club-bk,BDD5PRO1,BDD5PRO1,X| Revert | Golden Pineapple | Flower | 14g,Revert,flower,,9000,25.3,,hybrid,TRUE,https://shop.bedfordclub.com/menu/products/revert-618385/flower/x-revert-golden-pineapple-flower-14g-8100587,https://tymber-blaze-products.imgix.net/download---2026-05-06T130550-727-a51573b2-c065-4adf-8963-25586793b1c0.jpeg,2026-05-23T23:11:51.610988+00:00,"Golden Pineapple lives up to its name with a sweet, juicy aroma bursting with notes of ripe pineapple, citrus zest, and a subtle earthy backbone. A balanced hybrid that leans slightly uplifting. Golden Pineapple brings a clear-headed buzz with a light body feel, making it easy to stay present without getting weighed down. It’s the kind of smoke that keeps things moving without overdoing it.",,Golden Pineapple
bedford-club-bk,BEA0PRO1,BEA0PRO1,X| Revert | Galactic Jack | Kief Infused Ground Flower | 14g,Revert,flower,,7000,30.8,,sativa,TRUE,https://shop.bedfordclub.com/menu/products/revert-618385/infused-flower/x-revert-galactic-jack-kief-infused-ground-flower-14g-8100586,https://tymber-blaze-products.imgix.net/download---2026-05-06T131530-181-bdb79bc1-fe60-4f3c-9a50-78810b09a4af.jpeg,2026-05-23T23:11:51.610988+00:00,"Discover bold flavor and enhanced potency with Revert – Galactic Jack – Kief Infused Ground Flower – 14g, now available at Cannabis Realm of NY. This convenient half-ounce offering blends aromatic Galactic Jack flower with a potent kief infusion, creating a terpene-rich, ready-to-use cannabis product designed for smooth and flavorful sessions. Kief Infused Ground Flower This product features premium ground cannabis flower infused with kief, the resin-rich trichomes collected from cannabis buds. Kief contains concentrated cannabinoids and terpenes, boosting both potency and aroma compared to traditional ground flower. The pre-ground format adds convenience, allowing consumers to easily roll joints, fill cones, or pack bowls without the need for a grinder. Galactic Jack Flavor & Aroma Galactic Jack is known for its bright and complex terpene profile that blends citrus sweetness with spicy herbal notes. This kief-infused blend delivers a smooth and aromatic smoke featuring: Zesty citrus and lemon notes Sweet tropical undertones Spicy herbal and pine hints Smooth, slightly earthy finish The added kief enhances the strain’s natural terpene richness, creating a more flavorful and aromatic smoking experience. Effects & Experience Galactic Jack is commonly associated with uplifting and energizing effects that stimulate the mind while maintaining a light body balance. Consumers often report: A bright, euphoric cerebral onset Increased creativity and focus Boosted mood and motivation Light, calming body relaxation Its energizing yet balanced profile makes it well-suited for daytime sessions or social activities. Generous 14g Format This 14g (half-ounce) package offers excellent value for frequent consumers. The ready-to-use ground format ensures quick preparation for rolling joints, packing bowls, or filling cones with minimal effort.",,Galactic Jack
bedford-club-bk,BE77PRO1,BE77PRO1,X| Revert | Cherry Amnesia | Kief Infused Ground Flower | 14g,Revert,flower,,7000,30.7,,sativa,TRUE,https://shop.bedfordclub.com/menu/products/revert-618385/infused-flower/x-revert-cherry-amnesia-kief-infused-ground-flower-14g-8100584,https://tymber-blaze-products.imgix.net/download---2026-05-06T131057-946-bb027b32-a71b-498a-9289-5f576167bb2c.jpeg,2026-05-23T23:11:51.610988+00:00,"Cherry Amnesia – 14g kief infused ground flower crafted from sungrown sativa flower, bred from Cherry AK × Amnesia Haze, featuring notes of tart cherry and soft citrus with a terpene-rich aroma of herbal sweetness and light spice. Its character feels lively yet balanced. The effects offer mental clarity and uplifting momentum alongside a light physical ease, making it a strong fit for creative or active moments. Cherry Amnesia reflects a polished, consistent finish from sungrown material.",,Cherry Amnesia
bedford-club-bk,B2E5PRO1,B2E5PRO1,X| Bouket | Glitter Bomb | 7g,Bouket,flower,,5500,27.3,,indica,TRUE,https://shop.bedfordclub.com/menu/products/bouket-563376/flower/x-bouket-glitter-bomb-7g-8101242,https://tymber-blaze-products.imgix.net/download---2026-05-06T145729-021-61dd0aca-e9fe-4e70-98d0-79fd5123e47f.jpeg,2026-05-23T23:11:51.610988+00:00,"Glitter Bomb is a showstopper — visually and aromatically. Its dense, trichome-coated buds sparkle with icy purples and greens, while the nose hits with a unique blend of sweet berries, tangy candy, and gassy funk. This strain delivers a complex and flavorful smoke that lives up to its name. Effects: * Euphoric and mentally uplifting * Gently relaxing body high * Boosts creativity and mood * May cause mild couch-lock at higher doses Best For: Evenings, creative work, mood elevation",,Glitter Bomb
bedford-club-bk,B15EPRO1,B15EPRO1,X| Bouket | Dark Matter OG | 3.5g,Bouket,flower,,4500,32.7,,indica,TRUE,https://shop.bedfordclub.com/menu/products/bouket-563376/flower/x-bouket-dark-matter-og-35g-8101241,https://tymber-blaze-products.imgix.net/download---2026-05-06T145131-797-08175231-22fe-4a7c-ba9a-8c765a86d55c.jpeg,2026-05-23T23:11:51.610988+00:00,"Bouket Dark Matter OG is a heavy, gas‑leaning exotic indoor indica built for customers who want deep relaxation, dense frosty buds, and that classic OG punch with a modern boutique twist. This cut leans dark, earthy, and powerful—true to its name—with rich kush spice, deep earth, and a smooth, heavy exhale that signals a serious nighttime strain. The high hits with warm, full‑body sedation, a calming, introspective headspace, and a slow‑rolling melt that OG lovers crave. It’s ideal for customers looking for strong indica effects, stress relief, or a potent end‑of‑day wind‑do",,Dark Matter OG
bedford-club-bk,B1C1PRO1,B1C1PRO1,X| Bouket | Cap Junky | 7g,Bouket,flower,,5500,28.0,,hybrid,TRUE,https://shop.bedfordclub.com/menu/products/bouket-563376/flower/x-bouket-cap-junky-7g-8101240,https://tymber-blaze-products.imgix.net/download---2026-05-06T145415-647-e87115b1-190a-44fd-994e-bc46f6387ad6.jpeg,2026-05-23T23:11:51.610988+00:00,"Cap Junky delivers a loud, dessert-forward aroma combining sweet gas, vanilla frosting, and sharp citrus, finished with a heavy kush backbone that lingers. The effects arrive quickly with an uplifting cerebral buzz that enhances focus and elevates mood before gradually settling into a deeply relaxing, full-bodied calm. This strain is best suited for experienced consumers seeking high potency, strong flavor, creative stimulation, and reliable evening stress relief without immediate sedation.",,Cap Junky
bedford-club-bk,BA67PRO1,BA67PRO1,X| Nanticoke | Pluto | Flower | 3.5g,Nanticoke,flower,,3500,32.0,,indica,TRUE,https://shop.bedfordclub.com/menu/products/nanticoke-675970/flower/x-nanticoke-pluto-flower-35g-8101439,https://tymber-blaze-products.imgix.net/download---2026-05-06T151909-874-7ca3ffde-071f-44bb-9671-ae41bc2db5a1.jpeg,2026-05-23T23:11:51.610988+00:00,"Lineage: Cross between Quattro Kush and OG Kush Effects: An incredibly strong cerebral high that consists of side effects like euphoria and a boost in creative energy. The pain-relieving effects that are typical of such a powerful indica high are so powerful in this strain that your budtender will most likely recommend you get comfy before you start smoking a bit of Pluto Kush Aromas/Flavors: No sooner than you pop open the packaging on this strain, a pungent aroma of skunky citrus and kush will force itself into every nook and cranny of the room you’re in. This stink can be a bit hard to get rid of, so you should take care not to leave its offensive odor anywhere.",,Pluto
bedford-club-bk,BB0FPRO1,BB0FPRO1,X| Nanticoke | Memory Loss OG | Flower | 3.5g,Nanticoke,flower,,3500,25.0,,sativa,TRUE,https://shop.bedfordclub.com/menu/products/nanticoke-675970/flower/x-nanticoke-memory-loss-og-flower-35g-8101438,https://tymber-blaze-products.imgix.net/download---2026-05-06T152350-114-36a024fd-251c-45d8-99fd-115f76ccdd08.jpeg,2026-05-23T23:11:51.610988+00:00,"Sativa Dominant Hybrid THC: 21.5% Total Terpenes 1.4% including: Ocimene, Terpinolene, Carophyllene, Humulene, Farnesene, Valencene Strong, peppery incense odor and undertones of bubblegum and fruit. Cross of Amnesia Haze and a Face Off OG. 3.5 grams of Greenhouse Grown Whole Flower packaged in a sustainable 3oz jar that is compostable & biodegradable. The raw materials used to make our food safe packaging are 100% Grown & Made in the USA. Our jars are: Home Compostable, Industrial Compostable, Fresh/Marine Water Biodegradable, and Soil Biodegradable.",,Memory Loss OG
bedford-club-bk,BAA2PRO1,BAA2PRO1,X| Nanticoke | Banana Daddy | Flower | 3.5g,Nanticoke,flower,,3500,27.0,,hybrid,TRUE,https://shop.bedfordclub.com/menu/products/nanticoke-675970/flower/x-nanticoke-banana-daddy-flower-35g-8101437,https://tymber-blaze-products.imgix.net/download---2026-05-06T152130-929-7301a293-5416-4861-a035-cd52dbda0a50.jpeg,2026-05-23T23:11:51.610988+00:00,"Strain Type: Hybrid Terpenes: Pinene, Limonene, Linalool, Terpineol, Caryophyllene, Humulene, Farnesene. Lineage: Lineage: Cross between Granddaddy Purp with Banana Hammock Effects: A very potent high but allows you to still be sociable while inspiring enjoyable conversation and laughter. Perfect for winding down the day. Aromas/Flavors: With a mix of two fruity strains, this bud gives off a sweet bubblegum smell with hints of diesel and banana.",,Banana Daddy
bedford-club-bk,BA7CPRO1,BA7CPRO1,X| Off Hours | Ice Cream Zundae | Mystery Flavor | Live Rosin Gummies | 10pcs | 10mg,Off Hours,edible,,3500,100.0,,hybrid,TRUE,https://shop.bedfordclub.com/menu/products/off-hours-352520/edibles/x-off-hours-ice-cream-zundae-mystery-flavor-live-rosin-gummies-10pcs-10mg-8105904,https://tymber-blaze-products.imgix.net/download---2026-05-07T140237-929-7c244a2a-803a-4b98-8313-d1b840146f07.jpeg,2026-05-23T23:11:51.610988+00:00,"Indulge in a flavorful twist with Off Hours Ice Cream Zundae “Mystery Flavor” Live Rosin Gummy Rope, a hybrid edible crafted for smooth, full-spectrum effects and terpene-rich enjoyment. Made with live rosin, this gummy rope delivers a solventless extract experience that preserves the strain’s natural cannabinoid and terpene profile. Ice Cream Zundae is known for its dessert-inspired character, often featuring creamy, sweet, and subtly fruity notes. The “Mystery Flavor” element adds a fun, playful surprise to every bite while maintaining consistent potency and balanced hybrid effects. As a hybrid, this gummy rope offers a well-rounded experience—starting with a light cerebral lift before settling into a calming, body-relaxing finish. Ideal for daytime-to-evening use, it provides flexibility depending on dosage and tolerance. Product Highlights: Strain: Ice Cream Zundae (Hybrid) Format: Live Rosin Gummy Rope Extract Type: Solventless Live Rosin Flavor Profile: Sweet, creamy, fruity (mystery twist) Effects: Balanced, uplifting, relaxing",,Ice Cream Zundae
bedford-club-bk,B70DPRO3,B70DPRO3,X| Weekenders | Glow | Tropicana Cookies | 7pk | 3.5g,Weekenders,preroll,,4400,25.44,,hybrid,TRUE,https://shop.bedfordclub.com/menu/products/weekenders-650792/preroll/x-weekenders-glow-tropicana-cookies-7pk-35g-8111990,https://tymber-blaze-products.imgix.net/download---2026-05-08T154623-702-1e9db2a7-008d-4844-91c0-5b890b6478aa.jpeg,2026-05-23T23:11:51.610988+00:00,"For peace and love, Gelatti provides an energizing and focused head-high that can promote creative thinking and motivation. GLOW comes with a gassy OG aroma and musky menthol flavor.",,Tropicana Cookies
bedford-club-bk,B65CPRO1,B65CPRO1,X| Weekenders | Dream | Peak 112 | Pre Roll | 1g,Weekenders,preroll,,1500,21.4,,indica,TRUE,https://shop.bedfordclub.com/menu/products/weekenders-650792/preroll/x-weekenders-dream-peak-112-pre-roll-1g-8111989,https://tymber-blaze-products.imgix.net/download---2026-05-08T154015-515-6684a8fc-177c-4689-abef-417b3c7de734.jpeg,2026-05-23T23:11:51.610988+00:00,"Rolled up and ready to smoke, Pre-Rolls are a convenient and effective way to consume cannabis. Pre-Rolls come in many different forms and can be rolled with flower, shake, ""b-buds"", infused with concentrates, and more.",,Peak 112
bedford-club-bk,B6BEPRO1,B6BEPRO1,X| Weekender | Lift | Blue Dream | 7pk | 3.5g,Weekenders,preroll,,4400,21.5,,sativa,TRUE,https://shop.bedfordclub.com/menu/products/weekenders-650792/preroll/x-weekender-lift-blue-dream-7pk-35g-8111988,https://tymber-blaze-products.imgix.net/download---2026-05-08T154339-924-f33d9292-7319-4ba9-91a0-e3613fd8b909.jpeg,2026-05-23T23:11:51.610988+00:00,"LIFT - Blue Dream A benchmark West Coast cultivar, Blue Dream brings together Blueberry and Haze in a sativa-leaning expression that has defined balance for over a decade. The experience begins with an airy, cerebral elevation-lucid, expansive, and gently energizing-before unfolding into a soft, body-level calm that lingers without weight, On the nose, expect ripe blueberry layered with delicate florals and a hint of coastal earth. The palate follows with smooth berry sweetness, subtle herbal complexity, and a clean, rounded finish. Versatile and consistently reliable, Blue Dream has secured its place as a cornerstone cultivar-equally suited for creative focus, social sessions, or simply elevating the everyday.",,Blue Dream
bedford-club-bk,BA97PRO1,BA97PRO1,X| The Drop | Glitter Bomb | 3.5g,The Drop,flower,,5100,33.0,,hybrid,TRUE,https://shop.bedfordclub.com/menu/products/the-drop-671602/flower/x-the-drop-glitter-bomb-35g-8113038,https://tymber-blaze-products.imgix.net/IMG_5708-4c9c5918-e8fd-45d8-8de3-00247179c588.jpg,2026-05-23T23:11:51.610988+00:00,,,Glitter Bomb
bedford-club-bk,BB11PRO2,BB11PRO2,X| Mini Mart | White Runtz | Flower | 3.5g,Mini Mart,flower,,2400,29.85,,hybrid,TRUE,https://shop.bedfordclub.com/menu/products/mini-mart-698077/flower/x-mini-mart-white-runtz-flower-35g-8113724,https://tymber-blaze-products.imgix.net/download---2026-05-08T234059-461-9b8976d4-a50e-4461-a684-cc52f07e173f.jpeg,2026-05-23T23:11:51.610988+00:00,"Mini Mart – White Runtz (Hybrid) – 3.5g Flower** Experience smooth flavor and balanced effects with Mini Mart White Runtz 3.5g Flower, a highly sought-after hybrid known for its sweet, creamy profile and well-rounded high. Perfect for any time of day, this premium flower delivers both flavor and potency in every session. White Runtz features a rich terpene profile combining sugary candy sweetness with creamy vanilla and subtle fruity notes. Each inhale is smooth and flavorful, followed by a soft, slightly earthy exhale that lingers pleasantly. This hybrid offers **balanced effects**, starting with a euphoric, uplifting head high that boosts mood and creativity, then settling into a calm, relaxing body feel without heavy sedation. **Effects:** * Euphoric and uplifting * Relaxed and balanced * Creative and social **Flavor Profile:** * Sweet candy * Creamy vanilla * Light fruit **Product Highlights:** * 3.5g premium cannabis flower * Hybrid strain: White Runtz * Smooth, terpene-rich smoke * Dense, flavorful buds * High-THC potential Perfect for those seeking a flavorful, versatile strain, White Runtz delivers a sweet, creamy experience with a balanced, feel-good high.",,White Runtz
bedford-club-bk,BB6EPRO1,BB6EPRO1,X| Mini Mart | London Jealousy | Flower | 3.5g,Mini Mart,flower,,2400,27.45,,indica,TRUE,https://shop.bedfordclub.com/menu/products/mini-mart-698077/flower/x-mini-mart-london-jealousy-flower-35g-8113723,https://tymber-blaze-products.imgix.net/download---2026-05-08T235310-719-8b83bf08-dd47-4c5a-b4e9-fbb66425a5df.jpeg,2026-05-23T23:11:51.610988+00:00,"Dried cannabis flower is primarily ingested via inhalation. Activation time is roughly about 5 minutes and can last up to a few hours. Indica dominant cannabis strains are typically used for relaxation and sleep, which is why many users prefer to consume Indica strains in the evenings.",,London Jealousy
bedford-club-bk,BB40PRO1,BB40PRO1,X| Mini Mart | Kiwi | Flower | 3.5g,Mini Mart,flower,,2400,26.76,,hybrid,TRUE,https://shop.bedfordclub.com/menu/products/mini-mart-698077/flower/x-mini-mart-kiwi-flower-35g-8113722,https://tymber-blaze-products.imgix.net/download---2026-05-08T234641-702-dcc473c5-2435-4c54-8bae-66ec40f43f50.jpeg,2026-05-23T23:11:51.610988+00:00,,,Kiwi
bedford-club-bk,BB60PRO1,BB60PRO1,X| Mini Mart | Fatso | Flower | 3.5g,Mini Mart,flower,,2400,30.64,,indica,TRUE,https://shop.bedfordclub.com/menu/products/mini-mart-698077/flower/x-mini-mart-fatso-flower-35g-8113721,https://tymber-blaze-products.imgix.net/download---2026-05-08T235024-362-4d08f618-d2fd-4ba9-9dd4-95a66f57be7a.jpeg,2026-05-23T23:11:51.610988+00:00,"Mini Mart brings bold flavor and heavy-hitting effects with Fatso, a potent indica-leaning hybrid known for its gassy, funky terp profile and deep body relaxation. This strain is a cross of GMO Cookies x Legend OG, delivering that classic diesel aroma layered with earthy, skunky sweetness. Fatso is all about power and presence—expect dense, frosty buds that hit with a slow-building euphoria before settling into a calming, full-body melt. Perfect for evening sessions, stress relief, or when you’re ready to fully unwind. The terpene profile leans rich and savory, making it a favorite for smokers who like that loud, old-school gas. Packaged in a convenient 3.5g (eighth) bag, Mini Mart keeps things simple, fresh, and consistent—ideal for everyday smokers who want quality without overthinking it.",,Fatso
bedford-club-bk,BB20PRO1,BB20PRO1,X| Mini Mart | Blue Dream | Flower | 3.5g,Mini Mart,flower,,2400,28.24,,sativa,TRUE,https://shop.bedfordclub.com/menu/products/mini-mart-698077/flower/x-mini-mart-blue-dream-flower-35g-8113720,https://tymber-blaze-products.imgix.net/download---2026-05-08T234424-526-34634185-bd1e-4f42-8268-b4e55e4111d9.jpeg,2026-05-23T23:11:51.610988+00:00,"Elevate your day with Mini Mart Blue Dream – 3.5 g, a classic strain renowned for its uplifting effects and smooth, sweet-berry flavor. This sativa-leaning flower blends gentle herbal notes with a creamy, fruity finish — perfect for sparking creativity, boosting mood, or powering through the day with clarity. Product Highlights: Strain Type: Sativa-leaning Weight: 3.5 g Flavor & Aroma: Sweet berries, herbs, soft earthiness Effects: Uplifting, euphoric, energizing",,Blue Dream
bedford-club-bk,B855PRO1,B855PRO1,X| Dank | Larry Bird | Sungrown | Flower | 14g,Dank By Definition,flower,,8000,33.67,,indica,TRUE,https://shop.bedfordclub.com/menu/products/dank-by-definition-338869/flower/x-dank-larry-bird-sungrown-flower-14g-8116950,https://tymber-blaze-products.imgix.net/download---2026-05-11T141737-218-957351a2-8ba9-4012-b59f-8f8a9990804f.jpeg,2026-05-23T23:11:51.610988+00:00,"Is a hybrid strain named after the legendary Boston Celtics player—not coach. The experience delivers an intense cerebral high that takes effect almost instantly. Its powerful euphoric and creative energy promotes motivation, activity, and social engagement, though some users may find the effects intense. The strain's potent properties make it especially suitable for managing depression, chronic stress, and fatigue. It features a refreshing minty pine aroma, with a flavor profile that blends mint, lemon, and pine, finishing with a sweet note.",,Larry Bird
bedford-club-bk,BEB2PRO1,BEB2PRO1,X| Dank | Kosher Kush | Sungrown | 3.5g,Dank By Definition,flower,,3000,32.01,,indica,TRUE,https://shop.bedfordclub.com/menu/products/dank-by-definition-338869/flower/x-dank-kosher-kush-sungrown-35g-8116949,https://tymber-blaze-products.imgix.net/download---2026-05-11T132014-267-aed84051-c3a6-4e7a-b1bd-8f64d3a6cdf6.jpeg,2026-05-23T23:11:51.610988+00:00,"Experience the rich and earthy notes of Kosher Kush Sungrown, a strain that delivers a relaxing and uplifting high. Perfect for winding down after a long day, this flower offers a comforting body buzz while keeping your mind clear and focused. Key Details: • Primary Effects: Relaxation, euphoria, stress relief, and mood enhancement • Flavor Profile: Earthy and herbal with hints of citrus and pine • Best For: Evening use, unwinding after work, or enjoying a cozy night in Brought to you by Dank, this strain embodies quality and care in every bud. Enjoy the natural vibes of Kosher Kush Sungrown!",,Kosher Kush
bedford-club-bk,B415PRO1,B415PRO1,X| Dank | Hawaiian Haze | Sungrown | 3.5g,Dank By Definition,flower,,3000,36.69,,sativa,TRUE,https://shop.bedfordclub.com/menu/products/dank-by-definition-338869/flower/x-dank-hawaiian-haze-sungrown-35g-8116948,https://tymber-blaze-products.imgix.net/download---2026-05-11T132830-226-2e19e284-f3b2-49a2-a259-a7496fd45431.jpeg,2026-05-23T23:11:51.610988+00:00,"Hawaiian Haze is a breezy sativa-leaning cultivar that delivers a tropical citrus-and-floral experience with bright, uplifting effects as refreshing as a warm ocean wind. This energetic strain typically starts with a clear-headed cerebral lift that boosts mood, creativity, and social ease before settling into a light, functional body calm that keeps you moving. Hawaiian Haze offers a lively flavor of sweet pineapple, tangy citrus, and soft tropical fruit layered with gentle haze-like spice and a clean herbal finish. The aroma is sunny and fragrant, blending ripe fruit sweetness, zesty citrus peel, and faint floral-herbal notes that get louder when the sticky, trichome-dusted buds are broken apart. Many patients appreciate Hawaiian Haze for helping manage stress, low mood, and fatigue while maintaining a daytime-friendly, upbeat vibe. Feelings: Uplifted, Energetic, Creative",,Hawaiian Haze
bedford-club-bk,BF9CPRO1,BF9CPRO1,X| Dank | Gelato | Preroll | .5g,Dank By Definition,preroll,,1000,27.35,,hybrid,TRUE,https://shop.bedfordclub.com/menu/products/dank-by-definition-338869/preroll/x-dank-gelato-preroll-5g-8116947,https://tymber-blaze-categories.imgix.net/420default-Preroll.jpg,2026-05-23T23:11:51.610988+00:00,"Gelato, is a well-balanced hybrid marijuana strain resulting from the crossbreeding of Sunset Sherbet and Thin Mint Girl Scout Cookies. Due to its equal mix of indica and sativa, this strain delivers a euphoric high that is paired with intense sensations of relaxation. Users who have experienced Gelato report that the effects manifest rapidly. You will find yourself feeling pain-free, at ease, yet mentally alert and capable of productivity.",,Gelato
bedford-club-bk,BE85PRO1,BE85PRO1,X| Dank | Chemdawg | Sungrown | 3.5g,Dank By Definition,flower,,3000,30.15,,sativa,TRUE,https://shop.bedfordclub.com/menu/products/dank-by-definition-338869/flower/x-dank-chemdawg-sungrown-35g-8116946,https://tymber-blaze-products.imgix.net/_DSC8257-b59d7755-15f4-4310-99b0-8782fe414f51.jpg,2026-05-23T23:11:51.610988+00:00,"Get ready to elevate your vibe with Dank's Chemdawg Sungrown. This strain hits with a bold, earthy punch that ignites creativity and sparks conversation. Expect a balanced experience that uplifts your mood while keeping you grounded, making it perfect for social gatherings or solo adventures.",,Chemdawg
bedford-club-bk,BE58PRO1,BE58PRO1,X| Dank | Cheese & Chong | Sungrown | 3.5g,Dank By Definition,flower,,3000,34.23,,sativa,TRUE,https://shop.bedfordclub.com/menu/products/dank-by-definition-338869/flower/x-dank-cheese-chong-sungrown-35g-8116945,https://tymber-blaze-products.imgix.net/download---2026-05-11T130658-763-a6e1b983-2e82-47d5-8952-8a068e225b24.jpeg,2026-05-23T23:11:51.610988+00:00,"Dank Cheese & Chong is a bold, sativa-dominant hybrid that combines the iconic ""Cheese"" strain with the energizing effects of Casey Jones. This strain delivers an uplifting and euphoric high, perfect for fueling creativity and staying active throughout the day. Known for its pungent aroma and savory flavor, Cheese & Chong offers a unique and flavorful experience that’s sure to impress both seasoned cannabis enthusiasts and newcomers alike. Key Features: Strain: Cheese & Chong – A sativa-dominant hybrid with energizing and euphoric effects Pre-Packaged: Premium whole flower for an authentic experience Flavor Profile: Bold, savory cheese with earthy, spicy, and musky undertones Effects: Uplifting, creative, and motivating, ideal for daytime use Brand: Dank – Renowned for high-quality, potent strains",,Cheese and Chong
bedford-club-bk,BEE6PRO1,BEE6PRO1,X| Dank | Cereal Milk | Pre Roll | .5g,Dank By Definition,preroll,,1000,28.89,,hybrid,TRUE,https://shop.bedfordclub.com/menu/products/dank-by-definition-338869/preroll/x-dank-cereal-milk-pre-roll-5g-8116944,https://tymber-blaze-products.imgix.net/download---2026-05-11T133333-616-3fd639da-3b2b-46ec-9a3b-761c9aa347ea.jpeg,2026-05-23T23:11:51.610988+00:00,"Cereal Milk is a smooth, dessert-leaning hybrid that delivers a sweet breakfast treat experience with uplifting, feel-good effects as comforting as the last sip of milk from a bowl of sugary cereal. This crowd-pleasing cultivar starts with a bright cerebral lift that brings happy euphoria, gentle focus, and creative ease before easing into a calming body relaxation that keeps you comfortable without weighing you down. Cereal Milk features a creamy flavor profile of vanilla cream and sweet cereal notes layered with subtle berry hints and a light, doughy finish for a rich, mellow exhale. The aroma is equally inviting, with sugary cereal sweetness, creamy vanilla, and soft herbal undertones that intensify when the dense, frosty buds are broken apart. Many patients appreciate Cereal Milk for helping manage stress, anxiety, and low mood while supporting a balanced, functional high that works well for afternoons and early evenings. Feelings: Euphoric, Happy, Relaxed",,Cereal Milk
bedford-club-bk,B66APRO1,B66APRO1,X| Dank | Amnesia Haze | Sungrown | Preroll | 1g,Dank By Definition,preroll,,1000,26.22,,sativa,TRUE,https://shop.bedfordclub.com/menu/products/dank-by-definition-338869/preroll/x-dank-amnesia-haze-sungrown-preroll-1g-8116943,https://tymber-blaze-products.imgix.net/download---2026-05-11T135506-794-2d1034c9-2374-480f-ba45-8df2886fa513.jpeg,2026-05-23T23:11:51.610988+00:00,"Amnesia Haze is a sativa marijuana strain made by crossing Cinderella 99, and Jack Herer. This strain produces effects that are uplifting, creative, euphoric and ideal for treating mood disorders. Amnesia normally has a high THC producing intense effects! Feelings: Giggly, Talkative, Happy",,Amnesia Haze
bedford-club-bk,B04FPRO1,B04FPRO1,X| Dank | Alaskan Thunderfuck | Preroll | 1g,Dank By Definition,preroll,,1400,25.93,,sativa,TRUE,https://shop.bedfordclub.com/menu/products/dank-by-definition-338869/preroll/x-dank-alaskan-thunderfuck-preroll-1g-8116942,https://tymber-blaze-products.imgix.net/download---2026-05-11T134700-946-2fe756dc-80d5-43ab-9f01-218132928a63.jpeg,2026-05-23T23:11:51.610988+00:00,"A pre-roll joint of premium DANK Alaskan Thunder Fuck flower rolled in classic joint paper. Alaskan Thunder Fuck (also referred to as ATF, Matanuska Thunder Fuck or Matanuska Tundra) is a legendary sativa marijuana strain originating in the Matanuska Valley area of Alaska. According to the legend, it was originally a Northern California sativa crossed with a Russian Ruderalis, but sometime in the late 70s it was crossed with Afghani genetics to make it heartier. Alaskan Thunder Fuck usually presents large, beautifully frosted buds with incredibly strong odors of pine, lemon, menthol, and skunk.",,Alaskan Thunderfuck
bedford-club-bk,B609PRO1,B609PRO1,X| Dank | Sour Banana Sherbert | Preroll | 1g,Dank By Definition,preroll,,1400,25.71,,hybrid,TRUE,https://shop.bedfordclub.com/menu/products/dank-by-definition-338869/preroll/x-dank-sour-banana-sherbert-preroll-1g-8116956,https://tymber-blaze-products.imgix.net/download---2026-05-11T135030-768-feb21872-ecd1-4abf-9793-297697e5c1b1.jpeg,2026-05-23T23:11:51.610988+00:00,"Sour Banana Sherbert is a balanced hybrid that delivers a tropical ice cream parlor experience with uplifting effects as smooth and satisfying as a creamy banana sherbet with a tangy twist. This delightful cultivar begins with a cerebral rush that brings euphoria, creative energy, and mental clarity before flowing into a gentle body high that soothes tension while maintaining focus and pleasant relaxation. Sour Banana Sherbert features an irresistible flavor profile dominated by sweet banana and creamy notes perfectly balanced with hints of sour citrus, tropical fruit, and subtle earthy undertones that create a smooth, dessert-inspired experience with each exhale. The aroma is equally enchanting, presenting prominent banana and sweet cream scents layered with sour citrus brightness, tropical richness, and light herbal notes that fill the space when the dense, colorful, trichome-rich buds are broken apart. Medical cannabis patients particularly value Sour Banana Sherbert for its effectiveness in managing chronic stress, anxiety, mild pain, and depression while promoting euphoria, creativity, and balanced relaxation ideal for daytime or early evening use when mood elevation, mental clarity, and comfortable relief are desired. Feelings: Euphoric, Creative, Relaxed",,Sour Banana Sherbert
bedford-club-bk,B1B5PRO1,B1B5PRO1,X| Dank | Runtz Ether | Preroll | 1g,Dank By Definition,preroll,,1400,28.93,,,TRUE,https://shop.bedfordclub.com/menu/products/dank-by-definition-338869/preroll/x-dank-runtz-ether-preroll-1g-8116955,https://tymber-blaze-products.imgix.net/download---2026-05-11T140202-477-93921518-0089-431d-a3f2-b16962845426.jpeg,2026-05-23T23:11:51.610988+00:00,"TOTAL TERPENES: 1.1% TOP TERPENES: - Caryophyllene - Humulene - Bisabolol - Terpineol - Linalool FLAVORS/AROMAS: - Pepper - Diesel/Chemical - Earthy Effects: - Uplifting/Happy - Body High - Relaxing Runtz Ether is a unique hybrid strain known for its exceptional potency. It is a rare variant derived from the well-known Alien Dawg, a hybrid resulting from the crossbreeding of Chemdawg and Alien Technology. The high induced by Runtz Ether is characterized by a harmonious blend of euphoria and relaxation, a common trait found in many hybrid strains regardless of their dominance being indica or Sativa. Users often find this strain particularly effective in alleviating stress and anxiety.",,Runtz Ether
bedford-club-bk,B846PRO1,B846PRO1,X| Dank | Purple Urkle | Sungrown | Flower | 14g,Dank By Definition,flower,,8000,32.03,,indica,TRUE,https://shop.bedfordclub.com/menu/products/dank-by-definition-338869/flower/x-dank-purple-urkle-sungrown-flower-14g-8116954,https://tymber-blaze-products.imgix.net/download---2026-05-11T141202-025-32649961-3515-4646-9b6c-d67f899b0ce0.jpeg,2026-05-23T23:11:51.610988+00:00,"Dank – Purple Urkle 14g Flower Unwind with a true indica classic. Dank’s Purple Urkle 14g flower delivers deeply relaxing effects paired with rich, nostalgic flavor—perfect for evening sessions and full-body calm. Strain Profile: Purple Urkle A well-known indica-dominant strain, Purple Urkle is celebrated for its soothing, melt-into-the-couch effects. This cultivar is ideal for slowing things down, easing tension, and settling into a ?????, tranquil state of mind. Appearance Expect dense, chunky buds with standout bag appeal: Deep purple hues with forest green accents Bright orange pistils A frosty layer of trichomes Flavor & Aroma Purple Urkle is all about sweet, dessert-like richness: Grape candy sweetness Berry and plum notes Subtle earthy undertones The terpene profile leans toward myrcene and caryophyllene, contributing to both the flavor and the relaxing experience. What to Expect Full-body relaxation Calming, mellow mental effects Potential for sleepiness at higher doses Smooth, flavorful smoke Best For Evening or nighttime use Stress relief and winding down Movie nights or laid-back sessions Dank’s Purple Urkle 14g flower is a go-to for anyone looking to tap into classic indica effects with bold flavor and visually striking buds. This cultivar is ideal for slowing things down, easing tension, and settling into a calm, tranquil state of mind.",,Purple Urkle
bedford-club-bk,B1F1PRO1,B1F1PRO1,X| Dank | Planet of the Grapes | Flower | 3.5g,Dank By Definition,flower,,4400,26.4,,indica,TRUE,https://shop.bedfordclub.com/menu/products/dank-by-definition-338869/flower/x-dank-planet-of-the-grapes-flower-35g-8116953,https://tymber-blaze-products.imgix.net/download---2026-05-11T140705-045-bece4eaa-7741-42e3-a4ac-e55a5e1f8e1e.jpeg,2026-05-23T23:11:51.610988+00:00,"Planet of the Grapes Is a grape-candy-forward hybrid that delivers a sweet, cosmic dessert experience with blissful effects as smooth and dreamy as floating through a purple, sugar-dusted galaxy. This cultivar often begins with a gentle cerebral lift that brings happy euphoria and mental ease before easing into a cozy body relaxation that can become heavier with time. Planet of the Grapes offers a rich flavor of candy-like grape, sweet cream, and berry depth accented by faint herbal spice and a soft gassy finish that lingers on the palate. The aroma is bold and fruity, blending grape syrup sweetness with earthy fuel and a touch of skunk that gets louder as the dense, trichome-heavy buds are cracked open. Patients commonly appreciate Planet of the Grapes for supporting relief from stress, low mood, and tension, making it a strong pick for afternoons and evenings. Feelings: Euphoric, Relaxed, Happy",,Planet of the Grapes
bedford-club-bk,B4F4PRO1,B4F4PRO1,X| Dank | Mimosa | Preroll | .5g,Dank By Definition,preroll,,1000,26.64,,sativa,TRUE,https://shop.bedfordclub.com/menu/products/dank-by-definition-338869/preroll/x-dank-mimosa-preroll-5g-8116952,https://tymber-blaze-products.imgix.net/download---2026-05-11T134251-770-95f6e389-52d8-4894-af70-e098c20a422b.jpeg,2026-05-23T23:11:51.610988+00:00,"Mimosa Is a sativa strain that delivers happy, level-headed effects, leaving you uplifted and motivated to tackle everyday tasks. When consumed in larger amounts, Mimosa can induce sleepiness and relaxation. The strain features a robust aroma and flavor profile true to its namesake—bright, fruity notes with prominent citrus undertones. Medical cannabis patients often select this strain to help manage symptoms of depression and stress. Feelings: Focused, Energetic, Uplifted",,Mimosa
bedford-club-bk,B217PRO1,B217PRO1,X| Dank | Maui Wowie | Flower | 3.5g,Dank By Definition,flower,,4400,26.8,,sativa,TRUE,https://shop.bedfordclub.com/menu/products/dank-by-definition-338869/flower/x-dank-maui-wowie-flower-35g-8116951,https://tymber-blaze-products.imgix.net/download---2026-05-11T141202-025-4f5526f1-ed51-4a57-a67a-fed49826e089.jpeg,2026-05-23T23:11:51.610988+00:00,"Maui Wowie is a legendary sativa that delivers a tropical Hawaiian vacation experience with uplifting effects as bright and breezy as the island paradise it originated from. This classic cultivar begins with an immediate cerebral rush that brings powerful euphoria, creative energy, and mental clarity before flowing into a light, energizing body high that promotes motivation and happiness while maintaining focus and productivity throughout the day. Maui Wowie features a delightful flavor profile dominated by sweet pineapple and tropical fruit notes perfectly complemented by hints of citrus, earthy pine, and subtle floral undertones that create a smooth, island-inspired experience with each exhale. The aroma is equally enchanting, presenting prominent pineapple and tropical scents layered with citrus brightness, pine freshness, and light earthy notes that transport you to a Hawaiian beach when the dense, light-green, crystal-covered buds are broken apart. Medical cannabis patients particularly value Maui Wowie for its effectiveness in managing depression, chronic stress, fatigue, and lack of appetite while promoting euphoria, sustained energy, and creative inspiration—ideal for daytime use when positive mood elevation, mental alertness, and gentle relief are desired. Feelings: Euphoric, Energetic,",,Maui Wowie
bedford-club-bk,B1C9PRO1,B1C9PRO1,X| DANK | Mom's Spaghetti | Flower | 3.5g,Dank By Definition,flower,,4400,37.49,,hybrid,TRUE,https://shop.bedfordclub.com/menu/products/dank-by-definition-338869/flower/x-dank-moms-spaghetti-flower-35g-8162292,https://tymber-blaze-products.imgix.net/_DSC8248-ee93f45c-53a1-4b28-b968-7cd210effdb2.jpg,2026-05-23T23:11:51.610988+00:00,"Is a comforting hybrid that delivers a nostalgic homestyle experience with deeply soothing effects as warm and satisfying as your favorite comfort food. This unique cultivar begins with a cerebral wave that brings euphoria, stress relief, and mental relaxation before settling into a profoundly calming body high that melts away tension and promotes appetite stimulation. Mom's Spaghetti features an intriguing flavor profile dominated by savory herbal and spicy notes perfectly balanced with hints of sweet garlic, earthy undertones, and subtle tomato-like tanginess that create a smooth, complex experience with each exhale. The aroma is equally distinctive, presenting prominent herbal and spicy scents layered with earthy richness, sweet garlic, and light peppery notes that intensify when the dense, olive-green, trichome-rich buds are broken apart. Medical cannabis patients particularly value Mom's Spaghetti for its effectiveness in managing chronic stress, anxiety, pain, and appetite loss while promoting euphoria, deep relaxation, and hunger stimulation—perfect for evening use or any time when comforting therapeutic relief and appetite enhancement are needed. Effects",,Mom's Spaghetti
bedford-club-bk,BB18PRO1,BB18PRO1,X| Doobie Labs | Blue Dream | Flower | 3.5g,1OFF,flower,,5600,30.72,,sativa,TRUE,https://shop.bedfordclub.com/menu/products/1off-731765/flower/x-doobie-labs-blue-dream-flower-35g-8162510,https://tymber-blaze-products.imgix.net/download---2026-05-13T134419-558-1eac6e4c-6015-4950-912a-315cf3cbe5ca.jpeg,2026-05-23T23:11:51.610988+00:00,"Doobie Labs Blue Dream Indoor Flower 3.5g Experience one of the most iconic cannabis strains with Doobie Labs Blue Dream Indoor Flower 3.5g, now available at Cannabis Realm of NY. Crafted for cannabis enthusiasts who appreciate flavorful indoor flower, balanced hybrid effects, and smooth smoking performance, Blue Dream delivers a rich and uplifting cannabis experience from start to finish. This legendary strain combines sweet berry flavor with subtle earthy undertones for a flavorful and versatile session. Product Highlights Doobie Labs Blue Dream is premium indoor-grown cannabis cultivated for terpene preservation, cannabinoid potency, and exceptional flower quality. Each 3.5-gram package contains dense, trichome-rich buds with vibrant aroma, smooth-burning performance, and flavorful smoke. Indoor cultivation methods help maximize consistency, freshness, and terpene expression for an elevated smoking experience. Flavor Profile Blue Dream features a sweet and classic terpene profile. Each inhale delivers ripe blueberry and berry candy notes layered with light herbal spice, earthy undertones, floral hints, and subtle citrus sweetness. The smooth smoke creates a rich and aromatic experience with a clean, fruity finish that has made Blue Dream a longtime consumer favorite. Effects This sativa-leaning hybrid strain is known for delivering uplifting cerebral effects paired with gentle body relaxation. Users may experience enhanced mood, creative stimulation, mental clarity, soothing physical ease, and mellow euphoria, making Blue Dream ideal for daytime enjoyment, social sessions, or creative activities. Why Choose Doobie Labs Blue Dream Indoor Flower? Premium indoor-grown cannabis flower Convenient 3.5g eighth Sweet blueberry and herbal flavor profile Dense, terpene-rich hand-trimmed buds Balanced uplifting hybrid effects Crafted for flavor, potency, and consistency",,Blue Dream
bedford-club-bk,B2BDPRO1,B2BDPRO1,X| Strain Gang | Sour Diesel | Flower | 3.5g,1OFF,flower,,5500,29.04,,sativa,TRUE,https://shop.bedfordclub.com/menu/products/1off-731765/flower/x-strain-gang-sour-diesel-flower-35g-8162513,https://tymber-blaze-products.imgix.net/download---2026-05-13T133945-670-dd665f89-faa6-418d-8ec6-94526e101cd1.jpeg,2026-05-23T23:11:51.610988+00:00,"Fuel your day with the legendary energy of Strain Gang Sour Diesel 3.5G, a premium sativa flower known for its fast-acting, cerebral high and unmistakable diesel aroma. This top-shelf strain is a must-have for fans of potent, energizing cannabis with a bold, gassy kick. Sour Diesel, also known as ""Sour D,"" delivers a pungent blend of diesel fuel, citrus, and earthy spice, creating a sharp and satisfying flavor that stands out. The effects are invigorating and euphoric—perfect for creative pursuits, social settings, or staying motivated throughout the day. Product Highlights: Strain: Sour Diesel – Sativa Weight: 3.5 grams (1/8 oz) Flavor Profile: Diesel, citrus, earthy spice Effects: Uplifting, energetic, mentally stimulating Cultivation: Premium indoor flower, expertly cured for smooth smoke and full potency Hand-selected by Strain Gang for its potency and terpene-rich profile, Sour Diesel remains a staple for sativa lovers who want to stay sharp, focused, and elevated. Ideal For: Daytime use Boosting creativity, focus, and mood Fans of bold, classic cannabis flavors Ignite your senses with Strain Gang Sour Diesel 3.5G—a sativa that delivers legendary flavor and feel-good fire in every hit.",,Sour Diesel
bedford-club-bk,BC5FPRO1,BC5FPRO1,X| Runtz | Lemon Candy | Flower | 3.5g,1OFF,flower,,5300,29.64,,sativa,TRUE,https://shop.bedfordclub.com/menu/products/1off-731765/flower/x-runtz-lemon-candy-flower-35g-8162512,https://tymber-blaze-products.imgix.net/download---2026-05-13T135206-061-3319d0e2-d4ff-4d08-beb9-248ce2045ffc.jpeg,2026-05-23T23:11:51.610988+00:00,"Bright and zesty, this strain blends sharp lemon citrus with sugary candy notes. The experience is often described as energizing and mood-boosting, making it a go-to for daytime or early evening use.",,Lemon Candy
bedford-club-bk,BC25PRO1,BC25PRO1,X| Runtz | Bubblegum | Flower | 3.5g,1OFF,flower,,5300,36.24,,indica,TRUE,https://shop.bedfordclub.com/menu/products/1off-731765/flower/x-runtz-bubblegum-flower-35g-8162511,https://tymber-blaze-products.imgix.net/download---2026-05-13T134724-232-767040c3-71fa-4322-9364-b038d739f0cb.jpeg,2026-05-23T23:11:51.610988+00:00,"True to its name, this strain delivers nostalgic bubblegum sweetness with a soft fruity finish. Effects are often described as cheerful and relaxing, ideal for unwinding while staying mentally present. Flavors Sweet Berry Tropical",,Bubblegum
bedford-club-bk,B856PRO1,B856PRO1,X| Jeeter | Milkman | Infused Preroll | 1g,Jeeter,preroll,,2200,39.57,,indica,TRUE,https://shop.bedfordclub.com/menu/products/jeeter-592964/infused-preroll/x-jeeter-milkman-infused-preroll-1g-8179300,https://tymber-blaze-products.imgix.net/download---2026-05-14T134406-498-38d79783-d027-4da0-be0c-af5670ba8d62.jpeg,2026-05-23T23:11:51.610988+00:00,"Milkman, an indica, offers a dry hit with sweet cereal notes and cream. Upon inhale, experience the flavor of captain crunch, while exhale reveals sweet creamy cereal milk notes. The high is balanced, slightly more body-leaning, felt initially in the face, then pulsing lightly through the body, while the mind stays relaxed and focused.",,Milkman
bedford-club-bk,B90BPRO1,B90BPRO1,X| Jeeter | Maui Wowie | XL | Infused Preroll | 2g,Jeeter,preroll,,4000,39.89,,sativa,TRUE,https://shop.bedfordclub.com/menu/products/jeeter-592964/infused-preroll/x-jeeter-maui-wowie-xl-infused-preroll-2g-8179299,https://tymber-blaze-products.imgix.net/download---2026-05-14T141341-200-0c2e3c77-85ba-4c13-869d-34dae475302b.jpeg,2026-05-23T23:11:51.610988+00:00,"Maui Wowie (not Maui Waui) is a classic sativa whose tropical flavors and stress-relieving qualities will float you straight to the shores of Hawaii where this strain originated. Beginning in the island’s volcanic soil, Maui Wowie has since spread across the world to bless us with its sweet pineapple flavors and high-energy euphoria. The strain offers a citrusy, earthy and sweet aroma, well aligned with its flavor profile and origins. Lightweight effects allow your mind to drift away to creative escapes, while Maui Wowie’s motivating, active effects may be all you need to get outside and enjoy the sun. The strain may help relieve chronic pain, depression, insomnia and stress.",,Maui Wowie
bedford-club-bk,B8DBPRO1,B8DBPRO1,X| Jeeter | High Tide | XL | Infused Preroll | 2g,Jeeter,preroll,,4000,41.84,,sativa,TRUE,https://shop.bedfordclub.com/menu/products/jeeter-592964/infused-preroll/x-jeeter-high-tide-xl-infused-preroll-2g-8179298,https://tymber-blaze-products.imgix.net/download---2026-05-14T141213-202-1c76b5fe-9795-4da6-b838-0d361542cba7.jpeg,2026-05-23T23:11:51.610988+00:00,,,High Tide
bedford-club-bk,B3B5PRO1,B3B5PRO1,X| Jeeter | Durban Poison | Infused Preroll | 5pk | .5g | 2.5g,Jeeter,preroll,,5000,36.46,,sativa,TRUE,https://shop.bedfordclub.com/menu/products/jeeter-592964/infused-preroll/x-jeeter-durban-poison-infused-preroll-5pk-5g-25g-8179297,https://tymber-blaze-products.imgix.net/download---2026-05-14T141013-321-1dea90ab-bcdf-4414-93fc-4f2ad2f42baa.jpeg,2026-05-23T23:11:51.610988+00:00,"Get ready to elevate your day with one of the most legendary Sativas in existence. This Jeeter 5-pack features the iconic Durban Poison, a pure South African Sativa known worldwide for its energetic, uplifting, and clear-headed effects. Whether you’re looking to spark creativity or just need a functional boost to power through your to-do list, these infused joints are your go-to companion.",,Durban Poison
bedford-club-bk,B89DPRO1,B89DPRO1,X| Jeeter | Durban Poison | Infused Preroll | 1g,Jeeter,preroll,,2200,36.52,,sativa,TRUE,https://shop.bedfordclub.com/menu/products/jeeter-592964/infused-preroll/x-jeeter-durban-poison-infused-preroll-1g-8179296,https://tymber-blaze-products.imgix.net/download---2026-05-14T140756-557-f3a46d46-3dc1-4894-9be1-53120c60695b.jpeg,2026-05-23T23:11:51.610988+00:00,"TOP TERPENES: -Beta-Caryophyllene -Humulene -Alpha-Bisabolol -Beta-Myrcene -Limonene -Caryophyllene-Oxide -Ocimene -Alpha-Terpineol -Fenchyl-Alcohol FLAVORS/AROMAS: -Sweet -Fruity -Citrus -Candy -Cream EFFECTS: -Energetic -Happy -Creative -Focused -Inspired This pure sativa originates from the South African port city of Durban. It has gained popularity worldwide for its sweet smell and energetic, uplifting effects. Durban Poison is the perfect strain to help you stay productive through a busy day, when exploring the outdoors, or to lend a spark of creativity.",,Durban Poison
bedford-club-bk,B636PRO1,B636PRO1,X| Ruby Farms | Doobies | Super Lemon Haze | 7pk | 3.5g | .5g,Ruby Farms,preroll,,3800,28.3,,sativa,TRUE,https://shop.bedfordclub.com/menu/products/ruby-farms-338873/preroll/x-ruby-farms-doobies-super-lemon-haze-7pk-35g-5g-8179723,https://tymber-blaze-products.imgix.net/download---2026-05-14T151257-675-53cc6213-ef6a-4adc-a6d5-04a12a9afc92.jpeg,2026-05-23T23:11:51.610988+00:00,"Super Lemon Haze is a sativa strain, with an aroma that is zesty, citrusy, and a little sweet. This is an uplifting sativa that was bred in the 1990's by The Haze Brothers, and is of legendary Dutch lineage. This is one classic sativa that is super rare.",,Super Lemon Haze
bedford-club-bk,BD5APRO1,BD5APRO1,X| Ruby Farms | Doobies | Sour Tangie | 7pk | 3.5g | .5g,Ruby Farms,preroll,,3800,29.7,,sativa,TRUE,https://shop.bedfordclub.com/menu/products/ruby-farms-338873/preroll/x-ruby-farms-doobies-sour-tangie-7pk-35g-5g-8179722,https://tymber-blaze-products.imgix.net/download---2026-05-14T151002-435-429554ef-786d-4e16-ab63-a75cd4ee1c92.jpeg,2026-05-23T23:11:51.610988+00:00,"Sour Tangie is the pinnacle of a classic exotic cultivar, bringing the gas from the sour and the oozing citrus from the tangie. This jewel was bread by the infamous legend California breeder, Crocket.",,Sour Tangie
bedford-club-bk,BC87PRO1,BC87PRO1,X| Ruby Farms | Doobies | Ghost Train Haze #2 | 7pk | 3.5g | .5g,Ruby Farms,preroll,,3800,25.91,,sativa,TRUE,https://shop.bedfordclub.com/menu/products/ruby-farms-338873/preroll/x-ruby-farms-doobies-ghost-train-haze-2-7pk-35g-5g-8179721,https://tymber-blaze-products.imgix.net/download---2026-05-14T150552-040-8394d957-c41f-43de-ba03-5c566f13d1ae.jpeg,2026-05-23T23:11:51.610988+00:00,"Ruby Farms Ghost Train Haze #2, 7 Count doobies offer a powerful and vibrant sativa-dominant hybrid experience. Known for its intense cerebral effects, this strain delivers a euphoric, uplifting high that sparks creativity and mental clarity, making it perfect for daytime use or artistic endeavors. Our pre rolls are 100% nug, hand rolled. The Ruby Doobies 7 Pack is a luxury smoking experience, that comes in a sustainable custom vintage copper tin packaging that alludes sophistication and high quality. Flavors Earthy Citrus Spicy/Herbal",,Ghost Train Haze #2
bedford-club-bk,B49FPRO1,B49FPRO1,X| Ruby Farms | Classics | Strawberry Guava | 7pk | 5g | .7g,Ruby Farms,preroll,,5000,27.5,,indica,TRUE,https://shop.bedfordclub.com/menu/products/ruby-farms-338873/preroll/x-ruby-farms-classics-strawberry-guava-7pk-5g-7g-8179720,https://tymber-blaze-products.imgix.net/download---2026-05-14T150205-223-1168b887-9501-46a2-9d81-c473841c886a.jpeg,2026-05-23T23:11:51.610988+00:00,"Strawberry Guava is a indica dominant hybrid strain, curated through cross breeding the powerful strawberry banana and papaya. Named for its mouth watering flavor, strawberry guava packs a sweet and fruity strawberry flavor with hints of guava upon the exhale. The rounded dark olive green nugs, with the thin light orange hairs make this cultivar a true beauty.",,Strawberry Guava
bedford-club-bk,BF2EPRO1,BF2EPRO1,X| Ruby Farms | Classics | Pineapple Express | 5g | .7g,Ruby Farms,preroll,,5000,22.94,,sativa,TRUE,https://shop.bedfordclub.com/menu/products/ruby-farms-338873/preroll/x-ruby-farms-classics-pineapple-express-5g-7g-8179719,https://tymber-blaze-products.imgix.net/download---2026-05-14T145856-573-7d12a1e9-b959-4758-aec4-0766fbb0f6c9.jpeg,2026-05-23T23:11:51.610988+00:00,"Ruby Farms | Classics | Pineapple Express | 7 Pack (5g) Enjoy the tropical sweetness and energizing effects of the Ruby Farms Classics Pineapple Express 7-Pack. This set includes seven pre-rolls totaling 5 grams of premium flower, offering a convenient and ready-to-enjoy experience for those who love fruity, flavorful cannabis. Strain Profile – Pineapple Express Pineapple Express is a sativa-dominant hybrid celebrated for its sweet pineapple aroma and citrusy tropical flavor. Known for its uplifting, euphoric, and energizing effects, it’s perfect for daytime use, social activities, or creative sessions. Why You’ll Love It Includes 7 pre-rolls (5g total) for convenience and portability Bursting with tropical fruit and pineapple flavors Provides energizing, mood-lifting effects Crafted with care by Ruby Farms Flavor & Effects Flavor Notes: Pineapple, tropical fruit, sweet, citrus Effects: Uplifting, euphoric, energizing, creative Product Details: Brand: Ruby Farms Line: Classics Strain: Pineapple Express Type: Pre-Rolls Count: 7 Pre-Rolls (5g Total) Category: Sativa-Dominant Hybrid",,Pineapple Express
bedford-club-bk,B6E1PRO1,B6E1PRO1,X| Ruby Farms | Hash Infused Doobies | Sunset Sherbert | 10pk | 5g | .5g,Ruby Farms,preroll,,5800,41.3,,hybrid,TRUE,https://shop.bedfordclub.com/menu/products/ruby-farms-338873/infused-preroll/x-ruby-farms-hash-infused-doobies-sunset-sherbert-10pk-5g-5g-8179725,https://tymber-blaze-products.imgix.net/download---2026-05-14T151537-884-fa435155-1a6e-42f6-8638-ead5cfaf58bc.jpeg,2026-05-23T23:11:51.610988+00:00,"Ruby Farms Hash Infused Doobies 10-pack contains 5g of Sunset Sherbert, an indica-dominant hybrid elevated with premium solventless hash for a smooth, flavorful, and potent smoke. This strain delivers sweet, creamy notes of berry and citrus with a hint of earth, thanks to its Girl Scout Cookies and Pink Panties lineage. The added hash infusion deepens the relaxing effects, making it perfect for mellow evenings and mood elevation. Whether you're kicking back in Bay Terrace, Staten Island or enjoying golden hour in Windsor Terrace, Brooklyn, this pack delivers.",,Sunset Sherbert
bedford-club-bk,BE48PRO1,BE48PRO1,X| Ruby Farms | Hash Infused Doobies | Maui Waui | 10pk | 5g | .5g,Ruby Farms,preroll,,5800,42.0,,sativa,TRUE,https://shop.bedfordclub.com/menu/products/ruby-farms-338873/infused-preroll/x-ruby-farms-hash-infused-doobies-maui-waui-10pk-5g-5g-8179724,https://tymber-blaze-products.imgix.net/download---2026-05-14T151804-525-9f0cb177-7f8e-40ae-9e6e-adc6ed725cf4.jpeg,2026-05-23T23:11:51.610988+00:00,"Ruby Farms’ Hash-Infused Maui Waui Doobies pack 5g of tropical sunshine into a 10-pack of 0.5g rolls. Expertly infused with high-quality hash, these prerolls deliver a powerful and clear-headed sativa experience—great for boosting creativity or social hangs. Expect classic Maui Waui vibes of juicy tropical fruit, pineapple, and subtle spicy undertones. Ideal for lively days in Clifton, Staten Island or breezy afternoons in Red Hook, Brooklyn.",,Maui Wowie
bedford-club-bk,B566PRO1,B566PRO1,X| Ravens View Genetics | Puna Budazz | Preroll | 2pk | .5g,Ravens View Genetics,preroll,,1400,15.75,,indica,TRUE,https://shop.bedfordclub.com/menu/products/ravens-view-genetics-349854/preroll/x-ravens-view-genetics-puna-budazz-preroll-2pk-5g-8195873,https://tymber-blaze-products.imgix.net/download---2026-05-15T155222-014-8565e1cd-8852-4047-8eca-c517fe8ff449.jpeg,2026-05-23T23:11:51.610988+00:00,"Ravens View Genetics – Puna Budazz Pre-Rolls (0.5g × 2 Pack) Enjoy a relaxing, landrace-inspired cannabis experience with Puna Budazz Pre-Rolls (0.5g × 2 Pack) from Ravens View Genetics, available at Cannabis Realm. This ready-to-smoke 2-pack features the legendary Puna Budazz, an indica strain with roots in the Puna District of Hawaii, known for its calming body effects and tropical flavor profile. Product Details Product Type: Pre-Rolls Strain: Puna Budazz Brand: Ravens View Genetics Size: 0.5g each (2 pre-rolls) Total Weight: 1g Category: Indica Flavor & Aroma Puna Budazz offers a sweet, tropical flavor with subtle spicy notes, reflecting its Hawaiian landrace heritage. The terpene profile creates a smooth and aromatic smoke that blends natural sweetness with earthy spice. Effects & Experience This strain is widely known for producing relaxing and euphoric effects, often leading to a calm body high and tranquil mindset. Many consumers choose Puna Budazz for evening sessions, stress relief, or winding down at the end of the day. Landrace Heritage Puna Budazz comes from landrace genetics, meaning the strain evolved naturally in a specific geographic region before modern hybrid breeding. These traditional genetics are valued for their unique cannabinoid profiles and authentic cannabis character.",,Puna Budazz
bedford-club-bk,B100PRO1,B100PRO1,X| Ravens View Genetics | Persian Prince | Preroll | 2pk | .5g,Ravens View Genetics,preroll,,1400,17.0,,indica,TRUE,https://shop.bedfordclub.com/menu/products/ravens-view-genetics-349854/preroll/x-ravens-view-genetics-persian-prince-preroll-2pk-5g-8195872,https://tymber-blaze-products.imgix.net/download---2026-05-15T155821-843-b946bcd7-41ff-497b-b14d-b179d528bbb8.jpeg,2026-05-23T23:11:51.610988+00:00,"Budding from a legendary cross between a fruity Uzbek Landrace and an old-school, skunky, UK Cheese, Persian Prince is a true F1 Hybrid, aka an Heirloom. Heirloom strains are stabilized hybrids that originate from crossing landrace strains with old-school classics. Persian Prince is the connoisseur’s choice for a relaxing evening wind-down.",,Persian Prince
bedford-club-bk,B346PRO1,B346PRO1,X| Ravens View Genetics | Lemongrass | Flower | 3.5g,Ravens View Genetics,flower,,3400,16.85,,indica,TRUE,https://shop.bedfordclub.com/menu/products/ravens-view-genetics-349854/flower/x-ravens-view-genetics-lemongrass-flower-35g-8195871,https://tymber-blaze-products.imgix.net/download---2026-05-15T154500-292-44a070ed-b1ca-44b1-a1c6-c0840d1187c9.jpeg,2026-05-23T23:11:51.610988+00:00,"Ravens View Genetics' Lemongrass strain in a 3.5g package is described as a hybrid, offering a balance of relaxation and mental clarity with a refreshing sour citrus twist. Users report experiencing a smooth, euphoric high that stimulates the imagination and improves mood. The strain also features a lemon and musky sage aroma, with a tangy, spicy sage flavor.",,Lemongrass
bedford-club-bk,BF17PRO1,BF17PRO1,X| Ravens View Genetics | Kashmir | Preroll | 2pk | .5g,Ravens View Genetics,preroll,,1400,15.5,,sativa,TRUE,https://shop.bedfordclub.com/menu/products/ravens-view-genetics-349854/preroll/x-ravens-view-genetics-kashmir-preroll-2pk-5g-8195870,https://tymber-blaze-products.imgix.net/download---2026-05-15T154835-594-51df5399-4474-4257-b44d-a928a820a21c.jpeg,2026-05-23T23:11:51.610988+00:00,"With genetics sourced from the valleys of the Himalayan Mountains of India, this unique strain is the first of our ""Landrace by Ravens View Genetics"" line. Landrace strains are pure, un-hybridized genetics that have naturally evolved in specific regions of the world. Kashmir naturally presents high amounts of THC-V, creating an uplifting, euphoric, mentally clear yet potent experience. Kashmir is the connoisseur’s choice for discovering a truly unique and uplifting sativa, as nature intended.",,Kashmir
bedford-club-bk,B668PRO1,B668PRO1,X| Ravens View Genetics | Halcyon | Preroll | 2pk | .5g,Ravens View Genetics,preroll,,1400,24.11,,hybrid,TRUE,https://shop.bedfordclub.com/menu/products/ravens-view-genetics-349854/preroll/x-ravens-view-genetics-halcyon-preroll-2pk-5g-8195869,https://tymber-blaze-products.imgix.net/download---2026-05-15T160703-417-eed35922-518b-495f-82d5-326fa4d303cd.jpeg,2026-05-23T23:11:51.610988+00:00,"Strain Type: Heirloom Sativa Vibe: Clear-Headed, Uplifting Terpene Profile: Limonene, Beta-Caryophyllene, Beta-Pinene",,Halcyon
bedford-club-bk,B567PRO2,B567PRO2,X| Rythm | Bananaconda | Cartridge | Solvenless Live Rosin | 500mg,Rythm,vaporizers,,5000,78.13,,hybrid,TRUE,https://shop.bedfordclub.com/menu/products/rythm-694002/vape-pens/x-rythm-bananaconda-cartridge-solvenless-live-rosin-500mg-8197524,https://tymber-blaze-products.imgix.net/download---2026-05-15T205150-444-0495b799-2cf1-4282-9089-27b3e0fe25bb.jpeg,2026-05-23T23:11:51.610988+00:00,"RYTHM’s team uses just ice, water, heat and pressure to craft Live Rosin extracts. The result: 100% chemical-free solventless vapes that are the culmination of clean AF, true-to-plant taste—exactly like their growers intended. Expect only the plant's purest quality and most complete terpene profiles. Plus, much like fine wine, the rosin in RYTHM Solventless develops unique flavors as it ages. Their team is especially psyched about the smooth, long-lasting tastes that linger on the palate, easier exhales and gentler nose feel. Cannabis connoisseurs, this one’s for you | Bananaconda [orig: Snake Cake x Dual OG] is a hybrid that blends ripe banana and creamy sweetness on the inhale, finishing with herbal depth.",,Bananaconda
bedford-club-bk,B96FPRO1,B96FPRO1,X| Rythm | Animal Scout | Cartridge | Solvenless Live Rosin | 500mg,Rythm,vaporizers,,5000,79.39,,indica,TRUE,https://shop.bedfordclub.com/menu/products/rythm-694002/vape-pens/x-rythm-animal-scout-cartridge-solvenless-live-rosin-500mg-8197523,https://tymber-blaze-products.imgix.net/download---2026-05-15T204928-228-8fc42777-4fba-49cf-9f7f-78e79d3c83b1.jpeg,2026-05-23T23:11:51.610988+00:00,"Rythm – Animal Scout – Live Rosin Vape Cartridge (Solventless) – 0.5g – Indica-Leaning Hybrid Pure, Potent, and Solventless – Now at Cannabis Realm of NY in Hudson Valley Experience the cleanest form of cannabis with the Rythm Animal Scout Live Rosin Vape Cartridge, a solventless, full-spectrum vape crafted for those who value purity, potency, and premium flavor. This 0.5g indica-leaning hybrid cart delivers a smooth, terpene-rich vapor that captures the true essence of the plant — no solvents, no additives, just high-quality cannabis. Made from fresh frozen flower, the live rosin extraction process preserves the strain's natural cannabinoids and terpenes, offering a rich, flavorful experience that hits as nature intended. Animal Scout, a cross between Animal Mints x Sunset Scout, delivers a euphoric, deeply relaxing high with sweet, earthy notes and subtle minty undertones — perfect for unwinding in the evening or taking the edge off after a long day. Product Highlights: Strain: Animal Scout (Indica-leaning hybrid) Extraction Method: Solventless live rosin – made from fresh frozen flower Format: 0.5g vape cartridge – compatible with standard 510-thread batteries Flavor Profile: Sweet earth, creamy mint, light herbal finish Effects: Relaxing, calming, slightly euphoric – ideal for stress relief and evening use",,Animal Scout
bedford-club-bk,BA74PRO1,BA74PRO1,X| Rythm | L'Orange | Cartridge | Solventless Live Rosin | 500mg,Rythm,vaporizers,,5000,80.59,,sativa,TRUE,https://shop.bedfordclub.com/menu/products/rythm-694002/vape-pens/x-rythm-lorange-cartridge-solventless-live-rosin-500mg-8197528,https://tymber-blaze-products.imgix.net/download---2026-05-15T210600-076-3de9de7f-eb0d-4367-a7ec-767354b571ee.jpeg,2026-05-23T23:11:51.610988+00:00,"L’Orange is a sativa-dominant vape cartridge that delivers an energetic, citrus-forward high with mental clarity and focus, making it ideal for creative pursuits, daytime activities, or staying motivated. Made with solventless live rosin, it preserves the full spectrum of natural terpenes and cannabinoids for a clean, flavorful experience. Instructions: Inhale for 3–5 seconds. Wait at least 30 seconds between puffs. Store vertically and at room temperature away from light. Lineage: Oregon Lemon × Orange Crush Dominance: 70/30 Sativa/Indica Effects: Energetic, Focused, Happy, Inspired Scents: Citrus, Herbal, Musky, Sweet earth RYTHM is a national cannabis brand committed to clean, authentic extracts. Their live rosin line is crafted using only ice, water, heat, and pressure—never solvents—to preserve natural terpenes and cannabinoids, offering a product designed for flavor, potency, and consistency across every session.",,L'Orange
bedford-club-bk,BA5FPRO1,BA5FPRO1,X| Rythm | Jack's Delight | Live Concentrate | 1g,Rythm,concentrate,,5000,75.84,,,TRUE,https://shop.bedfordclub.com/menu/products/rythm-694002/concentrates/x-rythm-jacks-delight-live-concentrate-1g-8197527,https://tymber-blaze-products.imgix.net/download---2026-05-15T210312-616-f6fc4190-3e80-40c9-b92e-330c3a625b23.jpeg,2026-05-23T23:11:51.610988+00:00,"Live Resin is a unique form of concentrate in that the flower used is frozen immediately after harvest, rather than the typical process of curing. Freezing the raw cannabis flower helps preserve terpene and cannabinoid profiles, providing consumers with a robust flavor profile and precise effects",,Jack's Delight
bedford-club-bk,BA2APRO1,BA2APRO1,X| Rythm | Hash Queen | Live Resin Pen | 1g,Rythm,vaporizers,,6500,82.6,,sativa,TRUE,https://shop.bedfordclub.com/menu/products/rythm-694002/vape-pens/x-rythm-hash-queen-live-resin-pen-1g-8197526,https://tymber-blaze-products.imgix.net/download---2026-05-15T210057-323-f43297bd-0048-4625-8903-5c297c44c7f2.jpeg,2026-05-23T23:11:51.610988+00:00,"""[orig. Killer Queen x Puck] is an energizing sativa strain with high-tempo cerebral effects and earthy, herbal tones. Rythm Live Resin contain highly concentrated, terpene-rich cannabis made from strain specific fresh frozen material. #FindYourRYTHM with strain specific, full spectrum concentrates that offer high potency and full flavor.""",,Hash Queen
bedford-club-bk,B5A5PRO1,B5A5PRO1,X| Rythm | Creamsicle Sunset | Solvenless Live Rosin | 1g,Rythm,concentrate,,8000,75.01,,hybrid,TRUE,https://shop.bedfordclub.com/menu/products/rythm-694002/concentrates/x-rythm-creamsicle-sunset-solvenless-live-rosin-1g-8197525,https://tymber-blaze-products.imgix.net/download---2026-05-15T205530-125-b9b91596-9a1a-4b3d-b485-94a5f77b12e8.jpeg,2026-05-23T23:11:51.610988+00:00,"Rythm’s Creamsicle Sunset is a Tier 1 treat—fresh-pressed live rosin with sweet orange-vanilla terps and a blissed-out body high. This 1g jar hits with clarity and calm, ideal for easing tension while keeping your mind light and lifted. Think golden hour in concentrate form",,Creamsicle Sunset
bedford-club-bk,E3D9F5XKAXCEQE,E3D9F5XKAXCEQE,X| Ayrloom | Pineapple Express | All-In-One | 1g,ayrloom,vaporizers,1g,5000,90.0,,sativa,TRUE,https://shop.bedfordclub.com/menu/products/ayrloom-338877/vape-pens/x-ayrloom-pineapple-express-all-in-one-1g-8197663,https://tymber-blaze-products.imgix.net/download---2026-05-06T115029-905-3386b24d-05c5-4cec-9a0e-c5d9f7551d4e.jpeg,2026-05-23T23:11:51.610988+00:00,"Pineapple Express is a sativa-dominant hybrid cannabis strain created by crossing Trainwreck with Hawaiian. Pineapple Express delivers immediate, long-lasting energetic effects that can induce feelings of euphoria, alertness, and creativity. Flavor-wise, this strain offers a vibrant experience with bright citrus notes complemented by pineapple and earthy pine, attributed to the terpenes caryophyllene, limonene, and ocimene. Medical marijuana patients often select Pineapple Express to alleviate symptoms related to depression, pain, and fatigue.",,
bedford-club-bk,BC72PRO1,BC72PRO1,X| 1906 | Go | Tins,1906,edible,,2900,100.0,100.0,sativa,TRUE,https://shop.bedfordclub.com/menu/products/1906-346801/edibles/x-1906-go-tins-8201897,https://tymber-blaze-products.imgix.net/download---2026-05-18T152633-674-7f1ce64d-0f73-4f97-8654-a23902a7f327.jpeg,2026-05-23T23:11:51.610988+00:00,"Get going with an all-natural energy booster for the brain and body. Proven to increase blood flow and energy levels without the crash through a blend of caffeine, cannabis, and plant medicines L-Theanine, Galangal, and Theobromine.",,Go
bedford-club-bk,B92APRO1,B92APRO1,X| 1906 | Boost 5 | Tins,1906,edible,,900,100.0,,hybrid,TRUE,https://shop.bedfordclub.com/menu/products/1906-346801/edibles/x-1906-boost-5-tins-8201896,https://tymber-blaze-categories.imgix.net/420default-Edibles.jpg,2026-05-23T23:11:51.610988+00:00,"Get a boost with the fastest, cleanest, and healthiest way to consume THC. Boost is a 1906 Drop not infused with plant medicines or designed to create a specific effect. Simply swallow to enjoy a healthier, low dose high in 20 minutes or use to boost any other 1906 Experience.",,Boost 5
bedford-club-bk,BED7PRO1,BED7PRO1,X| Jeeter | Milkman | Infused Preroll | 5pk | .5g | 2.5g,Jeeter,preroll,,2500,39.03,,indica,TRUE,https://shop.bedfordclub.com/menu/products/jeeter-592964/infused-preroll/x-jeeter-milkman-infused-preroll-5pk-5g-25g-8210224,https://tymber-blaze-products.imgix.net/download---2026-05-19T163827-273-5f27dc94-1dae-46f8-9e92-e2e9a8b67f01.jpeg,2026-05-23T23:11:51.610988+00:00,"Milkman, an indica, offers a dry hit with sweet cereal notes and cream. Upon inhale, experience the flavor of captain crunch, while exhale reveals sweet creamy cereal milk notes. The high is balanced, slightly more body-leaning, felt initially in the face, then pulsing lightly through the body, while the mind stays relaxed and focused The Jeeter Quad-Infused Pre-Roll redefines infused pre-rolls by combining four premium enhancements for a superior smoking experience.. THCA diamonds provide high potency, rosin introduces a full-spectrum extract for richer depth and complexity, terpenes create a dynamic flavor profile, and kief ensures a smooth, slow burn. This purposeful infusion process delivers a more balanced and flavorful smoke. Alongside its enhanced formulation, Jeeter remains committed to sustainability, with new opaque packaging made from 25% post-consumer recycled plastic, reducing environmental impact without compromising the premium experience.",,Milkman
bedford-club-bk,B514PRO1,B514PRO1,X| Fernway | Purple Sunset | Live | 1g | T Pro,Fernway,vaporizers,,6100,79.9,,indica,TRUE,https://shop.bedfordclub.com/menu/products/fernway-338875/vape-pens/x-fernway-purple-sunset-live-1g-t-pro-8283604,https://tymber-blaze-products.imgix.net/download---2026-05-21T122331-871-69369254-1552-46e6-929e-ed6fec8342d1.jpeg,2026-05-23T23:11:51.610988+00:00,"Golden hour energy. A dreamy indica cross of Purple Punch and Mandarin Sunset. Sweet fruit meets sour citrus with subtle spice that unfolds like the last light of day. Meet the evolution of live cannabis. Enriched with minor cannabinoids, Fernway LIVE delivers amplified psychoactive effects and exceptional potency. Available in the Traveler Pro || Custom engineered by Fernway, every component has been intentionally upgraded to redefine a premium vaping experience. Goes Great With: Rooftop sunsets and city views Showing off your latest outfit at the function A private screening Flavor Notes: Grape Citrus Spice Genetics: Purple Punch x Mandarin Sunset",,Purple Sunset
bedford-club-bk,B200PRO1,B200PRO1,X| Fernway | Mochi | Live | 1g | T Pro,Fernway,vaporizers,,6100,81.88,,sativa,TRUE,https://shop.bedfordclub.com/menu/products/fernway-338875/vape-pens/x-fernway-mochi-live-1g-t-pro-8283603,https://tymber-blaze-products.imgix.net/download---2026-05-21T122137-165-50eb6121-d8ef-4dc6-813e-11ec41892a40.jpeg,2026-05-23T23:11:51.610988+00:00,"Endless character. This sativa offers robust effects with exquisite floral and citrus notes. Meet the evolution of live cannabis. Enriched with minor cannabinoids, Fernway LIVE delivers amplified psychoactive effects and exceptional potency. Available in the Traveler Pro || Custom engineered by Fernway, every component has been intentionally upgraded to redefine a premium vaping experience. Goes Great With: Your current creative project The tasting menu Meeting up with old friends in a new city Flavor Notes: Citrus Floral Herbal Genetics: Sunset Sherbert x Thin Mint GSC",,Mochi
bedford-club-bk,B1CDPRO1,B1CDPRO1,X| Fernway | Glass Slipper | Live | 1g | T Pro,Fernway,vaporizers,,6100,80.03,,hybrid,TRUE,https://shop.bedfordclub.com/menu/products/fernway-338875/vape-pens/x-fernway-glass-slipper-live-1g-t-pro-8283602,https://tymber-blaze-products.imgix.net/download---2026-05-21T121915-693-606a0e40-cf94-4766-8f1a-d98576921b53.jpeg,2026-05-23T23:11:51.610988+00:00,"Gracefully grounded. Sweet and sumptuous, this enchanting hybrid is the perfect fit for good times. Meet the evolution of live cannabis. Enriched with minor cannabinoids, Fernway LIVE delivers amplified psychoactive effects and exceptional potency. Available in the Traveler Pro || Custom engineered by Fernway, every component has been intentionally upgraded to redefine a premium vaping experience. Flavor Notes: • Earth • Sweet • Tropical Genetics: Cinderella 99 x Pineapple 99",,Glass Slipper
bedford-club-bk,BF8EPRO1,BF8EPRO1,X| Toke Folks | Lemon Cherry Sherbert | Dub Sack | 1.5g,Toke Folks,flower,,1400,24.48,,indica,TRUE,https://shop.bedfordclub.com/menu/products/toke-folks-428305/flower/x-toke-folks-lemon-cherry-sherbert-dub-sack-15g-8284764,https://tymber-blaze-products.imgix.net/download--7--71e07b81-6ec0-449b-a079-25df46f51e33.png,2026-05-23T23:11:51.610988+00:00,"Toke Folks' Lemon Cherry Sherbert ""Dub Sack."" This is an indica-dominant hybrid (60% indica / 40% sativa) cross of Lemon Cherry Gelato and Sunset Sherbet. Toke Folks packages this premium 1.5-gram flower product with batch-specific lab testing Strain OverviewFlavor Profile: A complex blend of sweet berries, tart citrus, lemon, and lime, rounded out by subtle pine, herbal, and musky floral undertones.Effects: Euphoric, uplifted, and deeply relaxing without being overly sedating. It is well-regarded for calming racing thoughts while delivering vibrant, focused energy.",,Lemon Cherry Sherbert
bedford-club-bk,BF59PRO1,BF59PRO1,X| Pearls | Blueberry Lemonade | Gummies | 3:1 CBG THC | 100mg,Grön Edibles,edible,,2200,100.0,,sativa,TRUE,https://shop.bedfordclub.com/menu/products/grn-edibles-394150/edibles/x-pearls-blueberry-lemonade-gummies-31-cbg-thc-100mg-8288152,https://tymber-blaze-products.imgix.net/download---2026-05-22T002424-317-6bc8ad41-ebe9-4418-967c-91698c2b9130.jpeg,2026-05-23T23:11:51.610988+00:00,The perfect wake and bake Pearl that tastes like bright blueberry lemonade. Infused with CBG and THC in an uplifting 3:1 ratio to help people stay lifted all day long. CBG (cannabigerol) is the first cannabinoid produced in the cannabis plant and the building block for all others. Who It's For: Anyone looking for a boost of mental energy during the day. The blend of THC and CBG can create a boost of energy and alertness without being too stimulating. What to Expect: * Daytime Sativa Effects * Uplifting High * Energizing Buzz,,Blueberry Lemonade
