dispensary_slug,sku,batch_id,name,brand,category,variant,price_cents,thc_percent,cbd_percent,classification,in_stock,product_url,image_url,scraped_at,description,subtype,strain
ignyte-red-hook,720140163761,720140163761,Vanilla Coke (H) (2:1 THC:CBD) 10mg THC : 5mg CBD - 12oz - Beverages - Ayrloom,ayrloom,edible,,600,10.0,5.0,hybrid,TRUE,https://shop.ignyteny.com/whitestone/products/ayrloom-418470/beverages/vanilla-coke-h-21-thccbd-10mg-thc-5mg-cbd-12oz-beverages-ayrloom-4666827,https://tymber-blaze-products.imgix.net/Ayrloom-vanillacola1-65a43977-9ce5-4fe3-9d90-964171c8ea4c.png,2026-05-23T23:12:18.599992+00:00,"Classic & refreshing cola flavor amped up with rich notes of Vanilla, infused with fast acting THC, your bubbly afternoon treat will never be the same. 2:1 THC: CBD 10MG THC + 10MG CBD Fast Acting, Gluten Free, Vegan",,VANILLA COLA
ignyte-red-hook,67A844EWRUCSYT,67A844EWRUCSYT,ENERGY (S) | 1g - FX Based AIO - Vape Pens | Ayrloom,ayrloom,other,1g,6000,,,sativa,TRUE,https://shop.ignyteny.com/whitestone/products/ayrloom-418470/vape-aios/energy-s-1g-fx-based-aio-vape-pens-ayrloom-5734848,https://tymber-blaze-products.imgix.net/Ayrloom-vapes-mood-energy1-44ef06bf-d8b0-46d3-9244-ec905114f688.png,2026-05-23T23:12:18.599992+00:00,,,ENERGY
ignyte-red-hook,E17077LCWEKX2M,E17077LCWEKX2M,CALM (I) | 1g - FX Based AIO - Vape Pens | Ayrloom,ayrloom,other,1g,6000,,,indica,TRUE,https://shop.ignyteny.com/whitestone/products/ayrloom-418470/vape-aios/calm-i-1g-fx-based-aio-vape-pens-ayrloom-5734847,https://tymber-blaze-products.imgix.net/Ayrloom-vapes-mood-calm1-a3fe6e78-af00-4dfb-baa0-525205174ac5.png,2026-05-23T23:12:18.599992+00:00,,,CALM
ignyte-red-hook,477C51RMYUNWE4,477C51RMYUNWE4,BLISS (S) | 1g - FX Based AIO - Vape Pens | Ayrloom,ayrloom,other,1g,6000,,,sativa,TRUE,https://shop.ignyteny.com/whitestone/products/ayrloom-418470/vape-aios/bliss-s-1g-fx-based-aio-vape-pens-ayrloom-5734846,https://tymber-blaze-products.imgix.net/Ayrloom-vapes-mood-bliss1-37ef908e-d229-41c1-8b08-4a3018e5cbd0.png,2026-05-23T23:12:18.599992+00:00,,,BLISS
ignyte-red-hook,FA4132KQF2IHPE,FA4132KQF2IHPE,Lemonade (H) (2:1 THC:CBD) 10mg THC : 5mg CBD - 12oz - Beverages - Ayrloom,ayrloom,edible,,600,,,hybrid,TRUE,https://shop.ignyteny.com/whitestone/products/ayrloom-418470/beverages/lemonade-h-21-thccbd-10mg-thc-5mg-cbd-12oz-beverages-ayrloom-5734869,https://tymber-blaze-products.imgix.net/Ayrloom-lemonade-12oz-10mg-4e9b79d8-19b1-4937-8d36-168391b20c1a.png,2026-05-23T23:12:18.599992+00:00,,,LEMONADE
ignyte-red-hook,95F977XIOHX3C9,95F977XIOHX3C9,Honeycrisp Cider (H) (2:1 THC:CBD) 10mg THC : 5mg CBD - 12oz - Beverages - Ayrloom,ayrloom,edible,,600,,,hybrid,TRUE,https://shop.ignyteny.com/whitestone/products/ayrloom-418470/beverages/honeycrisp-cider-h-21-thccbd-10mg-thc-5mg-cbd-12oz-beverages-ayrloom-5734868,https://tymber-blaze-products.imgix.net/Ayrloom-honeycrisp-12oz-5mg-dbcdf5c9-9064-401a-a48a-5c2059deec7c.png,2026-05-23T23:12:18.599992+00:00,,,HONEYCRISP CIDER
ignyte-red-hook,0A37EEQT1ALD7Z,0A37EEQT1ALD7Z,Half + Half Lemonade Tea (H) (2:1 THC:CBD) 10mg THC : 5mg CBD - 12oz - Beverages - Ayrloom,ayrloom,edible,,600,,,hybrid,TRUE,https://shop.ignyteny.com/whitestone/products/ayrloom-418470/beverages/half-half-lemonade-tea-h-21-thccbd-10mg-thc-5mg-cbd-12oz-beverages-ayrloom-5734866,https://tymber-blaze-products.imgix.net/Ayrloom-half-and-half-12oz-5mg-09bf51b2-2c89-4a51-874e-07994ebd9c0c.png,2026-05-23T23:12:18.599992+00:00,,,LEMONADE X TEA
ignyte-red-hook,E0BE33JBSICR2M,E0BE33JBSICR2M,Black Cherry (H) (2:1 THC:CBD) 10mg THC : 5mg CBD - 12oz - Beverages - Ayrloom,ayrloom,edible,,600,,,hybrid,TRUE,https://shop.ignyteny.com/whitestone/products/ayrloom-418470/beverages/black-cherry-h-21-thccbd-10mg-thc-5mg-cbd-12oz-beverages-ayrloom-5734865,https://tymber-blaze-products.imgix.net/Ayrloom-Black-Cherry-12oz-3mg-e172f71e-11a6-469b-bd1e-3b24a2f1bd0f.png,2026-05-23T23:12:18.599992+00:00,Ayrloom | Black Cherry 2:1 - Beverage - 10mg THC 5mg CBD | 12oz,,BLACK CHERRY
ignyte-red-hook,EEAAB6IXX4X1JG,EEAAB6IXX4X1JG,Root Beer (H) (2:1 THC:CBD) 10mg THC : 5mg CBD - 12oz - Beverages - Ayrloom,ayrloom,edible,,600,,,hybrid,TRUE,https://shop.ignyteny.com/whitestone/products/ayrloom-418470/beverages/root-beer-h-21-thccbd-10mg-thc-5mg-cbd-12oz-beverages-ayrloom-5734858,https://tymber-blaze-products.imgix.net/rootbeer1-097775b9-766a-4f57-9f35-3e75ba9b915e.png,2026-05-23T23:12:18.599992+00:00,,,ROOT BEER
ignyte-red-hook,EF206FXKMGRR91,EF206FXKMGRR91,Cran Apple (H) (2:1 THC:CBD) 10mg THC : 5mg CBD - 12oz - Beverages - Ayrloom,ayrloom,edible,,600,,,hybrid,TRUE,https://shop.ignyteny.com/whitestone/products/ayrloom-418470/beverages/cran-apple-h-21-thccbd-10mg-thc-5mg-cbd-12oz-beverages-ayrloom-5734857,https://tymber-blaze-products.imgix.net/Ayrloom-Cran-Apple-12oz-3mg-ba254651-720d-4a23-bf76-64355b6f9b59.png,2026-05-23T23:12:18.599992+00:00,,,CRAN APPLE
ignyte-red-hook,5367310ZIKUSFD,5367310ZIKUSFD,Revive (BGS) - Balm - Topical | 1:1 THC:CBD | 2.3oz | Ayrloom,ayrloom,topical,,6000,,,hybrid,TRUE,https://shop.ignyteny.com/whitestone/products/ayrloom-418470/topicals/revive-bgs-balm-topical-11-thccbd-23oz-ayrloom-5734855,https://tymber-blaze-products.imgix.net/ayrloom-re3-1821ccba-25cd-46ff-804f-ef3ef2875b07.png,2026-05-23T23:12:18.599992+00:00,,,REVIVE
ignyte-red-hook,CD0FACW23NBSKQ,CD0FACW23NBSKQ,Restore (LRE) - Balm - Topical | 1:1 THC:CBD | 2.3oz | Ayrloom,ayrloom,topical,,6000,,,hybrid,TRUE,https://shop.ignyteny.com/whitestone/products/ayrloom-418470/topicals/restore-lre-balm-topical-11-thccbd-23oz-ayrloom-5734854,https://tymber-blaze-products.imgix.net/ayrloom-restore1-004e8bbc-fb88-4598-87e8-7c901262145b.png,2026-05-23T23:12:18.599992+00:00,,,RESTORE
ignyte-red-hook,D0585EKR6WV5ZP,D0585EKR6WV5ZP,Rescue (MA) - Balm - Topical | 1:1 THC:CBD | 2.3oz | Ayrloom,ayrloom,topical,,6000,,,hybrid,TRUE,https://shop.ignyteny.com/whitestone/products/ayrloom-418470/topicals/rescue-ma-balm-topical-11-thccbd-23oz-ayrloom-5734852,https://tymber-blaze-products.imgix.net/ayrloom-rescue-91c931a8-d790-48e7-85c6-700bf120151e.png,2026-05-23T23:12:18.599992+00:00,,,RESCUE
ignyte-red-hook,7C14E4FAHQE3RY,7C14E4FAHQE3RY,REST (I) | 1g - FX Based AIO - Vape Pens | Ayrloom,ayrloom,other,1g,6000,,,indica,TRUE,https://shop.ignyteny.com/whitestone/products/ayrloom-418470/vape-aios/rest-i-1g-fx-based-aio-vape-pens-ayrloom-5734850,https://tymber-blaze-products.imgix.net/Ayrloom-vapes-mood-rest1-0bdb9f2b-5127-4146-b172-7939e2a48cec.png,2026-05-23T23:12:18.599992+00:00,,,REST
ignyte-red-hook,3346A5P08WNEPS,3346A5P08WNEPS,Blazy Susan - Silicone Deluxe Dab Station - Red | Storage | Accessories,BLAZY SUSAN,merch,,2000,,,,TRUE,https://shop.ignyteny.com/whitestone/products/blazy-susan-418467/accessories/blazy-susan-silicone-deluxe-dab-station-red-storage-accessories-5734896,https://tymber-blaze-products.imgix.net/Blazy-Susan---Silicone-Deluxe-Dab-Station---Red-1bb5fbed-d7a1-4831-b400-7046d2533b3a.jpg,2026-05-23T23:12:18.599992+00:00,,,
ignyte-red-hook,576CB65UA3UBC2,576CB65UA3UBC2,Blazy Susan - Silicone Deluxe Dab Station - Purple | Storage | Accessories,BLAZY SUSAN,merch,,2000,,,,TRUE,https://shop.ignyteny.com/whitestone/products/blazy-susan-418467/accessories/blazy-susan-silicone-deluxe-dab-station-purple-storage-accessories-5734895,https://tymber-blaze-products.imgix.net/Blazy-Susan---Silicone-Deluxe-Dab-Station---Purple-a02870cd-36b4-48ea-9dae-c502fa8376e9.jpg,2026-05-23T23:12:18.599992+00:00,,,
ignyte-red-hook,965CE9GBKNLOOK,965CE9GBKNLOOK,Blazy Susan - Silicone Dab Station Mini - Mixed Colors | Storage | Accessories,BLAZY SUSAN,merch,,1500,,,,TRUE,https://shop.ignyteny.com/whitestone/products/blazy-susan-418467/accessories/blazy-susan-silicone-dab-station-mini-mixed-colors-storage-accessories-5734893,https://tymber-blaze-products.imgix.net/Blazy-Susan---Silicone-Dab-Station-Mini---Mixed-Colors-470afb15-5170-4a78-9046-3b116867b215.jpg,2026-05-23T23:12:18.599992+00:00,,,
ignyte-red-hook,41CCE8EA35YULO,41CCE8EA35YULO,Blazy Susan - Deluxe Ashtray - Mixed Colors | Ashtray | Accessories,BLAZY SUSAN,merch,,1500,,,,TRUE,https://shop.ignyteny.com/whitestone/products/blazy-susan-418467/accessories/blazy-susan-deluxe-ashtray-mixed-colors-ashtray-accessories-5734891,https://tymber-blaze-products.imgix.net/Blazy-Susan---Deluxe-Ashtray---Mixed-Colors-889f315b-af1d-4279-ac84-68cdc5712809.jpg,2026-05-23T23:12:18.599992+00:00,,,
ignyte-red-hook,18FD1DQV6NRURH,18FD1DQV6NRURH,Bambu - Large | Papers | Accessories,Bambu,merch,,300,,,,TRUE,https://shop.ignyteny.com/whitestone/products/bambu-559109/accessories/bambu-large-papers-accessories-5734884,https://tymber-blaze-products.imgix.net/bambu-ad175187-9983-495c-af54-e6b2bc9319d8.jpg,2026-05-23T23:12:18.599992+00:00,,,
ignyte-red-hook,720140164744,720140164744,Orange Creamsicle (H) (2:1 THC:CBD) 10mg THC : 5mg CBD - 12oz - Beverages - Ayrloom,ayrloom,edible,,600,,,hybrid,TRUE,https://shop.ignyteny.com/whitestone/products/ayrloom-418470/beverages/orange-creamsicle-h-21-thccbd-10mg-thc-5mg-cbd-12oz-beverages-ayrloom-5734871,https://tymber-blaze-products.imgix.net/Ayrloom-orange-creamsicle-12oz-5mg-07cdb970-6c9e-497f-8530-a750719077df.png,2026-05-23T23:12:18.599992+00:00,,,ORANGE CREAMSICLE
ignyte-red-hook,DDE7BDJ2BFHSB1,DDE7BDJ2BFHSB1,Bob Marley - Pure Hemp | 1.25 - Papers | Accessories,Bob Marley,merch,,300,,,,TRUE,https://shop.ignyteny.com/whitestone/products/bob-marley-418465/accessories/bob-marley-pure-hemp-125-papers-accessories-5734905,https://tymber-blaze-products.imgix.net/Bob-Marley---Papers---1-25---Pure-Hemp-1-d59ec905-6218-4b4e-8a79-88cb32cb1640.jpg,2026-05-23T23:12:18.599992+00:00,,,
ignyte-red-hook,15FFDDCIVYLODQ,15FFDDCIVYLODQ,Bob Marley - Organic Hemp | 1.25 - Papers | Accessories,Bob Marley,merch,,300,,,,TRUE,https://shop.ignyteny.com/whitestone/products/bob-marley-418465/accessories/bob-marley-organic-hemp-125-papers-accessories-5734904,https://tymber-blaze-products.imgix.net/Bob-Marley---Papers---1-25---Organic-Hemp-Rolling-Paper-eee7a5d3-2876-4fee-880d-196ee2b12141.jpg,2026-05-23T23:12:18.599992+00:00,,,
ignyte-red-hook,496CC92M5AKVF6,496CC92M5AKVF6,Whimsical Wix - Vanilla Haze | Candles | Accessories,Candles,merch,,3000,,,,TRUE,https://shop.ignyteny.com/whitestone/products/candles-559135/accessories/whimsical-wix-vanilla-haze-candles-accessories-5734938,https://tymber-blaze-products.imgix.net/whimsical-wix-4b323d0d-a914-4577-89a4-c05b9b5ca235.jpg,2026-05-23T23:12:18.599992+00:00,,,
ignyte-red-hook,35A401IN9SZJF4,35A401IN9SZJF4,Whimsical Wix - Belgian Waffle Blaze | Candles | Accessories,Candles,merch,,3000,,,,TRUE,https://shop.ignyteny.com/whitestone/products/candles-559135/accessories/whimsical-wix-belgian-waffle-blaze-candles-accessories-5734936,https://tymber-blaze-products.imgix.net/whimsical-wix-6a96d7c6-3ad8-404c-bbad-f5104ec9a40c.jpg,2026-05-23T23:12:18.599992+00:00,,,
ignyte-red-hook,24F1A7C07G5VSF,24F1A7C07G5VSF,"Alpha Quadra Outside Recycler - White | 18"" - Bong/Glass Pipe | Accessories",Bong,merch,,12500,,,,TRUE,https://shop.ignyteny.com/whitestone/products/bong-559156/accessories/alpha-quadra-outside-recycler-white-18-bongglass-pipe-accessories-5734929,https://tymber-blaze-products.imgix.net/Bong---18--Alpha-Quadra-Outside-Recycler---Water-Pipe---White-5c0b4d73-5cc3-407c-8b08-6a03e6738389.jpg,2026-05-23T23:12:18.599992+00:00,,,
ignyte-red-hook,BE7A177BGUJAWM,BE7A177BGUJAWM,"Elongated Bulb Perc Beaker | 14"" - Bong/Glass Pipe | Accessories",Bong,merch,,6000,,,,TRUE,https://shop.ignyteny.com/whitestone/products/bong-559156/accessories/elongated-bulb-perc-beaker-14-bongglass-pipe-accessories-5734921,https://tymber-blaze-products.imgix.net/Bong---14--With-Elongated-Bulb-Perc-7mm-3cf9d8ee-e1de-4292-872e-a0d5ee4f3116.jpg,2026-05-23T23:12:18.599992+00:00,,,
ignyte-red-hook,F9355DIXWFY9VW,F9355DIXWFY9VW,"Crystal Clear Beaker - Milk Blue | 12"" - Bong/Glass Pipe | Accessories",Bong,merch,,6000,,,,TRUE,https://shop.ignyteny.com/whitestone/products/bong-559156/accessories/crystal-clear-beaker-milk-blue-12-bongglass-pipe-accessories-5734917,https://tymber-blaze-products.imgix.net/12--Crystal-Clear-Beaker---Water-Pipe---Milk-Blue-5efd4a99-09fd-45e8-9baa-9d928424ffce.png,2026-05-23T23:12:18.599992+00:00,,,
ignyte-red-hook,855B16WCNDNFGD,855B16WCNDNFGD,Dab Tool | Dabbing Tool | Accessories,Dab Tool,merch,,1500,,,,TRUE,https://shop.ignyteny.com/whitestone/products/dab-tool-559086/accessories/dab-tool-dabbing-tool-accessories-5734963,https://tymber-blaze-products.imgix.net/dab-tool-4ed5348a-9537-46c9-a814-9065baa92817.jpg,2026-05-23T23:12:18.599992+00:00,,,
ignyte-red-hook,67030CFMIGRUYV,67030CFMIGRUYV,Gelato (IH) | 3.5g | 8th - Flower | Dr Jekyll/Mr High,Dr Jekyll/Mr High,flower,,4500,20.66,,indica dominant,TRUE,https://shop.ignyteny.com/whitestone/products/dr-jekyllmr-high-559151/flower/gelato-ih-35g-8th-flower-dr-jekyllmr-high-5735069,https://tymber-blaze-products.imgix.net/dr-jekyll-mr-high-cannabis-ny-dispensary-97dd55a0-ad72-4e1a-aba9-826fe775c0eb.jpg,2026-05-23T23:12:18.599992+00:00,,,GELATO
ignyte-red-hook,452D0FJOLOQ2E9,452D0FJOLOQ2E9,Do-Si-Do (IH) | 3.5g | 8th - Flower | Dr Jekyll/Mr High,Dr Jekyll/Mr High,flower,,4500,21.06,,indica dominant,TRUE,https://shop.ignyteny.com/whitestone/products/dr-jekyllmr-high-559151/flower/do-si-do-ih-35g-8th-flower-dr-jekyllmr-high-5735066,https://tymber-blaze-products.imgix.net/dr-jekyll-mr-high-cannabis-ny-dispensary-f167917a-f6d2-456f-88fd-2e3148ee725f.jpg,2026-05-23T23:12:18.599992+00:00,,,DO-SI-DO
ignyte-red-hook,8E1710XIKPNC40,8E1710XIKPNC40,Chem Dog (IH) | 3.5g | 8th - Flower | Dr Jekyll/Mr High,Dr Jekyll/Mr High,flower,,4500,18.46,,indica dominant,TRUE,https://shop.ignyteny.com/whitestone/products/dr-jekyllmr-high-559151/flower/chem-dog-ih-35g-8th-flower-dr-jekyllmr-high-5735065,https://tymber-blaze-products.imgix.net/dr-jekyll-mr-high-cannabis-ny-dispensary-3b36b720-d9ce-4321-b5e0-ecde35245d94.jpg,2026-05-23T23:12:18.599992+00:00,,,CHEM DOG
ignyte-red-hook,BBEA43HCISD1UH,BBEA43HCISD1UH,Blueberry Cheesecake (SH) | 3.5g | 8th - Flower | Dr Jekyll/Mr High,Dr Jekyll/Mr High,flower,,4500,,,sativa dominant,TRUE,https://shop.ignyteny.com/whitestone/products/dr-jekyllmr-high-559151/flower/blueberry-cheesecake-sh-35g-8th-flower-dr-jekyllmr-high-5735061,https://tymber-blaze-products.imgix.net/dr-jekyll-mr-high-cannabis-ny-dispensary-b182bcad-3727-4fec-b931-85e4475ae89a.jpg,2026-05-23T23:12:18.599992+00:00,,,BLUEBERRY CHEESECAKE
ignyte-red-hook,B62F22QLQGWHID,B62F22QLQGWHID,Elements - Artesano - Classic | King Size - Papers | Accessories,Elements,merch,,500,,,,TRUE,https://shop.ignyteny.com/whitestone/products/elements-418454/accessories/elements-artesano-classic-king-size-papers-accessories-5735098,https://tymber-blaze-products.imgix.net/Elements---Papers---Artesano---Kingsize-55e1e917-bed9-4b9c-8c30-9e9863e22ed2.png,2026-05-23T23:12:18.599992+00:00,,,
ignyte-red-hook,F3433FDEIPVODZ,F3433FDEIPVODZ,EZ Wider - Double Wide | Papers | Accessories,EZ Wider,merch,,400,,,,TRUE,https://shop.ignyteny.com/whitestone/products/ez-wider-559113/accessories/ez-wider-double-wide-papers-accessories-5735096,https://tymber-blaze-products.imgix.net/EZ-Wider---Papers---Double-Wide-a268a91c-6380-467f-a669-8f0511900468.png,2026-05-23T23:12:18.599992+00:00,,,
ignyte-red-hook,29BCA8DDZSHDOM,29BCA8DDZSHDOM,Wedding Cake (IH) | 3.5g | 8th - Flower | Dr Jekyll/Mr High,Dr Jekyll/Mr High,flower,,4500,19.0,,indica dominant,TRUE,https://shop.ignyteny.com/whitestone/products/dr-jekyllmr-high-559151/flower/wedding-cake-ih-35g-8th-flower-dr-jekyllmr-high-5735093,https://tymber-blaze-products.imgix.net/Dr--Jekyll-and-Mr-High-White-Bag-d97671bb-3d2f-4f9c-bcbf-94a705d3f0a4.png,2026-05-23T23:12:18.599992+00:00,,,WEDDING CAKE
ignyte-red-hook,F4E5AAJHZJEB3Y,F4E5AAJHZJEB3Y,Sharpstone Grinder - Mix Color | 63mm - Grinder | Accessories,Empire Smoke,merch,,2000,,,,TRUE,https://shop.ignyteny.com/whitestone/products/empire-smoke-559150/accessories/sharpstone-grinder-mix-color-63mm-grinder-accessories-5735120,https://tymber-blaze-products.imgix.net/Empire-Smoke---Grinder---Sharpstone-Magnetic-Grinder---Mix-Color-36a4b4cf-8b05-4cf9-aec3-eedb46a4edc5.png,2026-05-23T23:12:18.599992+00:00,,,
ignyte-red-hook,E8EAB05QGLJT5A,E8EAB05QGLJT5A,Sharpstone Side Cut Grinder | 53mm - Grinder | Accessories,Empire Smoke,merch,,2000,,,,TRUE,https://shop.ignyteny.com/whitestone/products/empire-smoke-559150/accessories/sharpstone-side-cut-grinder-53mm-grinder-accessories-5735119,https://tymber-blaze-products.imgix.net/Empire-Smoke---Grinder---Sharpstone---Side-Cut-4-Part-53MM-b9dc7df4-9e3d-4b3d-ac3c-d5e60ae53915.png,2026-05-23T23:12:18.599992+00:00,,,
ignyte-red-hook,2DFCD01KO8MRVL,2DFCD01KO8MRVL,Rechargeable Electric Metal Grinder | Grinder | Accessories,Empire Smoke,merch,,1000,,,,TRUE,https://shop.ignyteny.com/whitestone/products/empire-smoke-559150/accessories/rechargeable-electric-metal-grinder-grinder-accessories-5735117,https://tymber-blaze-products.imgix.net/Empire-Smoke---Grinder---Rechargeable-Electric-Metal-Grinder-c28f0110-58e4-4eb5-a4f7-ea94b014562f.jpg,2026-05-23T23:12:18.599992+00:00,,,
ignyte-red-hook,CB9CE26UJBO9ZZ,CB9CE26UJBO9ZZ,CCell - Palm - Aruba Blue w/ Rose Gold | 550mAh - Battery | Accessories,Empire Smoke,merch,,2500,,,,TRUE,https://shop.ignyteny.com/whitestone/products/empire-smoke-559150/accessories/ccell-palm-aruba-blue-w-rose-gold-550mah-battery-accessories-5735116,https://tymber-blaze-products.imgix.net/_-CCell---Palm---550MAH---Aruba-Blue-w-Rose-Gold-Frame-a991e7fb-ce86-45fe-99eb-4e9f54169086.png,2026-05-23T23:12:18.599992+00:00,,,
ignyte-red-hook,01BF1FB105JIZD,01BF1FB105JIZD,CCell - Exxus Rizo - White Black Crackle | Cartridge Vaporizer | Accessories,Empire Smoke,merch,,3500,,,,TRUE,https://shop.ignyteny.com/whitestone/products/empire-smoke-559150/accessories/ccell-exxus-rizo-white-black-crackle-cartridge-vaporizer-accessories-5735113,https://tymber-blaze-products.imgix.net/_-CCell---Exxus-Rizo---Cartridge-Vaporizer---White-Black-Crackle-130c2d91-16b8-4e60-8ec5-18b64e79da89.png,2026-05-23T23:12:18.599992+00:00,,,
ignyte-red-hook,470B5ERMK9GRVN,470B5ERMK9GRVN,CCell - Exxus Rizo - Pearl | Cartridge Vaporizer | Accessories,Empire Smoke,merch,,3500,,,,TRUE,https://shop.ignyteny.com/whitestone/products/empire-smoke-559150/accessories/ccell-exxus-rizo-pearl-cartridge-vaporizer-accessories-5735111,https://tymber-blaze-products.imgix.net/_-CCell---Exxus-Rizo---Cartridge-Vaporizer---Pearl-38efcfef-4377-426d-bc2b-f6cc4951451c.png,2026-05-23T23:12:18.599992+00:00,,,
ignyte-red-hook,B0DE4CZRRE2XTB,B0DE4CZRRE2XTB,CCell - Exxus Rizo - Crypto | Cartridge Vaporizer | Accessories,Empire Smoke,merch,,3500,,,,TRUE,https://shop.ignyteny.com/whitestone/products/empire-smoke-559150/accessories/ccell-exxus-rizo-crypto-cartridge-vaporizer-accessories-5735110,https://tymber-blaze-products.imgix.net/_-CCell---Exxus-Rizo---Cartridge-Vaporizer---Crypto-ff02a3d4-f163-42bc-81d8-7af0111de449.png,2026-05-23T23:12:18.599992+00:00,,,
ignyte-red-hook,55AFE5IDPDZ6XL,55AFE5IDPDZ6XL,CCell - Exxus Rizo - Blue White Crackle | Cartridge Vaporizer | Accessories,Empire Smoke,merch,,3500,,,,TRUE,https://shop.ignyteny.com/whitestone/products/empire-smoke-559150/accessories/ccell-exxus-rizo-blue-white-crackle-cartridge-vaporizer-accessories-5735109,https://tymber-blaze-products.imgix.net/_-CCell---Exxus-Rizo---Cartridge-Vaporizer---Blue-White-Crackle-e24befc0-0b54-463d-bf35-1c8489de19fe.png,2026-05-23T23:12:18.599992+00:00,,,
ignyte-red-hook,2A6559HG3DTIC2,2A6559HG3DTIC2,Empire Smoke - Bic - Lighter,Empire Smoke,merch,,300,,,,TRUE,https://shop.ignyteny.com/whitestone/products/empire-smoke-559150/accessories/empire-smoke-bic-lighter-5735105,https://tymber-blaze-products.imgix.net/Empire-Smoke---Bic---Lighter-827949e0-4f34-43e7-8a99-10679f9a6605.png,2026-05-23T23:12:18.599992+00:00,,,
ignyte-red-hook,3EAF8BSF73RLOI,3EAF8BSF73RLOI,Alpha Male Opaque Bottom Banger | 14mm 90D - Bong/Glass Pipe | Accessories,Empire Smoke,merch,,2000,,,,TRUE,https://shop.ignyteny.com/whitestone/products/empire-smoke-559150/accessories/alpha-male-opaque-bottom-banger-14mm-90d-bongglass-pipe-accessories-5735104,https://tymber-blaze-products.imgix.net/Empire-Smoke---ALPHA-14MM-90D-Male-Opaque-Bottom-Banger-75155833-3f05-4c86-9389-88b01d28d4d2.png,2026-05-23T23:12:18.599992+00:00,,,
ignyte-red-hook,B27CAAJXMSBQSS,B27CAAJXMSBQSS,"Downstem (1914) | 4.5"" 14mm - Bong/Glass Pipe | Accessories",Empire Smoke,merch,,1000,,,,TRUE,https://shop.ignyteny.com/whitestone/products/empire-smoke-559150/accessories/downstem-1914-45-14mm-bongglass-pipe-accessories-5735101,https://tymber-blaze-products.imgix.net/4-5_-14MM--1914--Downstem-10ct-Jar-_-Empire-Smoke-b67e27b1-7b3f-48e9-8af1-61c0435bd481.png,2026-05-23T23:12:18.599992+00:00,,,
ignyte-red-hook,EE836FWBXZITKT,EE836FWBXZITKT,Fiesta - Mango Pina (S) | 10pk x 10mg - Gummies - Edibles - 100mg THC 100mg CBG (1:1 THC:CBG) | Finca,Finca,edible,,3500,,,,TRUE,https://shop.ignyteny.com/whitestone/products/finca-559152/gummies/fiesta-mango-pina-s-10pk-x-10mg-gummies-edibles-100mg-thc-100mg-cbg-11-thccbg-finca-5735161,https://tymber-blaze-products.imgix.net/mango-pina-0c5b828e-823a-47dc-805e-52abefcd8f0b.png,2026-05-23T23:12:18.599992+00:00,,,FIESTA MANGO PINA
ignyte-red-hook,BC80742VXYJJFS,BC80742VXYJJFS,Buenos Dias - Mandarina (S) | 10pk x 10mg - Gummies - Edibles - 100mg THC 50mg THCv (2:1 THC:THCv) | Finca,Finca,edible,,3500,,,,TRUE,https://shop.ignyteny.com/whitestone/products/finca-559152/gummies/buenos-dias-mandarina-s-10pk-x-10mg-gummies-edibles-100mg-thc-50mg-thcv-21-thcthcv-finca-5735156,https://tymber-blaze-products.imgix.net/Finca-buenos-dias-4b20df17-d793-451f-8dd4-e28c94b92d0b.png,2026-05-23T23:12:18.599992+00:00,,,BUENOS DIAS
ignyte-red-hook,C08843OW9QIMIO,C08843OW9QIMIO,Formula 420 - All Natural Cleaner | 4oz - Cleaning | Accessories,FORMULA 420,merch,,800,,,,TRUE,https://shop.ignyteny.com/whitestone/products/formula-420-418448/accessories/formula-420-all-natural-cleaner-4oz-cleaning-accessories-5735178,https://tymber-blaze-products.imgix.net/Formula-420---All-Natural-Cleaner---4OZ-32c65a5a-8242-445d-8427-3efd0080e00b.jpg,2026-05-23T23:12:18.599992+00:00,,,
ignyte-red-hook,B140A5ODF97FZ2,B140A5ODF97FZ2,Glass House - Quartz Banger Bowl | Bong/Glass Pipe | Accessories,Glass House,merch,,2000,,,,TRUE,https://shop.ignyteny.com/whitestone/products/glass-house-559134/accessories/glass-house-quartz-banger-bowl-bongglass-pipe-accessories-5735182,https://tymber-blaze-products.imgix.net/Glass-House---Quartz-Banger-Bowl-1e7e40f5-6be9-4d84-bca4-59c12b768dd8.jpg,2026-05-23T23:12:18.599992+00:00,,,
ignyte-red-hook,54B5C9K7QJXXKK,54B5C9K7QJXXKK,Heavy Hitters - Auto-Start Battery - Matte Black | Battery | Accessories,Heavy Hitters,merch,,1500,,,,TRUE,https://shop.ignyteny.com/whitestone/products/heavy-hitters-418536/accessories/heavy-hitters-auto-start-battery-matte-black-battery-accessories-5735271,https://tymber-blaze-products.imgix.net/Matte-Black-Auto-Start-Battery---Accessory-_-Heavy-Hitters-e9dff855-2a0c-4e96-997d-72e828f19cd9.jpg,2026-05-23T23:12:18.599992+00:00,,,
ignyte-red-hook,A2B332WMCMQMWA,A2B332WMCMQMWA,Heavy Hitters - POD Battery w/ Cable | Battery | Accessories,Heavy Hitters,merch,,3000,,,,TRUE,https://shop.ignyteny.com/whitestone/products/heavy-hitters-418536/accessories/heavy-hitters-pod-battery-w-cable-battery-accessories-5735260,https://tymber-blaze-products.imgix.net/heavy-hitters-heavy-pod-0a729b89-3492-4f72-80af-19ae1aae7090.jpg,2026-05-23T23:12:18.599992+00:00,,,
ignyte-red-hook,F9F65BWOMRDUBH,F9F65BWOMRDUBH,High Hemp - Organic Artisanal Cones - Regular | Papers | Accessories,High Hemp,merch,,200,,,,TRUE,https://shop.ignyteny.com/whitestone/products/high-hemp-418534/accessories/high-hemp-organic-artisanal-cones-regular-papers-accessories-5735287,https://tymber-blaze-products.imgix.net/High-Hemp---Organic-Artisanal-Cones---Regular-22e2ca4a-3250-43de-be91-77f230e2db08.jpg,2026-05-23T23:12:18.599992+00:00,,,
ignyte-red-hook,7CF08FD48UV69P,7CF08FD48UV69P,Hudson Valley Jack (S) - 510 Cart | 1g | Hepworth,Hepworth,vaporizers,1g,3500,,,sativa,TRUE,https://shop.ignyteny.com/whitestone/products/hepworth-418535/vape-carts/hudson-valley-jack-s-510-cart-1g-hepworth-5735277,https://tymber-blaze-products.imgix.net/793841a62db5b44d9a1f5a24a4922cd9-c67b9ea0-751b-463d-98d7-50035c4b1d15.png,2026-05-23T23:12:18.599992+00:00,,,HUDSON VALLEY JACK
ignyte-red-hook,EF6367F0NYJPZ2,EF6367F0NYJPZ2,Do-Si-Dos (I) - 510 Cart | 1g | Hepworth,Hepworth,vaporizers,1g,3500,,,indica,TRUE,https://shop.ignyteny.com/whitestone/products/hepworth-418535/vape-carts/do-si-dos-i-510-cart-1g-hepworth-5735274,https://tymber-blaze-products.imgix.net/793841a62db5b44d9a1f5a24a4922cd9-6f7bec36-0466-496b-98e4-be4584e33b2d.png,2026-05-23T23:12:18.599992+00:00,,,DO-SI-DOS
ignyte-red-hook,499B84QAMBS9W9,499B84QAMBS9W9,SFV OG (H) - 510 Cart | 1g | Hepworth,Hepworth,vaporizers,1g,4500,,,hybrid,TRUE,https://shop.ignyteny.com/whitestone/products/hepworth-418535/vape-carts/sfv-og-h-510-cart-1g-hepworth-5735273,https://tymber-blaze-products.imgix.net/793841a62db5b44d9a1f5a24a4922cd9-93445c00-254d-4690-b903-539bf197877b.png,2026-05-23T23:12:18.599992+00:00,,,SFV OG
ignyte-red-hook,746F0CLNXO0D9H,746F0CLNXO0D9H,Honey-Do - Butane 9x | 600ml - Fuel | Accessories,Hone,merch,,1500,,,,TRUE,https://shop.ignyteny.com/whitestone/products/hone-559141/accessories/honey-do-butane-9x-600ml-fuel-accessories-5735295,https://tymber-blaze-products.imgix.net/honeybutane-f7b3d3e7-463a-44f8-aace-ea5453b755e6.png,2026-05-23T23:12:18.599992+00:00,,,
ignyte-red-hook,BFF596PGFGQB3G,BFF596PGFGQB3G,High Voltage - Detox Shampoo | 2oz - Detox | Accessories,High Voltage,merch,,2000,,,,TRUE,https://shop.ignyteny.com/whitestone/products/high-voltage-559132/accessories/high-voltage-detox-shampoo-2oz-detox-accessories-5735290,https://tymber-blaze-products.imgix.net/High-Voltage---Detox-Shampoo---2oz-f725269f-a247-41f4-9336-54b9650e3b17.jpg,2026-05-23T23:12:18.599992+00:00,,,
ignyte-red-hook,E5AE20COAH49MT,E5AE20COAH49MT,Kind Pen - Covert 2.0 - Black | Battery | Accessories,Kind Pen,merch,,3000,,,,TRUE,https://shop.ignyteny.com/whitestone/products/kind-pen-418526/accessories/kind-pen-covert-20-black-battery-accessories-5735413,https://tymber-blaze-products.imgix.net/Kindpen-COVERT-2-0-510-Vape-Battery--BLACK--bf054473-f74b-4d64-98b9-6249f3856713.png,2026-05-23T23:12:18.599992+00:00,,,
ignyte-red-hook,929B0CDVIFOJ0Z,929B0CDVIFOJ0Z,Kind Pen - Mist 2.0 - Green | Battery | Accessories,Kind Pen,merch,,2000,,,,TRUE,https://shop.ignyteny.com/whitestone/products/kind-pen-418526/accessories/kind-pen-mist-20-green-battery-accessories-5735411,https://tymber-blaze-products.imgix.net/Kind-Pen---Mist-2-0---510-Thread-Battery--GREEN--43572c43-97d7-4643-a207-1f2cad2d0125.png,2026-05-23T23:12:18.599992+00:00,,,
ignyte-red-hook,9B0A9BRQHECJLG,9B0A9BRQHECJLG,Diesel Haze (SH) - Flowers | 8th | 3.5g | Kickfly,Kickfly's,flower,1/8 oz,4500,,,sativa dominant,TRUE,https://shop.ignyteny.com/whitestone/products/kickflys-559136/flower/diesel-haze-sh-flowers-8th-35g-kickfly-5735406,https://tymber-blaze-products.imgix.net/Kickflys3-5flower-a5987902-776d-4587-9533-74b9de24e976-a1488f09-af4e-47a4-a1b1-59fadba34742.png,2026-05-23T23:12:18.599992+00:00,,,DIESEL HAZE
ignyte-red-hook,92DF37CD3UINFI,92DF37CD3UINFI,Lookah - Dragon Egg - Red | Portable E-Rig | Accessories,LOOKAH,merch,,8500,,,,TRUE,https://shop.ignyteny.com/whitestone/products/lookah-418519/accessories/lookah-dragon-egg-red-portable-e-rig-accessories-5735437,https://tymber-blaze-products.imgix.net/Lookah---Portable-E-Rig---Dragon-Egg---Red-1fcfa187-5983-4f1b-8934-85354c1faad9.png,2026-05-23T23:12:18.599992+00:00,,,
ignyte-red-hook,1BFA72ZE5FV6UD,1BFA72ZE5FV6UD,Lookah - Dragon Egg - Purple | Portable E-Rig | Accessories,LOOKAH,merch,,8500,,,,TRUE,https://shop.ignyteny.com/whitestone/products/lookah-418519/accessories/lookah-dragon-egg-purple-portable-e-rig-accessories-5735436,https://tymber-blaze-products.imgix.net/Lookah---Portable-E-Rig---Dragon-Egg---Purple-83746579-c341-46b1-b941-d8d5937cb6fe.png,2026-05-23T23:12:18.599992+00:00,,,
ignyte-red-hook,9BCEC0C0BQH7BG,9BCEC0C0BQH7BG,Lookah - Dragon Egg - Gray | Portable E-Rig | Accessories,LOOKAH,merch,,8500,,,,TRUE,https://shop.ignyteny.com/whitestone/products/lookah-418519/accessories/lookah-dragon-egg-gray-portable-e-rig-accessories-5735435,https://tymber-blaze-products.imgix.net/Lookah---Portable-E-Rig---Dragon-Egg---Gray-5bf07e2d-fdf8-4505-8abf-6c9918b42f31.png,2026-05-23T23:12:18.599992+00:00,,,
ignyte-red-hook,016DF47YDLXABG,016DF47YDLXABG,Lookah - Dragon Egg - Standard | Portable E-Rig | Accessories,LOOKAH,merch,,8500,,,,TRUE,https://shop.ignyteny.com/whitestone/products/lookah-418519/accessories/lookah-dragon-egg-standard-portable-e-rig-accessories-5735434,https://tymber-blaze-products.imgix.net/Lookah---Portable-E-Rig---Dragon-Egg1-bdb2bc29-1515-431f-be8b-4275aad3c665.png,2026-05-23T23:12:18.599992+00:00,,,
ignyte-red-hook,A7C522P3ESCLIF,A7C522P3ESCLIF,Kush Mintz (H) | 2pk x 0.5g | 1g - Prerolls | Moony's Zooties,MOONY'S ZOOTIES,other,1.0 grams,1000,19.38,,hybrid,TRUE,https://shop.ignyteny.com/whitestone/products/moonys-zooties-418512/pre-rolls/kush-mintz-h-2pk-x-05g-1g-prerolls-moonys-zooties-5735502,https://tymber-blaze-products.imgix.net/kushmintz-3a58189d-577d-4e97-9b6d-b72580b35b3b.png,2026-05-23T23:12:18.599992+00:00,,,KUSH MINTZ
ignyte-red-hook,9EC07DLO5CRZVQ,9EC07DLO5CRZVQ,Gelato (H) | 2pk x 0.5g | 1g - Prerolls | Moony's Zooties,MOONY'S ZOOTIES,other,1.0 grams,1000,19.3,,hybrid,TRUE,https://shop.ignyteny.com/whitestone/products/moonys-zooties-418512/pre-rolls/gelato-h-2pk-x-05g-1g-prerolls-moonys-zooties-5735501,https://tymber-blaze-products.imgix.net/gelato-c5c15d4b-01b6-4d98-ac4b-191203afd88f.png,2026-05-23T23:12:18.599992+00:00,,,GELATO
ignyte-red-hook,9AD316SQ0UZRPZ,9AD316SQ0UZRPZ,Gelato (IH) | 1pk x 0.5g - Infused - Preroll | Moony's Zooties,MOONY'S ZOOTIES,other,.5g,1500,37.51,,indica dominant,TRUE,https://shop.ignyteny.com/whitestone/products/moonys-zooties-418512/pre-rolls/gelato-ih-1pk-x-05g-infused-preroll-moonys-zooties-5735499,https://tymber-blaze-products.imgix.net/gelatoinf-36540a96-6850-4cfc-9647-b9d029370c6a.png,2026-05-23T23:12:18.599992+00:00,,,GELATO
ignyte-red-hook,298B470RIOLB65,298B470RIOLB65,Do-Si-Do (IH) | 2pk x 0.5g | 1g - Prerolls | Moony's Zooties,MOONY'S ZOOTIES,other,1g,1000,30.19,,indica dominant,TRUE,https://shop.ignyteny.com/whitestone/products/moonys-zooties-418512/pre-rolls/do-si-do-ih-2pk-x-05g-1g-prerolls-moonys-zooties-5735508,https://tymber-blaze-products.imgix.net/dosido-2ad39547-4ce0-4202-b889-06ac971b9fb9.png,2026-05-23T23:12:18.599992+00:00,,,DO-SI-DO
ignyte-red-hook,A13A135NCFLIGF,A13A135NCFLIGF,Cake Mintz (IH) | 2pk x 0.5g | 1g - Prerolls | Moony's Zooties,MOONY'S ZOOTIES,other,1g,1000,26.84,,indica dominant,TRUE,https://shop.ignyteny.com/whitestone/products/moonys-zooties-418512/pre-rolls/cake-mintz-ih-2pk-x-05g-1g-prerolls-moonys-zooties-5735507,https://tymber-blaze-products.imgix.net/cakemintz-18b5b679-14a4-420b-9f79-24ec65de5c77.png,2026-05-23T23:12:18.599992+00:00,,,CAKE MINTZ
ignyte-red-hook,DBBECDJ2ODBOCG,DBBECDJ2ODBOCG,Blueberry Swirl (IH) | 2pk x 0.5g | 1g - Prerolls | Moony's Zooties,MOONY'S ZOOTIES,other,1g,1000,25.77,,indica dominant,TRUE,https://shop.ignyteny.com/whitestone/products/moonys-zooties-418512/pre-rolls/blueberry-swirl-ih-2pk-x-05g-1g-prerolls-moonys-zooties-5735506,https://tymber-blaze-products.imgix.net/blueberryswirl-6c9ffe11-e226-43ad-8244-037cce67c7c0.png,2026-05-23T23:12:18.599992+00:00,,,BLUEBERRY SWIRL
ignyte-red-hook,000122HYARKGAN,000122HYARKGAN,Biscotti (IH) | 2pk x 0.5g | 1g - Prerolls | Moony's Zooties,MOONY'S ZOOTIES,other,1g,1000,24.37,,indica dominant,TRUE,https://shop.ignyteny.com/whitestone/products/moonys-zooties-418512/pre-rolls/biscotti-ih-2pk-x-05g-1g-prerolls-moonys-zooties-5735505,https://tymber-blaze-products.imgix.net/biscotti-42e83249-bc93-40f3-a773-ed75cf3d91fb.png,2026-05-23T23:12:18.599992+00:00,,,BISCOTTI
ignyte-red-hook,F8EABBRRQEBJTQ,F8EABBRRQEBJTQ,Zonuts (H) | 2pk x 0.5g | 1g - Prerolls | Moony's Zooties,MOONY'S ZOOTIES,other,1g,1000,28.83,,hybrid,TRUE,https://shop.ignyteny.com/whitestone/products/moonys-zooties-418512/pre-rolls/zonuts-h-2pk-x-05g-1g-prerolls-moonys-zooties-5735504,https://tymber-blaze-products.imgix.net/zonuts-55d19e60-0348-4482-b62c-b9485c2cf5f6.png,2026-05-23T23:12:18.599992+00:00,,,ZONUTS
ignyte-red-hook,BB85611JOGA7BA,BB85611JOGA7BA,Maui Wowie (SH) | 2pk x 0.5g | 1g - Prerolls | Moony's Zooties,MOONY'S ZOOTIES,other,1.0 grams,1000,,,sativa dominant,TRUE,https://shop.ignyteny.com/whitestone/products/moonys-zooties-418512/pre-rolls/maui-wowie-sh-2pk-x-05g-1g-prerolls-moonys-zooties-5735517,https://tymber-blaze-products.imgix.net/maui-3dc5ea76-a9c5-4029-9f68-0fbdbe4d27e9.png,2026-05-23T23:12:18.599992+00:00,,,MAUI WOWIE
ignyte-red-hook,0B0489AOVKO0LS,0B0489AOVKO0LS,Wedding Cake (IH) | 2pk x 0.5g | 1g - Prerolls | Moony's Zooties,MOONY'S ZOOTIES,other,1.0 grams,1000,17.04,,indica dominant,TRUE,https://shop.ignyteny.com/whitestone/products/moonys-zooties-418512/pre-rolls/wedding-cake-ih-2pk-x-05g-1g-prerolls-moonys-zooties-5735515,https://tymber-blaze-products.imgix.net/weddingcake-7e77a321-0e67-4131-a003-344f0caf07fc.png,2026-05-23T23:12:18.599992+00:00,,,WEDDING CAKE
ignyte-red-hook,F592D05PQZDSZP,F592D05PQZDSZP,Gorilla Glue (IH) | 2pk x 0.5g | 1g - Prerolls | Moony's Zooties,MOONY'S ZOOTIES,other,1g,1000,34.48,,indica dominant,TRUE,https://shop.ignyteny.com/whitestone/products/moonys-zooties-418512/pre-rolls/gorilla-glue-ih-2pk-x-05g-1g-prerolls-moonys-zooties-5735511,https://tymber-blaze-products.imgix.net/gorillaglue-628f640f-c611-4a76-8e41-01f7563f52ee.png,2026-05-23T23:12:18.599992+00:00,,,GORILLA GLUE
ignyte-red-hook,47724BZNMHAOUV,47724BZNMHAOUV,Girl Scout (IH) | 2pk x 0.5g | 1g - Prerolls | Moony's Zooties,MOONY'S ZOOTIES,other,1.0 grams,1000,17.4,,indica dominant,TRUE,https://shop.ignyteny.com/whitestone/products/moonys-zooties-418512/pre-rolls/girl-scout-ih-2pk-x-05g-1g-prerolls-moonys-zooties-5735510,https://tymber-blaze-products.imgix.net/girlscout-365f5e9f-233a-44f2-b90c-24e86d7619d7.png,2026-05-23T23:12:18.599992+00:00,,,GIRL SCOUT
ignyte-red-hook,3E5BC8YPZ7Y6EH,3E5BC8YPZ7Y6EH,Peach Mango - Illuminate | 10pk x 10mg - Gummies - Edibles - 100mg THC (1:1 THC:CBG) | Off Hours,Off Hours,edible,.5g,3500,,,,TRUE,https://shop.ignyteny.com/whitestone/products/off-hours-418509/gummies/peach-mango-illuminate-10pk-x-10mg-gummies-edibles-100mg-thc-11-thccbg-off-hours-5735568,https://tymber-blaze-products.imgix.net/Off-Hours-Gummies-Illuminate-8f51468a-9d49-4898-b8be-f501f1d9f956.png,2026-05-23T23:12:18.599992+00:00,,,PEACH MANGO
ignyte-red-hook,BC103F2WZ8QKET,BC103F2WZ8QKET,Watermelon Lemonade (S) - Euphoric | 10pk x 10mg - Gummies - Edibles - 100mg THC (5:2 THC:CBG) | Off Hours,Off Hours,edible,.5g,3500,,,,TRUE,https://shop.ignyteny.com/whitestone/products/off-hours-418509/gummies/watermelon-lemonade-s-euphoric-10pk-x-10mg-gummies-edibles-100mg-thc-52-thccbg-off-hours-5735567,https://tymber-blaze-products.imgix.net/Off-Hours-Gummies-Euphoric-29480d73-c164-4736-9236-ad9d2692a4cf.png,2026-05-23T23:12:18.599992+00:00,,,WATERMELON LEMONADE
ignyte-red-hook,98374ATXLKFI5P,98374ATXLKFI5P,Orangeade - Awaken | 10pk x 10mg - Gummies - Edibles - 100mg THC (5:1 THC:THCv) | Off Hours,Off Hours,edible,.5g,3500,,,,TRUE,https://shop.ignyteny.com/whitestone/products/off-hours-418509/gummies/orangeade-awaken-10pk-x-10mg-gummies-edibles-100mg-thc-51-thcthcv-off-hours-5735566,https://tymber-blaze-products.imgix.net/Off-Hours-Gummies-Awaken-0538935e-7f46-4a22-b793-8ea71c55fd35.png,2026-05-23T23:12:18.599992+00:00,,,AWAKEN
ignyte-red-hook,607095IVNOXUF0,607095IVNOXUF0,Cherry Limeade - Limelight | 10pk x 10mg - Gummies - Edibles - 100mg THC (10:2 THC:CBG) | Off Hours,Off Hours,edible,.5g,3500,,,,TRUE,https://shop.ignyteny.com/whitestone/products/off-hours-418509/gummies/cherry-limeade-limelight-10pk-x-10mg-gummies-edibles-100mg-thc-102-thccbg-off-hours-5735565,https://tymber-blaze-products.imgix.net/Off-Hours-Gummies-Limelight-b89921f7-bd79-418c-9605-94a5b41e3b19.png,2026-05-23T23:12:18.599992+00:00,,,CHERRY LIMEADE
ignyte-red-hook,F03433YSZASDRM,F03433YSZASDRM,Cherry Berry - Offline (I) | 10pk x 10mg - Gummies - Edibles - 100mg THC (10:10:4 THC:CBD:CBN) | Off Hours,Off Hours,edible,.5g,3500,10.0,10.0,,TRUE,https://shop.ignyteny.com/whitestone/products/off-hours-418509/gummies/cherry-berry-offline-i-10pk-x-10mg-gummies-edibles-100mg-thc-10104-thccbdcbn-off-hours-5735563,https://tymber-blaze-products.imgix.net/Off-Hours-Gummies-Offline-CB-7366733d-3bc4-4b54-8db3-8ab90ab74355.png,2026-05-23T23:12:18.599992+00:00,,,CHERRY BERRY
ignyte-red-hook,8D399DF8APYNBH,8D399DF8APYNBH,Carb Cap - Multi Color | Bong/Glass Pipe | Accessories,Osiris,merch,,500,,,,TRUE,https://shop.ignyteny.com/whitestone/products/osiris-418506/accessories/carb-cap-multi-color-bongglass-pipe-accessories-5735596,https://tymber-blaze-products.imgix.net/carb-cap-ddde159b-a71c-4647-a48d-a5f4a83c18ab.jpg,2026-05-23T23:12:18.599992+00:00,,,
ignyte-red-hook,6F1A573EAHDGZL,6F1A573EAHDGZL,Ooze - Verge - Panther Black | Dry Herb Vaporizer | Accessories,Ooze,merch,,12500,,,,TRUE,https://shop.ignyteny.com/whitestone/products/ooze-559148/accessories/ooze-verge-panther-black-dry-herb-vaporizer-accessories-5735595,https://tymber-blaze-products.imgix.net/Ooze---Verge-Dry-Hern-Vaporizer---Panther-Black-8a45d0fb-1ff6-4e5a-92e0-a72c02d3f1fa.png,2026-05-23T23:12:18.599992+00:00,,,
ignyte-red-hook,F5E61BTCC9BJVF,F5E61BTCC9BJVF,Ooze - Vault Extract Battery - Staller Silver | Battery | Accessories,Ooze,merch,,5000,,,,TRUE,https://shop.ignyteny.com/whitestone/products/ooze-559148/accessories/ooze-vault-extract-battery-staller-silver-battery-accessories-5735594,https://tymber-blaze-products.imgix.net/Ooze---Vault-Extract-Battery-Staller-Silver-fb7ffc38-63a3-43a6-bfd6-3a494ee2eda7.png,2026-05-23T23:12:18.599992+00:00,,,
ignyte-red-hook,F5FC65NWKQUP0P,F5FC65NWKQUP0P,Ooze - Electro Barrel - Sapphire Blue | E-Rig | Accessories,Ooze,merch,,6000,,,,TRUE,https://shop.ignyteny.com/whitestone/products/ooze-559148/accessories/ooze-electro-barrel-sapphire-blue-e-rig-accessories-5735592,https://tymber-blaze-products.imgix.net/Ooze---E-Rig---Electro-Barrel---Sapphire-Blue-ccdab195-1465-46d9-b2b9-ba4fdb9bef51.png,2026-05-23T23:12:18.599992+00:00,,,
ignyte-red-hook,57E605YAAKP5ZG,57E605YAAKP5ZG,Ooze - Electro Barrel - Panther Black | E-Rig | Accessories,Ooze,merch,,6000,,,,TRUE,https://shop.ignyteny.com/whitestone/products/ooze-559148/accessories/ooze-electro-barrel-panther-black-e-rig-accessories-5735591,https://tymber-blaze-products.imgix.net/Ooze---E-Rig---Electro-Barrel---Panther-Black-bf0c3270-a408-4566-a569-90e0c67642bb.png,2026-05-23T23:12:18.599992+00:00,,,
ignyte-red-hook,596F0EK1MLCXJO,596F0EK1MLCXJO,Ooze - Drought Dry Vaporizer Kit - Gold | Vaporizer | Accessories,Ooze,merch,,7500,,,,TRUE,https://shop.ignyteny.com/whitestone/products/ooze-559148/accessories/ooze-drought-dry-vaporizer-kit-gold-vaporizer-accessories-5735589,https://tymber-blaze-products.imgix.net/Ooze---Drought-Dry-Vaporizer-Kit---Gold-f4cb33cd-c23f-46ea-82fd-04991f32b0e1.png,2026-05-23T23:12:18.599992+00:00,,,
ignyte-red-hook,EBD248R2RGA5RZ,EBD248R2RGA5RZ,Ooze - Drought Dry Vaporizer Kit - Black | Vaporizer | Accessories,Ooze,merch,,7500,,,,TRUE,https://shop.ignyteny.com/whitestone/products/ooze-559148/accessories/ooze-drought-dry-vaporizer-kit-black-vaporizer-accessories-5735588,https://tymber-blaze-products.imgix.net/Ooze---Drought-Dry-Vaporizer-Kit---Black-2a621d02-495a-4b96-8867-7a8929383db1.png,2026-05-23T23:12:18.599992+00:00,,,
ignyte-red-hook,68376FJECLQUS8,68376FJECLQUS8,Ooze - DUPLEX - Dual Extract Pro | Vaporizer | Accessories,Ooze,merch,,5000,,,,TRUE,https://shop.ignyteny.com/whitestone/products/ooze-559148/accessories/ooze-duplex-dual-extract-pro-vaporizer-accessories-5735587,https://tymber-blaze-products.imgix.net/Ooze---DUPLEX---Dual-Extract-Vaporizer-Pro2-d6c879b6-060c-4a4e-9681-4a88860221d3.png,2026-05-23T23:12:18.599992+00:00,,,
ignyte-red-hook,062004MSO6GYIC,062004MSO6GYIC,Ooze - Glyco Bong - Ultra Purple | Bong/Glass Pipe | Accessories,Ooze,merch,,6000,,,,TRUE,https://shop.ignyteny.com/whitestone/products/ooze-559148/accessories/ooze-glyco-bong-ultra-purple-bongglass-pipe-accessories-5735586,https://tymber-blaze-products.imgix.net/Ooze---Bong---Water-Pipe---Glyco---Ultra-Purple-10dda54d-0977-4775-8d8f-eb0f706aabdf.png,2026-05-23T23:12:18.599992+00:00,,,
ignyte-red-hook,C36253CUYRB30I,C36253CUYRB30I,Ooze - Glyco Bong - Scarlet | Bong/Glass Pipe | Accessories,Ooze,merch,,6000,,,,TRUE,https://shop.ignyteny.com/whitestone/products/ooze-559148/accessories/ooze-glyco-bong-scarlet-bongglass-pipe-accessories-5735585,https://tymber-blaze-products.imgix.net/Ooze---Bong---Water-Pipe---Glyco---Scarlet-cf722a67-4c35-45d0-a412-a8620a433922.png,2026-05-23T23:12:18.599992+00:00,,,
ignyte-red-hook,00BA251R0NOFYV,00BA251R0NOFYV,Ooze | Glyco - Bong - Water Pipe | Juicy Orange - Accessories,Ooze,merch,,6000,,,,TRUE,https://shop.ignyteny.com/whitestone/products/ooze-559148/accessories/ooze-glyco-bong-water-pipe-juicy-orange-accessories-5735584,https://tymber-blaze-products.imgix.net/Ooze---Bong---Water-Pipe---Glyco---Juicy-Orange-77be53be-3a5d-4e91-a052-511df675fd5a.png,2026-05-23T23:12:18.599992+00:00,,,
ignyte-red-hook,94A9A7P6QE2BWP,94A9A7P6QE2BWP,Ooze - Bangarang Tray - Rasta | Tray | Accessories,Ooze,merch,,2000,,,,TRUE,https://shop.ignyteny.com/whitestone/products/ooze-559148/accessories/ooze-bangarang-tray-rasta-tray-accessories-5735583,https://tymber-blaze-products.imgix.net/Ooze---Bangarang---Multipurpose-Silicone-Tray---Rasta-6568a6ad-6ea8-4f79-93f6-e3a51db7dbec.png,2026-05-23T23:12:18.599992+00:00,,,
ignyte-red-hook,E74B8BRFO3RYAQ,E74B8BRFO3RYAQ,Ooze - Bangarang Tray - Chameleon | Tray | Accessories,Ooze,merch,,2000,,,,TRUE,https://shop.ignyteny.com/whitestone/products/ooze-559148/accessories/ooze-bangarang-tray-chameleon-tray-accessories-5735582,https://tymber-blaze-products.imgix.net/Ooze---Bangarang---Multipurpose-Silicone-Tray---Chameleon-a57b3b5a-f2ab-42a7-a48d-731a088eae72.png,2026-05-23T23:12:18.599992+00:00,,,
ignyte-red-hook,D10EC5JKNRWZOX,D10EC5JKNRWZOX,One Hitter - Big Metal Head | Bong/Glass Pipe | Accessories,Pipe,merch,,300,,,,TRUE,https://shop.ignyteny.com/whitestone/products/pipe-559127/accessories/one-hitter-big-metal-head-bongglass-pipe-accessories-5735622,https://tymber-blaze-products.imgix.net/Pipe---One-Hitter---Big-Metal-Head-a56d05db-8408-4a6d-be6e-8e6c6cd99a2b.jpg,2026-05-23T23:12:18.599992+00:00,,,
ignyte-red-hook,2CA457N6CIWSRC,2CA457N6CIWSRC,Lemon Lime Twist (S) | 1pk x 1g - Diamond Infused - Preroll | Puff,PUFF,other,1g,2500,,,sativa,TRUE,https://shop.ignyteny.com/whitestone/products/puff-418500/pre-rolls/lemon-lime-twist-s-1pk-x-1g-diamond-infused-preroll-puff-5735643,https://tymber-blaze-products.imgix.net/Puff---Diamond-Infused-Pre-Roll---1g---Sativa---Lemon-Lime-Twist-273e037c-2a0e-4820-a857-f29e8017ce60.png,2026-05-23T23:12:18.599992+00:00,,,LEMON LIME TWIST
ignyte-red-hook,01A726XDPJTCGH,01A726XDPJTCGH,Grapeness (I) | 1pk x 1g - Diamond Infused - Preroll | Puff,PUFF,other,1g,2500,,,indica,TRUE,https://shop.ignyteny.com/whitestone/products/puff-418500/pre-rolls/grapeness-i-1pk-x-1g-diamond-infused-preroll-puff-5735642,https://tymber-blaze-products.imgix.net/Puff---Diamond-Infused-Pre-Roll---1g---Indica---Grapeness-b7a3b638-f0ba-4ab1-b9ce-6e6525780ea1.png,2026-05-23T23:12:18.599992+00:00,,,GRAPENESS
ignyte-red-hook,9E48360REJR8UL,9E48360REJR8UL,Strawberry Banana Smash (H) | 1pk x 1g - Diamond Infused - Preroll | Puff,PUFF,other,1g,2500,,,hybrid,TRUE,https://shop.ignyteny.com/whitestone/products/puff-418500/pre-rolls/strawberry-banana-smash-h-1pk-x-1g-diamond-infused-preroll-puff-5735641,https://tymber-blaze-products.imgix.net/Puff---Diamond-Infused-Pre-Roll---1g---Hybrid---Strawberry-Banana-Smash-5aa6879d-ea19-47ae-baf4-541366be35b5.png,2026-05-23T23:12:18.599992+00:00,,,STRAWBERRY BANANA SMASH
ignyte-red-hook,FF26B2AXMELK0C,FF26B2AXMELK0C,Gush Mintz x Ice Cream Cake (I) | 1pk x 1g - Bubble Hash Infused - Preroll | Puff,PUFF,other,1g,2500,,,indica,TRUE,https://shop.ignyteny.com/whitestone/products/puff-418500/pre-rolls/gush-mintz-x-ice-cream-cake-i-1pk-x-1g-bubble-hash-infused-preroll-puff-5735636,https://tymber-blaze-products.imgix.net/Puff---Bubble-Hash-Infused-Pre-Roll---1g---Indica---Gush-Mintz-x-Ice-Cream-Cake-c91c6172-33fd-4daf-a9f8-51c80725ce99.png,2026-05-23T23:12:18.599992+00:00,,,GUSH MINTZ X ICE CREAM CAKE
ignyte-red-hook,8CA136UBNKK5GB,8CA136UBNKK5GB,Grape Drink (I) | 1pk x 1g - Preroll | Puff,PUFF,other,1g,1500,,,indica,TRUE,https://shop.ignyteny.com/whitestone/products/puff-418500/pre-rolls/grape-drink-i-1pk-x-1g-preroll-puff-5735650,https://tymber-blaze-products.imgix.net/Puff---Pre-Roll---1g---Indica---Grape-Drink-03e9e4fb-2cdf-4670-8d6e-584b9ff03956.png,2026-05-23T23:12:18.599992+00:00,,,GRAPE DRINK
ignyte-red-hook,D97340XCOVNNJC,D97340XCOVNNJC,Raw - Pre-Rolled Cone Tips - Perfecto | Filter Tips | Accessories,Raw,merch,,400,,,,TRUE,https://shop.ignyteny.com/whitestone/products/raw-430482/accessories/raw-pre-rolled-cone-tips-perfecto-filter-tips-accessories-5735669,https://tymber-blaze-products.imgix.net/RAW---Tips-Filters---Pre-Rolled-CONE-Tips---Perfecto-7b0f535b-518e-4204-9276-4abdf5f98f15.png,2026-05-23T23:12:18.599992+00:00,,,
ignyte-red-hook,EDE2782AISAF6D,EDE2782AISAF6D,Puffco - Proxy - Black | Vaporizer | Accessories,Puffco,merch,,25000,,,,TRUE,https://shop.ignyteny.com/whitestone/products/puffco-418499/accessories/puffco-proxy-black-vaporizer-accessories-5735664,https://tymber-blaze-products.imgix.net/Puffco---Proxy-Vaporizer---Black-c20d1de8-7b3b-4db1-a980-0eb03adbbf10.png,2026-05-23T23:12:18.599992+00:00,,,
ignyte-red-hook,32616E1B4UAF27,32616E1B4UAF27,Puffco - Hot Knife - Paradise Green | Heated Loading Tool | Accessories,Puffco,merch,,6000,,,,TRUE,https://shop.ignyteny.com/whitestone/products/puffco-418499/accessories/puffco-hot-knife-paradise-green-heated-loading-tool-accessories-5735663,https://tymber-blaze-products.imgix.net/Puffco---Heated-Loading-Tool---Hot-Knife---Paradise-Green-9f2ee40f-2d1e-4e5c-bff6-c8bdb3f3826f.png,2026-05-23T23:12:18.599992+00:00,,,
ignyte-red-hook,ABCA1B1CEJW7OJ,ABCA1B1CEJW7OJ,Puffco - Hot Knife - Paradise Blue | Heated Loading Tool | Accessories,Puffco,merch,,6000,,,,TRUE,https://shop.ignyteny.com/whitestone/products/puffco-418499/accessories/puffco-hot-knife-paradise-blue-heated-loading-tool-accessories-5735662,https://tymber-blaze-products.imgix.net/Puffco---Heated-Loading-Tool---Hot-Knife---Paradise-Blue-b3b0e6ec-64b1-4922-acd0-00c52e7f6ff6.png,2026-05-23T23:12:18.599992+00:00,,,
ignyte-red-hook,3364E4Z1NHYCVZ,3364E4Z1NHYCVZ,Puffco - Hot Knife - Ember (Limited Edition) | Heated Loading Tool | Accessories,Puffco,merch,,7500,,,,TRUE,https://shop.ignyteny.com/whitestone/products/puffco-418499/accessories/puffco-hot-knife-ember-limited-edition-heated-loading-tool-accessories-5735661,https://tymber-blaze-products.imgix.net/Puffco---Heated-Loading-Tool---Hot-Knife---Ember--Limited-Edition--84c77f1b-de1a-4f48-bbab-99896ae143a5.png,2026-05-23T23:12:18.599992+00:00,,,
ignyte-red-hook,4CBABC9G4C4ENX,4CBABC9G4C4ENX,Apricot Scone & Sister's Cheese (S/I) | 1g - Double Dab - Concentrates | Raven's View Genetics,Raven's View Genetics,concentrate,,7000,,,,TRUE,https://shop.ignyteny.com/whitestone/products/ravens-view-genetics-559133/concentrates/apricot-scone-sisters-cheese-si-1g-double-dab-concentrates-ravens-view-genetics-5735673,https://tymber-blaze-products.imgix.net/Raven-s-View-Genetics---Concentrate---Double-Dab---Sativa-Indica---Apricot-Scone---Sister-s-Cheese-50d15ec1-fc77-4160-b53f-1451e60882f1.png,2026-05-23T23:12:18.599992+00:00,,,APRICOT SCONE & SISTER'S CHEESE
ignyte-red-hook,78E0D0O9LMB9TP,78E0D0O9LMB9TP,Raw - Pre-Rolled Wide Tips - Black | 10pk - Filter Tips | Accessories,Raw,merch,,300,,,,TRUE,https://shop.ignyteny.com/whitestone/products/raw-430482/accessories/raw-pre-rolled-wide-tips-black-10pk-filter-tips-accessories-5735672,https://tymber-blaze-products.imgix.net/RAW-Pre-Rolled-WIDE-TIPS-BLACK-10ct-Pack-e655b6fa-edbc-4b8d-9787-d208ba6814dd.png,2026-05-23T23:12:18.599992+00:00,,,
ignyte-red-hook,AFB973WHG0XJ0N,AFB973WHG0XJ0N,Raw - Rolling Tray - Medium | Tray | Accessories,Raw,merch,,1000,,,,TRUE,https://shop.ignyteny.com/whitestone/products/raw-430482/accessories/raw-rolling-tray-medium-tray-accessories-5735671,https://tymber-blaze-products.imgix.net/RAW-TRAY-MEDIUM-ac779efb-b2c3-4d97-967a-f3f78ef33264.png,2026-05-23T23:12:18.599992+00:00,,,
ignyte-red-hook,5097E5KAWYIYSD,5097E5KAWYIYSD,Raw - Pre-Rolled Wide Tips - Classic Yellow | 21pk - Filter Tips | Accessories,Raw,merch,,300,,,,TRUE,https://shop.ignyteny.com/whitestone/products/raw-430482/accessories/raw-pre-rolled-wide-tips-classic-yellow-21pk-filter-tips-accessories-5735670,https://tymber-blaze-products.imgix.net/RAW---Tips-Filters---Pre-Rolled-WIDE-Tips---21pk---Classic-Yellow---Wide-Tips-a3448982-871d-44a1-95d7-136a37fe2bf8.png,2026-05-23T23:12:18.599992+00:00,,,
ignyte-red-hook,30DDC094V8EKYJ,30DDC094V8EKYJ,Raw - Black Classic | 1.25 - Papers | Accessories,Raw,merch,,400,,,,TRUE,https://shop.ignyteny.com/whitestone/products/raw-430482/accessories/raw-black-classic-125-papers-accessories-5735687,https://tymber-blaze-products.imgix.net/Raw---Papers---Cones---6pk-x-1---1-4---Slow-Burning---Black-Classic-314c1588-74f6-46b5-9cec-a9d39a8c1d69.png,2026-05-23T23:12:18.599992+00:00,,,
ignyte-red-hook,D910A54YJQKR8A,D910A54YJQKR8A,Raw - Classic Cones - Organic Hemp | 6pk x 1 1/4 - Papers | Accessories,Raw,merch,,300,,,,TRUE,https://shop.ignyteny.com/whitestone/products/raw-430482/accessories/raw-classic-cones-organic-hemp-6pk-x-1-14-papers-accessories-5735686,https://tymber-blaze-products.imgix.net/Raw---Papers---Cones---6pk-x-1---1-4---Organic-Hemp-9a952f56-1d8b-4086-ae60-af9a8356d0e1.png,2026-05-23T23:12:18.599992+00:00,,,
ignyte-red-hook,EED935JWFMZEB4,EED935JWFMZEB4,Raw - Classic Cones - Yellow | 6pk x 1 1/4 - Papers | Accessories,Raw,merch,,300,,,,TRUE,https://shop.ignyteny.com/whitestone/products/raw-430482/accessories/raw-classic-cones-yellow-6pk-x-1-14-papers-accessories-5735685,https://tymber-blaze-products.imgix.net/Raw---Papers---Cones---6pk-x-1---1-4---Classic-Yellow-9c43d325-167f-478b-a8e0-62197c8584ce.png,2026-05-23T23:12:18.599992+00:00,,,
ignyte-red-hook,F1B0102LMB1AFV,F1B0102LMB1AFV,Raw | Cones - 20pk x 1 1/4 - Papers - Slow Burning - Black Classic,Raw,merch,,1000,,,,TRUE,https://shop.ignyteny.com/whitestone/products/raw-430482/accessories/raw-cones-20pk-x-1-14-papers-slow-burning-black-classic--5735684,https://tymber-blaze-products.imgix.net/Raw---Papers---Cones---6pk-x-1---1-4---Slow-Burning---Black-Classic-697833c9-3595-4a43-a1bc-ffa2e62506f5.png,2026-05-23T23:12:18.599992+00:00,,,
ignyte-red-hook,7169E1TN2KAW3W,7169E1TN2KAW3W,Connoisseur - Black Classics | King Size Slim + Tips - Papers - Accessories | Raw,Raw,merch,,400,,,,TRUE,https://shop.ignyteny.com/whitestone/products/raw-430482/accessories/connoisseur-black-classics-king-size-slim-tips-papers-accessories-raw-5735683,https://tymber-blaze-products.imgix.net/Raw---Papers---Tips-Filters---Kingsize-Slim---Tips---Classic-Connoisseur---Black-Classics-8080714b-e8fc-4aff-9764-e4e5c249f0d9.png,2026-05-23T23:12:18.599992+00:00,,,
ignyte-red-hook,D70DA9RA7BHTCB,D70DA9RA7BHTCB,Raw - Cone Filler - Shooter | King Size - Tool | Accessories,Raw,merch,,1500,,,,TRUE,https://shop.ignyteny.com/whitestone/products/raw-430482/accessories/raw-cone-filler-shooter-king-size-tool-accessories-5735681,https://tymber-blaze-products.imgix.net/Raw---Cone-Filler---Shooter-King-Size-bb86fed8-06d1-4653-b628-1db59645390d.png,2026-05-23T23:12:18.599992+00:00,,,
ignyte-red-hook,72C2F5IGSJWFKK,72C2F5IGSJWFKK,Rolling Tray Console | Cone Packing Tray | Accessories,Rolling Tray Console,merch,,2500,,,,TRUE,https://shop.ignyteny.com/whitestone/products/rolling-tray-console-559139/accessories/rolling-tray-console-cone-packing-tray-accessories-5735695,https://tymber-blaze-products.imgix.net/Rolling-Tray-Console---Tray-for-packing-cones_-19fc093e-4b47-466b-8bcb-99874d6520bd.png,2026-05-23T23:12:18.599992+00:00,,,
ignyte-red-hook,C2EBB0HYP1GMLJ,C2EBB0HYP1GMLJ,Raw - Tips | Filter Tips | Accessories,Raw,merch,,200,,,,TRUE,https://shop.ignyteny.com/whitestone/products/raw-430482/accessories/raw-tips-filter-tips-accessories-5735693,https://tymber-blaze-products.imgix.net/Raw---Roll---Tips-dbc4f9ab-ae77-45f7-9336-cb0d3d9cc8f0.png,2026-05-23T23:12:18.599992+00:00,,,
ignyte-red-hook,047FE5K4OEBO3U,047FE5K4OEBO3U,Raw - King Size Wide - Black Classics | Papers | Accessories,Raw,merch,,300,,,,TRUE,https://shop.ignyteny.com/whitestone/products/raw-430482/accessories/raw-king-size-wide-black-classics-papers-accessories-5735692,https://tymber-blaze-products.imgix.net/Raw---Papers---Kingsize-Wide---Black-Classic-7bd7d1d0-db63-4a3e-b3c9-5a2cd20805f5.png,2026-05-23T23:12:18.599992+00:00,,,
ignyte-red-hook,F1F286SWOLWLLL,F1F286SWOLWLLL,Raw - King Size Slim - Black Classics | Papers | Accessories,Raw,merch,,200,,,,TRUE,https://shop.ignyteny.com/whitestone/products/raw-430482/accessories/raw-king-size-slim-black-classics-papers-accessories-5735691,https://tymber-blaze-products.imgix.net/Raw---Papers---Kingsize-Slim---Slow-Burning-Rolling-Papers---Black-Classics-5e262b85-41b3-49f0-a26b-c01939a1eb9f.png,2026-05-23T23:12:18.599992+00:00,,,
ignyte-red-hook,0B8B3AJYDKS1ZG,0B8B3AJYDKS1ZG,Raw - King Size Slim - Classic | Papers | Accessories,Raw,merch,,300,,,,TRUE,https://shop.ignyteny.com/whitestone/products/raw-430482/accessories/raw-king-size-slim-classic-papers-accessories-5735690,https://tymber-blaze-products.imgix.net/Raw---Papers---Kingsize-Slim---Classic-d07fbd2d-4ea9-4382-8e2e-bfc8e5f60a9c.png,2026-05-23T23:12:18.599992+00:00,,,
ignyte-red-hook,F2CF95IKFIGUIJ,F2CF95IKFIGUIJ,Raw - Ethereal Papers - Gold Classic | King Size Wide - Papers | Accessories,Raw,merch,,400,,,,TRUE,https://shop.ignyteny.com/whitestone/products/raw-430482/accessories/raw-ethereal-papers-gold-classic-king-size-wide-papers-accessories-5735689,https://tymber-blaze-products.imgix.net/Raw---Papers---Ethereal---Kingsize-Wide---Unbleached---Gold-Classic-eb95fd4d-dfc1-40da-882f-e55ad634b4bc.png,2026-05-23T23:12:18.599992+00:00,,,
ignyte-red-hook,DE4796ZG12AFHB,DE4796ZG12AFHB,Raw - Ethereal Papers - Gold Classic | 1 1/4 - Papers | Accessories,Raw,merch,,300,,,,TRUE,https://shop.ignyteny.com/whitestone/products/raw-430482/accessories/raw-ethereal-papers-gold-classic-1-14-papers-accessories-5735688,https://tymber-blaze-products.imgix.net/Raw---Papers---Ethereal---1-1-4---Unbleached---Gold-Classic-a58992ab-ab9e-4610-b47c-fba9c4c99e08.png,2026-05-23T23:12:18.599992+00:00,,,
ignyte-red-hook,1E44D5VMCJ6SS4,1E44D5VMCJ6SS4,Silver Screens | Filters | Accessories,Silver Screens,merch,,200,,,,TRUE,https://shop.ignyteny.com/whitestone/products/silver-screens-559107/accessories/silver-screens-filters-accessories-5735852,https://tymber-blaze-products.imgix.net/Silver-Screens---Pipe-Screen-Filters-dff9b85c-5565-4dbe-8722-0655cdc4faa5.png,2026-05-23T23:12:18.599992+00:00,,,
ignyte-red-hook,2000E0IIP9DKTA,2000E0IIP9DKTA,Stinger Detox - 7 Day Cleanser - Peach Lemonade | 8oz - Detox | Accessories,Stinger Detox,merch,226.79 grams,3000,,,,TRUE,https://shop.ignyteny.com/whitestone/products/stinger-detox-559083/accessories/stinger-detox-7-day-cleanser-peach-lemonade-8oz-detox-accessories-5735866,https://tymber-blaze-products.imgix.net/Stinger-Detox---7-Day-Cleanser---8oz---Peach-Lemonade-aae61150-b440-4c14-9292-8c3ad40969da.png,2026-05-23T23:12:18.599992+00:00,,,
ignyte-red-hook,E97153VODT7N7D,E97153VODT7N7D,Bling (IH) | 14g | 1/2oz - Flower | Tony Tux,Tony Tux,flower,,12000,18.2,,bling,TRUE,https://shop.ignyteny.com/whitestone/products/tony-tux-559159/flower/bling-ih-14g-12oz-flower-tony-tux-5735877,https://tymber-blaze-products.imgix.net/tony-tux-flower-f74eeaf5-b1e7-46c8-abce-58295966e80d.png,2026-05-23T23:12:18.599992+00:00,,,
ignyte-red-hook,034046EWKOOQC2,034046EWKOOQC2,Banana OG (IH) | 14g | 1/2oz - Flower | Tony Tux,Tony Tux,flower,,12000,17.2,,indica dominant,TRUE,https://shop.ignyteny.com/whitestone/products/tony-tux-559159/flower/banana-og-ih-14g-12oz-flower-tony-tux-5735876,https://tymber-blaze-products.imgix.net/tony-tux-flower-ed0032f2-40e9-4778-a0d6-14ddeadce9f2.png,2026-05-23T23:12:18.599992+00:00,,,BANANA OG
ignyte-red-hook,1104DCMDXHNRZB,1104DCMDXHNRZB,Vape Gear | Twist Lite - Vape-Pen Battery (Black),Vape Gear,merch,,1000,,,,TRUE,https://shop.ignyteny.com/whitestone/products/vape-gear-418482/accessories/vape-gear-twist-lite-vape-pen-battery-black-5735888,https://tymber-blaze-products.imgix.net/Twist-Lite-Black-7-jpg-fefe4e65-9e13-4c8a-ae85-31ed5e59e1c7.png,2026-05-23T23:12:18.599992+00:00,,,
ignyte-red-hook,D7AF27Q6PXOTQC,D7AF27Q6PXOTQC,Vape Gear | Twist Lite - Vape-Pen Battery (Silver),Vape Gear,merch,,1000,,,,TRUE,https://shop.ignyteny.com/whitestone/products/vape-gear-418482/accessories/vape-gear-twist-lite-vape-pen-battery-silver-5735886,https://tymber-blaze-products.imgix.net/Twist-Lite-Silver-7-jpg-8c07a717-9542-4bfe-8c26-a9c59987ac00.png,2026-05-23T23:12:18.599992+00:00,,,
ignyte-red-hook,59CE31YQFWPLLD,59CE31YQFWPLLD,Vape Gear | Twist Lite - Vape-Pen Battery (Blue),Vape Gear,merch,,1000,,,,TRUE,https://shop.ignyteny.com/whitestone/products/vape-gear-418482/accessories/vape-gear-twist-lite-vape-pen-battery-blue-5735885,https://tymber-blaze-products.imgix.net/Twist-Lite-Blue-7-jpg-f6e2efba-e434-4c6a-8fd1-ea5a27d71198.png,2026-05-23T23:12:18.599992+00:00,,,
ignyte-red-hook,B2B7E0TEXQWGJZ,B2B7E0TEXQWGJZ,Vape Gear | Twist Cube - Battery w Smart USB - White,Vape Gear,merch,,1500,,,,TRUE,https://shop.ignyteny.com/whitestone/products/vape-gear-418482/accessories/vape-gear-twist-cube-battery-w-smart-usb-white-5735884,https://tymber-blaze-products.imgix.net/Twist-Cube-White-7-jpg-3cf1005b-97f9-464b-833c-9feb9c0a1e71.png,2026-05-23T23:12:18.599992+00:00,,,
ignyte-red-hook,059E0AWTUOW8ZS,059E0AWTUOW8ZS,Vape Gear | Twist Cube - Battery w Smart USB - Blue,Vape Gear,merch,,1500,,,,TRUE,https://shop.ignyteny.com/whitestone/products/vape-gear-418482/accessories/vape-gear-twist-cube-battery-w-smart-usb-blue-5735883,https://tymber-blaze-products.imgix.net/Twist-Cube-Blue-7-jpg-1781bbe4-0ef5-4967-b935-402c84424bf9.png,2026-05-23T23:12:18.599992+00:00,,,
ignyte-red-hook,302CA3ZLT3IMK7,302CA3ZLT3IMK7,Vape Gear | Twist Cube - Battery w Smart USB - Black,Vape Gear,merch,,1500,,,,TRUE,https://shop.ignyteny.com/whitestone/products/vape-gear-418482/accessories/vape-gear-twist-cube-battery-w-smart-usb-black-5735882,https://tymber-blaze-products.imgix.net/Twist-Cube-Black-7-jpg-1c11fed0-f23d-44f9-ad80-9af5e662c1ca.png,2026-05-23T23:12:18.599992+00:00,,,
ignyte-red-hook,BECB3F8GBXNETR,BECB3F8GBXNETR,Vape Gear | Poly Twist - Accessories,Vape Gear,merch,,1000,,,,TRUE,https://shop.ignyteny.com/whitestone/products/vape-gear-418482/accessories/vape-gear-poly-twist-accessories-5735881,https://tymber-blaze-products.imgix.net/Vape-Gear---Poly-Twist-bb650ff9-dd80-4b86-bd9a-9c9c57789f40.png,2026-05-23T23:12:18.599992+00:00,,,
ignyte-red-hook,810109861989,810109861989,Boysenberry (I) | 10pk x 10mg - Gummies - Edibles - 100mg THC (1:1:1 THC:CBD:CBN) | WYLD,WYLD,edible,.5g,3500,,,,TRUE,https://shop.ignyteny.com/whitestone/products/wyld-559138/gummies/boysenberry-i-10pk-x-10mg-gummies-edibles-100mg-thc-111-thccbdcbn-wyld-5735897,https://tymber-blaze-products.imgix.net/Wyld-Boysenberry-Gummies-Dream-919dd131-c541-42d3-b6ae-ff85623734a6.png,2026-05-23T23:12:18.599992+00:00,,,BOYSENBERRY
ignyte-red-hook,810109862481,810109862481,Grapefruit (S) | 10pk x 10mg - Gummies - Edibles - 100mg THC (1:1:1 THC:CBD:CBC) | WYLD,WYLD,edible,.5g,3500,,,,TRUE,https://shop.ignyteny.com/whitestone/products/wyld-559138/gummies/grapefruit-s-10pk-x-10mg-gummies-edibles-100mg-thc-111-thccbdcbc-wyld-5735896,https://tymber-blaze-products.imgix.net/Wyld-Grapefruit-Gummies-Revive-ec608bbd-e3ef-4f0f-b633-e2ef2b25c2a1.png,2026-05-23T23:12:18.599992+00:00,,,GRAPEFRUIT
ignyte-red-hook,B088DDIRGGP9XH,B088DDIRGGP9XH,Kiwi (S) | 10pk x 10mg - Gummies - Edibles - 100mg THC (1:1 THC:THCv) | WYLD,WYLD,edible,.5g,3500,,,,TRUE,https://shop.ignyteny.com/whitestone/products/wyld-559138/gummies/kiwi-s-10pk-x-10mg-gummies-edibles-100mg-thc-11-thcthcv-wyld-5735895,https://tymber-blaze-products.imgix.net/Wyld-10ct_Box-US_Fruit-Kiwi-Gummies-Shadow-960x986-3f281ec0-80d5-41b2-ae9b-4f34168ae3ea.png,2026-05-23T23:12:18.599992+00:00,,,KIWI
ignyte-red-hook,810109861569,810109861569,Pear (H) | 10pk x 10mg - Gummies - Edibles - 100mg THC (1:1 THC:CBG) | WYLD,WYLD,edible,.5g,3500,,,,TRUE,https://shop.ignyteny.com/whitestone/products/wyld-559138/gummies/pear-h-10pk-x-10mg-gummies-edibles-100mg-thc-11-thccbg-wyld-5735894,https://tymber-blaze-products.imgix.net/Wyld-Pear-Gummies-Refresh-d787f12a-995f-46e0-99ec-27cbc7bb60d4.png,2026-05-23T23:12:18.599992+00:00,,,PEAR
ignyte-red-hook,239C223VJWVOVC,239C223VJWVOVC,Pomegranate (H) | 10pk x 10mg - Gummies - Edibles - 100mg THC (1:1 THC:CBD) | WYLD,WYLD,edible,.5g,3500,,,,TRUE,https://shop.ignyteny.com/whitestone/products/wyld-559138/gummies/pomegranate-h-10pk-x-10mg-gummies-edibles-100mg-thc-11-thccbd-wyld-5735893,https://tymber-blaze-products.imgix.net/Wyld-Pomegranate-Gummies-Restore-fa27ec32-8a7e-4646-8608-75afd1719d58.png,2026-05-23T23:12:18.599992+00:00,,,POMEGRANATE
ignyte-red-hook,810109861613,810109861613,Blood Orange (S) (1:1 THC:CBC) 10pk x 10mg THC x 10mg CBC - WYLD,WYLD,edible,,3500,,,,TRUE,https://shop.ignyteny.com/whitestone/products/wyld-559138/gummies/blood-orange-s-11-thccbc-10pk-x-10mg-thc-x-10mg-cbc-wyld-5735892,https://tymber-blaze-products.imgix.net/Wyld-Blood_Orange-Gummies-Bliss-7f3513a4-f494-4d38-9584-4101214e3306.png,2026-05-23T23:12:18.599992+00:00,,,BLOOD ORANGE
ignyte-red-hook,509169OYMCZWOX,509169OYMCZWOX,Vape Gear | Click Pen 350mAh - Battery,,merch,,1000,,,,TRUE,https://shop.ignyteny.com/whitestone/products/accessories/vape-gear-click-pen-350mah-battery-5735891,https://tymber-blaze-products.imgix.net/Vape-Gear-Click-Pen-350MAH-75102b6c-48b8-455b-bf73-3be918712848.png,2026-05-23T23:12:18.599992+00:00,,,
ignyte-red-hook,028BB3QZLWOINE,028BB3QZLWOINE,Vape Gear | Twist Lite - Vape-Pen Battery (White),Vape Gear,merch,,1000,,,,TRUE,https://shop.ignyteny.com/whitestone/products/vape-gear-418482/accessories/vape-gear-twist-lite-vape-pen-battery-white-5735890,https://tymber-blaze-products.imgix.net/vape_gear_twist_lite_white_battery_delta_8_near_me_free_shipping_delta_8_delta_9_hhc_hxc_cake_medusa_d8_sol-a251bf26-470f-440b-8702-8a50607d63e0.png,2026-05-23T23:12:18.599992+00:00,,,
ignyte-red-hook,810109861590,810109861590,Sour Apple (S) | 10pk x 10mg - Gummies - Edibles - 100mg THC | WYLD,WYLD,edible,.5g,3500,,,,TRUE,https://shop.ignyteny.com/whitestone/products/wyld-559138/gummies/sour-apple-s-10pk-x-10mg-gummies-edibles-100mg-thc-wyld-5735906,https://tymber-blaze-products.imgix.net/Wyld-Sour-Apple-Gummies-Active-86f3ab8d-bbf7-4c70-b995-609e38ad89dd.png,2026-05-23T23:12:18.599992+00:00,,,SOUR APPLE
ignyte-red-hook,3B3848YALHMQWW,3B3848YALHMQWW,Raspberry (S) | 10pk x 10mg - Gummies - Edibles - 100mg THC | WYLD,WYLD,edible,.5g,3500,,,,TRUE,https://shop.ignyteny.com/whitestone/products/wyld-559138/gummies/raspberry-s-10pk-x-10mg-gummies-edibles-100mg-thc-wyld-5735905,https://tymber-blaze-products.imgix.net/Wyld-Raspberry-Gummies-Active-3fb67655-6518-4d93-bc5a-3b2285952593.png,2026-05-23T23:12:18.599992+00:00,,,RASPBERRY
ignyte-red-hook,D740FFW5SUDEKW,D740FFW5SUDEKW,Sour Cherry (I) | 10pk x 10mg - Gummies - Edibles - 100mg THC | WYLD,WYLD,edible,.5g,3500,,,,TRUE,https://shop.ignyteny.com/whitestone/products/wyld-559138/gummies/sour-cherry-i-10pk-x-10mg-gummies-edibles-100mg-thc-wyld-5735904,https://tymber-blaze-products.imgix.net/Wyld-Sour_Cherry-Gummies-Mellow-838dda5c-c36b-4b04-8024-88ec07540f76.png,2026-05-23T23:12:18.599992+00:00,,,SOUR CHERRY
ignyte-red-hook,810109861538,810109861538,Marionberry (I) | 10pk x 10mg - Gummies - Edibles - 100mg THC | WYLD,WYLD,edible,.5g,3500,,,,TRUE,https://shop.ignyteny.com/whitestone/products/wyld-559138/gummies/marionberry-i-10pk-x-10mg-gummies-edibles-100mg-thc-wyld-5735903,https://tymber-blaze-products.imgix.net/Wyld-Marionberry-Gummies-Mellow-97230427-b453-4a8b-aba4-34ceffb763e4.png,2026-05-23T23:12:18.599992+00:00,,,MARIONBERRY
ignyte-red-hook,810109861835,810109861835,Sour Tangerine (H) | 10pk x 10mg - Gummies - Edibles - 100mg THC | WYLD,WYLD,edible,.5g,3500,,,,TRUE,https://shop.ignyteny.com/whitestone/products/wyld-559138/gummies/sour-tangerine-h-10pk-x-10mg-gummies-edibles-100mg-thc-wyld-5735902,https://tymber-blaze-products.imgix.net/Wyld-Sour_Tangerine-Gummies-Playful-74d64aa5-e618-4a46-9651-637ab8d8a6b8.png,2026-05-23T23:12:18.599992+00:00,,,SOUR TANGERINE
ignyte-red-hook,CA7CDCGHT7IXSH,CA7CDCGHT7IXSH,Huckleberry (H) | 10pk x 10mg - Gummies - Edibles - 100mg THC | WYLD,WYLD,edible,.5g,3500,,,,TRUE,https://shop.ignyteny.com/whitestone/products/wyld-559138/gummies/huckleberry-h-10pk-x-10mg-gummies-edibles-100mg-thc-wyld-5735901,https://tymber-blaze-products.imgix.net/Wyld-Huckleberry-Gummies-Playful-f52ce5b7-a4a0-473f-b07d-576c164441d3.png,2026-05-23T23:12:18.599992+00:00,,,HUCKLEBERRY
ignyte-red-hook,810109861576,810109861576,Elderberry (I) | 10pk x 10mg - Gummies - Edibles - Gummies 100mg (2:1 THC:CBN) | WYLD,WYLD,edible,.5g,3500,,,,TRUE,https://shop.ignyteny.com/whitestone/products/wyld-559138/gummies/elderberry-i-10pk-x-10mg-gummies-edibles-gummies-100mg-21-thccbn-wyld-5735900,https://tymber-blaze-products.imgix.net/Wyld-Elderberry-Gummies-Sleep-8a3ff4e6-3516-4aad-9bd4-6b277463c77e.png,2026-05-23T23:12:18.599992+00:00,,,ELDERBERRY
ignyte-red-hook,810109861552,810109861552,Peach (H) | 10pk x 10mg - Gummies - Edibles - 100mg THC (2:1 CBD:THC) | WYLD,WYLD,edible,.5g,3500,,,,TRUE,https://shop.ignyteny.com/whitestone/products/wyld-559138/gummies/peach-h-10pk-x-10mg-gummies-edibles-100mg-thc-21-cbdthc-wyld-5735899,https://tymber-blaze-products.imgix.net/Wyld-Peach-Gummies-Chill-c0641b10-9fd5-4bbe-97db-bb785ff03dfc.png,2026-05-23T23:12:18.599992+00:00,,,PEACH
ignyte-red-hook,3944F19IZG6KWQ,3944F19IZG6KWQ,Strawberry (H) | 10pk x 10mg - Gummies - Edibles - 100mg THC (20:1 CBD:THC) | WYLD,WYLD,edible,.5g,3500,,,,TRUE,https://shop.ignyteny.com/whitestone/products/wyld-559138/gummies/strawberry-h-10pk-x-10mg-gummies-edibles-100mg-thc-201-cbdthc-wyld-5735898,https://tymber-blaze-products.imgix.net/Wyld-Strawberry-Gummies-Calm-6321e12a-5c2d-4e52-9586-3aaa7ba17324.png,2026-05-23T23:12:18.599992+00:00,,,STRAWBERRY
ignyte-red-hook,9013D0DR2T3THJ,9013D0DR2T3THJ,Twisted Cookies (SH) | 3.5g | 8th - Flower | Zizzle,Zizzle,flower,,5500,,,sativa dominant,TRUE,https://shop.ignyteny.com/whitestone/products/zizzle-418479/flower/twisted-cookies-sh-35g-8th-flower-zizzle-5735920,https://tymber-blaze-products.imgix.net/Zizzle---Flower---8th-3-5g---Sativa-Hybrid---Twisted-Cookies-9dd1e7d0-7e99-44a3-b0d4-3bfa8f104f7c.png,2026-05-23T23:12:18.599992+00:00,,,TWISTED COOKIES
ignyte-red-hook,CAF66419ZPP9EE,CAF66419ZPP9EE,Silver Haze (H) | 3.5g | 8th - Flower | Zizzle,Zizzle,flower,,5500,,,hybrid,TRUE,https://shop.ignyteny.com/whitestone/products/zizzle-418479/flower/silver-haze-h-35g-8th-flower-zizzle-5735918,https://tymber-blaze-products.imgix.net/zizzle-silver-haze-nyc-cannabis-64a9705a-46e8-4aa5-bc6c-34395fc055b0.jpg,2026-05-23T23:12:18.599992+00:00,,,SILVER HAZE
ignyte-red-hook,69BD81VTEUIDBD,69BD81VTEUIDBD,Zig Zag | Ultra Thin 1.25 - Papers - Cigarette Papers,Zig Zag,merch,,400,,,,TRUE,https://shop.ignyteny.com/whitestone/products/zig-zag-559114/accessories/zig-zag-ultra-thin-125-papers-cigarette-papers-5735913,https://tymber-blaze-products.imgix.net/Zig-Zag---Papers---Ultra-Thin-1-25---Cigarette-Papers-e31aa909-c389-418a-aff7-8ebddb13765b.png,2026-05-23T23:12:18.599992+00:00,,,
ignyte-red-hook,4C5889AVCYKG40,4C5889AVCYKG40,Zig Zag | Original White - Papers - Cigarette Papers,Zig Zag,merch,,400,,,,TRUE,https://shop.ignyteny.com/whitestone/products/zig-zag-559114/accessories/zig-zag-original-white-papers-cigarette-papers-5735912,https://tymber-blaze-products.imgix.net/Zig-Zag---Papers---Original-White-Cigarette-Papers-9f1d1842-7ee3-40f0-9967-f404895bc124.png,2026-05-23T23:12:18.599992+00:00,,,
ignyte-red-hook,013FF71ZTMIUYA,013FF71ZTMIUYA,Zig Zag | Summer Slice - Papers - Hemp Wraps - 2pk,Zig Zag,merch,,200,,,,TRUE,https://shop.ignyteny.com/whitestone/products/zig-zag-559114/accessories/zig-zag-summer-slice-papers-hemp-wraps-2pk-5735911,https://tymber-blaze-products.imgix.net/Zig-Zag---Papers---Hemp-Wraps---2pk---Summer-Slice-43117fa9-7b4c-49cb-bd19-d2e638e24075.png,2026-05-23T23:12:18.599992+00:00,,,
ignyte-red-hook,829B1BJSSPAG4H,829B1BJSSPAG4H,Zig Zag | OG Purp - Papers - Hemp Wraps - 2pk,Zig Zag,merch,,200,,,,TRUE,https://shop.ignyteny.com/whitestone/products/zig-zag-559114/accessories/zig-zag-og-purp-papers-hemp-wraps-2pk-5735910,https://tymber-blaze-products.imgix.net/Zig-Zag---Papers---Hemp-Wraps---2pk---OG-Purp-feca30a6-a188-4194-a195-fafc7ae4e780.png,2026-05-23T23:12:18.599992+00:00,,,
ignyte-red-hook,F9E8F8CSROWAQF,F9E8F8CSROWAQF,Zig Zag | Natural - Papers - Hemp Wraps - 2pk,Zig Zag,merch,,200,,,,TRUE,https://shop.ignyteny.com/whitestone/products/zig-zag-559114/accessories/zig-zag-natural-papers-hemp-wraps-2pk-5735909,https://tymber-blaze-products.imgix.net/Zig-Zag---Papers---Hemp-Wraps---2pk---Natural-f46bce34-7a54-4c94-bc92-05a58b5e30cd.png,2026-05-23T23:12:18.599992+00:00,,,
ignyte-red-hook,3925C3WBEKTL9P,3925C3WBEKTL9P,Sour Diesel (S) | 3.5g | 8th - Flower | Zizzle,Zizzle,flower,,5500,32.9,,sativa,TRUE,https://shop.ignyteny.com/whitestone/products/zizzle-418479/flower/sour-diesel-s-35g-8th-flower-zizzle-5735923,https://tymber-blaze-products.imgix.net/zizzle-sour-diesel-nyc-cannabis-e5facba5-c4e1-4ec1-b611-b219db9bd433.jpg,2026-05-23T23:12:18.599992+00:00,,,SOUL DIESEL
ignyte-red-hook,I191PRO2,I191PRO2,Paradise Cooler (H) - Serenity | 10pk x 10mg - Gummies - Edibles - 100mg THC | Off Hours,Off Hours,edible,100.0 milligrams,3500,,,hybrid,TRUE,https://shop.ignyteny.com/whitestone/products/off-hours-418509/gummies/paradise-cooler-h-serenity-10pk-x-10mg-gummies-edibles-100mg-thc-off-hours-5751397,https://tymber-blaze-products.imgix.net/Off-Hours-Gummies-Serenity-ac1d3463-0fa6-4285-9b71-365ce2b16d6f.png,2026-05-23T23:12:18.599992+00:00,,,PARADISE COOLER
ignyte-red-hook,I89APRO1,I89APRO1,Grape Punch (I) - Offline | 10pk x 10mg - Gummies - Edibles - 100mg THC | Off Hours,Off Hours,edible,,3500,,,indica,TRUE,https://shop.ignyteny.com/whitestone/products/off-hours-418509/gummies/grape-punch-i-offline-10pk-x-10mg-gummies-edibles-100mg-thc-off-hours-5751396,https://tymber-blaze-products.imgix.net/Off-Hours-Gummies-Offline-14571bcd-ff7d-4765-92ae-3439dd1ed6a3.png,2026-05-23T23:12:18.599992+00:00,,,GRAPE PUNCH
ignyte-red-hook,I4B9PRO1,I4B9PRO1,Blazy Susan - Rolling Tray - Rose Gold | Tray | Accessories,BLAZY SUSAN,merch,,2000,,,,TRUE,https://shop.ignyteny.com/whitestone/products/blazy-susan-418467/accessories/blazy-susan-rolling-tray-rose-gold-tray-accessories-6155281,https://tymber-blaze-products.imgix.net/Blazy-Susan---Rolling-Tray---Rose-Gold-06e7effd-2c05-42ba-b56b-180b1af56e35.jpg,2026-05-23T23:12:18.599992+00:00,,,
ignyte-red-hook,I3FDPRO1,I3FDPRO1,Blazy Susan - Rose Wraps | 2ct Pouch - Papers | Accessories,BLAZY SUSAN,merch,,200,,,,TRUE,https://shop.ignyteny.com/whitestone/products/blazy-susan-418467/accessories/blazy-susan-rose-wraps-2ct-pouch-papers-accessories-6155286,https://tymber-blaze-products.imgix.net/Blazy-Susan-1-Rose-Wraps---2ct-Pouch-1-26b978f4-cc66-495a-bee0-a7730cbd75a0.jpg,2026-05-23T23:12:18.599992+00:00,,,
ignyte-red-hook,I891PRO1,I891PRO1,Blazy Susan - Rolling Tray - Purple | Tray | Accessories,BLAZY SUSAN,merch,,2000,,,,TRUE,https://shop.ignyteny.com/whitestone/products/blazy-susan-418467/accessories/blazy-susan-rolling-tray-purple-tray-accessories-6155284,https://tymber-blaze-products.imgix.net/Blazy-Susan-Rolling-Tray---Purple-1-901a662c-79f4-43e9-a812-fd7fff30d12f.jpg,2026-05-23T23:12:18.599992+00:00,,,
ignyte-red-hook,I7A8PRO1,I7A8PRO1,Blazy Susan - Magnetic Scrubber Resin Blaster | Cleaning | Accessories,BLAZY SUSAN,merch,,2500,,,,TRUE,https://shop.ignyteny.com/whitestone/products/blazy-susan-418467/accessories/blazy-susan-magnetic-scrubber-resin-blaster-cleaning-accessories-6155282,https://tymber-blaze-products.imgix.net/Blazy-Susan-Magnetic-Scrubber-Resin-Blaster-1-faa321a3-3297-48a8-bbaa-d5aac329c3c4.jpg,2026-05-23T23:12:18.599992+00:00,,,
ignyte-red-hook,I6FBPRO2,I6FBPRO2,Dugout - Cigarette Style + Box | Accessories,,merch,,700,,,,TRUE,https://shop.ignyteny.com/whitestone/products/accessories/dugout-cigarette-style-box-accessories-6155299,https://tymber-blaze-products.imgix.net/Dugout-Large-Mix-a5300766-60ed-47c7-9214-611e63171cb8.jpg,2026-05-23T23:12:18.599992+00:00,,,
ignyte-red-hook,I5FCPRO1,I5FCPRO1,Elements - Rolling Papers | 1.25 - Papers | Accessories,Elements,merch,,200,,,,TRUE,https://shop.ignyteny.com/whitestone/products/elements-418454/accessories/elements-rolling-papers-125-papers-accessories-6155309,https://tymber-blaze-products.imgix.net/Elements---Papers---Artesano---Kingsize-e3572f0e-04e6-4371-bf72-3913f58747cb.png,2026-05-23T23:12:18.599992+00:00,,,
ignyte-red-hook,727156760090,727156760090,Trop Cherry (H) | 3.5g | 8th - Flower | Electraleaf,Electraleaf New York,flower,,5000,,,hybrid,TRUE,https://shop.ignyteny.com/whitestone/products/electraleaf-new-york-591515/flower/trop-cherry-h-35g-8th-flower-electraleaf-6155308,https://tymber-blaze-products.imgix.net/Trop-Cherry--H----Flower-_-8th-_-3-5g-_-Electraleaf-bf75006f-ee95-4f9b-a281-b11db51c5e83.png,2026-05-23T23:12:18.599992+00:00,,,TROP CHERRY
ignyte-red-hook,811736025409,811736025409,G Pen - Micro+ Tank | Vaporizer Part | Accessories,G Pen,merch,,1500,,,,TRUE,https://shop.ignyteny.com/whitestone/products/g-pen-591511/accessories/g-pen-micro-tank-vaporizer-part-accessories-6155316,https://tymber-blaze-products.imgix.net/G-Pen-Micro--Tank-6bd698fc-b73d-4895-836e-bbab3f73e5ba.jpg,2026-05-23T23:12:18.599992+00:00,,,
ignyte-red-hook,811736025416,811736025416,G Pen - Micro+ Mouthpiece Assembly | Vaporizer Part | Accessories,G Pen,merch,,1000,,,,TRUE,https://shop.ignyteny.com/whitestone/products/g-pen-591511/accessories/g-pen-micro-mouthpiece-assembly-vaporizer-part-accessories-6155315,https://tymber-blaze-products.imgix.net/G-Pen-Micro--Mouthpiece-Assembly-3a7a1d55-7770-4df9-92cb-83713dd801c4.jpg,2026-05-23T23:12:18.599992+00:00,,,
ignyte-red-hook,811736025393,811736025393,G Pen - Micro+ Battery | Battery | Accessories,G Pen,merch,,3500,,,,TRUE,https://shop.ignyteny.com/whitestone/products/g-pen-591511/accessories/g-pen-micro-battery-battery-accessories-6155314,https://tymber-blaze-products.imgix.net/G-Pen-Micro--Battery-e4b48e6e-d0cd-4e91-9f6e-6cbabe0d505e.jpg,2026-05-23T23:12:18.599992+00:00,,,
ignyte-red-hook,811736025362,811736025362,G Pen - Micro+ | Vaporizer | Accessories,G Pen,merch,,7500,,,,TRUE,https://shop.ignyteny.com/whitestone/products/g-pen-591511/accessories/g-pen-micro-vaporizer-accessories-6155317,https://tymber-blaze-products.imgix.net/G-Pen-Micro--Vaporizer-d07cbff3-6ee8-4bcc-a2b6-c71d81da1cc8.jpg,2026-05-23T23:12:18.599992+00:00,,,
ignyte-red-hook,HP LEMONADE,HP LEMONADE,Lemonade (H) (2:1 THC:CBD) 10mg THC : 5mg CBD - 12oz - Beverages - High Peaks,High Peaks,edible,,500,10.0,5.0,hybrid,TRUE,https://shop.ignyteny.com/whitestone/products/high-peaks-591514/beverages/lemonade-h-21-thccbd-10mg-thc-5mg-cbd-12oz-beverages-high-peaks-6155326,https://tymber-blaze-products.imgix.net/HP_Lemonade_WebIMG_FINAL_01-1024x1024-f1a41699-f781-40dc-bf0b-ca00de19413f.png,2026-05-23T23:12:18.599992+00:00,,,LEMONADE
ignyte-red-hook,PR-SLP-0002,PR-SLP-0002,Slapz (I) | 2pk x 0.75g | 1.5g - Prerolls | High Peaks,High Peaks,other,1.5 grams,2000,25.0,,indica,TRUE,https://shop.ignyteny.com/whitestone/products/high-peaks-591514/pre-rolls/slapz-i-2pk-x-075g-15g-prerolls-high-peaks-6155325,https://tymber-blaze-products.imgix.net/HP_Slapz_prerolls_03-a68b8454-a942-4f65-a0fa-a18062d7553a.png,2026-05-23T23:12:18.599992+00:00,,,SLAPZ
ignyte-red-hook,HP ROCKET POP,HP ROCKET POP,Rocket Pop (H) (2:1 THC:CBD) 10mg THC : 5mg CBD - 12oz - Beverages - High Peaks,High Peaks,edible,,500,,,hybrid,TRUE,https://shop.ignyteny.com/whitestone/products/high-peaks-591514/beverages/rocket-pop-h-21-thccbd-10mg-thc-5mg-cbd-12oz-beverages-high-peaks-6155324,https://tymber-blaze-products.imgix.net/HP_RocketPop_WebpageIMG_transparentmockup_FINAL_01-1024x1024-4fac8bcd-4240-454b-95d8-e5f246856aaa.jpg,2026-05-23T23:12:18.599992+00:00,,,ROCKET POP
ignyte-red-hook,IF62PRO1,IF62PRO1,Kind Pen - Covert 2.0 - Blue | Cartridge Vaporizer | Accessories,Kind Pen,merch,,3000,,,,TRUE,https://shop.ignyteny.com/whitestone/products/kind-pen-418526/accessories/kind-pen-covert-20-blue-cartridge-vaporizer-accessories-6155333,https://tymber-blaze-products.imgix.net/kindpen-covert-2-42ff993a-3bb0-4265-8c8e-88903b962cac.jpg,2026-05-23T23:12:18.599992+00:00,,,
ignyte-red-hook,I624PRO1,I624PRO1,Kind Pen - Covert 2.0 - Purple | Cartridge Vaporizer | Accessories,Kind Pen,merch,,3000,,,,TRUE,https://shop.ignyteny.com/whitestone/products/kind-pen-418526/accessories/kind-pen-covert-20-purple-cartridge-vaporizer-accessories-6155332,https://tymber-blaze-products.imgix.net/_-Kind-Pen-_-Covert-2-0---Cartridge-Vaporizer--Purple--9bf06b7e-7ce4-49e1-b50d-8a319954e2ff.png,2026-05-23T23:12:18.599992+00:00,,,
ignyte-red-hook,I6C9PRO1,I6C9PRO1,Kind Pen - Covert 2.0 - Green | Battery | Accessories,Kind Pen,merch,,3000,,,,TRUE,https://shop.ignyteny.com/whitestone/products/kind-pen-418526/accessories/kind-pen-covert-20-green-battery-accessories-6155331,https://tymber-blaze-products.imgix.net/_-Kind-Pen-_-Covert-2-0---Cartridge-Vaporizer--Green--bcb9d7e4-b57b-4c91-9aec-e23e9f7ca1c7.png,2026-05-23T23:12:18.599992+00:00,,,
ignyte-red-hook,I33EPRO1,I33EPRO1,Kind Pen - 510 Wax Pen Hot Knife Attachment - Silver | Battery | Accessories,Kind Pen,merch,,1000,,,,TRUE,https://shop.ignyteny.com/whitestone/products/kind-pen-418526/accessories/kind-pen-510-wax-pen-hot-knife-attachment-silver-battery-accessories-6155330,https://tymber-blaze-products.imgix.net/_-Kind-Pen-_-510-Wax-Pen-Hot-Knife-Attachment--Silver--e3084007-87ff-44a7-b1d7-7543cc206b09.png,2026-05-23T23:12:18.599992+00:00,,,
ignyte-red-hook,I365PRO1,I365PRO1,Kind Pen - 510 Wax Pen Hot Knife Attachment - Gold | Battery | Accessories,Kind Pen,merch,,1000,,,,TRUE,https://shop.ignyteny.com/whitestone/products/kind-pen-418526/accessories/kind-pen-510-wax-pen-hot-knife-attachment-gold-battery-accessories-6155329,https://tymber-blaze-products.imgix.net/_-Kind-Pen-_-510-Wax-Pen-Hot-Knife-Attachment--Gold--62f74d43-4c93-4a1a-abfb-31d687702702.png,2026-05-23T23:12:18.599992+00:00,,,
ignyte-red-hook,ID78PRO1,ID78PRO1,Ongrok - Botanical Infuser Machine | Small - Infuser | Accessories,Ongrok,merch,,13000,,,,TRUE,https://shop.ignyteny.com/whitestone/products/ongrok-591513/accessories/ongrok-botanical-infuser-machine-small-infuser-accessories-6155347,https://tymber-blaze-products.imgix.net/_-Ongrok--Botanical-Infuser-Machine--Small-72bd4738-aacd-4270-8583-78203c8cae40.png,2026-05-23T23:12:18.599992+00:00,,,
ignyte-red-hook,ID8APRO1,ID8APRO1,Ongrok - Botanical Infuser Machine | Large - Infuser | Accessories,Ongrok,merch,,15000,,,,TRUE,https://shop.ignyteny.com/whitestone/products/ongrok-591513/accessories/ongrok-botanical-infuser-machine-large-infuser-accessories-6155346,https://tymber-blaze-products.imgix.net/_-Ongrok--Botanical-Infuser-Machine--Large-7e023c0a-47b0-48bf-baac-a14a68337152.png,2026-05-23T23:12:18.599992+00:00,,,
ignyte-red-hook,I7D3PRO3,I7D3PRO3,Puffco - Proxy - Flourish | Vaporizer | Accessories,Puffco,merch,,25000,,,,TRUE,https://shop.ignyteny.com/whitestone/products/puffco-418499/accessories/puffco-proxy-flourish-vaporizer-accessories-6155351,https://tymber-blaze-products.imgix.net/Puffco-Proxy-Vaporizer---Flourish1-e6b755a7-91e6-4244-836e-92cc78d7fb3e.jpg,2026-05-23T23:12:18.599992+00:00,,,
ignyte-red-hook,I42APRO2,I42APRO2,Puffco - Proxy Droplet | Banger | Accessories,Puffco,merch,,9000,,,,TRUE,https://shop.ignyteny.com/whitestone/products/puffco-418499/accessories/puffco-proxy-droplet-banger-accessories-6155350,https://tymber-blaze-products.imgix.net/Puffco-Proxy-Droplet---Banger1-79504575-3fa1-43a5-8956-b92f1944dae7.jpg,2026-05-23T23:12:18.599992+00:00,,,
ignyte-red-hook,I7C4PRO1,I7C4PRO1,Puffco - Hot Knife - Daybreak | Heated Loading Tool | Accessories,Puffco,merch,,6000,,,,TRUE,https://shop.ignyteny.com/whitestone/products/puffco-418499/accessories/puffco-hot-knife-daybreak-heated-loading-tool-accessories-6155349,https://tymber-blaze-products.imgix.net/Puffco-Hot-Knife---Daybreak---Heated-Loading-Tool1-2e47f11a-5241-4a8e-81f5-240f8e0bf446.jpg,2026-05-23T23:12:18.599992+00:00,,,
ignyte-red-hook,I600PRO1,I600PRO1,Raw - Pre-Rolled Rose Tip | Filter Tips | Accessories,Raw,merch,,800,,,,TRUE,https://shop.ignyteny.com/whitestone/products/raw-430482/accessories/raw-pre-rolled-rose-tip-filter-tips-accessories-6155352,https://tymber-blaze-products.imgix.net/Raw-Pre-Rolled-ROSE-Tip-b4f0db86-553c-469a-a82b-7f8f77507e0f.jpg,2026-05-23T23:12:18.599992+00:00,,,
ignyte-red-hook,IE6DPRO3,IE6DPRO3,Raw - Tips - Original | Filter Tips | Accessories,Raw,merch,,200,,,,TRUE,https://shop.ignyteny.com/whitestone/products/raw-430482/accessories/raw-tips-original-filter-tips-accessories-6155355,https://tymber-blaze-products.imgix.net/Raw-Tips---Original-c7892e97-3675-465b-aa0e-3b232f510af3.png,2026-05-23T23:12:18.599992+00:00,,,
ignyte-red-hook,I66FPRO1,I66FPRO1,Water Soluble Elixir (1oz | 600mg) | Satori,Satori,tinctures,,8000,,,hybrid,TRUE,https://shop.ignyteny.com/whitestone/products/satori-591516/tinctures/water-soluble-elixir-1oz-600mg-satori-6155374,https://tymber-blaze-products.imgix.net/satori-water-d057bcdb-297e-457f-a3fe-6af25dfa3630.png,2026-05-23T23:12:18.599992+00:00,,,TINCTURE
ignyte-red-hook,I5D7PRO1,I5D7PRO1,Sutra - Silo Auto Draw - Silver | Cartridge Vaporizer | Accessories,Empire Smoke,merch,,2000,,,,TRUE,https://shop.ignyteny.com/whitestone/products/empire-smoke-559150/accessories/sutra-silo-auto-draw-silver-cartridge-vaporizer-accessories-6155378,https://tymber-blaze-products.imgix.net/_-Sutra-_-Silo-Auto-Draw-Cartridge-Vaporizer---Silver-c3a4494a-9bc1-4c0b-9feb-533506d4bb59.png,2026-05-23T23:12:18.599992+00:00,,,
ignyte-red-hook,811736028271,811736028271,Studenglass - Modul Quartz Concentrate Tank | Vaporizer Part | Accessories,Studenglass,merch,,6500,,,,TRUE,https://shop.ignyteny.com/whitestone/products/studenglass-591512/accessories/studenglass-modul-quartz-concentrate-tank-vaporizer-part-accessories-6155377,https://tymber-blaze-products.imgix.net/Studenglass---Modul-Quartz-Concentrate-Tank-5f0aa0a6-7ac0-4945-a1e1-11efa8cf096a.jpg,2026-05-23T23:12:18.599992+00:00,,,
ignyte-red-hook,852570004151,852570004151,Studenglass - Glass Hose Tip | Accessories,Studenglass,merch,,1500,,,,TRUE,https://shop.ignyteny.com/whitestone/products/studenglass-591512/accessories/studenglass-glass-hose-tip-accessories-6155376,https://tymber-blaze-products.imgix.net/Studenglass---Glass-Hose-Tip-cdaead6f-7155-4aa5-8621-111c9a3d5a09.jpg,2026-05-23T23:12:18.599992+00:00,,,
ignyte-red-hook,811736026772,811736026772,Studenglass - Blue Glass Hose Tip | Accessories,Studenglass,merch,,2000,,,,TRUE,https://shop.ignyteny.com/whitestone/products/studenglass-591512/accessories/studenglass-blue-glass-hose-tip-accessories-6155375,https://tymber-blaze-products.imgix.net/Studenglass---Blue-Glass-Hose-Tip-b44add28-5507-47e6-b4db-ec6de0ec0093.jpg,2026-05-23T23:12:18.599992+00:00,,,
ignyte-red-hook,IB8BPRO2,IB8BPRO2,Vape Gear | Twist Cube - Battery w Smart USB - Red,Vape Gear,merch,,1500,,,,TRUE,https://shop.ignyteny.com/whitestone/products/vape-gear-418482/accessories/vape-gear-twist-cube-battery-w-smart-usb-red-6155380,https://tymber-blaze-products.imgix.net/_-Vape-Gear-_-Twist-Cube---Battery-w-Smart-USB---Red-756d7ceb-3ae0-43df-a03a-2a66f1faa34a.png,2026-05-23T23:12:18.599992+00:00,,,
ignyte-red-hook,I9EAPRO1,I9EAPRO1,Bubble Bath (H) | 3pk x 0.5g | 1.5g - Prerolls | Zizzle,Zizzle,other,,2500,,,hybrid,TRUE,https://shop.ignyteny.com/whitestone/products/zizzle-418479/pre-rolls/bubble-bath-h-3pk-x-05g-15g-prerolls-zizzle-6155382,https://tymber-blaze-products.imgix.net/bubble-bath-c075b5e2-d02c-45a7-9ca3-856d2634ccf0.jpg,2026-05-23T23:12:18.599992+00:00,,,BUBBLE BATH
ignyte-red-hook,644134497499,644134497499,Strawberry Canoli (H) | 0.33g - Rosin Zpod Mini AIO - Vape Pens | Zizzle,Zizzle,other,,3500,72.64,1.22,hybrid,TRUE,https://shop.ignyteny.com/whitestone/products/zizzle-418479/vape-aios/strawberry-canoli-h-033g-rosin-zpod-mini-aio-vape-pens-zizzle-6155389,https://tymber-blaze-products.imgix.net/zizzle-zpod-strawberry-cannoli-43006485-87b9-4d6b-881c-99be99a15f1b.jpg,2026-05-23T23:12:18.599992+00:00,,,STRAWBERRY CANOLI
ignyte-red-hook,644134497604,644134497604,Dante's Inferno (I) | 0.33g - Rosin Zpod Mini AIO - Vape Pens | Zizzle,Zizzle,other,,3500,71.12,0.12,indica,TRUE,https://shop.ignyteny.com/whitestone/products/zizzle-418479/vape-aios/dantes-inferno-i-033g-rosin-zpod-mini-aio-vape-pens-zizzle-6155384,https://tymber-blaze-products.imgix.net/zizzle-zpod-dantes-inferno-700e9dc6-5af0-4a78-9851-29099928a679.jpg,2026-05-23T23:12:18.599992+00:00,,,DANTES INFERNO
ignyte-red-hook,IF6BPRO1,IF6BPRO1,Yuzu Citrus (H) (2:1 THC:CBD) 10mg THC : 5mg CBD - 12oz - Beverages - Ayrloom,ayrloom,edible,,600,,,hybrid,TRUE,https://shop.ignyteny.com/whitestone/products/ayrloom-418470/beverages/yuzu-citrus-h-21-thccbd-10mg-thc-5mg-cbd-12oz-beverages-ayrloom-6463400,https://tymber-blaze-products.imgix.net/Ayrloom-yuzucitrus-12oz-10mg-04589ae1-8843-4a3d-8f83-d665207691d9.png,2026-05-23T23:12:18.599992+00:00,,,YUZU CITRUS
ignyte-red-hook,I02BPRO1,I02BPRO1,Mango Haze (S) | 1g - Reload AIO Classic - Vape Pens | Eureka,EUREKA,vaporizers,,6000,,,sativa,TRUE,https://shop.ignyteny.com/whitestone/products/eureka-418452/vape-carts/mango-haze-s-1g-reload-aio-classic-vape-pens-eureka-6463412,https://tymber-blaze-products.imgix.net/eureka-classic-sativa-1g-reload-5ec03564-2279-469b-8916-a3673626db73.jpg,2026-05-23T23:12:18.599992+00:00,,,MANGO HAZE
ignyte-red-hook,I10DPRO1,I10DPRO1,Nectarine Dream (H) | 2g - Reload AIO Fusion - Vape Pens | Eureka,EUREKA,vaporizers,,9000,,,sativa,TRUE,https://shop.ignyteny.com/whitestone/products/eureka-418452/vape-carts/nectarine-dream-h-2g-reload-aio-fusion-vape-pens-eureka-6463428,https://tymber-blaze-products.imgix.net/eureka-nect-2g-reload-5aa7e74a-85bc-432e-b500-aa03a9b66457.jpg,2026-05-23T23:12:18.599992+00:00,,,NECTARIN DREAM
ignyte-red-hook,IDBBPRO2,IDBBPRO2,Melon Madness (H) | 2g - Reload AIO Fusion - Vape Pens | Eureka,EUREKA,vaporizers,2.0 grams,9000,,,hybrid,TRUE,https://shop.ignyteny.com/whitestone/products/eureka-418452/vape-carts/melon-madness-h-2g-reload-aio-fusion-vape-pens-eureka-6463427,https://tymber-blaze-products.imgix.net/eureka-melon-madness-2g-reload-28a243f6-b883-411c-b94f-943f7e4fb1fd.jpg,2026-05-23T23:12:18.599992+00:00,,,MELON MADNESS
ignyte-red-hook,IDBCPRO1,IDBCPRO1,Concord Crush (H) | 2g - Reload AIO Fusion - Vape Pens | Eureka,EUREKA,vaporizers,,9000,,,hybrid,TRUE,https://shop.ignyteny.com/whitestone/products/eureka-418452/vape-carts/concord-crush-h-2g-reload-aio-fusion-vape-pens-eureka-6463425,https://tymber-blaze-products.imgix.net/eureka-concord3-962d0a6f-b357-49c0-94be-252d70389635.jpg,2026-05-23T23:12:18.599992+00:00,,,CONCORD CRUSH
ignyte-red-hook,I27FPRO1,I27FPRO1,Citrus Splash (H) | 2g - Reload AIO Fusion - Vape Pens | Eureka,EUREKA,vaporizers,,9000,,,hybrid,TRUE,https://shop.ignyteny.com/whitestone/products/eureka-418452/vape-carts/citrus-splash-h-2g-reload-aio-fusion-vape-pens-eureka-6463423,https://tymber-blaze-products.imgix.net/eureka-citrus-splash-2g-reload-87e950dc-277a-4cfa-a384-c38df0e56984.jpg,2026-05-23T23:12:18.599992+00:00,,,CITRUS SPLASH
ignyte-red-hook,I3F1PRO3,I3F1PRO3,Triple Diesel (S) | 2g - Reload AIO Classic - Vape Pens | Eureka,EUREKA,vaporizers,2.0 grams,9000,,,sativa,TRUE,https://shop.ignyteny.com/whitestone/products/eureka-418452/vape-carts/triple-diesel-s-2g-reload-aio-classic-vape-pens-eureka-6463422,https://tymber-blaze-products.imgix.net/eureka-Triple-Diesel2-3878208e-e93e-4fc6-9bc1-0a5f058704d4.jpg,2026-05-23T23:12:18.599992+00:00,,,TRIPLE DIESEL
ignyte-red-hook,I36FPRO1,I36FPRO1,Very Berry (H) | 2g - Fusion Starter Kit AIO - Vape Pens | Eureka,EUREKA,other,2.0 grams,9500,,,hybrid,TRUE,https://shop.ignyteny.com/whitestone/products/eureka-418452/vape-aios/very-berry-h-2g-fusion-starter-kit-aio-vape-pens-eureka-6463440,https://tymber-blaze-products.imgix.net/eureka-very-berry1-605d4b0a-1dbb-42ae-8e3f-21ac76c795a7.jpg,2026-05-23T23:12:18.599992+00:00,,,VERRY BERRY
ignyte-red-hook,IB66PRO1,IB66PRO1,Tropical Twist (H) | 2g - Fusion Starter Kit AIO - Vape Pens | Eureka,EUREKA,other,2.0 grams,9500,,,hybrid,TRUE,https://shop.ignyteny.com/whitestone/products/eureka-418452/vape-aios/tropical-twist-h-2g-fusion-starter-kit-aio-vape-pens-eureka-6463439,https://tymber-blaze-products.imgix.net/eureka-tropical-1-85cf9cfc-e901-4302-8acb-39f2bcc7faa2.jpg,2026-05-23T23:12:18.599992+00:00,,,TROPICAL TWIST
ignyte-red-hook,I7B6PRO2,I7B6PRO2,Strawberry Clemonade (H) | 2g - Fusion Starter Kit AIO - Vape Pens | Eureka,EUREKA,other,2.0 grams,9500,,,hybrid,TRUE,https://shop.ignyteny.com/whitestone/products/eureka-418452/vape-aios/strawberry-clemonade-h-2g-fusion-starter-kit-aio-vape-pens-eureka-6463438,https://tymber-blaze-products.imgix.net/eureka-straw-clem1-e1f2d5fb-69c1-4c6c-8c7f-2bc04ede7a31.jpg,2026-05-23T23:12:18.599992+00:00,,,STRAWBERRY CLEMONADE
ignyte-red-hook,I749PRO1,I749PRO1,Melon Madness (H) | 2g - Fusion Starter Kit AIO - Vape Pens | Eureka,EUREKA,other,2.0 grams,9500,,,hybrid,TRUE,https://shop.ignyteny.com/whitestone/products/eureka-418452/vape-aios/melon-madness-h-2g-fusion-starter-kit-aio-vape-pens-eureka-6463437,https://tymber-blaze-products.imgix.net/eureka-melon-madness-1g-f3beecac-1796-4391-b911-079ef71d4654.jpg,2026-05-23T23:12:18.599992+00:00,,,MELON MADNESS
ignyte-red-hook,I0E2PRO1,I0E2PRO1,Concord Crush (H) | 2g - Fusion Starter Kit AIO - Vape Pens | Eureka,EUREKA,other,,9500,,,hybrid,TRUE,https://shop.ignyteny.com/whitestone/products/eureka-418452/vape-aios/concord-crush-h-2g-fusion-starter-kit-aio-vape-pens-eureka-6463436,https://tymber-blaze-products.imgix.net/eureka-concord1-2fc8754d-8728-4cea-8fb2-a49b5f2a2edf.jpg,2026-05-23T23:12:18.599992+00:00,,,CONCORD CRUSH
ignyte-red-hook,IED8PRO1,IED8PRO1,Mimosa (H) | 2g - Classic Starter Kit AIO - Vape Pens | Eureka,EUREKA,other,2.0 grams,9500,,,hybrid,TRUE,https://shop.ignyteny.com/whitestone/products/eureka-418452/vape-aios/mimosa-h-2g-classic-starter-kit-aio-vape-pens-eureka-6463435,https://tymber-blaze-products.imgix.net/eureka-mimosa-1g-AIO-cfc93ef2-629d-4718-9efa-78a708776ea7.jpg,2026-05-23T23:12:18.599992+00:00,,,MIMOSA
ignyte-red-hook,I09FPRO1,I09FPRO1,Mango Haze (S) | 2g - AIO Starter Kit Classic - Vape Pens | Eureka,EUREKA,other,2.0 grams,9500,,,sativa,TRUE,https://shop.ignyteny.com/whitestone/products/eureka-418452/vape-aios/mango-haze-s-2g-aio-starter-kit-classic-vape-pens-eureka-6463434,https://tymber-blaze-products.imgix.net/eureka-aio-2g-mango-haze2-3b88f450-ca8f-4759-93c4-ccaf8c9dfce7.jpg,2026-05-23T23:12:18.599992+00:00,,,MANGO HAZE
ignyte-red-hook,I7B6PRO1,I7B6PRO1,Blackberry Kush (I) | 2g - Classic Starter Kit AIO - Vape Pens | Eureka,EUREKA,other,,9500,,,indica,TRUE,https://shop.ignyteny.com/whitestone/products/eureka-418452/vape-aios/blackberry-kush-i-2g-classic-starter-kit-aio-vape-pens-eureka-6463433,https://tymber-blaze-products.imgix.net/eureka1-b2893526-bd41-413d-93d3-3b100f8cafe6.jpg,2026-05-23T23:12:18.599992+00:00,,,BLACKBERRY KUSH
ignyte-red-hook,IE8BPRO1,IE8BPRO1,Very Berry x Coco Cloud (H) | 3g - Slide Fusion AIO - Vape Pens | Eureka,EUREKA,other,3.0 grams,15000,,,hybrid,TRUE,https://shop.ignyteny.com/whitestone/products/eureka-418452/vape-aios/very-berry-x-coco-cloud-h-3g-slide-fusion-aio-vape-pens-eureka-6463446,https://tymber-blaze-products.imgix.net/eureka-slide-berry-x-coco-cc7eb833-7951-4a17-a341-e1698083d266.jpg,2026-05-23T23:12:18.599992+00:00,,,VERY BERRY X COCO CLOUD
ignyte-red-hook,IC7CPRO1,IC7CPRO1,Melon Madness x Sour Appleicious (H) | 3g - Slide Fusion AIO - Vape Pens | Eureka,EUREKA,other,3.0 grams,15000,,,hybrid,TRUE,https://shop.ignyteny.com/whitestone/products/eureka-418452/vape-aios/melon-madness-x-sour-appleicious-h-3g-slide-fusion-aio-vape-pens-eureka-6463445,https://tymber-blaze-products.imgix.net/eureka-slide-melon-x-apple-01aed8d2-3830-41d5-84b6-37a76e91d35d.jpg,2026-05-23T23:12:18.599992+00:00,,,MELON MADNESS X SOUR APPLEICIOUS
ignyte-red-hook,I36EPRO1,I36EPRO1,Concord Crush x Lychee Luxe (H) | 3g - Slide Fusion AIO - Vape Pens | Eureka,EUREKA,other,,15000,,,hybrid,TRUE,https://shop.ignyteny.com/whitestone/products/eureka-418452/vape-aios/concord-crush-x-lychee-luxe-h-3g-slide-fusion-aio-vape-pens-eureka-6463444,https://tymber-blaze-products.imgix.net/eureka-slide-concord-x-lychee-fc5704f2-6b1c-4b24-bebd-cf1835ba64a7.jpg,2026-05-23T23:12:18.599992+00:00,,,CONCORD CRUSH X LYCHEE LUXE
ignyte-red-hook,I76DPRO1,I76DPRO1,Mimosa x Jealousy (H) | 3g - Slide Classic AIO - Vape Pens | Eureka,EUREKA,other,3.0 grams,15000,,,hybrid,TRUE,https://shop.ignyteny.com/whitestone/products/eureka-418452/vape-aios/mimosa-x-jealousy-h-3g-slide-classic-aio-vape-pens-eureka-6463443,https://tymber-blaze-products.imgix.net/eureka-slide-mimosa-x-jealousy-2554cc1b-fc75-4a23-8cf6-216e0ec2cbb8.jpg,2026-05-23T23:12:18.599992+00:00,,,MIMOSA X JEALOUSY
ignyte-red-hook,IB2DPRO1,IB2DPRO1,Blackberry Kush x Platinum Bubba (I) | 3g - Slide Classic AIO - Vape Pens | Eureka,EUREKA,other,,15000,,,indica,TRUE,https://shop.ignyteny.com/whitestone/products/eureka-418452/vape-aios/blackberry-kush-x-platinum-bubba-i-3g-slide-classic-aio-vape-pens-eureka-6463441,https://tymber-blaze-products.imgix.net/eureka-slide-black-x-bubba-73a23bc9-6c41-4e51-827d-753ef1c68f0b.jpg,2026-05-23T23:12:18.599992+00:00,,,BLACKBERRY KUSH X PLATINUM BUBBA
ignyte-red-hook,I852PRO1,I852PRO1,Pink Berry - Daydream | 10pk x 10mg - Gummies - Edibles - 100mg THC (5:1:1 THC:CBG:CBC) | Off Hours,Off Hours,edible,.5g,3500,,,sativa dominant,TRUE,https://shop.ignyteny.com/whitestone/products/off-hours-418509/gummies/pink-berry-daydream-10pk-x-10mg-gummies-edibles-100mg-thc-511-thccbgcbc-off-hours-6463470,https://tymber-blaze-products.imgix.net/Screenshot-2025-10-03-at-1-21-51-PM-3d0f9223-3210-4ce6-83a9-f2a581118158.png,2026-05-23T23:12:18.599992+00:00,,,PINK BERRY DAYDREAM
ignyte-red-hook,I84FPRO1,I84FPRO1,D&K - Hand Pipe Set | With Grinder and Screen - Bong/Glass Pipe | Accessories,Empire Smoke,merch,,1000,,,,TRUE,https://shop.ignyteny.com/whitestone/products/empire-smoke-559150/accessories/dk-hand-pipe-set-with-grinder-and-screen-bongglass-pipe-accessories-6463473,https://tymber-blaze-products.imgix.net/Pipe---D-K-Metal-Hand-Pipe---w--Grinder-24ab8add-9f56-4f17-af44-08a459148b8d.png,2026-05-23T23:12:18.599992+00:00,,,
ignyte-red-hook,I2FAPRO1,I2FAPRO1,Skewville- Jack'D- Glass Bottle Bong,Skewville,merch,,6000,,,,TRUE,https://shop.ignyteny.com/whitestone/products/skewville--559105/accessories/skewville-jackd-glass-bottle-bong-6463478,https://tymber-blaze-products.imgix.net/_-Skewville--Jack-D--Glass-Bottle-Bong-a2fe004b-1bfc-43d7-ade2-49bbb181b69f.png,2026-05-23T23:12:18.599992+00:00,,,
ignyte-red-hook,IF09PRO1,IF09PRO1,Ice Cream Swirl (IH) | 14g | 1/2oz - Flower | Booty Shake,Booty Shake,flower,,7000,24.25,,indica dominant,TRUE,https://shop.ignyteny.com/whitestone/products/booty-shake-619532/flower/ice-cream-swirl-ih-14g-12oz-flower-booty-shake-6496930,https://tymber-blaze-products.imgix.net/booty-shake-flower-nyc-cannabis-299af089-1d5e-4aa0-8c45-6064baf3bb65.jpg,2026-05-23T23:12:18.599992+00:00,,,ICE CREAM SWIRL
ignyte-red-hook,I63DPRO2,I63DPRO2,Do-Si-Do (IH) | 14g | 1/2oz - Flower | Booty Shake,Booty Shake,flower,,7000,22.05,,indica dominant,TRUE,https://shop.ignyteny.com/whitestone/products/booty-shake-619532/flower/do-si-do-ih-14g-12oz-flower-booty-shake-6496929,https://tymber-blaze-products.imgix.net/booty-shake-flower-nyc-cannabis-1273df60-4243-4aac-b28c-26d448af4642.jpg,2026-05-23T23:12:18.599992+00:00,,,DO-SI-DO
ignyte-red-hook,I3C0PRO3,I3C0PRO3,"Fume Rasta Line Hand Pipe | 2.5"" - Hand Pipe | Accessories",Empire Smoke,merch,,800,,,,TRUE,https://shop.ignyteny.com/whitestone/products/empire-smoke-559150/accessories/fume-rasta-line-hand-pipe-25-hand-pipe-accessories-6504560,https://tymber-blaze-products.imgix.net/_-2-5_--Hand-Pipe--Fume-Rasta-Line-d485e3ee-867e-4d14-b02f-8188b6f6198a.png,2026-05-23T23:12:18.599992+00:00,,,
ignyte-red-hook,I034PRO1,I034PRO1,Butt Bucket Extinguishing Ashtray - Black | Ashtray | Accessories,Empire Smoke,merch,,1000,,,,TRUE,https://shop.ignyteny.com/whitestone/products/empire-smoke-559150/accessories/butt-bucket-extinguishing-ashtray-black-ashtray-accessories-6504564,https://tymber-blaze-products.imgix.net/Black-Colored--Butt-Bucket-Extinguishing-Ashtray-4ac29b54-9950-4459-aad4-011a0485b902.jpg,2026-05-23T23:12:18.599992+00:00,,,
ignyte-red-hook,I819PRO1,I819PRO1,"Percolator Water Pipe - Yellow | 8"" - Glass Pipe | Accessories",Empire Smoke,merch,,2500,,,,TRUE,https://shop.ignyteny.com/whitestone/products/empire-smoke-559150/accessories/percolator-water-pipe-yellow-8-glass-pipe-accessories-6504562,https://tymber-blaze-products.imgix.net/8_--Perculator-Water-Pipe-Yellow-446bee2a-0fde-42e5-9a6d-df53d02cfe36.png,2026-05-23T23:12:18.599992+00:00,,,
ignyte-red-hook,I60EPRO1,I60EPRO1,Plain Color - 4 Part Grinder | 50mm - Grinder | Accessories,Empire Smoke,merch,,1000,,,,TRUE,https://shop.ignyteny.com/whitestone/products/empire-smoke-559150/accessories/plain-color-4-part-grinder-50mm-grinder-accessories-6504568,https://tymber-blaze-products.imgix.net/_-Grinder---Plain-Color---4-Part---50mm-17653f1f-d7e2-4c2e-9cc8-869d566c2e2b.png,2026-05-23T23:12:18.599992+00:00,,,
ignyte-red-hook,I152PRO1,I152PRO1,Elements - Pink Rolling Tips | Filter Tips | Accessories,Empire Smoke,merch,,200,,,,TRUE,https://shop.ignyteny.com/whitestone/products/empire-smoke-559150/accessories/elements-pink-rolling-tips-filter-tips-accessories-6504566,https://tymber-blaze-products.imgix.net/elements-pink-tips-733bb58a-0a93-4cf2-9e2c-2dcdbf73b102.jpg,2026-05-23T23:12:18.599992+00:00,,,
ignyte-red-hook,I0A2PRO1,I0A2PRO1,Raw - Pre-Rolled Tips | 100pk - Camo Tin - Filter Tips | Accessories,Raw,merch,,1000,,,,TRUE,https://shop.ignyteny.com/whitestone/products/raw-430482/accessories/raw-pre-rolled-tips-100pk-camo-tin-filter-tips-accessories-6504573,https://tymber-blaze-products.imgix.net/Raw--Pre-Rolled-Tips--100pk--Camo-Tin-9fe41760-5516-4975-88b9-c970e591c972.jpg,2026-05-23T23:12:18.599992+00:00,,,
ignyte-red-hook,I5DCPRO1,I5DCPRO1,Raw - Connoisseur - Classic | King Size Slim + Tips - Papers + Filter Tips | Accessories,Raw,merch,,400,,,,TRUE,https://shop.ignyteny.com/whitestone/products/raw-430482/accessories/raw-connoisseur-classic-king-size-slim-tips-papers-filter-tips-accessories-6504572,https://tymber-blaze-products.imgix.net/Raw--Kingsize-Slim---Tips-Classic-Connoisseur-0d89b84e-db52-48f0-b1a8-9c7784a7b742.jpg,2026-05-23T23:12:18.599992+00:00,,,
ignyte-red-hook,I3D8PRO1,I3D8PRO1,Puffco - Proxy - Storm | Vaporizer | Accessories,Empire Smoke,merch,,25000,,,,TRUE,https://shop.ignyteny.com/whitestone/products/empire-smoke-559150/accessories/puffco-proxy-storm-vaporizer-accessories-6504570,https://tymber-blaze-products.imgix.net/_-Puffco-_-Proxy-Vaporizer---Storm-1d9b325c-6bd7-4a94-a676-d1834aca5fb5.png,2026-05-23T23:12:18.599992+00:00,,,
ignyte-red-hook,I6B4PRO2,I6B4PRO2,Garlic Icing (H) 1pk x 1g - Prerolls - Electraleaf,Electraleaf New York,other,1.0 grams,1500,,,hybrid,TRUE,https://shop.ignyteny.com/whitestone/products/electraleaf-new-york-591515/pre-rolls/garlic-icing-h-1pk-x-1g-prerolls-electraleaf-6522318,https://tymber-blaze-products.imgix.net/electraleaf-preroll-garlic-icing-ny-cannabis-dispensary-26d222b2-b739-4013-905a-ec04afa27d35.jpg,2026-05-23T23:12:18.599992+00:00,,,GARLIC ICING
ignyte-red-hook,I9CEPRO1,I9CEPRO1,Blue Dream (SH) 1pk x 1g - Prerolls - Electraleaf,Electraleaf New York,other,,1500,,,sativa dominant,TRUE,https://shop.ignyteny.com/whitestone/products/electraleaf-new-york-591515/pre-rolls/blue-dream-sh-1pk-x-1g-prerolls-electraleaf-6522317,https://tymber-blaze-products.imgix.net/electraleaf-preroll-blue-dream-ny-cannabis-dispensary-7dc14967-2966-4e5e-b905-d5cc6fb39aa3.jpg,2026-05-23T23:12:18.599992+00:00,,,BLUE DREAM
ignyte-red-hook,I7B9PRO1,I7B9PRO1,Acai Berry Gelato (SH) | 1g - Live Resin AIO - Vape Pens | CRU,CRU,other,,6000,87.38,,sativa dominant,TRUE,https://shop.ignyteny.com/whitestone/products/cru-622135/vape-aios/acai-berry-gelato-sh-1g-live-resin-aio-vape-pens-cru-6531005,https://tymber-blaze-products.imgix.net/cru-vape-all-in-ones-nyc-5c14346f-0286-4b43-a73a-2ee522933461.jpg,2026-05-23T23:12:18.599992+00:00,,,ACAI BERRY GELATO
ignyte-red-hook,840041928846,840041928846,Acapulco Gold (S) - 1g - Pure Live Resin 510 Cart | Vape Pens | High Garden,High Garden,vaporizers,1g,5000,92.75,,sativa,TRUE,https://shop.ignyteny.com/whitestone/products/high-garden-622134/vape-carts/acapulco-gold-s-1g-pure-live-resin-510-cart-vape-pens-high-garden-6531014,https://tymber-blaze-products.imgix.net/high-garden-sativa-06faaa5f-4c88-4968-b8a5-41a58538ee8c.jpg,2026-05-23T23:12:18.599992+00:00,,,ACAPULCO GOLD
ignyte-red-hook,I9C8PRO3,I9C8PRO3,Strawberry Fields (SH) | 1g - Live Resin AIO - Vape Pens | CRU,CRU,other,1g,6000,90.67,,sativa dominant,TRUE,https://shop.ignyteny.com/whitestone/products/cru-622135/vape-aios/strawberry-fields-sh-1g-live-resin-aio-vape-pens-cru-6531012,https://tymber-blaze-products.imgix.net/cru-vape-all-in-ones-nyc-98c5b80e-0335-4523-b8ec-a535de3c36eb.jpg,2026-05-23T23:12:18.599992+00:00,,,STRAWBERRY FIELDS
ignyte-red-hook,I817PRO1,I817PRO1,Maui Wowie (SH) | 1g - Live Resin AIO - Vape Pens | CRU,CRU,other,1g,6000,91.86,,sativa dominant,TRUE,https://shop.ignyteny.com/whitestone/products/cru-622135/vape-aios/maui-wowie-sh-1g-live-resin-aio-vape-pens-cru-6531010,https://tymber-blaze-products.imgix.net/cru-vape-all-in-ones-nyc-0b45691d-4970-4cb0-8368-6f4a8adb7e92.jpg,2026-05-23T23:12:18.599992+00:00,,,MAUI WOWIE
ignyte-red-hook,I7B2PRO2,I7B2PRO2,Granddaddy Purple (IH) | 1g - Live Resin AIO - Vape Pens | CRU,CRU,other,1g,6000,88.97,,indica dominant,TRUE,https://shop.ignyteny.com/whitestone/products/cru-622135/vape-aios/granddaddy-purple-ih-1g-live-resin-aio-vape-pens-cru-6531009,https://tymber-blaze-products.imgix.net/cru-vape-all-in-ones-nyc-d48255ec-e7de-4ea8-b1bb-7e7c0c7c2759.jpg,2026-05-23T23:12:18.599992+00:00,,,GRANDDADDY PURPLE
ignyte-red-hook,I8DFPRO1,I8DFPRO1,Durban Poison (SH) | 1g - Live Resin AIO - Vape Pens | CRU,CRU,other,,6000,90.95,,sativa dominant,TRUE,https://shop.ignyteny.com/whitestone/products/cru-622135/vape-aios/durban-poison-sh-1g-live-resin-aio-vape-pens-cru-6531008,https://tymber-blaze-products.imgix.net/cru-vape-all-in-ones-nyc-68530a6d-78b6-4e37-94b4-7dbd4457bfe9.jpg,2026-05-23T23:12:18.599992+00:00,,,DURBAN POISON
ignyte-red-hook,I8B6PRO2,I8B6PRO2,Cherry Slushie (IH) | 1g - Live Resin AIO - Vape Pens | CRU,CRU,other,,6000,90.76,,hybrid,TRUE,https://shop.ignyteny.com/whitestone/products/cru-622135/vape-aios/cherry-slushie-ih-1g-live-resin-aio-vape-pens-cru-6531007,https://tymber-blaze-products.imgix.net/cru-vape-all-in-ones-nyc-f4899643-a9f3-4873-a773-732e4e8715e3.jpg,2026-05-23T23:12:18.599992+00:00,,,CHERRY SLUSHIE
ignyte-red-hook,I868PRO2,I868PRO2,Blue Magic (SH) | 1g - Live Resin AIO - Vape Pens | CRU,CRU,other,,6000,89.13,,hybrid,TRUE,https://shop.ignyteny.com/whitestone/products/cru-622135/vape-aios/blue-magic-sh-1g-live-resin-aio-vape-pens-cru-6531006,https://tymber-blaze-products.imgix.net/cru-vape-all-in-ones-nyc-4e9e4b27-1b1b-4730-97f7-b9370557bf5f.jpg,2026-05-23T23:12:18.599992+00:00,,,BLUE MAGIC
ignyte-red-hook,I675PRO1,I675PRO1,Maui Wowie (S) | 1pk x 0.5g - Big Bang Mini - Infused - Preroll | Jetpacks,Jetpacks,other,.5g,1500,,,sativa,TRUE,https://shop.ignyteny.com/whitestone/products/jetpacks-622031/pre-rolls/maui-wowie-s-1pk-x-05g-big-bang-mini-infused-preroll-jetpacks-6531026,https://tymber-blaze-products.imgix.net/jet-packs-pre-roll-maui-waui-ny-cannabis-dispensary-fb91088a-36b1-4c68-b710-ec6e43a7188c.jpg,2026-05-23T23:12:18.599992+00:00,,,MAUI WOWIE
ignyte-red-hook,I662PRO1,I662PRO1,Cherry Vortex (S) | 1pk x 0.5g - Big Bang Mini - Infused - Preroll | Jetpacks,Jetpacks,other,.5g,1500,,,sativa,TRUE,https://shop.ignyteny.com/whitestone/products/jetpacks-622031/pre-rolls/cherry-vortex-s-1pk-x-05g-big-bang-mini-infused-preroll-jetpacks-6531025,https://tymber-blaze-products.imgix.net/jet-packs-pre-roll-cherry-vortex-ny-cannabis-dispensary-d0ffce53-d13d-4d89-adfa-287c9d9c0ce9.jpg,2026-05-23T23:12:18.599992+00:00,,,CHERRY VORTEX
ignyte-red-hook,I762PRO1,I762PRO1,Chernobyl (S) | 1pk x 0.5g - Big Bang Mini - Infused - Preroll | Jetpacks,Jetpacks,other,.5g,1500,,,sativa,TRUE,https://shop.ignyteny.com/whitestone/products/jetpacks-622031/pre-rolls/chernobyl-s-1pk-x-05g-big-bang-mini-infused-preroll-jetpacks-6531024,https://tymber-blaze-products.imgix.net/jet-packs-pre-roll-chernobyl-ny-cannabis-dispensary-a0b3b28d-2a73-42de-8e06-47eb8aa61bc5.jpg,2026-05-23T23:12:18.599992+00:00,,,CHERNOBYL
ignyte-red-hook,I61EPRO1,I61EPRO1,Super Silver Haze (S) | 5pk x 0.5g | 2.5g - Big Bang - Infused - Prerolls | Jetpacks,Jetpacks,other,2.5 grams,6000,,,sativa,TRUE,https://shop.ignyteny.com/whitestone/products/jetpacks-622031/pre-rolls/super-silver-haze-s-5pk-x-05g-25g-big-bang-infused-prerolls-jetpacks-6531023,https://tymber-blaze-products.imgix.net/jet-packs-5-pack-pre-rolls-super-silver-haze-ny-cannabis-dispensary-509657f7-ad08-4f08-b725-db04cf6a2697.jpg,2026-05-23T23:12:18.599992+00:00,,,SUPER SILVER HAZE
ignyte-red-hook,I5ADPRO3,I5ADPRO3,Empire OG (I) | 5pk x 0.5g | 2.5g - Big Bang Infused - Prerolls | Jetpacks,Jetpacks,other,2.5 grams,6000,,,indica,TRUE,https://shop.ignyteny.com/whitestone/products/jetpacks-622031/pre-rolls/empire-og-i-5pk-x-05g-25g-big-bang-infused-prerolls-jetpacks-6531022,https://tymber-blaze-products.imgix.net/jet-packs-5-pack-pre-rolls-empire-og-ny-cannabis-dispensary-7639c0fd-db2f-4ced-a465-5d1f2f122c3f.jpg,2026-05-23T23:12:18.599992+00:00,,,EMPIRE OG
ignyte-red-hook,I6AAPRO2,I6AAPRO2,Cherry Vortex (S) | 5pk x 0.5g | 2.5g - Big Bang - Infused - Prerolls | Jetpacks,Jetpacks,other,2.5 grams,6000,,,sativa,TRUE,https://shop.ignyteny.com/whitestone/products/jetpacks-622031/pre-rolls/cherry-vortex-s-5pk-x-05g-25g-big-bang-infused-prerolls-jetpacks-6531021,https://tymber-blaze-products.imgix.net/jet-packs-5-pack-pre-rolls-cherry-vortex-ny-cannabis-dispensary-7b077252-e60c-4740-9f03-385baab6cee5.jpg,2026-05-23T23:12:18.599992+00:00,,,CHERRY VORTEX
ignyte-red-hook,I583PRO1,I583PRO1,Chernobyl (S) | 5pk x 0.5g | 2.5g - Big Bang Infused Prerolls | Jetpacks,Jetpacks,other,2.5 grams,6000,,,sativa,TRUE,https://shop.ignyteny.com/whitestone/products/jetpacks-622031/pre-rolls/chernobyl-s-5pk-x-05g-25g-big-bang-infused-prerolls-jetpacks-6531020,https://tymber-blaze-products.imgix.net/jet-packs-5-pack-pre-rolls-chernobyl-ny-cannabis-dispensary-73f3ed4e-bbcb-4e79-a7c7-127ef7f32b94.jpg,2026-05-23T23:12:18.599992+00:00,,,CHERNOBYL
ignyte-red-hook,840041928877,840041928877,Northern Lights (I) - 1g - Pure Live Resin 510 Cart | Vape Pens | High Garden,High Garden,vaporizers,1g,5000,92.13,,indica,TRUE,https://shop.ignyteny.com/whitestone/products/high-garden-622134/vape-carts/northern-lights-i-1g-pure-live-resin-510-cart-vape-pens-high-garden-6531018,https://tymber-blaze-products.imgix.net/high-garden-indica-ee4e785a-ad28-4ff3-8b1a-25b6ba19b61c.jpg,2026-05-23T23:12:18.599992+00:00,,,NORTHERN LIGHTS
ignyte-red-hook,IAB0PRO1,IAB0PRO1,Cereal Milk (H) | 5pk x 0.6g | 3.0g - FJ-3 - Infused - Prerolls | Jetpacks,Jetpacks,other,3.0 grams,6000,35.24,,hybrid,TRUE,https://shop.ignyteny.com/whitestone/products/jetpacks-622031/pre-rolls/cereal-milk-h-5pk-x-06g-30g-fj-3-infused-prerolls-jetpacks-6531031,https://tymber-blaze-products.imgix.net/jet-packs-5-pack-pre-rolls-cereal-milk-ny-cannabis-dispensary-5961b0cf-ca42-482a-b849-7ab39dcaeb95.jpg,2026-05-23T23:12:18.599992+00:00,,,CEREAL MILK
ignyte-red-hook,I6C7PRO1,I6C7PRO1,Afghani (I) | 5pk x 0.6g | 3.0g - FJ-3 - Infused - Prerolls | Jetpacks,Jetpacks,other,,6000,,,indica,TRUE,https://shop.ignyteny.com/whitestone/products/jetpacks-622031/pre-rolls/afghani-i-5pk-x-06g-30g-fj-3-infused-prerolls-jetpacks-6531029,https://tymber-blaze-products.imgix.net/jet-packs-5-pack-pre-rolls-afghani-ny-cannabis-dispensary-f690676b-075f-48a8-83c9-33dc6b56e900.jpg,2026-05-23T23:12:18.599992+00:00,,,AFGHANI
ignyte-red-hook,I7C3PRO1,I7C3PRO1,Super Silver Haze (S) | 1pk x 0.5g - Big Bang Mini - Infused - Preroll | Jetpacks,Jetpacks,other,.5g,1500,,,sativa,TRUE,https://shop.ignyteny.com/whitestone/products/jetpacks-622031/pre-rolls/super-silver-haze-s-1pk-x-05g-big-bang-mini-infused-preroll-jetpacks-6531028,https://tymber-blaze-products.imgix.net/jet-packs-pre-roll-super-silver-haze-ny-cannabis-dispensary-2394abd4-c3d3-4804-8e13-ed2ff00a9299.jpg,2026-05-23T23:12:18.599992+00:00,,,SUPER SILVER HAZE
ignyte-red-hook,I7ABPRO1,I7ABPRO1,Rainbow Belts (H) | 1pk x 0.5g - Big Bang Mini - Infused - Preroll | Jetpacks,Jetpacks,other,.5g,1500,,,hybrid,TRUE,https://shop.ignyteny.com/whitestone/products/jetpacks-622031/pre-rolls/rainbow-belts-h-1pk-x-05g-big-bang-mini-infused-preroll-jetpacks-6531027,https://tymber-blaze-products.imgix.net/jet-packs-pre-roll-rainbow-beltz-ny-cannabis-dispensary-54c8e604-bdf3-4d55-a6a4-e9a4956c9616.jpg,2026-05-23T23:12:18.599992+00:00,,,RAINBOW BELTS
ignyte-red-hook,I78DPRO2,I78DPRO2,Watermelon Punch (I) | 1g - Live Resin AIO - Vape Pens | Littles,Littles,other,,5000,,,indica,TRUE,https://shop.ignyteny.com/whitestone/products/littles-622119/vape-aios/watermelon-punch-i-1g-live-resin-aio-vape-pens-littles-6531042,https://tymber-blaze-products.imgix.net/little-vapes-ny-cannabis-dispensary-3db0c9eb-a983-4c7e-b03a-50ed841bdc8e.jpg,2026-05-23T23:12:18.599992+00:00,,,WATERMLEON PUNCH
ignyte-red-hook,I4F6PRO1,I4F6PRO1,Tangie Cookies (S) | 1g - Live Resin AIO - Vape Pens | Littles,Littles,other,,5000,91.47,,sativa,TRUE,https://shop.ignyteny.com/whitestone/products/littles-622119/vape-aios/tangie-cookies-s-1g-live-resin-aio-vape-pens-littles-6531041,https://tymber-blaze-products.imgix.net/little-vapes-ny-cannabis-dispensary-1b9b8867-478b-492c-8c01-aef40aa51681.jpg,2026-05-23T23:12:18.599992+00:00,"TASTE + SCENT Citrus, Fruity, Mint, Orange, Sour, Sweet Earthy, Fruity, Herbal, Orange, Peppery, Sour, Spicy SENSATION Creative, Energetic, Euphoria, Focus, Uplifting WHEN TO USE Daytime SATIVA Introducing Littles brand new rechargeable 1ml disposable vape, maximizing flavor and performance consistency. Featuring a USB-C port so you'll never run out of juice before the tank is empty. Experience the pure taste of Littles oil in luxury, complete with a soft touch finish.",,TANGIE COOKIES
ignyte-red-hook,I7BBPRO2,I7BBPRO2,Blueberry Jam (I) | 1g - Live Resin AIO - Vape Pens | Littles,Littles,other,,5000,91.85,,indica,TRUE,https://shop.ignyteny.com/whitestone/products/littles-622119/vape-aios/blueberry-jam-i-1g-live-resin-aio-vape-pens-littles-6531038,https://tymber-blaze-products.imgix.net/little-vapes-ny-cannabis-dispensary-ebf679a7-3645-4f01-8156-bb5d8b8a3b24.jpg,2026-05-23T23:12:18.599992+00:00,,,BLUEBERRY JAM
ignyte-red-hook,IB79PRO1,IB79PRO1,Strawberry Sour Diesel (S) | 1pk x 0.6g - FJ-Mini - Infused - Preroll | Jetpacks,Jetpacks,other,0.6 grams,1500,,,sativa,TRUE,https://shop.ignyteny.com/whitestone/products/jetpacks-622031/pre-rolls/strawberry-sour-diesel-s-1pk-x-06g-fj-mini-infused-preroll-jetpacks-6531036,https://tymber-blaze-products.imgix.net/jet-packs-pre-roll-strawberry-sour-diesel-ny-cannabis-dispensary-fcdc50ce-ee52-4de7-b689-6fe0ddd7c07d.jpg,2026-05-23T23:12:18.599992+00:00,,,STRAWBERRY SOUR DIESEL
ignyte-red-hook,IAA0PRO1,IAA0PRO1,Cereal Milk (H) | 1pk x 0.6g - FJ-Mini - Infused - Preroll | Jetpacks,Jetpacks,other,0.6 grams,1500,,,hybrid,TRUE,https://shop.ignyteny.com/whitestone/products/jetpacks-622031/pre-rolls/cereal-milk-h-1pk-x-06g-fj-mini-infused-preroll-jetpacks-6531035,https://tymber-blaze-products.imgix.net/jet-packs-pre-roll-cerealmilk-ny-cannabis-dispensary-216b586e-0fde-4b2f-aaa0-a5fc222033e7.jpg,2026-05-23T23:12:18.599992+00:00,,,CEREAL MILK
ignyte-red-hook,IA5DPRO2,IA5DPRO2,Blueberry Kush (I) | 1pk x 0.6g - FJ-Mini - Infused - Preroll | Jetpacks,Jetpacks,other,0.6 grams,1500,37.45,,indica,TRUE,https://shop.ignyteny.com/whitestone/products/jetpacks-622031/pre-rolls/blueberry-kush-i-1pk-x-06g-fj-mini-infused-preroll-jetpacks-6531034,https://tymber-blaze-products.imgix.net/jet-packs-pre-roll-blueberry-kush-ny-cannabis-dispensary-61222dc0-5beb-40a1-bb60-2adb3ea6e282.jpg,2026-05-23T23:12:18.599992+00:00,,,BLUEBERRY KUSH
ignyte-red-hook,IA22PRO1,IA22PRO1,Afghani (I) | 1pk x 0.6g - FJ-Mini - Infused - Preroll | Jetpacks,Jetpacks,other,,1500,37.97,,indica,TRUE,https://shop.ignyteny.com/whitestone/products/jetpacks-622031/pre-rolls/afghani-i-1pk-x-06g-fj-mini-infused-preroll-jetpacks-6531033,https://tymber-blaze-products.imgix.net/jet-packs-pre-roll-afghani-diesel-ny-cannabis-dispensary-d8ea06ae-e775-442b-8dff-918c27644b65.jpg,2026-05-23T23:12:18.599992+00:00,,,AFGHANI
ignyte-red-hook,IAF0PRO2,IAF0PRO2,Grape Galaxy (I) | 5pk x 0.6g | 3.0g - FJ-3 - Infused - Prerolls | Jetpacks,Jetpacks,other,3.0 grams,6000,36.41,,indica,TRUE,https://shop.ignyteny.com/whitestone/products/jetpacks-622031/pre-rolls/grape-galaxy-i-5pk-x-06g-30g-fj-3-infused-prerolls-jetpacks-6531032,https://tymber-blaze-products.imgix.net/jet-packs-5-pack-pre-rolls-grape-galaxy-ny-cannabis-dispensary-f2165895-137f-4836-993c-680a985b7914.jpg,2026-05-23T23:12:18.599992+00:00,,,GRAPE GALAXY
ignyte-red-hook,I429PRO1,I429PRO1,Midnight Envy (I) | 1pk x 1g - Joints - Infused - Preroll | ProXtracts,Joints,other,,2000,,,indica,TRUE,https://shop.ignyteny.com/whitestone/products/joints-626110/pre-rolls/midnight-envy-i-1pk-x-1g-joints-infused-preroll-proxtracts-6532719,https://tymber-blaze-products.imgix.net/joints-I-1g-cc5a1078-3446-4ff1-953d-e5f435faf235.jpg,2026-05-23T23:12:18.599992+00:00,1G midnight envy,,MIDNIGHT ENVY
ignyte-red-hook,I2C0PRO1,I2C0PRO1,Melon Force One (S) | 1pk x 1g - Joints - Infused - Preroll | ProXtracts,Joints,other,1g,2000,,,sativa,TRUE,https://shop.ignyteny.com/whitestone/products/joints-626110/pre-rolls/melon-force-one-s-1pk-x-1g-joints-infused-preroll-proxtracts-6532717,https://tymber-blaze-products.imgix.net/joints-S-1g-5454c146-b28b-4646-9af5-134d5ba09591.jpg,2026-05-23T23:12:18.599992+00:00,1g Melon Force One,,MELON FORCE ONE
ignyte-red-hook,I3A0PRO1,I3A0PRO1,Melon Force One (S) | 1pk x 2g - Joints XL - Infused - Preroll | ProXtracts,Joints,other,2.0 grams,4000,,,sativa,TRUE,https://shop.ignyteny.com/whitestone/products/joints-626110/pre-rolls/melon-force-one-s-1pk-x-2g-joints-xl-infused-preroll-proxtracts-6532716,https://tymber-blaze-products.imgix.net/joints-S-XL-1370c36b-9c0e-440e-b17c-86678aaf37a0.jpg,2026-05-23T23:12:18.599992+00:00,,,MELON FORCE ONE
ignyte-red-hook,I866PRO2,I866PRO2,Melon Boost (S) | 10pk x 0.4g | 4g - Lil Joints - Prerolls | ProXtracts,Joints,other,4.0 grams,5000,,,sativa,TRUE,https://shop.ignyteny.com/whitestone/products/joints-626110/pre-rolls/melon-boost-s-10pk-x-04g-4g-lil-joints-prerolls-proxtracts-6532715,https://tymber-blaze-products.imgix.net/SATIVA-LJ-370x433-d7593d63-b816-49df-a125-3a42a1e0191b.jpg,2026-05-23T23:12:18.599992+00:00,10PK 4G - Melon Boost,,MELON BOOST
ignyte-red-hook,I3F9PRO1,I3F9PRO1,Supreme Purps (H) | 1pk x 1g - Joints - Infused - Preroll | ProXtracts,Joints,other,1g,2000,,,hybrid,TRUE,https://shop.ignyteny.com/whitestone/products/joints-626110/pre-rolls/supreme-purps-h-1pk-x-1g-joints-infused-preroll-proxtracts-6532722,https://tymber-blaze-products.imgix.net/joints-I-1g-587c383c-cb9c-4f39-bb53-4d4af6580f46.jpg,2026-05-23T23:12:18.599992+00:00,,,SUPREME PURPS
ignyte-red-hook,I395PRO1,I395PRO1,Sunkiss 1's (H) | 10pk x 0.4g | 4g - Lil Joints - Prerolls | ProXtracts,Joints,other,4.0 grams,5000,,,hybrid,TRUE,https://shop.ignyteny.com/whitestone/products/joints-626110/pre-rolls/sunkiss-1s-h-10pk-x-04g-4g-lil-joints-prerolls-proxtracts-6532720,https://tymber-blaze-products.imgix.net/HYBRID-LJ-360x433-aa5e82ef-898e-4bc1-95e1-3f05888404f8.jpg,2026-05-23T23:12:18.599992+00:00,10PK 4G - Sunkiss 1's,,SUNKISS 1'S
ignyte-red-hook,I373PRO2,I373PRO2,Super Mobility - Tincture | 500mg | High Falls Canna,High Falls Canna,tinctures,,4500,,,hybrid,TRUE,https://shop.ignyteny.com/whitestone/products/high-falls-canna-617486/tinctures/super-mobility-tincture-500mg-high-falls-canna-6559446,https://tymber-blaze-products.imgix.net/high-falls-cannabis-super-mobility-drops-tinctures-e5ee4f4e-e1a0-4388-baeb-8010d6227ec3.jpg,2026-05-23T23:12:18.599992+00:00,,,TINCTURE
ignyte-red-hook,I349PRO3,I349PRO3,Sleep - Tincture | 500mg | High Falls Canna,High Falls Canna,tinctures,,4500,,,indica,TRUE,https://shop.ignyteny.com/whitestone/products/high-falls-canna-617486/tinctures/sleep-tincture-500mg-high-falls-canna-6559445,https://tymber-blaze-products.imgix.net/high-falls-sleep-drops-tinctures-81eb2d37-f9ae-4e87-bb95-f852bd55686d.jpg,2026-05-23T23:12:18.599992+00:00,,,SLEEP
ignyte-red-hook,I028PRO1,I028PRO1,Chill - Tincture | 500mg | High Falls Canna,High Falls Canna,tinctures,,4500,,,indica dominant,TRUE,https://shop.ignyteny.com/whitestone/products/high-falls-canna-617486/tinctures/chill-tincture-500mg-high-falls-canna-6559442,https://tymber-blaze-products.imgix.net/high-falls-chill-drops-tinctures-14468f23-91b0-4769-8d18-9c4e9e9a585d.jpg,2026-05-23T23:12:18.599992+00:00,,,CHILL
ignyte-red-hook,IF26PRO1,IF26PRO1,Candy Whippetz (I) | 7g | 1/4oz - Flower | High Falls Canna,High Falls Canna,flower,,5500,21.69,,indica,TRUE,https://shop.ignyteny.com/whitestone/products/high-falls-canna-617486/flower/candy-whippetz-i-7g-14oz-flower-high-falls-canna-6559441,https://tymber-blaze-products.imgix.net/high-falls-cannabis-7-grams-candy-whippetz-8954580a-36f6-42d5-b842-12f1e2bb54dd.jpg,2026-05-23T23:12:18.599992+00:00,,,CANDY WHIPPETZ
ignyte-red-hook,IFF0PRO2,IFF0PRO2,Bliss - Tincture | 500mg | High Falls Canna,High Falls Canna,tinctures,,4500,,,hybrid,TRUE,https://shop.ignyteny.com/whitestone/products/high-falls-canna-617486/tinctures/bliss-tincture-500mg-high-falls-canna-6559440,https://tymber-blaze-products.imgix.net/high-falls-cannabis-bliss-drops-tinctures-357f16ed-68cd-4a8e-9c13-2003546319ad.jpg,2026-05-23T23:12:18.599992+00:00,,,BLISS
ignyte-red-hook,850052264901,850052264901,Apple Headbanger (SH) | 14g | 1/2oz - Flower | High Falls Canna,High Falls Canna,flower,,10000,19.1,,sativa,TRUE,https://shop.ignyteny.com/whitestone/products/high-falls-canna-617486/flower/apple-headbanger-sh-14g-12oz-flower-high-falls-canna-6559439,https://tymber-blaze-products.imgix.net/high-falls-cannabis-apple-headbanger-0e5a1398-81a0-4cb9-b378-95f99718ea04.jpg,2026-05-23T23:12:18.599992+00:00,,,APPLE HEADBANGER
ignyte-red-hook,I5C0PRO1,I5C0PRO1,Silicon Covered Ashtray | Ashtray | Accessories,,merch,,1000,,,,TRUE,https://shop.ignyteny.com/whitestone/products/accessories/silicon-covered-ashtray-ashtray-accessories-6564878,https://tymber-blaze-products.imgix.net/silicone-ashtray-fa9878df-7f7c-4071-b86e-996a63f7ae77.jpg,2026-05-23T23:12:18.599992+00:00,,,
ignyte-red-hook,I32DPRO1,I32DPRO1,Hardcore OG (IH) | 3.5g | 8th - Flower | Electraleaf,Electraleaf New York,flower,,5000,24.4,,indica dominant,TRUE,https://shop.ignyteny.com/whitestone/products/electraleaf-new-york-591515/flower/hardcore-og-ih-35g-8th-flower-electraleaf-6567182,https://tymber-blaze-products.imgix.net/electraleaf-hardcore-og-eighth-jar-nyc-18490d60-7752-4a22-bc1c-37f488a5b3fb.jpg,2026-05-23T23:12:18.599992+00:00,,,HARDCORE OG
ignyte-red-hook,I37FPRO1,I37FPRO1,Cream Smoothie (H) | 3.5g | 8th - Flower | Electraleaf,Electraleaf New York,flower,,5000,24.7,,hybrid,TRUE,https://shop.ignyteny.com/whitestone/products/electraleaf-new-york-591515/flower/cream-smoothie-h-35g-8th-flower-electraleaf-6567181,https://tymber-blaze-products.imgix.net/electraleaf-cream-smoothie-eighth-jar-nyc-d281e5ad-83a5-45ce-8727-95c8ab2da333.jpg,2026-05-23T23:12:18.599992+00:00,,,CREAM SMOOTHIE
ignyte-red-hook,IAEEPRO1,IAEEPRO1,Pie Face (H) | 3.5g | 8th - Flower | Electraleaf,Electraleaf New York,flower,,5000,25.02,,hybrid,TRUE,https://shop.ignyteny.com/whitestone/products/electraleaf-new-york-591515/flower/pie-face-h-35g-8th-flower-electraleaf-6567185,https://tymber-blaze-products.imgix.net/electraleaf-pieface-eighth-jar-nyc-6ede48ee-6977-429f-9366-6db765895f76.jpg,2026-05-23T23:12:18.599992+00:00,,,PIE FACE
ignyte-red-hook,M-F-28G-GB-092425,M-F-28G-GB-092425,Glitter Bomb (S) | 28g | 1oz - Premium Smalls - Flower | Munchkins,Munchkins,flower,,13000,25.4,,sativa,TRUE,https://shop.ignyteny.com/whitestone/products/munchkins-626440/flower/glitter-bomb-s-28g-1oz-premium-smalls-flower-munchkins-6578634,https://tymber-blaze-products.imgix.net/munchkins-sativa-dfff94e3-f470-4de7-aad1-6e6ae0abeb1a.jpg,2026-05-23T23:12:18.599992+00:00,,,GLITTER BOMB
ignyte-red-hook,ID70PRO2,ID70PRO2,Girl Scout Cookies (IH) | 3.5g | 8th - Flower | Dr Jekyll/Mr High,Dr Jekyll/Mr High,flower,,4500,22.05,,indica dominant,TRUE,https://shop.ignyteny.com/whitestone/products/dr-jekyllmr-high-559151/flower/girl-scout-cookies-ih-35g-8th-flower-dr-jekyllmr-high-6606314,https://tymber-blaze-products.imgix.net/Dr--Jekyll-and-Mr-High-Gradient-Bag-593be847-349c-4f4f-9724-c1b4cf73cfa3.png,2026-05-23T23:12:18.599992+00:00,,,GIRL SCOUT COOKIES
ignyte-red-hook,I96DPRO1,I96DPRO1,Blueberry Cheesecake (IH) | 3.5g | 8th - Flower | Dr Jekyll/Mr High,Dr Jekyll/Mr High,flower,,4500,18.83,,indica dominant,TRUE,https://shop.ignyteny.com/whitestone/products/dr-jekyllmr-high-559151/flower/blueberry-cheesecake-ih-35g-8th-flower-dr-jekyllmr-high-6606308,https://tymber-blaze-products.imgix.net/Dr--Jekyll-and-Mr-High-Gradient-Bag-d9bcf489-a230-42c8-8e7d-2969c8da7167.png,2026-05-23T23:12:18.599992+00:00,,,BLUEBERRY SWIRL
ignyte-red-hook,ID93PRO2,ID93PRO2,Grape (I) | 1pk x 1.5g - Moonrock Infused Blunt - Preroll | Presidential,Presidential,other,,3500,32.52,2.32,indica,TRUE,https://shop.ignyteny.com/whitestone/products/presidential-629169/pre-rolls/grape-i-1pk-x-15g-moonrock-infused-blunt-preroll-presidential-6608552,https://tymber-blaze-products.imgix.net/grape_blunt-2d51b332-b7e6-4947-b7e4-ae067eb829e5.jpg,2026-05-23T23:12:18.599992+00:00,,,Grape
ignyte-red-hook,ICD2PRO1,ICD2PRO1,Gorilla Goo (H) | 1pk x 1.5g - Moon Rock Infused Blunt - Preroll | Presidential,Presidential,other,,3500,40.86,0.39,hybrid,TRUE,https://shop.ignyteny.com/whitestone/products/presidential-629169/pre-rolls/gorilla-goo-h-1pk-x-15g-moon-rock-infused-blunt-preroll-presidential-6608551,https://tymber-blaze-products.imgix.net/gorillagoo-blunt-3b268857-9887-4b21-a5e6-774a720ee733.jpg,2026-05-23T23:12:18.599992+00:00,,,GORILLA GOO
ignyte-red-hook,IC5DPRO1,IC5DPRO1,Cherry Gelato (H) | 1pk x 1.5g - Moonrock Infused Blunt - Preroll | Presidential x Rove,Presidential,other,,3500,36.83,0.53,hybrid,TRUE,https://shop.ignyteny.com/whitestone/products/presidential-629169/pre-rolls/cherry-gelato-h-1pk-x-15g-moonrock-infused-blunt-preroll-presidential-x-rove-6608550,https://tymber-blaze-products.imgix.net/cherrygelato_blunt-7ff381f3-ee53-41b1-b89a-0d5902c7f0a6.jpg,2026-05-23T23:12:18.599992+00:00,,,CHERRY GELATO
ignyte-red-hook,ID3CPRO1,ID3CPRO1,Blue Raspberry (I) | 1pk x 1.5g - Moonrock Infused Blunt - Preroll | Presidential,Presidential,other,,3500,33.7,2.24,indica,TRUE,https://shop.ignyteny.com/whitestone/products/presidential-629169/pre-rolls/blue-raspberry-i-1pk-x-15g-moonrock-infused-blunt-preroll-presidential-6608549,https://tymber-blaze-products.imgix.net/blueraz_blunt-a5851d85-9595-4e24-af35-a5da4fcefd1a.jpg,2026-05-23T23:12:18.599992+00:00,,,BLUE RASPBERRY
ignyte-red-hook,IDB8PRO1,IDB8PRO1,Watermelon (I) | 1pk x 1.5g - Moonrock Infused Blunt - Preroll | Presidential,Presidential,other,,3500,30.4,1.83,indica,TRUE,https://shop.ignyteny.com/whitestone/products/presidential-629169/pre-rolls/watermelon-i-1pk-x-15g-moonrock-infused-blunt-preroll-presidential-6608559,https://tymber-blaze-products.imgix.net/watermelon_blunt-fee98ff3-7e71-4725-8677-427a616f668f.jpg,2026-05-23T23:12:18.599992+00:00,,,WATERMELON
ignyte-red-hook,IDD4PRO1,IDD4PRO1,Strawberry (I) | 1pk x 1.5g - Moonrock Infused Blunt - Preroll | Presidential,Presidential,other,,3500,30.51,1.03,indica,TRUE,https://shop.ignyteny.com/whitestone/products/presidential-629169/pre-rolls/strawberry-i-1pk-x-15g-moonrock-infused-blunt-preroll-presidential-6608558,https://tymber-blaze-products.imgix.net/strawberry_blunt-de8d1d0d-889a-4eed-88d0-9d3ecd598fb6.jpg,2026-05-23T23:12:18.599992+00:00,,,STRAWBERRY
ignyte-red-hook,IC30PRO1,IC30PRO1,Skywalker (I) | 1pk x 1.5g - Moonrock Infused Blunt - Preroll | Presidential x Rove,Presidential,other,,3500,37.56,0.57,indica,TRUE,https://shop.ignyteny.com/whitestone/products/presidential-629169/pre-rolls/skywalker-i-1pk-x-15g-moonrock-infused-blunt-preroll-presidential-x-rove-6608557,https://tymber-blaze-products.imgix.net/skywalker_blunt-cc9a52ed-2e05-42c1-a10e-d1585e6fd53c.jpg,2026-05-23T23:12:18.599992+00:00,,,SKYWALKER
ignyte-red-hook,IDEDPRO1,IDEDPRO1,Classic OG (I) | 1pk x 1.5g - Moonrock Infused Blunt - Preroll | Presidential,Presidential,other,,3500,32.53,,indica,TRUE,https://shop.ignyteny.com/whitestone/products/presidential-629169/pre-rolls/classic-og-i-1pk-x-15g-moonrock-infused-blunt-preroll-presidential-6608556,https://tymber-blaze-products.imgix.net/pres_blunt-e794ce59-b54c-47f9-83ea-856a5a42e148.jpg,2026-05-23T23:12:18.599992+00:00,,,PRESIDENTIAL
ignyte-red-hook,ID51PRO1,ID51PRO1,Pink Cookies (I) | 1pk x 1.5g - Moonrock Infused Blunt - Preroll | Presidential,Presidential,other,,3500,35.59,2.15,indica,TRUE,https://shop.ignyteny.com/whitestone/products/presidential-629169/pre-rolls/pink-cookies-i-1pk-x-15g-moonrock-infused-blunt-preroll-presidential-6608555,https://tymber-blaze-products.imgix.net/pinkcookie-blunt-359fcaf0-7ed4-47b0-b0cd-86d93a3909ca.jpg,2026-05-23T23:12:18.599992+00:00,,,PINK COOKIES
ignyte-red-hook,ID68PRO1,ID68PRO1,Pineapple (I) | 1pk x 1.5g - Moonrock Infused Blunt - Preroll | Presidential,Presidential,other,,3500,37.51,,indica,TRUE,https://shop.ignyteny.com/whitestone/products/presidential-629169/pre-rolls/pineapple-i-1pk-x-15g-moonrock-infused-blunt-preroll-presidential-6608554,https://tymber-blaze-products.imgix.net/pineapple_blunt-bb36269f-1c31-4683-86e1-f0f2b1297fb6.jpg,2026-05-23T23:12:18.599992+00:00,,,PINEAPPLE
ignyte-red-hook,ICFDPRO1,ICFDPRO1,Peach Mango (I) | 1pk x 1.5g - Moonrock Infused Blunt - Preroll | Presidential,Presidential,other,,3500,38.39,,indica,TRUE,https://shop.ignyteny.com/whitestone/products/presidential-629169/pre-rolls/peach-mango-i-1pk-x-15g-moonrock-infused-blunt-preroll-presidential-6608553,https://tymber-blaze-products.imgix.net/peachmango_blunt-a6f69849-b23e-498a-bf10-4786102ae9ca.jpg,2026-05-23T23:12:18.599992+00:00,,,PEACH MANGO
ignyte-red-hook,ID06PRO1,ID06PRO1,XXX (I) | 1pk x 1.5g - Moonrock Infused Blunt - Preroll | Presidential,Presidential,other,,3500,,,indica,TRUE,https://shop.ignyteny.com/whitestone/products/presidential-629169/pre-rolls/xxx-i-1pk-x-15g-moonrock-infused-blunt-preroll-presidential-6608562,https://tymber-blaze-products.imgix.net/xxx-blunt-a1e4e063-0848-4b91-bf94-976b8b4e80e8.jpg,2026-05-23T23:12:18.599992+00:00,,,XXX
ignyte-red-hook,ICDEPRO2,ICDEPRO2,XJ13 (S) | 1pk x 1.5g - Moonrock Infused Blunt - Preroll | Presidential,Presidential,other,,3500,40.82,0.53,sativa,TRUE,https://shop.ignyteny.com/whitestone/products/presidential-629169/pre-rolls/xj13-s-1pk-x-15g-moonrock-infused-blunt-preroll-presidential-6608561,https://tymber-blaze-products.imgix.net/xj13-blunt-d8204767-8b3f-4bab-bcf9-32a70ddb12f6.jpg,2026-05-23T23:12:18.599992+00:00,,,XJ13
ignyte-red-hook,IC23PRO1,IC23PRO1,Waui (S) | 1pk x 1.5g - Moonrock Infused Blunt - Preroll | Presidential x Rove,Presidential,other,,3500,41.58,0.27,sativa,TRUE,https://shop.ignyteny.com/whitestone/products/presidential-629169/pre-rolls/waui-s-1pk-x-15g-moonrock-infused-blunt-preroll-presidential-x-rove-6608560,https://tymber-blaze-products.imgix.net/waui_blunt-c81e0644-1c64-435b-901c-23a3aedb5292.jpg,2026-05-23T23:12:18.599992+00:00,,,WAUI
ignyte-red-hook,I4DAPRO1,I4DAPRO1,Gorilla Goo (H) | 1pk x 1g - Moonrock Infused - Preroll | Presidential,Presidential,other,,2500,36.77,0.27,hybrid,TRUE,https://shop.ignyteny.com/whitestone/products/presidential-629169/pre-rolls/gorilla-goo-h-1pk-x-1g-moonrock-infused-preroll-presidential-6623588,https://tymber-blaze-products.imgix.net/gorillagoo-preroll-6196cde6-dc4d-43fe-b569-7aed056c3927.jpg,2026-05-23T23:12:18.599992+00:00,,,GORILLA GOO
ignyte-red-hook,I499PRO1,I499PRO1,Cherry Gelato (H) | 1pk x 1g - Moonrock Infused - Preroll | Presidential x Rove,Presidential,other,,2500,37.78,7.99,hybrid,TRUE,https://shop.ignyteny.com/whitestone/products/presidential-629169/pre-rolls/cherry-gelato-h-1pk-x-1g-moonrock-infused-preroll-presidential-x-rove-6623587,https://tymber-blaze-products.imgix.net/cherrygelato_preroll-e1decfe7-8d6b-495a-be8c-26c336dde8cc.jpg,2026-05-23T23:12:18.599992+00:00,,,CHERRY GELATO
ignyte-red-hook,I638PRO1,I638PRO1,Skywalker (I) | 1pk x 1g - Moonrock Infused - Preroll | Presidential x Rove,Presidential,other,,2500,39.94,0.31,indica,TRUE,https://shop.ignyteny.com/whitestone/products/presidential-629169/pre-rolls/skywalker-i-1pk-x-1g-moonrock-infused-preroll-presidential-x-rove-6623590,https://tymber-blaze-products.imgix.net/skywalker_preroll-92a6a53f-c00b-402f-b421-2a0f30f0fde2.jpg,2026-05-23T23:12:18.599992+00:00,,,SKYWALKER
ignyte-red-hook,I660PRO1,I660PRO1,Pink Cookies (I) | 1pk x 1g - Moonrock Infused - Preroll | Presidential,Presidential,other,,2500,41.21,0.61,indica,TRUE,https://shop.ignyteny.com/whitestone/products/presidential-629169/pre-rolls/pink-cookies-i-1pk-x-1g-moonrock-infused-preroll-presidential-6623589,https://tymber-blaze-products.imgix.net/pinkcookie-preroll-d08c6131-1536-4fa4-b276-13c716285fe7.jpg,2026-05-23T23:12:18.599992+00:00,,,PINK COOKIES
ignyte-red-hook,I673PRO1,I673PRO1,XXX (I) | 1pk x 1g - Moonrock Infused - Preroll | Presidential,Presidential,other,,2500,38.05,,indica,TRUE,https://shop.ignyteny.com/whitestone/products/presidential-629169/pre-rolls/xxx-i-1pk-x-1g-moonrock-infused-preroll-presidential-6623593,https://tymber-blaze-products.imgix.net/xxx-preoll-c6e7495c-087d-4c42-ac5d-37cfd6eb05f8.jpg,2026-05-23T23:12:18.599992+00:00,,,XXX
ignyte-red-hook,I4B7PRO1,I4B7PRO1,XJ13 (S) | 1pk x 1g - Moonrock Infused - Preroll | Presidential,Presidential,other,,2500,41.22,0.33,sativa,TRUE,https://shop.ignyteny.com/whitestone/products/presidential-629169/pre-rolls/xj13-s-1pk-x-1g-moonrock-infused-preroll-presidential-6623592,https://tymber-blaze-products.imgix.net/xj13preoll-70aa3c9c-4f47-4290-9175-b1f227dbd06c.jpg,2026-05-23T23:12:18.599992+00:00,,,XJ13
ignyte-red-hook,I60FPRO1,I60FPRO1,Waui (S) | 1pk x 1g - Moonrock Infused Joint - Preroll | Presidential x Rove,Presidential,other,,2500,42.5,0.29,sativa,TRUE,https://shop.ignyteny.com/whitestone/products/presidential-629169/pre-rolls/waui-s-1pk-x-1g-moonrock-infused-joint-preroll-presidential-x-rove-6623591,https://tymber-blaze-products.imgix.net/waui_preroll-8f6b4e49-d567-4869-b6c6-02b176d20422.jpg,2026-05-23T23:12:18.599992+00:00,,,WAUI
ignyte-red-hook,IB0DPRO1,IB0DPRO1,Elements - Rolling Papers - Pink | 1.25 - Papers | Accessories,Elements,merch,,200,,,,TRUE,https://shop.ignyteny.com/whitestone/products/elements-418454/accessories/elements-rolling-papers-pink-125-papers-accessories-6647003,https://tymber-blaze-products.imgix.net/Elements---Papers-_-1-25--Pink-b300e867-f88e-44fe-a19b-19d7a9597765.jpg,2026-05-23T23:12:18.599992+00:00,,,
ignyte-red-hook,IB56PRO1,IB56PRO1,Blazy Susan - Deluxe Rolling Kit - Pink | Tray | Accessories,BLAZY SUSAN,merch,,400,,,,TRUE,https://shop.ignyteny.com/whitestone/products/blazy-susan-418467/accessories/blazy-susan-deluxe-rolling-kit-pink-tray-accessories-6647002,https://tymber-blaze-products.imgix.net/_-Blazy-Susan--Deluxe-Rolling-Kit---Pink-2d1cae6e-aff7-4254-a366-8ac2ed09b022.png,2026-05-23T23:12:18.599992+00:00,,,
ignyte-red-hook,IE11PRO1,IE11PRO1,Blazy Susan - Cone Shortys - Purple | 53mm 20ct - Papers | Accessories,BLAZY SUSAN,merch,,1000,,,,TRUE,https://shop.ignyteny.com/whitestone/products/blazy-susan-418467/accessories/blazy-susan-cone-shortys-purple-53mm-20ct-papers-accessories-6647001,https://tymber-blaze-products.imgix.net/Blazy-Susan---Purple-Cone-Shortys--53mm-20ct--3e368491-9b4a-48e0-bb82-5f77fdbee28b.jpg,2026-05-23T23:12:18.599992+00:00,,,
ignyte-red-hook,IE3DPRO2,IE3DPRO2,Stinger Detox - 7 Day Cleanser - Pink Lemonade | 8oz - Detox | Accessories,Stinger Detox,merch,,3000,,,,TRUE,https://shop.ignyteny.com/whitestone/products/stinger-detox-559083/accessories/stinger-detox-7-day-cleanser-pink-lemonade-8oz-detox-accessories-6647000,https://tymber-blaze-products.imgix.net/7-Day-Cleanser--Detox--8-oz--Pink-Lemonade-035295cd-b83e-498d-a92f-81641ab92b16.jpg,2026-05-23T23:12:18.599992+00:00,,,
ignyte-red-hook,I8B9PRO2,I8B9PRO2,Raw - Lean Cones | 20ct - Papers | Accessories,Raw,merch,,1000,,,,TRUE,https://shop.ignyteny.com/whitestone/products/raw-430482/accessories/raw-lean-cones-20ct-papers-accessories-6647006,https://tymber-blaze-products.imgix.net/Raw--Lean-Cone-8a37c9dc-439a-4d0e-9ba6-75d02b77e5c4.jpg,2026-05-23T23:12:18.599992+00:00,,,
ignyte-red-hook,IDD9PRO1,IDD9PRO1,Raw - Ethereal Papers - Gold Classic | King Size Slim - Papers | Accessories,Raw,merch,,400,,,,TRUE,https://shop.ignyteny.com/whitestone/products/raw-430482/accessories/raw-ethereal-papers-gold-classic-king-size-slim-papers-accessories-6647005,https://tymber-blaze-products.imgix.net/Raw--Ethereal-Papers--King-Size--Slim--Gold-5c0bca8c-0c71-44b8-bbc5-c110ded4b06f.jpg,2026-05-23T23:12:18.599992+00:00,,,
ignyte-red-hook,ID72PRO1,ID72PRO1,Raw - Organic Hemp Papers - Black | 1.25 - Papers | Accessories,Raw,merch,,300,,,,TRUE,https://shop.ignyteny.com/whitestone/products/raw-430482/accessories/raw-organic-hemp-papers-black-125-papers-accessories-6647004,https://tymber-blaze-products.imgix.net/Raw---Organic-Hemp---1-25-Black---Papers-338bc3d5-e6b5-45cf-acaa-d7cba5105d74.jpg,2026-05-23T23:12:18.599992+00:00,,,
ignyte-red-hook,123456789029,123456789029,Sweet Chili Popcorn - Edible - 50pk x 2mg - Space Poppers,Space Poppers,other,,3500,,,hybrid,TRUE,https://shop.ignyteny.com/whitestone/products/space-poppers-631779/chocolate/sweet-chili-popcorn-edible-50pk-x-2mg-space-poppers-6665129,https://tymber-blaze-products.imgix.net/Layer-2-aa2a9655-90e7-4b1f-897a-cbd8dc9463aa.jpg,2026-05-23T23:12:18.599992+00:00,,,SWEET CHILI
ignyte-red-hook,123456789012,123456789012,Sea Salt Caramel Popcorn - Edible - 50pk x 2mg - Space Poppers,Space Poppers,other,,3500,,,hybrid,TRUE,https://shop.ignyteny.com/whitestone/products/space-poppers-631779/chocolate/sea-salt-caramel-popcorn-edible-50pk-x-2mg-space-poppers-6665128,https://tymber-blaze-products.imgix.net/Layer-3-ed9467ab-14d0-40cd-a3f7-7a7ec391da80.jpg,2026-05-23T23:12:18.599992+00:00,,,SEA SALT CARAMEL
ignyte-red-hook,I3BEPRO1,I3BEPRO1,Gift card,,merch,,5000,,,,TRUE,https://shop.ignyteny.com/whitestone/products/accessories/gift-card-6676661,https://tymber-blaze-products.imgix.net/accessories-fc1ce8a2-ae50-48a6-b6e6-7abf23ac83a7.png,2026-05-23T23:12:18.599992+00:00,$100,,
ignyte-red-hook,I407PRO1,I407PRO1,Purple Urkle (I) | 1g - Live Resin AIO - Vape Pens | CRU,CRU,other,1g,6000,88.09,,indica,TRUE,https://shop.ignyteny.com/whitestone/products/cru-622135/vape-aios/purple-urkle-i-1g-live-resin-aio-vape-pens-cru-6696478,https://tymber-blaze-products.imgix.net/cru-vape-all-in-ones-nyc-bd6c257b-8917-4595-9397-f9079d28c1f9.jpg,2026-05-23T23:12:18.599992+00:00,,,PURPLE URKLE
ignyte-red-hook,IB5FPRO1,IB5FPRO1,Flying Chocolate Saucer - Edibles - 4pk x 10mg - Lussi,Lussi,other,.5g,2500,40.0,,hybrid,TRUE,https://shop.ignyteny.com/whitestone/products/lussi-630785/chocolate/flying-chocolate-saucer-edibles-4pk-x-10mg-lussi-6711641,https://tymber-blaze-products.imgix.net/lussi-logo-d3bd5568-edfa-47ae-a234-89b588798b01.jpg,2026-05-23T23:12:18.599992+00:00,,,CHOCOLATE
ignyte-red-hook,I9DAPRO2,I9DAPRO2,Chocolate Caramel Cup - Edible - 4pk x 10mg - Lussi,Lussi,other,,2500,40.0,,hybrid,TRUE,https://shop.ignyteny.com/whitestone/products/lussi-630785/chocolate/chocolate-caramel-cup-edible-4pk-x-10mg-lussi-6711640,https://tymber-blaze-products.imgix.net/Caramel-Cup-08e22955-dc34-4471-8759-ba4e9d0e81b4.jpg,2026-05-23T23:12:18.599992+00:00,,,CHOCOLATE CARAMEL
ignyte-red-hook,IB9BPRO1,IB9BPRO1,Caramel Square - Edible - 4pk x 10mg - Lussi,Lussi,other,,2500,40.0,,hybrid,TRUE,https://shop.ignyteny.com/whitestone/products/lussi-630785/chocolate/caramel-square-edible-4pk-x-10mg-lussi-6711639,https://tymber-blaze-products.imgix.net/caramel-square-lussi-fb565be0-d1d8-4b1f-93f3-18421f6f9fc4.jpg,2026-05-23T23:12:18.599992+00:00,,,CARAMEL
ignyte-red-hook,HP FRESCANNA,HP FRESCANNA,Frescanna (H) (2:1 THC:CBD) 10mg THC : 5mg CBD - 12oz - Beverages - High Peaks,High Peaks,edible,,500,10.0,5.0,hybrid,TRUE,https://shop.ignyteny.com/whitestone/products/high-peaks-591514/beverages/frescanna-h-21-thccbd-10mg-thc-5mg-cbd-12oz-beverages-high-peaks-6714046,https://tymber-blaze-products.imgix.net/HP_Frescanna_WebIMG_FINAL_01-1-2048x2048-92ffa75c-dbaa-43ad-b71b-c800afcae195.jpg,2026-05-23T23:12:18.599992+00:00,,,FRESCANNA
ignyte-red-hook,IDDBPRO1,IDDBPRO1,Black Triangle (H) | 2pk x 0.75g | 1.5g - Prerolls | High Peaks,High Peaks,other,,2000,22.74,,hybrid,TRUE,https://shop.ignyteny.com/whitestone/products/high-peaks-591514/pre-rolls/black-triangle-h-2pk-x-075g-15g-prerolls-high-peaks-6714045,https://tymber-blaze-products.imgix.net/Black-Triangle_pre-rolls_13-9b3a2f17-a312-46ce-b6d0-281993b8ec4b.jpg,2026-05-23T23:12:18.599992+00:00,,,BLACK TRIANGLE
ignyte-red-hook,HP STR. LEMONADE,HP STR. LEMONADE,Strawberry Lemonade (H) (2:1 THC:CBD) 10mg THC : 5mg CBD - 12oz - Beverages - High Peaks,High Peaks,edible,,500,,,hybrid,TRUE,https://shop.ignyteny.com/whitestone/products/high-peaks-591514/beverages/strawberry-lemonade-h-21-thccbd-10mg-thc-5mg-cbd-12oz-beverages-high-peaks-6714047,https://tymber-blaze-products.imgix.net/HP_StrawberryLemonade_WebIMG_FINAL_01-1024x1024-d28af4dd-bb37-46e9-b61a-62b8ec8634c0.png,2026-05-23T23:12:18.599992+00:00,,,STRAWBERRY LEMONADE
ignyte-red-hook,856287008587,856287008587,Mobility (Arnica) - Cream - Topical | High Falls Hemp NY,HIGH FALLS HEMP NY,topical,,2500,,100.0,sativa dominant,TRUE,https://shop.ignyteny.com/whitestone/products/high-falls-hemp-ny-638141/topicals/mobility-arnica-cream-topical-high-falls-hemp-ny-6719202,https://tymber-blaze-products.imgix.net/Layer-4-26d81f0f-aecb-4078-8371-35a7e95786d7.png,2026-05-23T23:12:18.599992+00:00,,,MOBILITY
ignyte-red-hook,856287008273,856287008273,Focus / Empower - Citrus Ginger | 4pk x 25mg - Gummies - Edibles - 100mg CBD | High Falls Hemp NY,HIGH FALLS HEMP NY,edible,,1500,4.0,100.0,sativa dominant,TRUE,https://shop.ignyteny.com/whitestone/products/high-falls-hemp-ny-638141/gummies/focus-empower-citrus-ginger-4pk-x-25mg-gummies-edibles-100mg-cbd-high-falls-hemp-ny-6719201,https://tymber-blaze-products.imgix.net/Layer-3-03f763d8-bde2-493c-8232-2ff7a35cb4d3.png,2026-05-23T23:12:18.599992+00:00,,,FOCUS CITRUS GINGER
ignyte-red-hook,I3DFPRO1,I3DFPRO1,Gary's Cookie Jar (I) | 1pk x 1g - Classic - Preroll | Toast,Toast,other,,1500,,,indica,TRUE,https://shop.ignyteny.com/whitestone/products/toast-559163/pre-rolls/garys-cookie-jar-i-1pk-x-1g-classic-preroll-toast-6731226,https://tymber-blaze-products.imgix.net/toast-classic-indica-6024367c-90d2-403a-92aa-22ada65d9a5f.jpg,2026-05-23T23:12:18.599992+00:00,,,GARY’S COOKIE JAR
ignyte-red-hook,810200122071,810200122071,Clementang (H) | 5pk x 0.5g | 2.5g - Diamond Infused - Prerolls | Toast,Toast,other,,6000,43.3,,hybrid,TRUE,https://shop.ignyteny.com/whitestone/products/toast-559163/pre-rolls/clementang-h-5pk-x-05g-25g-diamond-infused-prerolls-toast-6731225,https://tymber-blaze-products.imgix.net/fb1d6c041f8d3adeebb5d69ef064cc03-25a43828-6447-4ea3-9ff3-aae278dea068.png,2026-05-23T23:12:18.599992+00:00,,,CLEMENTANG
ignyte-red-hook,I312PRO2,I312PRO2,Big Apple Dream (I) | 10pk x 0.35g | 3.5g - Classic Minis - Prerolls | Toast,Toast,other,,5500,20.88,,indica,TRUE,https://shop.ignyteny.com/whitestone/products/toast-559163/pre-rolls/big-apple-dream-i-10pk-x-035g-35g-classic-minis-prerolls-toast-6731224,https://tymber-blaze-products.imgix.net/toast-classic-minis-bd828d1b-9d31-4970-9fec-912adf9e2e5a.jpg,2026-05-23T23:12:18.599992+00:00,,,BIG APPLE DREAM
ignyte-red-hook,IC60PRO1,IC60PRO1,Papaya Express (S) | 7g | 1/4oz - Infused Pre-Ground - Flower | Toast,Toast,flower,,8500,36.58,,sativa,TRUE,https://shop.ignyteny.com/whitestone/products/toast-559163/flower/papaya-express-s-7g-14oz-infused-pre-ground-flower-toast-6731232,https://tymber-blaze-products.imgix.net/toast-sativa-acf9a550-259e-4573-b413-7d6a38fe5085.png,2026-05-23T23:12:18.599992+00:00,,,PAPAYA EXPRESS
ignyte-red-hook,I2AAPRO1,I2AAPRO1,Midnight Moonwalk (I) | 10pk x 0.35g | 3.5g - Classic Minis - Prerolls | Toast,Toast,other,,5500,21.73,,indica,TRUE,https://shop.ignyteny.com/whitestone/products/toast-559163/pre-rolls/midnight-moonwalk-i-10pk-x-035g-35g-classic-minis-prerolls-toast-6731230,https://tymber-blaze-products.imgix.net/toast-classic-minis-23282537-252c-4d72-a0ec-dcc06374d16c.jpg,2026-05-23T23:12:18.599992+00:00,,,MIDNIGHT MOONWALK
ignyte-red-hook,810200122156,810200122156,Mango Sticky Rice (I) | 5pk x 0.5g | 2.5g - Diamond Infused - Prerolls | Toast,Toast,other,,6000,45.07,,indica,TRUE,https://shop.ignyteny.com/whitestone/products/toast-559163/pre-rolls/mango-sticky-rice-i-5pk-x-05g-25g-diamond-infused-prerolls-toast-6731229,https://tymber-blaze-products.imgix.net/fb1d6c041f8d3adeebb5d69ef064cc03-f629cc00-0ac0-42db-8742-ad57092b6cd3.png,2026-05-23T23:12:18.599992+00:00,,,MANGO STICKY RICE
ignyte-red-hook,ID24PRO2,ID24PRO2,Macho Mama (H) | 5pk x 0.5g | 2.5g - Diamond Infused - Prerolls | Toast,Toast,other,,6000,46.53,,hybrid,TRUE,https://shop.ignyteny.com/whitestone/products/toast-559163/pre-rolls/macho-mama-h-5pk-x-05g-25g-diamond-infused-prerolls-toast-6731227,https://tymber-blaze-products.imgix.net/fb1d6c041f8d3adeebb5d69ef064cc03-7c411e17-1010-47a2-b3bb-a2fdbab5efe5.png,2026-05-23T23:12:18.599992+00:00,,,MACHO MAMA
ignyte-red-hook,IE35PRO1,IE35PRO1,Sunset Safari (H) | 10pk x 0.35g | 3.5g - Classic Minis - Prerolls | Toast,Toast,other,,5500,20.63,,hybrid,TRUE,https://shop.ignyteny.com/whitestone/products/toast-559163/pre-rolls/sunset-safari-h-10pk-x-035g-35g-classic-minis-prerolls-toast-6731235,https://tymber-blaze-products.imgix.net/toast-classic-minis-11635bf1-cdbd-4ad0-ae11-40aea2becfe9.jpg,2026-05-23T23:12:18.599992+00:00,,,SUNSET SAFARI
ignyte-red-hook,IAD9PRO1,IAD9PRO1,Puffco | Pivot - Vaporizer - Pine,Puffco,merch,,12500,,,,TRUE,https://shop.ignyteny.com/whitestone/products/puffco-418499/accessories/puffco-pivot-vaporizer-pine-6770795,https://tymber-blaze-products.imgix.net/_-Puffco-_-Pivot---Vaporizer---Pine-a5d02813-8100-43e0-afd6-c5d98c44c5ff.png,2026-05-23T23:12:18.599992+00:00,,,
ignyte-red-hook,I8F4PRO3,I8F4PRO3,Puffco - Pivot - Onyx | Vaporizer | Accessories,Puffco,merch,,12500,,,,TRUE,https://shop.ignyteny.com/whitestone/products/puffco-418499/accessories/puffco-pivot-onyx-vaporizer-accessories-6770794,https://tymber-blaze-products.imgix.net/_-Puffco-_-Pivot---Vaporizer---Onyx-d21e5957-b892-417d-86f3-48058bdf75c7.png,2026-05-23T23:12:18.599992+00:00,,,
ignyte-red-hook,IB22PRO1,IB22PRO1,Yocan | Nestor - Concentrate Vaporizer - Sunset Purple,Yocan,merch,,4000,,,,TRUE,https://shop.ignyteny.com/whitestone/products/yocan-646653/accessories/yocan-nestor-concentrate-vaporizer-sunset-purple-6770802,https://tymber-blaze-products.imgix.net/_-Yocan-_-Nestor---Concentrate-Vaporizer---Sunset-Purple-9fe2bbb9-4248-4e22-b47e-6f72564e58cf.png,2026-05-23T23:12:18.599992+00:00,,,
ignyte-red-hook,IA99PRO1,IA99PRO1,Yocan | Hit 2 Kit - Dry Herb Vaporizer - Green,Yocan,merch,,5000,,,,TRUE,https://shop.ignyteny.com/whitestone/products/yocan-646653/accessories/yocan-hit-2-kit-dry-herb-vaporizer-green-6770800,https://tymber-blaze-products.imgix.net/_-Yocan-_-Hit-2-Kit---Dry-Herb-Vaporizer---Green-a62a71c3-986e-496b-883e-51bd1f0a33e3.png,2026-05-23T23:12:18.599992+00:00,,,
ignyte-red-hook,IA78PRO2,IA78PRO2,Yocan | Hit 2 Kit - Dry Herb Vaporizer - Black,Yocan,merch,,6000,,,,TRUE,https://shop.ignyteny.com/whitestone/products/yocan-646653/accessories/yocan-hit-2-kit-dry-herb-vaporizer-black-6770799,https://tymber-blaze-products.imgix.net/_-Yocan-_-Hit-2-Kit---Dry-Herb-Vaporizer---Black-df1dcd5b-36f7-45f9-9a5c-887ac387681e.png,2026-05-23T23:12:18.599992+00:00,,,
ignyte-red-hook,I8A0PRO1,I8A0PRO1,Wulf - Recon Pro Digital - Dual Cartridge Vaporizer - 2g,Wulf,merch,,2500,,,,TRUE,https://shop.ignyteny.com/whitestone/products/wulf-631810/accessories/wulf-recon-pro-digital-dual-cartridge-vaporizer-2g-6770798,https://tymber-blaze-products.imgix.net/_-Wulf---Recon-Pro-Digital---Dual-Cartridge-Vaporizer---2g-a9027936-4651-418d-b4fe-d53f3a0d2cd0.png,2026-05-23T23:12:18.599992+00:00,,,
ignyte-red-hook,I0B0PRO1,I0B0PRO1,Lemon Cherry Gelato (H) | 1pk x 0.6g - FJ-Mini - Infused - Preroll | Jetpacks,Jetpacks,other,,1500,,,hybrid,TRUE,https://shop.ignyteny.com/whitestone/products/jetpacks-622031/pre-rolls/lemon-cherry-gelato-h-1pk-x-06g-fj-mini-infused-preroll-jetpacks-6781584,https://tymber-blaze-products.imgix.net/nyc1-d0dac432-ae20-48a1-b9c3-32c1046afe91.png,2026-05-23T23:12:18.599992+00:00,,,LEMON CHERRY GELATO
ignyte-red-hook,I044PRO1,I044PRO1,Lemon Cherry Gelato (H) | 5pk x 0.6g | 3.0g - FJ-3 - Infused - Prerolls | Jetpacks,Jetpacks,other,,6000,36.36,,hybrid,TRUE,https://shop.ignyteny.com/whitestone/products/jetpacks-622031/pre-rolls/lemon-cherry-gelato-h-5pk-x-06g-30g-fj-3-infused-prerolls-jetpacks-6781583,https://tymber-blaze-products.imgix.net/Lemon-Cherry-Gelato--H----FJ-3-Infused-Prerolls-_-5pk-x-0-6g-_-3-0g-_-Jetpacks-d4b58f09-1ebd-4bd6-b65c-897bf0cff7b2.png,2026-05-23T23:12:18.599992+00:00,,,LEMON CHERRY GELATO
ignyte-red-hook,I729PRO2,I729PRO2,Northern Lights (I) | 1pk x 0.6g - FJ-Mini - Infused - Preroll | Jetpacks,Jetpacks,other,,1500,,,indica,TRUE,https://shop.ignyteny.com/whitestone/products/jetpacks-622031/pre-rolls/northern-lights-i-1pk-x-06g-fj-mini-infused-preroll-jetpacks-6781588,https://tymber-blaze-products.imgix.net/nyc1-9f73536f-2517-4534-a9d8-21375dbd0cff.png,2026-05-23T23:12:18.599992+00:00,,,NORTHERN LIGHTS
ignyte-red-hook,I6E6PRO1,I6E6PRO1,Northern Lights (I) | 5pk x 0.6g | 3.0g - FJ-3 - Infused - Prerolls | Jetpacks,Jetpacks,other,,6000,39.62,,indica,TRUE,https://shop.ignyteny.com/whitestone/products/jetpacks-622031/pre-rolls/northern-lights-i-5pk-x-06g-30g-fj-3-infused-prerolls-jetpacks-6781587,https://tymber-blaze-products.imgix.net/jetpacks-northern-lights-c7eff421-0f2c-44cc-be44-0c4b0d73fc8d.png,2026-05-23T23:12:18.599992+00:00,,,NORTHERN LIGHTS
ignyte-red-hook,I00BPRO2,I00BPRO2,NYC Sour Diesel (S) | 1pk x 0.5g - Big Bang Mini - Infused - Preroll | Jetpacks,Jetpacks,other,,1500,,,sativa,TRUE,https://shop.ignyteny.com/whitestone/products/jetpacks-622031/pre-rolls/nyc-sour-diesel-s-1pk-x-05g-big-bang-mini-infused-preroll-jetpacks-6781586,https://tymber-blaze-products.imgix.net/nyc1-a313563a-e51d-43ff-85a9-57ce746122b1.png,2026-05-23T23:12:18.599992+00:00,,,NYC SOUR DIESEL
ignyte-red-hook,I67EPRO1,I67EPRO1,NYC Sour Diesel (S) | 5pk x 0.5g | 2.5g - Big Bang - Infused - Prerolls | Jetpacks,Jetpacks,other,,6000,,,sativa,TRUE,https://shop.ignyteny.com/whitestone/products/jetpacks-622031/pre-rolls/nyc-sour-diesel-s-5pk-x-05g-25g-big-bang-infused-prerolls-jetpacks-6781585,https://tymber-blaze-products.imgix.net/jetpacks-nyc-sour-5-pack-c02084e6-2d56-4f39-b514-936bb44b79f2.png,2026-05-23T23:12:18.599992+00:00,,,NYC SOUR DIESEL
ignyte-red-hook,850052264079,850052264079,Frosted Mango (IH) | 14g | 1/2oz - Flower | High Falls Canna,High Falls Canna,flower,,10000,17.43,,indica dominant,TRUE,https://shop.ignyteny.com/whitestone/products/high-falls-canna-617486/flower/frosted-mango-ih-14g-12oz-flower-high-falls-canna-6784646,https://tymber-blaze-products.imgix.net/Frosted_Mango_HLF_BAG_FRNT_7971c357-296f-4e88-987a-f83b8a602b2b-75a7360c-8ee5-4b7b-9ed2-e8c885bac8f2.png,2026-05-23T23:12:18.599992+00:00,,,FROSTED MANGO
ignyte-red-hook,850052264932,850052264932,Tanghulu (S) | 14g | 1/2oz - Flower | High Falls Canna,High Falls Canna,flower,,10000,,,sativa,TRUE,https://shop.ignyteny.com/whitestone/products/high-falls-canna-617486/flower/tanghulu-s-14g-12oz-flower-high-falls-canna-6784654,https://tymber-blaze-products.imgix.net/tang14_d86367ae-3679-4d9b-8880-4970603214a9-0dbb66dd-58a6-480e-9cfe-ace2e7bf7b75.png,2026-05-23T23:12:18.599992+00:00,,,TANGHULU
ignyte-red-hook,850052264420,850052264420,OG Kush (I) | 3.5g | 8th - Flower | High Falls Canna,High Falls Canna,flower,,3500,22.48,,indica,TRUE,https://shop.ignyteny.com/whitestone/products/high-falls-canna-617486/flower/og-kush-i-35g-8th-flower-high-falls-canna-6784653,https://tymber-blaze-products.imgix.net/8TH_CAP_25-2_OGKush_generic-d72af589-71c8-4333-871c-5c897b95775b.png,2026-05-23T23:12:18.599992+00:00,,,OG KUSH
ignyte-red-hook,850052264963,850052264963,Mac (H) | 3.5g | 8th - Flower | High Falls Canna,High Falls Canna,flower,,3500,22.48,,hybrid,TRUE,https://shop.ignyteny.com/whitestone/products/high-falls-canna-617486/flower/mac-h-35g-8th-flower-high-falls-canna-6784652,https://tymber-blaze-products.imgix.net/MAC_QTR_BAG_FRNT-1212f95b-46c0-4133-8f82-dddabb823f6f.png,2026-05-23T23:12:18.599992+00:00,,,MAC
ignyte-red-hook,850052264918,850052264918,Mac (H) | 7g | 1/4oz - Flower | High Falls Canna,High Falls Canna,flower,,5500,22.48,,hybrid,TRUE,https://shop.ignyteny.com/whitestone/products/high-falls-canna-617486/flower/mac-h-7g-14oz-flower-high-falls-canna-6784651,https://tymber-blaze-products.imgix.net/MAC_QTR_BAG_FRNT-0fb46a83-d21b-4322-b2c7-aa4dcf5a0cba.png,2026-05-23T23:12:18.599992+00:00,,,MAC
ignyte-red-hook,IB8BPRO3,IB8BPRO3,Squirt (S) | 3.5g | 8th - Flower | 1937,1937,flower,,3500,15.04,,sativa,TRUE,https://shop.ignyteny.com/whitestone/products/1937-715401/flower/squirt-s-35g-8th-flower-1937-6793167,https://tymber-blaze-products.imgix.net/squirt-finale-94edc0e2-f4f1-45ec-b028-374b85a37aee.png,2026-05-23T23:12:18.599992+00:00,"Squirt is an sativa-dominant hybrid marijuana strain bred by Humboldt Seeds Company from their 10,000-plant Phenotype Mega Hunt. This strain is made by crossing Tangie with Blueberry Muffin. The result is a fantastic aroma that smells exactly like the grapefruit-forward soft drink we all know and love—Squirt. This strain tastes sweet like true tart citrus, with uplifting effects.",,SQUIRT
ignyte-red-hook,I549PRO2,I549PRO2,Zourz (H) | 3.5g | 8th - Flower | 1937,1937,flower,,3500,17.2,,hybrid,TRUE,https://shop.ignyteny.com/whitestone/products/1937-715401/flower/zourz-h-35g-8th-flower-1937-6793169,https://tymber-blaze-products.imgix.net/hybrid-1937-223956ac-0f6b-4d28-89c1-a9e1894f6149.jpeg,2026-05-23T23:12:18.599992+00:00,,,ZOURZ
ignyte-red-hook,I118PRO1,I118PRO1,Gelonade (SH) | 3.5g | 8th - Flower | Electraleaf,Electraleaf New York,flower,,5000,22.3,,sativa dominant,TRUE,https://shop.ignyteny.com/whitestone/products/electraleaf-new-york-591515/flower/gelonade-sh-35g-8th-flower-electraleaf-6799072,https://tymber-blaze-products.imgix.net/electraleaf-gelonade-8th-2-a5bd92c2-11ae-4d3b-bf43-8c3c62c8f47d.png,2026-05-23T23:12:18.599992+00:00,,,GELONADE
ignyte-red-hook,I63CPRO1,I63CPRO1,Classic OG (I) | 1pk x 1g - Moonrock Infused - Preroll | Presidential,Presidential,other,1.0 grams,2500,,,indica,TRUE,https://shop.ignyteny.com/whitestone/products/presidential-629169/pre-rolls/classic-og-i-1pk-x-1g-moonrock-infused-preroll-presidential-6818263,https://tymber-blaze-products.imgix.net/presidential_preroll-a267994e-4a23-469b-bd20-201de5c077be.jpg,2026-05-23T23:12:18.599992+00:00,,,PRESIDENTIAL
ignyte-red-hook,IE8DPRO1,IE8DPRO1,Peach Mango (I) | 1pk x 1g - Moonrock Infused - Preroll | Presidential,Presidential,other,1.0 grams,2500,,,indica,TRUE,https://shop.ignyteny.com/whitestone/products/presidential-629169/pre-rolls/peach-mango-i-1pk-x-1g-moonrock-infused-preroll-presidential-6818262,https://tymber-blaze-products.imgix.net/peachmango_preroll-1cbbb04b-d368-4f02-bf08-9337532b5709.jpg,2026-05-23T23:12:18.599992+00:00,,,PEACH MANGO
ignyte-red-hook,ID1APRO1,ID1APRO1,Strawberry (I) | 1pk x 1g - Moonrock Infused - Preroll | Presidential,Presidential,other,1.0 grams,2500,,,indica,TRUE,https://shop.ignyteny.com/whitestone/products/presidential-629169/pre-rolls/strawberry-i-1pk-x-1g-moonrock-infused-preroll-presidential-6818264,https://tymber-blaze-products.imgix.net/strawberry_preroll-b3c1f856-4039-4b74-9b2e-5bbec833ed87.jpg,2026-05-23T23:12:18.599992+00:00,,,STRAWBERRY
ignyte-red-hook,IE09PRO1,IE09PRO1,Permanent Marker (I) | 1g - Diamonds - Concentrates | Jetpacks,Jetpacks,concentrate,,5500,87.72,,indica,TRUE,https://shop.ignyteny.com/whitestone/products/jetpacks-622031/concentrates/permanent-marker-i-1g-diamonds-concentrates-jetpacks-6818562,https://tymber-blaze-products.imgix.net/jetpacks-concentrates-40a58618-1862-449b-8754-d8b126eedb94.png,2026-05-23T23:12:18.599992+00:00,,,PERMANENT MARKER
ignyte-red-hook,ICC9PRO1,ICC9PRO1,Maui Wowie (S) | 1g - Diamonds - Concentrates | Jetpacks,Jetpacks,concentrate,,5500,87.38,,sativa,TRUE,https://shop.ignyteny.com/whitestone/products/jetpacks-622031/concentrates/maui-wowie-s-1g-diamonds-concentrates-jetpacks-6818560,https://tymber-blaze-products.imgix.net/jetpacks-concentrates-ba25ca6d-36ff-4bfb-8e86-377e324a8b2c.png,2026-05-23T23:12:18.599992+00:00,,,MAUI WOWIE
ignyte-red-hook,IE0BPRO1,IE0BPRO1,Bubblegum Popperz (H) | 5pk x 0.5g | 2.5g - Infused - Prerolls | Mintz,Mintz,other,2.5 grams,3500,,,hybrid,TRUE,https://shop.ignyteny.com/whitestone/products/mintz-649141/pre-rolls/bubblegum-popperz-h-5pk-x-05g-25g-infused-prerolls-mintz-6818985,https://tymber-blaze-products.imgix.net/Bubblegum-Popperz-5ct-Infused-Mini-Prerolls-768x768-2fa3f0c5-2b3e-438a-84f6-dfdb9c82b826.png,2026-05-23T23:12:18.599992+00:00,,,BUBBLEGUM POPPERZ
ignyte-red-hook,IE21PRO1,IE21PRO1,Purple Gas (I) | 5pk x 0.5g | 2.5g - Infused - Prerolls | Mintz,Mintz,other,2.5 grams,3500,,,indica,TRUE,https://shop.ignyteny.com/whitestone/products/mintz-649141/pre-rolls/purple-gas-i-5pk-x-05g-25g-infused-prerolls-mintz-6818990,https://tymber-blaze-products.imgix.net/Purple-Gas-5ct-Infused-Mini-Prerolls-768x768-3ce72365-d8a6-4938-844a-1fa71b666612.png,2026-05-23T23:12:18.599992+00:00,,,PURPLE GAS
ignyte-red-hook,I3D3PRO2,I3D3PRO2,NY Gumbo (H) | 5pk x 0.5g | 2.5g - Infused - Prerolls | Mintz,Mintz,other,2.5 grams,3500,,,hybrid,TRUE,https://shop.ignyteny.com/whitestone/products/mintz-649141/pre-rolls/ny-gumbo-h-5pk-x-05g-25g-infused-prerolls-mintz-6818988,https://tymber-blaze-products.imgix.net/NY-Gumbo-5ct-Infused-Mini-Prerolls-768x768-f6688234-0bf5-4656-8e21-713bcfffd45a.png,2026-05-23T23:12:18.599992+00:00,,,NY GUMBO
ignyte-red-hook,I644PRO1,I644PRO1,Blueberry (I) | 10pk x 10mg - Live Resin Belts - Edibles - 100mg THC | Flav,Flav,edible,,2500,,,indica,TRUE,https://shop.ignyteny.com/whitestone/products/flav-668875/gummies/blueberry-i-10pk-x-10mg-live-resin-belts-edibles-100mg-thc-flav-7102423,https://tymber-blaze-products.imgix.net/flav-blueberry-belts-588b955f-f457-41f4-9cf8-c12ab8641cc9.png,2026-05-23T23:12:18.599992+00:00,,,BLUEBERRY
ignyte-red-hook,IB31PRO1,IB31PRO1,Blue Raspberry | 10pk x 10mg - Rings - Edibles - 100mg THC | Flav,Flav,edible,,2000,,,indica dominant,TRUE,https://shop.ignyteny.com/whitestone/products/flav-668875/gummies/blue-raspberry-10pk-x-10mg-rings-edibles-100mg-thc-flav-7102422,https://tymber-blaze-products.imgix.net/flav-blue-raspberry-rings-0485a9d2-d000-4f67-ad93-faae2e7d6fb9.png,2026-05-23T23:12:18.599992+00:00,,,BLUE RASPBERRY
ignyte-red-hook,I685PRO1,I685PRO1,Blue Milk Haze (I) | 1g - AIO - Vape Pens | Flav,Flav,other,,4500,,,indica,TRUE,https://shop.ignyteny.com/whitestone/products/flav-668875/vape-aios/blue-milk-haze-i-1g-aio-vape-pens-flav-7102420,https://tymber-blaze-products.imgix.net/flav-blue-milk-haze-a270b78e-d01c-46fd-88fa-18462c20a3b5.png,2026-05-23T23:12:18.599992+00:00,,,BLUE MILK HAZE
ignyte-red-hook,I3FBPRO1,I3FBPRO1,Blackberry Kush (I) | 1g - AIO - Vape Pens | Flav,Flav,other,,4500,82.63,,indica,TRUE,https://shop.ignyteny.com/whitestone/products/flav-668875/vape-aios/blackberry-kush-i-1g-aio-vape-pens-flav-7102418,https://tymber-blaze-products.imgix.net/flav-blackberry-kush1-7dc5776f-afb6-450f-8877-1cfcba09cf68.png,2026-05-23T23:12:18.599992+00:00,,,BLACKBERRY KUSH
ignyte-red-hook,I43DPRO1,I43DPRO1,Banana Kush (H) | 1g - AIO - Vape Pens | Flav,Flav,other,,4500,80.54,,hybrid,TRUE,https://shop.ignyteny.com/whitestone/products/flav-668875/vape-aios/banana-kush-h-1g-aio-vape-pens-flav-7102416,https://tymber-blaze-products.imgix.net/flav-banana-kush-vape-d09ff0d1-31c9-4b6d-a532-82fc1d477bb4.png,2026-05-23T23:12:18.599992+00:00,,,BANANA KUSH
ignyte-red-hook,IB26PRO1,IB26PRO1,Apple | 10pk x 10mg - Rings - Gummies - Edibles - 100mg THC | Flav,Flav,edible,,2000,,,hybrid,TRUE,https://shop.ignyteny.com/whitestone/products/flav-668875/gummies/apple-10pk-x-10mg-rings-gummies-edibles-100mg-thc-flav-7102415,https://tymber-blaze-products.imgix.net/flav-apple-rings-f7cb2dfa-759c-4f37-956c-5e641e73ab15.png,2026-05-23T23:12:18.599992+00:00,,,APPLE
ignyte-red-hook,I8E6PRO2,I8E6PRO2,Apple (H) | 10pk x 10mg - Live Resin Belts - Edibles - 100mg THC | Flav,Flav,edible,,2500,,,hybrid,TRUE,https://shop.ignyteny.com/whitestone/products/flav-668875/gummies/apple-h-10pk-x-10mg-live-resin-belts-edibles-100mg-thc-flav-7102414,https://tymber-blaze-products.imgix.net/flav-apple-belts-9d455b36-37d9-499a-9425-4efe1c1060a5.png,2026-05-23T23:12:18.599992+00:00,,,APPLE
ignyte-red-hook,I93CPRO1,I93CPRO1,Mango (I) | 10pk x 10mg - Live Resin Belts - Gummies - Edibles - 100mg THC | Flav,Flav,edible,,2500,,,indica,TRUE,https://shop.ignyteny.com/whitestone/products/flav-668875/gummies/mango-i-10pk-x-10mg-live-resin-belts-gummies-edibles-100mg-thc-flav-7102431,https://tymber-blaze-products.imgix.net/flav-mango-belts-56d28f15-c740-4efa-bc0d-160633fb10ad.png,2026-05-23T23:12:18.599992+00:00,,,MANGO
ignyte-red-hook,I549PRO3,I549PRO3,Cookies and Cream (I) | 28g | 1oz - Premium Smalls - Flower | Munchkins,Munchkins,flower,,13000,19.3,,indica,TRUE,https://shop.ignyteny.com/whitestone/products/munchkins-626440/flower/cookies-and-cream-i-28g-1oz-premium-smalls-flower-munchkins-7102429,https://tymber-blaze-products.imgix.net/munchkins-indica-0138b184-0595-43a3-8247-ac06336a9d68.jpg,2026-05-23T23:12:18.599992+00:00,,,COOKIES AND CREAM
ignyte-red-hook,IA3FPRO1,IA3FPRO1,Cherry | 2pk x 50mg - Mega Ring Gummy - Edibles - 100mg THC | Flav,Flav,edible,,1500,,,hybrid,TRUE,https://shop.ignyteny.com/whitestone/products/flav-668875/gummies/cherry-2pk-x-50mg-mega-ring-gummy-edibles-100mg-thc-flav-7102428,https://tymber-blaze-products.imgix.net/flav-cherry-mega-dose-rings-9815d1f0-ac2b-4742-9702-18fe52a982e8.png,2026-05-23T23:12:18.599992+00:00,,,CHERRY
ignyte-red-hook,I8DDPRO1,I8DDPRO1,Cherry | 10pk x 10mg - Rings - Gummies - Edibles - 100mg THC | Flav,Flav,edible,,2000,,,hybrid,TRUE,https://shop.ignyteny.com/whitestone/products/flav-668875/gummies/cherry-10pk-x-10mg-rings-gummies-edibles-100mg-thc-flav-7102427,https://tymber-blaze-products.imgix.net/flav-cherry-rings-8ab66a3e-f533-4d60-bd19-61992387d27f.png,2026-05-23T23:12:18.599992+00:00,,,CHERRY
ignyte-red-hook,I666PRO3,I666PRO3,Cactus Cooler Haze (H) | 1g - AIO - Vape Pens | Flav,Flav,other,,4500,80.63,,hybrid,TRUE,https://shop.ignyteny.com/whitestone/products/flav-668875/vape-aios/cactus-cooler-haze-h-1g-aio-vape-pens-flav-7102425,https://tymber-blaze-products.imgix.net/flav-cactus-cooler-haze-92dfe2ec-b1a8-4a75-acf0-dffc5fd73a09.png,2026-05-23T23:12:18.599992+00:00,,,CACTUS COOLER HAZE
ignyte-red-hook,IA02PRO1,IA02PRO1,Blueberry (I) | 1pk x 100mg - Live Resin Mega Belt - Edibles - 100mg THC | Flav,Flav,edible,,1500,,,indica,TRUE,https://shop.ignyteny.com/whitestone/products/flav-668875/gummies/blueberry-i-1pk-x-100mg-live-resin-mega-belt-edibles-100mg-thc-flav-7102424,https://tymber-blaze-products.imgix.net/flav-blueberry-mega-belt-0cb375ae-3f16-4d18-997f-c272a8970d87.png,2026-05-23T23:12:18.599992+00:00,,,BLUEBERRY
ignyte-red-hook,I2FDPRO2,I2FDPRO2,Pink Runtz (I) | 1g - AIO - Vape Pens | Flav,Flav,other,1.0 grams,4500,80.89,,indica,TRUE,https://shop.ignyteny.com/whitestone/products/flav-668875/vape-aios/pink-runtz-i-1g-aio-vape-pens-flav-7102436,https://tymber-blaze-products.imgix.net/flav-pink-runtz-3a91d0fc-5296-45ed-b762-3b802fd54f26.png,2026-05-23T23:12:18.599992+00:00,,,PINK RUNTZ
ignyte-red-hook,I68BPRO2,I68BPRO2,Pink Lemonade (S) | 10pk x 10mg - Live Resin Belts - Edibles - 100mg THC | Flav,Flav,edible,100.0 milligrams,2500,,,sativa,TRUE,https://shop.ignyteny.com/whitestone/products/flav-668875/gummies/pink-lemonade-s-10pk-x-10mg-live-resin-belts-edibles-100mg-thc-flav-7102435,https://tymber-blaze-products.imgix.net/flav-pink-lemonade-belts-21974c44-fa9c-44d6-8110-e77a568df740.png,2026-05-23T23:12:18.599992+00:00,,,PINK LEMONADE
ignyte-red-hook,I76FPRO1,I76FPRO1,Peach | 2pk x 50mg - Mega Ring Gummy - Edibles - 100mg THC | Flav,Flav,edible,100.0 milligrams,1500,,,hybrid,TRUE,https://shop.ignyteny.com/whitestone/products/flav-668875/gummies/peach-2pk-x-50mg-mega-ring-gummy-edibles-100mg-thc-flav-7102434,https://tymber-blaze-products.imgix.net/flav-peach-mega-rings1-5187c058-d8e9-4868-987e-1999272c7ded.png,2026-05-23T23:12:18.599992+00:00,,,PEACH
ignyte-red-hook,I8F5PRO2,I8F5PRO2,Peach | 10pk x 10mg - Rings - Edibles - 100mg THC | Flav,Flav,edible,100.0 milligrams,2000,,,hybrid,TRUE,https://shop.ignyteny.com/whitestone/products/flav-668875/gummies/peach-10pk-x-10mg-rings-edibles-100mg-thc-flav-7102433,https://tymber-blaze-products.imgix.net/flav-peach-rings-720b2cb6-e06c-4915-bc60-03fb916259d0.png,2026-05-23T23:12:18.599992+00:00,,,PEACH
ignyte-red-hook,I7F9PRO1,I7F9PRO1,Watermelon | 2pk x 50mg - Mega Ring Gummy - Edibles - 100mg THC | Flav,Flav,edible,100.0 milligrams,1500,,,hybrid,TRUE,https://shop.ignyteny.com/whitestone/products/flav-668875/gummies/watermelon-2pk-x-50mg-mega-ring-gummy-edibles-100mg-thc-flav-7102448,https://tymber-blaze-products.imgix.net/flav-mega-ring-watermelon-aa055b7c-e471-4220-b577-9164fecf4168.png,2026-05-23T23:12:18.599992+00:00,,,WATERMELON
ignyte-red-hook,I922PRO1,I922PRO1,Watermelon | 10pk x 10mg - Gummies - Edibles - 100mg THC | Flav,Flav,edible,0.0 milligrams,2000,,,hybrid,TRUE,https://shop.ignyteny.com/whitestone/products/flav-668875/gummies/watermelon-10pk-x-10mg-gummies-edibles-100mg-thc-flav-7102447,https://tymber-blaze-products.imgix.net/flav-watermelon-rings-25fd3a50-cb67-44ef-803e-e84d74f50538.png,2026-05-23T23:12:18.599992+00:00,,,WATERMELON
ignyte-red-hook,I9D4PRO1,I9D4PRO1,Watermelon (H) | 10pk x 10mg - Live Resin Belts - Edibles - 100mg THC | Flav,Flav,edible,100.0 milligrams,2500,,,hybrid,TRUE,https://shop.ignyteny.com/whitestone/products/flav-668875/gummies/watermelon-h-10pk-x-10mg-live-resin-belts-edibles-100mg-thc-flav-7102446,https://tymber-blaze-products.imgix.net/flav-watermelon-33ddd534-7409-4bb1-8358-4bb76ea4073c.png,2026-05-23T23:12:18.599992+00:00,,,WATERMELON
ignyte-red-hook,I7C8PRO1,I7C8PRO1,Strawberry (S) | 1pk x 100mg - Live Resin Mega Belt - Edibles - 100mg THC | Flav,Flav,edible,100.0 milligrams,1500,,,sativa,TRUE,https://shop.ignyteny.com/whitestone/products/flav-668875/gummies/strawberry-s-1pk-x-100mg-live-resin-mega-belt-edibles-100mg-thc-flav-7102443,https://tymber-blaze-products.imgix.net/flav-strawberry-mega-dose-dfc740d8-3bd0-446b-8433-ccb745cc1722.png,2026-05-23T23:12:18.599992+00:00,,,STRAWBERRY
ignyte-red-hook,I6CFPRO1,I6CFPRO1,Strawberry (S) | 10pk x 10mg - Live Resin Belts - Edibles - 100mg THC | Flav,Flav,edible,100.0 milligrams,2500,,,sativa,TRUE,https://shop.ignyteny.com/whitestone/products/flav-668875/gummies/strawberry-s-10pk-x-10mg-live-resin-belts-edibles-100mg-thc-flav-7102442,https://tymber-blaze-products.imgix.net/flav-strawberry-belts-4b706e0f-7335-4682-8bfd-d44fd27fb3ab.png,2026-05-23T23:12:18.599992+00:00,,,STRAWBERRY
ignyte-red-hook,I5FEPRO2,I5FEPRO2,Sour Tangie (S) | 1g - AIO - Vape Pens | Flav,Flav,other,1.0 grams,4500,81.75,,sativa,TRUE,https://shop.ignyteny.com/whitestone/products/flav-668875/vape-aios/sour-tangie-s-1g-aio-vape-pens-flav-7102440,https://tymber-blaze-products.imgix.net/flav-sour-tangie-26f86d66-ce37-4fe6-8702-76edcf98f533.png,2026-05-23T23:12:18.599992+00:00,,,SOUR TANGIE
ignyte-red-hook,IA8DPRO2,IA8DPRO2,Rainbow (H) | 1pk x 100mg - Live Resin Mega Belt - Edibles - 100mg THC | Flav,Flav,edible,100.0 milligrams,1500,,,hybrid,TRUE,https://shop.ignyteny.com/whitestone/products/flav-668875/gummies/rainbow-h-1pk-x-100mg-live-resin-mega-belt-edibles-100mg-thc-flav-7102439,https://tymber-blaze-products.imgix.net/flav-mega-belt-rainbow-7d39d21a-ce1e-4117-bbc7-b75db3072204.png,2026-05-23T23:12:18.599992+00:00,,,RAINBOW
ignyte-red-hook,I979PRO2,I979PRO2,Rainbow (H) | 10pk x 10mg - Live Resin Belts - Edibles - 100mg THC | Flav,Flav,edible,100.0 milligrams,2500,,,hybrid,TRUE,https://shop.ignyteny.com/whitestone/products/flav-668875/gummies/rainbow-h-10pk-x-10mg-live-resin-belts-edibles-100mg-thc-flav-7102438,https://tymber-blaze-products.imgix.net/flav-rainbow-belts-b52f032e-2520-4f87-81ed-142cf21f0845.png,2026-05-23T23:12:18.599992+00:00,,,RAINBOW
ignyte-red-hook,I029PRO1,I029PRO1,Raw - Black Classic | 1.25 - Papers | Accessories,Raw,merch,,300,,,,TRUE,https://shop.ignyteny.com/whitestone/products/raw-430482/accessories/raw-black-classic-125-papers-accessories-7156344,https://tymber-blaze-products.imgix.net/Raw-_-Papers---1-25-Black-Classics-38c4cc06-7297-4361-b6fb-cd91723c1f4f.jpg,2026-05-23T23:12:18.599992+00:00,,,
ignyte-red-hook,I056PRO1,I056PRO1,Tamarin Grinder - Purple - 4 Part - 70MM | Green Monkey,Empire Smoke,merch,,4000,,,,TRUE,https://shop.ignyteny.com/whitestone/products/empire-smoke-559150/accessories/tamarin-grinder-purple-4-part-70mm-green-monkey-7156345,https://tymber-blaze-products.imgix.net/_-Tamarin-Grinder---Purple---4-Part---70MM-_-Green-Monkey-bfc494b5-3117-4b0c-b829-5315bf3da215.png,2026-05-23T23:12:18.599992+00:00,,,
ignyte-red-hook,I619PRO1,I619PRO1,Chemdawg (S) | 28g | 1oz - Premium Smalls - Flower | Munchkins,Munchkins,flower,,13000,20.47,,sativa,TRUE,https://shop.ignyteny.com/whitestone/products/munchkins-626440/flower/chemdawg-s-28g-1oz-premium-smalls-flower-munchkins-7161460,https://tymber-blaze-products.imgix.net/munchkins-sativa-b1412b8f-9def-43c7-b2fb-e07b379b298e.jpg,2026-05-23T23:12:18.599992+00:00,,,CHEMDAWG
ignyte-red-hook,I584PRO1,I584PRO1,Maui Wowie (S) | 28g | 1oz - Premium Smalls - Flower | Munchkins,Munchkins,flower,,13000,20.63,,sativa,TRUE,https://shop.ignyteny.com/whitestone/products/munchkins-626440/flower/maui-wowie-s-28g-1oz-premium-smalls-flower-munchkins-7161462,https://tymber-blaze-products.imgix.net/munchkins-sativa-0965f4f9-e307-470d-a78d-98c1f4e44b08.jpg,2026-05-23T23:12:18.599992+00:00,,,MAUI WOWIE
ignyte-red-hook,I5F2PRO1,I5F2PRO1,Pink Berry (I) | 1g - Live Resin AIO - Vape Pens | Littles,Littles,other,,5000,,,indica,TRUE,https://shop.ignyteny.com/whitestone/products/littles-622119/vape-aios/pink-berry-i-1g-live-resin-aio-vape-pens-littles-7194330,https://tymber-blaze-products.imgix.net/little-vapes-ny-cannabis-dispensary-5c2718d9-27ab-4c4f-b919-c16e634f36be.jpg,2026-05-23T23:12:18.599992+00:00,,,PNIK BERRY
ignyte-red-hook,I3EDPRO1,I3EDPRO1,Gift Bag,,merch,,500,,,,TRUE,https://shop.ignyteny.com/whitestone/products/accessories/gift-bag-7199730,https://tymber-blaze-products.imgix.net/accessories-fc1ce8a2-ae50-48a6-b6e6-7abf23ac83a7.png,2026-05-23T23:12:18.599992+00:00,,,
ignyte-red-hook,I8D3PRO1,I8D3PRO1,Cyber Diesel (S) | 1pk x 0.7g - Blunt - Preroll | To the Moon,To The Moon,other,,1500,,,sativa,TRUE,https://shop.ignyteny.com/whitestone/products/to-the-moon-559117/pre-rolls/cyber-diesel-s-1pk-x-07g-blunt-preroll-to-the-moon-7206255,https://tymber-blaze-products.imgix.net/to-the-moon-blunt-cyber-diesel-0c8ba9ec-0c9e-4934-895b-21b7cddceabf.png,2026-05-23T23:12:18.599992+00:00,,,CYBER DIESEL
ignyte-red-hook,I152PRO2,I152PRO2,Citrus Cyclone (S) | 2pk x 0.75g | 1.5g - Prerolls | To The Moon,To The Moon,other,,2000,,,sativa,TRUE,https://shop.ignyteny.com/whitestone/products/to-the-moon-559117/pre-rolls/citrus-cyclone-s-2pk-x-075g-15g-prerolls-to-the-moon-7206254,https://tymber-blaze-products.imgix.net/to-the-moon-joint-citrus-cyclones-50c1f476-7b8d-4598-8fd6-3e0e1e6d66f8.png,2026-05-23T23:12:18.599992+00:00,,,CITRUS CYCLONE
ignyte-red-hook,I8DFPRO2,I8DFPRO2,Citrus Cyclone (S) | 1pk x 0.7g - Blunt - Preroll | To the Moon,To The Moon,other,,1500,,,sativa,TRUE,https://shop.ignyteny.com/whitestone/products/to-the-moon-559117/pre-rolls/citrus-cyclone-s-1pk-x-07g-blunt-preroll-to-the-moon-7206253,https://tymber-blaze-products.imgix.net/to-the-moon-blunt-citrus-cyclones-3888653d-d4e9-4459-9490-316ebf56b586.png,2026-05-23T23:12:18.599992+00:00,,,CITRUS CYCLONE
ignyte-red-hook,I8EEPRO1,I8EEPRO1,Blue Moon Dream (SH) | 2pk x 0.75g | 1.5g - Prerolls | To The Moon,To The Moon,other,,2000,,,sativa dominant,TRUE,https://shop.ignyteny.com/whitestone/products/to-the-moon-559117/pre-rolls/blue-moon-dream-sh-2pk-x-075g-15g-prerolls-to-the-moon-7206252,https://tymber-blaze-products.imgix.net/to-the-moon-joint-blue-moon-dream-0229390e-f3dc-4865-9371-1e1ebad16433.png,2026-05-23T23:12:18.599992+00:00,,,BLUE MOON DREAM
ignyte-red-hook,I179PRO2,I179PRO2,Big Applato (H) | 2pk x 0.75g | 1.5g - Prerolls | To The Moon,To The Moon,other,,2000,,,hybrid,TRUE,https://shop.ignyteny.com/whitestone/products/to-the-moon-559117/pre-rolls/big-applato-h-2pk-x-075g-15g-prerolls-to-the-moon-7206251,https://tymber-blaze-products.imgix.net/to-the-moon-joint-big-applato-fefbf77e-5c2e-42c9-925f-4a0afa8ca182.png,2026-05-23T23:12:18.599992+00:00,,,BIG APPLATO
ignyte-red-hook,I162PRO2,I162PRO2,Pushing Pluto (I) | 2pk x 0.75g | 1.5g - Prerolls | To The Moon,To The Moon,other,,2000,,,indica,TRUE,https://shop.ignyteny.com/whitestone/products/to-the-moon-559117/pre-rolls/pushing-pluto-i-2pk-x-075g-15g-prerolls-to-the-moon-7206257,https://tymber-blaze-products.imgix.net/to-the-moon-joint-pushing-pluto-2a1b3aa5-6413-4729-a354-2d320f662d7f.png,2026-05-23T23:12:18.599992+00:00,,,PUSHING PLUTO
ignyte-red-hook,ICF5PRO1,ICF5PRO1,Banana Honey (H) | 1pk x 1.25g - Diamond Infused - Preroll | Bodega Boyz,Bodega Boyz,other,,2500,,,hybrid,TRUE,https://shop.ignyteny.com/whitestone/products/bodega-boyz-508669/pre-rolls/banana-honey-h-1pk-x-125g-diamond-infused-preroll-bodega-boyz-7226029,https://tymber-blaze-products.imgix.net/IMG_0247-9e37d043-280e-4713-a801-e9c704e39c1a.jpeg,2026-05-23T23:12:18.599992+00:00,,,BANANA HONEY
ignyte-red-hook,IDA3PRO1,IDA3PRO1,Mango Gelato (H) | 1pk x 1.25g - Diamond Infused - Preroll | Bodega Boyz,Bodega Boyz,other,1.25 grams,2500,,,hybrid,TRUE,https://shop.ignyteny.com/whitestone/products/bodega-boyz-508669/pre-rolls/mango-gelato-h-1pk-x-125g-diamond-infused-preroll-bodega-boyz-7226038,https://tymber-blaze-products.imgix.net/IMG_0259-ee93e094-9a2e-428d-b6c1-f9c8c30d1b08.jpeg,2026-05-23T23:12:18.599992+00:00,,,MANGO GELATO
ignyte-red-hook,IDA0PRO2,IDA0PRO2,Lemon OG (S) | 4pk x 0.7g | 2.8g - Diamond Infused - Prerolls | Bodega Boyz,Bodega Boyz,other,2.8 grams,7000,,,sativa,TRUE,https://shop.ignyteny.com/whitestone/products/bodega-boyz-508669/pre-rolls/lemon-og-s-4pk-x-07g-28g-diamond-infused-prerolls-bodega-boyz-7226036,https://tymber-blaze-products.imgix.net/Lemon-OG--S----4pk-x-0-7g---2-8g-Bogeda-Boyz-6ec575c0-78de-4939-af85-f72bcbd22e82.jpg,2026-05-23T23:12:18.599992+00:00,,,LEMON OG
ignyte-red-hook,ICE7PRO1,ICE7PRO1,Guava Z (H) | 1pk x 1.25g - Diamond Infused - Preroll | Bodega Boyz,Bodega Boyz,other,1.25 grams,2500,,,hybrid,TRUE,https://shop.ignyteny.com/whitestone/products/bodega-boyz-508669/pre-rolls/guava-z-h-1pk-x-125g-diamond-infused-preroll-bodega-boyz-7226033,https://tymber-blaze-products.imgix.net/IMG_0254-2b6fd90a-69e6-40af-b0ea-3c788e5a9796.jpeg,2026-05-23T23:12:18.599992+00:00,,,GUAVA Z
ignyte-red-hook,ID57PRO2,ID57PRO2,Watermelon Z (H) | 1pk x 1.25g - Diamond Infused - Preroll | Bodega Boyz,Bodega Boyz,other,1.25 grams,2500,,,hybrid,TRUE,https://shop.ignyteny.com/whitestone/products/bodega-boyz-508669/pre-rolls/watermelon-z-h-1pk-x-125g-diamond-infused-preroll-bodega-boyz-7226047,https://tymber-blaze-products.imgix.net/IMG_0269-e6fc6564-76ab-454b-ac24-ffc15d5e921a.jpeg,2026-05-23T23:12:18.599992+00:00,,,WATERMELON Z
ignyte-red-hook,IE05PRO1,IE05PRO1,Strawberry Haze (S) 1pk x 1.25g - Loosies - Diamond Infused - Preroll - Bodega Boyz,Bodega Boyz,other,1.25 grams,2500,,,hybrid,TRUE,https://shop.ignyteny.com/whitestone/products/bodega-boyz-508669/pre-rolls/strawberry-haze-s-1pk-x-125g-loosies-diamond-infused-preroll-bodega-boyz-7226046,https://tymber-blaze-products.imgix.net/IMG_0268-9afd3c0f-5dbd-475b-8312-971dff2840ec.jpeg,2026-05-23T23:12:18.599992+00:00,,,STRAWBERRY HAZE
ignyte-red-hook,IDE2PRO1,IDE2PRO1,Sour Apple (H) | 1pk x 1.25g - Diamond Infused - Preroll | Bodega Boyz,Bodega Boyz,other,1.25 grams,2500,,,hybrid,TRUE,https://shop.ignyteny.com/whitestone/products/bodega-boyz-508669/pre-rolls/sour-apple-h-1pk-x-125g-diamond-infused-preroll-bodega-boyz-7226045,https://tymber-blaze-products.imgix.net/IMG_0267-67ebf216-e849-49eb-b436-7282de6e5032.jpeg,2026-05-23T23:12:18.599992+00:00,,,SOUR APPLE
ignyte-red-hook,ID34PRO2,ID34PRO2,Pineapple Kush (H) | 1pk x 1.25g - Diamond Infused - Preroll | Bodega Boyz,Bodega Boyz,other,1.25 grams,2500,,,hybrid,TRUE,https://shop.ignyteny.com/whitestone/products/bodega-boyz-508669/pre-rolls/pineapple-kush-h-1pk-x-125g-diamond-infused-preroll-bodega-boyz-7226043,https://tymber-blaze-products.imgix.net/IMG_0263-efb4095c-3836-4ab5-a824-6f146ea020e9.jpeg,2026-05-23T23:12:18.599992+00:00,,,PINEAPPLE KUSH
ignyte-red-hook,IC9CPRO1,IC9CPRO1,Peach Kush (H) | 1pk x 1.25g - Diamond Infused - Preroll | Bodega Boyz,Bodega Boyz,other,1.25 grams,2500,,,hybrid,TRUE,https://shop.ignyteny.com/whitestone/products/bodega-boyz-508669/pre-rolls/peach-kush-h-1pk-x-125g-diamond-infused-preroll-bodega-boyz-7226042,https://tymber-blaze-products.imgix.net/IMG_0262-623bfb53-610f-403c-b541-b8db5b630399.jpeg,2026-05-23T23:12:18.599992+00:00,,,PEACH KUSH
ignyte-red-hook,ID12PRO2,ID12PRO2,OJ Hi-C (H) | 1pk x 1.25g - Diamond Infused - Preroll | Bodega Boyz,Bodega Boyz,other,1.25 grams,2500,,,hybrid,TRUE,https://shop.ignyteny.com/whitestone/products/bodega-boyz-508669/pre-rolls/oj-hi-c-h-1pk-x-125g-diamond-infused-preroll-bodega-boyz-7226040,https://tymber-blaze-products.imgix.net/IMG_0260-5b1d4dbf-0a6b-4b42-8863-64f07a950b67.jpeg,2026-05-23T23:12:18.599992+00:00,,,OJ Hi-C
ignyte-red-hook,840041932072,840041932072,Fruity Pebbles OG (H) | 1g - Pure Live Resin 510 Cart - Vape Cart | High Garden,High Garden,vaporizers,1g,5000,,,indica,TRUE,https://shop.ignyteny.com/whitestone/products/high-garden-622134/vape-carts/fruity-pebbles-og-h-1g-pure-live-resin-510-cart-vape-cart-high-garden-7239338,https://tymber-blaze-products.imgix.net/high-garden-hybrid-ca9abc65-ab72-48f7-aa47-3dd974c084c1.jpg,2026-05-23T23:12:18.599992+00:00,,,FRUITY PEBBLES OG
ignyte-red-hook,I534PRO1,I534PRO1,Heir Heads (H) 1pk x 1g - Prerolls - Electraleaf,Electraleaf New York,other,,1500,,,hybrid,TRUE,https://shop.ignyteny.com/whitestone/products/electraleaf-new-york-591515/pre-rolls/heir-heads-h-1pk-x-1g-prerolls-electraleaf-7412210,https://tymber-blaze-products.imgix.net/Heir-Heads---Pre-Roll---1pk---1g---Electraleaf-43ff8f3c-ebfc-402e-ac05-a87a66d32a0a.jpg,2026-05-23T23:12:18.599992+00:00,,,HEIR HEADS
ignyte-red-hook,I740PRO1,I740PRO1,Trop Cherry (SH) 5pk x 0.5g - 2.5g - Prerolls - Electraleaf,Electraleaf New York,other,,4000,,,sativa,TRUE,https://shop.ignyteny.com/whitestone/products/electraleaf-new-york-591515/pre-rolls/trop-cherry-sh-5pk-x-05g-25g-prerolls-electraleaf-7412213,https://tymber-blaze-products.imgix.net/Trop-Cherry--S----Pre-Rolls---5pk---2-5g---Electraleaf-abd914f9-a3bb-4fe8-a278-fd42f13d0f4b.jpg,2026-05-23T23:12:18.599992+00:00,,,TROP CHERRY
ignyte-red-hook,I81FPRO2,I81FPRO2,Zoap (I) | 2g - AIO - Vape Pens | Hashtag Honey,Hashtag Honey,other,2.0 grams,7000,,,indica,TRUE,https://shop.ignyteny.com/whitestone/products/hashtag-honey-418439/vape-aios/zoap-i-2g-aio-vape-pens-hashtag-honey-7416595,https://tymber-blaze-products.imgix.net/hashtag-honey-vape-zoap-9d67f5e7-e782-4a0d-a20d-40f094765d0a.jpg,2026-05-23T23:12:18.599992+00:00,,,ZOAP
ignyte-red-hook,I641PRO1,I641PRO1,Super Lemon Haze (S) | 2g - AIO - Vape Pens | Hashtag Honey,Hashtag Honey,other,2.0 grams,7000,,,sativa,TRUE,https://shop.ignyteny.com/whitestone/products/hashtag-honey-418439/vape-aios/super-lemon-haze-s-2g-aio-vape-pens-hashtag-honey-7416593,https://tymber-blaze-products.imgix.net/hashtag-honey-vape-super-lemon-haze-315d28f3-2115-4a0e-93c2-4645586b1e49.jpg,2026-05-23T23:12:18.599992+00:00,,,SUPER LEMON HAZE
ignyte-red-hook,I133PRO1,I133PRO1,Super Jack (S) | 1g - AIO - Vape Pens | Hashtag Honey,Hashtag Honey,other,1g,5000,,,sativa,TRUE,https://shop.ignyteny.com/whitestone/products/hashtag-honey-418439/vape-aios/super-jack-s-1g-aio-vape-pens-hashtag-honey-7416592,https://tymber-blaze-products.imgix.net/hashtag-honey-vape-super-jack-cf611e91-54aa-4752-a996-64409343edf7.jpg,2026-05-23T23:12:18.599992+00:00,,,SUPER JACK
ignyte-red-hook,IF43PRO1,IF43PRO1,RS-11 (H) | 1g - AIO - Vape Pens | Hashtag Honey,Hashtag Honey,other,1g,5000,,,hybrid,TRUE,https://shop.ignyteny.com/whitestone/products/hashtag-honey-418439/vape-aios/rs-11-h-1g-aio-vape-pens-hashtag-honey-7416589,https://tymber-blaze-products.imgix.net/hashtag-honey-vape-rs-11-6a940274-78ba-4be8-93bb-6355fb8dcf10.jpg,2026-05-23T23:12:18.599992+00:00,,,RS-11
ignyte-red-hook,IA09PRO2,IA09PRO2,NYC Diesel (S) | 2g - AIO - Vape Pens | Hashtag Honey,Hashtag Honey,other,2.0 grams,7000,,,sativa,TRUE,https://shop.ignyteny.com/whitestone/products/hashtag-honey-418439/vape-aios/nyc-diesel-s-2g-aio-vape-pens-hashtag-honey-7416586,https://tymber-blaze-products.imgix.net/hashtag-honey-vape-NYC-diesel-479e1b31-c69c-4bc7-b24e-6f975bc6043b.jpg,2026-05-23T23:12:18.599992+00:00,,,NYC DIESEL
ignyte-red-hook,ID8FPRO1,ID8FPRO1,Lemon Cherry Gelato (H) | 1g - AIO - Vape Pens | Hashtag Honey,Hashtag Honey,other,1g,5000,,,hybrid,TRUE,https://shop.ignyteny.com/whitestone/products/hashtag-honey-418439/vape-aios/lemon-cherry-gelato-h-1g-aio-vape-pens-hashtag-honey-7416585,https://tymber-blaze-products.imgix.net/hashtag-honey-vape-lemon-cherry-gelato-c2cca34e-3fec-43c5-a07f-98a1e4518f7a.jpg,2026-05-23T23:12:18.599992+00:00,,,LEMON CHERRY GELATO
ignyte-red-hook,IE80PRO1,IE80PRO1,Jokerz (H) | 2g - AIO - Vape Pens | Hashtag Honey,Hashtag Honey,other,2.0 grams,7000,,,hybrid,TRUE,https://shop.ignyteny.com/whitestone/products/hashtag-honey-418439/vape-aios/jokerz-h-2g-aio-vape-pens-hashtag-honey-7416584,https://tymber-blaze-products.imgix.net/hashtag-honey-vape-jokerz-3eb5255f-40b3-4e49-bac1-8d55d2ae45ec.jpg,2026-05-23T23:12:18.599992+00:00,,,JOKERZ
ignyte-red-hook,IC9EPRO2,IC9EPRO2,Elements - Rolling Papers - Pink | King Size Slim - Papers | Accessories,Elements,merch,,200,,,,TRUE,https://shop.ignyteny.com/whitestone/products/elements-418454/accessories/elements-rolling-papers-pink-king-size-slim-papers-accessories-7443785,https://tymber-blaze-products.imgix.net/Elements--Pink--King-Size--Slim-f09a4052-5e45-4819-bdfe-df0e39ad2c29.jpg,2026-05-23T23:12:18.599992+00:00,,,
ignyte-red-hook,I05BPRO1,I05BPRO1,Elements - Metal Ashtray - Blue | Small Magnet - Ashtray | Accessories,Elements,merch,,500,,,,TRUE,https://shop.ignyteny.com/whitestone/products/elements-418454/accessories/elements-metal-ashtray-blue-small-magnet-ashtray-accessories-7443784,https://tymber-blaze-products.imgix.net/Element--Metal-Ashtray--Blue--Magnet-Small-47e7d215-2e70-4c6e-b530-82c5371b8723.jpg,2026-05-23T23:12:18.599992+00:00,,,
ignyte-red-hook,IFD1PRO2,IFD1PRO2,Elements | King Size Wide - Papers | Accessories,Elements,merch,,200,,,,TRUE,https://shop.ignyteny.com/whitestone/products/elements-418454/accessories/elements-king-size-wide-papers-accessories-7443783,https://tymber-blaze-products.imgix.net/Element--Kingsize--Wide-d6557f34-d0d6-47a4-846f-f53150d736c8.jpg,2026-05-23T23:12:18.599992+00:00,,,
ignyte-red-hook,I87BPRO1,I87BPRO1,D&K - Classic Golden and Bronze Mini Kit | Grinder | Accessories,Empire Smoke,merch,,1500,,,,TRUE,https://shop.ignyteny.com/whitestone/products/empire-smoke-559150/accessories/dk-classic-golden-and-bronze-mini-kit-grinder-accessories-7443782,https://tymber-blaze-products.imgix.net/D-K--Classic-Golden-and-Bronze--Metal-Pipe--Mini-Grinder-Kit-00c1d23e-f0f8-4dd7-be2c-7284783162a6.jpg,2026-05-23T23:12:18.599992+00:00,,,
ignyte-red-hook,ID24PRO3,ID24PRO3,Puffco - Peak V2 - Canyon Orange | E-Rig | Accessories,Puffco,merch,,21000,,,,TRUE,https://shop.ignyteny.com/whitestone/products/puffco-418499/accessories/puffco-peak-v2-canyon-orange-e-rig-accessories-7443798,https://tymber-blaze-products.imgix.net/Puffco--Peak-V2--Canyon-Orange-6c4009af-eca2-48c3-a18d-a0698aea0f55.jpg,2026-05-23T23:12:18.599992+00:00,,,
ignyte-red-hook,I625PRO2,I625PRO2,Puffco - Peak V2 - Bliss | E-Rig | Accessories,Puffco,merch,,21000,,,,TRUE,https://shop.ignyteny.com/whitestone/products/puffco-418499/accessories/puffco-peak-v2-bliss-e-rig-accessories-7443797,https://tymber-blaze-products.imgix.net/Puffco--Peak-V2--Bliss-ae3bed44-099c-4d74-a0bb-06903810f097.jpg,2026-05-23T23:12:18.599992+00:00,,,
ignyte-red-hook,I93DPRO1,I93DPRO1,Puffco - Hot Knife - Pearl | Heated Loading Tool | Accessories,Puffco,merch,,6000,,,,TRUE,https://shop.ignyteny.com/whitestone/products/puffco-418499/accessories/puffco-hot-knife-pearl-heated-loading-tool-accessories-7443796,https://tymber-blaze-products.imgix.net/Puffco-_-Hot-Knife---Pearl--Heated-Loading-Tool-c4ed0262-6641-4b05-8aa6-a018451e52c6.jpg,2026-05-23T23:12:18.599992+00:00,,,
ignyte-red-hook,I672PRO1,I672PRO1,Ooze - Hot Box - Silicone Containers | Storage | Accessories,Ooze,merch,,200,,,,TRUE,https://shop.ignyteny.com/whitestone/products/ooze-559148/accessories/ooze-hot-box-silicone-containers-storage-accessories-7443794,https://tymber-blaze-products.imgix.net/OOZE--Hot-Box-Silicone-Containers-fa9b79fd-0e3a-487e-979e-832d5c0314d3.jpg,2026-05-23T23:12:18.599992+00:00,,,
ignyte-red-hook,I9C2PRO1,I9C2PRO1,Wulf- Honeystraw and Pen Torch kit- Galactic,Wulf,merch,,5000,,,,TRUE,https://shop.ignyteny.com/whitestone/products/wulf-631810/accessories/wulf-honeystraw-and-pen-torch-kit-galactic-7443807,https://tymber-blaze-products.imgix.net/Wulf--Honeystraw-and-Pen-Torch-kit--Galactic-6ff32191-5c88-4ad3-b5a5-da97dc9c4ea5.jpg,2026-05-23T23:12:18.599992+00:00,,,
ignyte-red-hook,I89DPRO2,I89DPRO2,Smoxy - Torch Lighter - Legend - Blue | Lighter | Accessories,Empire Smoke,merch,,2000,,,,TRUE,https://shop.ignyteny.com/whitestone/products/empire-smoke-559150/accessories/smoxy-torch-lighter-legend-blue-lighter-accessories-7443805,https://tymber-blaze-products.imgix.net/Smokey--Torch-Lighter--Blue-4cbe3aeb-2a9c-4397-bae8-523175f79f94.jpg,2026-05-23T23:12:18.599992+00:00,,,
ignyte-red-hook,I8B3PRO3,I8B3PRO3,Smoxy - Torch Lighter - Apollo - Black | Lighter | Accessories,Empire Smoke,merch,,2000,,,,TRUE,https://shop.ignyteny.com/whitestone/products/empire-smoke-559150/accessories/smoxy-torch-lighter-apollo-black-lighter-accessories-7443804,https://tymber-blaze-products.imgix.net/Smokey--Torch-Lighter--Black2-caf18cd2-a7f1-4c91-80d0-dd72cfa982ac.jpg,2026-05-23T23:12:18.599992+00:00,,,
ignyte-red-hook,IF50PRO1,IF50PRO1,Raw - King Size - Wide - Classic | Papers | Accessories,Raw,merch,,300,,,,TRUE,https://shop.ignyteny.com/whitestone/products/raw-430482/accessories/raw-king-size-wide-classic-papers-accessories-7443803,https://tymber-blaze-products.imgix.net/Raw--Wide--Kingsize--Classic-2a1d98ef-16ef-428e-aec8-868bc11c4731.jpg,2026-05-23T23:12:18.599992+00:00,,,
ignyte-red-hook,I229PRO1,I229PRO1,Raw - Classic Cones - Black | 20pk King Size - Papers | Accessories,Raw,merch,,1000,,,,TRUE,https://shop.ignyteny.com/whitestone/products/raw-430482/accessories/raw-classic-cones-black-20pk-king-size-papers-accessories-7443801,https://tymber-blaze-products.imgix.net/raw-20pk-black-7b062cc6-c83a-4e4a-ad9c-33a6308db0da.jpg,2026-05-23T23:12:18.599992+00:00,,,
ignyte-red-hook,ICAAPRO3,ICAAPRO3,Girl Scout Cookies X (H) | 3.5g | 8th - Flower | High Falls Canna,High Falls Canna,flower,,3500,26.79,,hybrid,TRUE,https://shop.ignyteny.com/whitestone/products/high-falls-canna-617486/flower/girl-scout-cookies-x-h-35g-8th-flower-high-falls-canna-7446268,https://tymber-blaze-products.imgix.net/high-falls-canna-girl-scout-cookies-x-8th-11c732ce-7ea9-474a-84d3-581a28d32bb9.jpg,2026-05-23T23:12:18.599992+00:00,,,Girl Scout Cookies X
ignyte-red-hook,IBD4PRO1,IBD4PRO1,Girl Scout Cookies X (H) | 14g | 1/2oz - Flower | High Falls Canna,High Falls Canna,flower,,10000,28.02,,hybrid,TRUE,https://shop.ignyteny.com/whitestone/products/high-falls-canna-617486/flower/girl-scout-cookies-x-h-14g-12oz-flower-high-falls-canna-7446267,https://tymber-blaze-products.imgix.net/high-falls-canna-girl-scout-cookies-x-14g-4bb81b32-9fcb-4716-9489-2cb22bae1c97.jpg,2026-05-23T23:12:18.599992+00:00,,,Girl Scout Cookies X
ignyte-red-hook,IC00PRO1,IC00PRO1,Purple Punch X (I) | 14g | 1/2oz - Flower | High Falls Canna,High Falls Canna,flower,,10000,27.02,,indica,TRUE,https://shop.ignyteny.com/whitestone/products/high-falls-canna-617486/flower/purple-punch-x-i-14g-12oz-flower-high-falls-canna-7446269,https://tymber-blaze-products.imgix.net/high-falls-canna-purple-punch-x-14g-56548383-2d77-4486-baa7-5694c9165146.jpg,2026-05-23T23:12:18.599992+00:00,,,Purple Punch
ignyte-red-hook,ID43PRO2,ID43PRO2,Wedding Cake (H) | 2pk x 0.5g | 1g - Prerolls | High Falls Canna,High Falls Canna,other,,1200,,,hybrid,TRUE,https://shop.ignyteny.com/whitestone/products/high-falls-canna-617486/pre-rolls/wedding-cake-h-2pk-x-05g-1g-prerolls-high-falls-canna-7446270,https://tymber-blaze-products.imgix.net/high-falls-wedding-cake-59318da3-1aa2-42fe-9458-6d19639d335b.jpg,2026-05-23T23:12:18.599992+00:00,,,Wedding Cake
ignyte-red-hook,I452PRO1,I452PRO1,High Falls Hemp - CBD Lip Balm | Topicals,HIGH FALLS HEMP NY,topical,.5g,1000,,,,TRUE,https://shop.ignyteny.com/whitestone/products/high-falls-hemp-ny-638141/topicals/high-falls-hemp-cbd-lip-balm-topicals-7447396,https://tymber-blaze-products.imgix.net/cbd-lip-balm-high-falls-hemp-ny-1-0bb78feb-e0f2-4eea-a28b-b6e3a98f8070.jpg,2026-05-23T23:12:18.599992+00:00,,,CBD
ignyte-red-hook,I682PRO1,I682PRO1,Cherry Cola (H) (2:1 THC:CBD) 10mg THC : 5mg CBD - 12oz  - Beverages - High Peaks,High Peaks,edible,,500,,,hybrid,TRUE,https://shop.ignyteny.com/whitestone/products/high-peaks-591514/beverages/cherry-cola-h-21-thccbd-10mg-thc-5mg-cbd-12oz-beverages-high-peaks-7461193,https://tymber-blaze-products.imgix.net/high-peaks-cherry-cola-79bc5c10-4aac-4fb1-abb8-dfe54f2ae2df.jpg,2026-05-23T23:12:18.599992+00:00,,,Cherry Cola
ignyte-red-hook,I28APRO1,I28APRO1,Recover | 1g - FX Based AIO - Vape Pens | Ayrloom,ayrloom,other,,6000,,,hybrid,TRUE,https://shop.ignyteny.com/whitestone/products/ayrloom-418470/vape-aios/recover-1g-fx-based-aio-vape-pens-ayrloom-7461564,https://tymber-blaze-products.imgix.net/ayrloom-recover-55bcb4ee-dc7e-4a1b-b3e7-7cccfa629599.jpg,2026-05-23T23:12:18.599992+00:00,,,RECOVER
ignyte-red-hook,I3BDPRO1,I3BDPRO1,THCa Diamond Powder (H) | 0.5g - Concentrates | Silly Nice,Silly Nice,concentrate,,5000,,,hybrid,TRUE,https://shop.ignyteny.com/whitestone/products/silly-nice-696716/concentrates/thca-diamond-powder-h-05g-concentrates-silly-nice-7473273,https://tymber-blaze-products.imgix.net/silly-nice-diamond-powder-f1c60cdb-ff2e-4d51-8073-25c3f523832f.jpg,2026-05-23T23:12:18.599992+00:00,,,THCA DIAMOND POWDER
ignyte-red-hook,IF21PRO1,IF21PRO1,Blue Moon Punch (S) | 28g | 1oz - Premium Smalls - Flower | Munchkins,Munchkins,flower,,13000,22.4,,sativa,TRUE,https://shop.ignyteny.com/whitestone/products/munchkins-626440/flower/blue-moon-punch-s-28g-1oz-premium-smalls-flower-munchkins-7527512,https://tymber-blaze-products.imgix.net/munchkins-sativa-60bb402e-a1da-4c93-b4fe-7abacee91240.jpg,2026-05-23T23:12:18.599992+00:00,,,BLUE MOON PUNCH
ignyte-red-hook,I80FPRO1,I80FPRO1,Guava Runtz (H) - 28g - 1oz - Premium Smalls - Flower - Munchkins,Munchkins,flower,,13000,18.8,,hybrid,TRUE,https://shop.ignyteny.com/whitestone/products/munchkins-626440/flower/guava-runtz-h-28g-1oz-premium-smalls-flower-munchkins-7527515,https://tymber-blaze-products.imgix.net/munchkins-hybrid-79ccdc52-3c66-4327-8458-87e209a2c716.jpg,2026-05-23T23:12:18.599992+00:00,,,GUAVA RUNTZ
ignyte-red-hook,IF2FPRO2,IF2FPRO2,Flav OG (I) | 1g - AIO - Vape Pens | Flav,Flav,other,,4500,78.74,,indica,TRUE,https://shop.ignyteny.com/whitestone/products/flav-668875/vape-aios/flav-og-i-1g-aio-vape-pens-flav-7527514,https://tymber-blaze-products.imgix.net/Flav-OG--I----1g---AIO---Vape-Pens---Flav-bdca8c9b-ce7f-48a7-b95c-d59631eb6eb7.jpg,2026-05-23T23:12:18.599992+00:00,,,FLAV OG
ignyte-red-hook,IEE5PRO1,IEE5PRO1,Strawberry Cheesecake (I) - 28g - 1oz - Premium Smalls - Flower - Munchkins,Munchkins,flower,,13000,15.5,,indica,TRUE,https://shop.ignyteny.com/whitestone/products/munchkins-626440/flower/strawberry-cheesecake-i-28g-1oz-premium-smalls-flower-munchkins-7527519,https://tymber-blaze-products.imgix.net/munchkins-indica-bd7071ab-e536-4821-8bad-f3a22769505e.jpg,2026-05-23T23:12:18.599992+00:00,,,STRAWBERRY CHEESECAKE
ignyte-red-hook,I877PRO1,I877PRO1,Sour GMO (S) - 28g - 1oz - Premium Smalls - Flower -Munchkins,Munchkins,flower,,13000,,,sativa,TRUE,https://shop.ignyteny.com/whitestone/products/munchkins-626440/flower/sour-gmo-s-28g-1oz-premium-smalls-flower-munchkins-7527518,https://tymber-blaze-products.imgix.net/munchkins-sativa-f85def21-27a6-4bff-b8db-9c926caf8492.jpg,2026-05-23T23:12:18.599992+00:00,,,SOUR GMO
ignyte-red-hook,I8C9PRO4,I8C9PRO4,Sour Diesel (S) - 28g - 1oz - Premium Smalls - Flower - Munchkins,Munchkins,flower,,13000,21.7,,sativa,TRUE,https://shop.ignyteny.com/whitestone/products/munchkins-626440/flower/sour-diesel-s-28g-1oz-premium-smalls-flower-munchkins-7527517,https://tymber-blaze-products.imgix.net/munchkins-sativa-63a09969-9cca-414d-adfe-f9789a9de1a5.jpg,2026-05-23T23:12:18.599992+00:00,,,SOUR DIESEL
ignyte-red-hook,IF51PRO1,IF51PRO1,Trop Cherry (H) - 28g - 1oz - Premium Smalls - Flower - Munchkins,Munchkins,flower,,13000,22.2,,hybrid,TRUE,https://shop.ignyteny.com/whitestone/products/munchkins-626440/flower/trop-cherry-h-28g-1oz-premium-smalls-flower-munchkins-7527520,https://tymber-blaze-products.imgix.net/munchkins-hybrid-62c40c56-a899-4ec3-9612-b28b08deeb5a.jpg,2026-05-23T23:12:18.599992+00:00,,,TROP CHERRY
ignyte-red-hook,IE19PRO1,IE19PRO1,OG Kush (H) | 1g - Pure Live Resin 510 Cart - Vape Cart | High Garden,High Garden,vaporizers,,5000,,,hybrid,TRUE,https://shop.ignyteny.com/whitestone/products/high-garden-622134/vape-carts/og-kush-h-1g-pure-live-resin-510-cart-vape-cart-high-garden-7532504,https://tymber-blaze-products.imgix.net/high-garden-hybrid-9df8a5d2-7e51-49de-b91e-93c98479d574.jpg,2026-05-23T23:12:18.599992+00:00,,,OG KUSH
ignyte-red-hook,I746PRO1,I746PRO1,Lemon Cherry Runtz (IH) | 1g - Live Resin AIO - Vape Pens | CRU,CRU,other,,6000,91.79,,indica,TRUE,https://shop.ignyteny.com/whitestone/products/cru-622135/vape-aios/lemon-cherry-runtz-ih-1g-live-resin-aio-vape-pens-cru-7532503,https://tymber-blaze-products.imgix.net/cru-vape-all-in-ones-nyc-07471b12-ea13-4a6f-851c-573fe6ba51f6.jpg,2026-05-23T23:12:18.599992+00:00,,,Lemon Cherry Runtz
ignyte-red-hook,IE3APRO1,IE3APRO1,Slurricane (I) | 1g - Pure Live Resin 510 Cart - Vape Cart | High Garden,High Garden,vaporizers,,5000,,,indica,TRUE,https://shop.ignyteny.com/whitestone/products/high-garden-622134/vape-carts/slurricane-i-1g-pure-live-resin-510-cart-vape-cart-high-garden-7532505,https://tymber-blaze-products.imgix.net/high-garden-indica-1f812385-bcbb-4d9f-bfb9-62d2f826d07b.jpg,2026-05-23T23:12:18.599992+00:00,,,SLURRICANE
ignyte-red-hook,I8AAPRO1,I8AAPRO1,Ice Cream Cake (I) | 3.5g | 8th - Flower | Budd,Budd,flower,,3500,21.64,,indica,TRUE,https://shop.ignyteny.com/whitestone/products/budd-700715/flower/ice-cream-cake-i-35g-8th-flower-budd-7532575,https://tymber-blaze-products.imgix.net/budd-Ice-Cream-Cake-1d3841b5-b58b-4e87-9e1a-9276d5efdc86.jpg,2026-05-23T23:12:18.599992+00:00,,,Ice Cream Cake
ignyte-red-hook,I8CEPRO1,I8CEPRO1,Blue Dream (S) | 3.5g | 8th - Flower | Budd,Budd,flower,,3500,21.64,,sativa,TRUE,https://shop.ignyteny.com/whitestone/products/budd-700715/flower/blue-dream-s-35g-8th-flower-budd-7532574,https://tymber-blaze-products.imgix.net/budd-Blue-Dream-78b7132e-ff5e-452b-ba2a-46876e563985.jpg,2026-05-23T23:12:18.599992+00:00,,,Blue Dream
ignyte-red-hook,I8C2PRO1,I8C2PRO1,Purple Kush (I) | 3.5g | 8th - Flower | Budd,Budd,flower,,3500,22.05,,indica,TRUE,https://shop.ignyteny.com/whitestone/products/budd-700715/flower/purple-kush-i-35g-8th-flower-budd-7532577,https://tymber-blaze-products.imgix.net/budd-Purple-Kush-31c83cf6-cabc-4571-ac40-1d0b244443cf.jpg,2026-05-23T23:12:18.599992+00:00,,,Purple Kush
ignyte-red-hook,IDDFPRO1,IDDFPRO1,Trop Cherry (SH) 1pk x 1g - Prerolls - Electraleaf,Electraleaf New York,other,,1500,,,hybrid,TRUE,https://shop.ignyteny.com/whitestone/products/electraleaf-new-york-591515/pre-rolls/trop-cherry-sh-1pk-x-1g-prerolls-electraleaf-7564322,https://tymber-blaze-products.imgix.net/-Trop-Cherry--SH----Preroll---1pk---1g---Electraleaf-a1c14ef1-c3b3-4584-aa0b-f24d3e46c95f.jpg,2026-05-23T23:12:18.599992+00:00,,,TROP CHERRY
ignyte-red-hook,I2D5PRO1,I2D5PRO1,Purple Reign (H) | 1pk x 1g - Preroll | Toast,Toast,other,,1500,,,hybrid,TRUE,https://shop.ignyteny.com/whitestone/products/toast-559163/pre-rolls/purple-reign-h-1pk-x-1g-preroll-toast-7572384,https://tymber-blaze-products.imgix.net/Purple-Reign--H----1pk---1g---Preroll---Toast-8a7d3c9b-d600-4b2e-805e-3c9f114f3d3d.jpg,2026-05-23T23:12:18.599992+00:00,,,PURPLE REIGN
ignyte-red-hook,IE58PRO1,IE58PRO1,High Noon |  10pk x 10mg  | Milk Chocolate - Edibles  | 100mg (10:10 THC:CBD) |  Calamity Jane,Calamity Jane,other,,3000,,,sativa,TRUE,https://shop.ignyteny.com/whitestone/products/calamity-jane-700205/chocolate/high-noon-10pk-x-10mg-milk-chocolate-edibles-100mg-1010-thccbd-calamity-jane-7573359,https://tymber-blaze-products.imgix.net/dark-star-calamity-jane-high-noon-52d1e788-79c9-40fa-9db1-ca65830a9755.jpg,2026-05-23T23:12:18.599992+00:00,,,HIGH NOON
ignyte-red-hook,I12APRO1,I12APRO1,Daytime  | 1pk x 100mg - THC:CBG (10:5) | Milk Chocolate - Edibles | Bullet Bar,Dark Star,other,,2000,,,sativa,TRUE,https://shop.ignyteny.com/whitestone/products/dark-star-700193/chocolate/daytime-1pk-x-100mg-thccbg-105-milk-chocolate-edibles-bullet-bar-7573358,https://tymber-blaze-products.imgix.net/dark-star-bullet-bar-daytime-e7448b09-7688-48b7-87e6-89abbed16209.jpg,2026-05-23T23:12:18.599992+00:00,,,DAYTIME
ignyte-red-hook,IA6EPRO2,IA6EPRO2,Anytime |  1pk x 100mg - Cookies & Cream Chocolate - Edibles  |  Bullet Bar,Dark Star,other,,2000,,,hybrid,TRUE,https://shop.ignyteny.com/whitestone/products/dark-star-700193/chocolate/anytime-1pk-x-100mg-cookies-cream-chocolate-edibles-bullet-bar-7573357,https://tymber-blaze-products.imgix.net/dark-star-bullet-bar-anytime-b3adcb95-e295-409e-8a71-bf0219fb72bc.jpg,2026-05-23T23:12:18.599992+00:00,,,ANYTIME
ignyte-red-hook,I480PRO2,I480PRO2,Sundown |  10pk x 10mg  | DarkChocolate - Edibles  | 100mg (10:10 THC:CBN) |  Calamity Jane,Calamity Jane,other,,3000,,,indica,TRUE,https://shop.ignyteny.com/whitestone/products/calamity-jane-700205/chocolate/sundown-10pk-x-10mg-darkchocolate-edibles-100mg-1010-thccbn-calamity-jane-7573361,https://tymber-blaze-products.imgix.net/dark-star-calamity-jane-sun-down-60d66cdc-63b8-4217-a354-b3e5423eddd2.jpg,2026-05-23T23:12:18.599992+00:00,,,SUNDOWN
ignyte-red-hook,I924PRO1,I924PRO1,Night Time | 1pk x 100mg - THC:CBN (10:5) | Dark Chocolate - Edibles | Bullet Bar,Dark Star,other,,2000,,,indica,TRUE,https://shop.ignyteny.com/whitestone/products/dark-star-700193/chocolate/night-time-1pk-x-100mg-thccbn-105-dark-chocolate-edibles-bullet-bar-7573360,https://tymber-blaze-products.imgix.net/dark-star-bullet-bar-night-time-20822fa7-56da-432c-b092-c21b03c75ec8.jpg,2026-05-23T23:12:18.599992+00:00,,,NIGHT TIME
ignyte-red-hook,I8AAPRO2,I8AAPRO2,Cereal Milk x Banana Mochi | 2pk x 0.75g | 1.5g - Full Melt Infused - Prerolls | Zizzle,Zizzle,other,,3500,,,,TRUE,https://shop.ignyteny.com/whitestone/products/zizzle-418479/pre-rolls/cereal-milk-x-banana-mochi-2pk-x-075g-15g-full-melt-infused-prerolls-zizzle-7603597,https://tymber-blaze-products.imgix.net/Cereal-Milk-x-Banana-Mochi-Full-Melt-Infused-Pre-roll-2pk---Zizzle-b2483635-00e4-4ab3-a682-88334d1cca25.jpg,2026-05-23T23:12:18.599992+00:00,,,Cereal Milk x Banana Mochi
ignyte-red-hook,I83BPRO1,I83BPRO1,Bubble Bath x Strawberry Cannoli | 2pk x 0.75g | 1.5g - Full Melt Infused - Prerolls | Zizzle,Zizzle,other,,3500,36.49,,,TRUE,https://shop.ignyteny.com/whitestone/products/zizzle-418479/pre-rolls/bubble-bath-x-strawberry-cannoli-2pk-x-075g-15g-full-melt-infused-prerolls-zizzle-7603596,https://tymber-blaze-products.imgix.net/Bubble-Bath-x-Strawberry-Cannoli-Full-Melt-Infused-Pre-roll-2pk---Zizzle-2dda2ae1-a6d9-4024-b2b9-c68a1aab5d1d.jpg,2026-05-23T23:12:18.599992+00:00,,,Bubble Bath x Strawberry Cannoli
ignyte-red-hook,I8EAPRO1,I8EAPRO1,Z SPRITZ x Purple Mtn | 2pk x 0.75g | 1.5g - Full Melt Infused Prerolls | Zizzle,Zizzle,other,,3500,,,,TRUE,https://shop.ignyteny.com/whitestone/products/zizzle-418479/pre-rolls/z-spritz-x-purple-mtn-2pk-x-075g-15g-full-melt-infused-prerolls-zizzle-7603600,https://tymber-blaze-products.imgix.net/Z-SPRITZ-x-Purple-Mtn-Full-Melt-Infused-Pre-Roll-2pk---Zizzle-26c894eb-1214-4a6f-af73-a8133dc28fb9.jpg,2026-05-23T23:12:18.599992+00:00,,,Z SPRITZ x PURPLE MTN
ignyte-red-hook,I07APRO1,I07APRO1,Purple Daddy x Grape Cheesecake | 2pk x 0.75g | 1.5g - Full Melt Infused - Prerolls | Zizzle,Zizzle,other,,3500,,,,TRUE,https://shop.ignyteny.com/whitestone/products/zizzle-418479/pre-rolls/purple-daddy-x-grape-cheesecake-2pk-x-075g-15g-full-melt-infused-prerolls-zizzle-7603598,https://tymber-blaze-products.imgix.net/Purple-Daddy-x-Grape-Cheesecake-Full-Melt-Infused-Pre-Roll-2pk---Zizzle-229863bf-1c12-4cfa-8fd6-629e2507131c.jpg,2026-05-23T23:12:18.599992+00:00,,,Purple Daddy x Grape Cheesecake
ignyte-red-hook,IC2FPRO2,IC2FPRO2,Chocolate Squares - Edible - 4pk x 10mg - Lussi,Lussi,other,,2500,,,,TRUE,https://shop.ignyteny.com/whitestone/products/lussi-630785/chocolate/chocolate-squares-edible-4pk-x-10mg-lussi-7606590,https://tymber-blaze-products.imgix.net/lussi-logo-e785b9ab-4d0f-4240-9eee-efc713c19757.jpg,2026-05-23T23:12:18.599992+00:00,,,
ignyte-red-hook,IC3BPRO2,IC3BPRO2,Archive Runtz (H) | 3.5g | 8th - Flower | Bodega Boyz,Bodega Boyz,flower,,5000,28.3,,hybrid,TRUE,https://shop.ignyteny.com/whitestone/products/bodega-boyz-508669/flower/archive-runtz-h-35g-8th-flower-bodega-boyz-7607503,https://tymber-blaze-products.imgix.net/Archive-Runtz--H----3-5g---Flower---Bodega-Boyz-d57c0455-5db2-441b-8a92-bdc0298cb683.jpg,2026-05-23T23:12:18.599992+00:00,,,ARCHIVE RUNTZ
ignyte-red-hook,I5E6PRO1,I5E6PRO1,Bananas & Honey (I) | 4pk x 0.7g | 2.8g - Diamond Infused - Prerolls | Bodega Boyz,Bodega Boyz,other,,7000,,,indica,TRUE,https://shop.ignyteny.com/whitestone/products/bodega-boyz-508669/pre-rolls/bananas-honey-i-4pk-x-07g-28g-diamond-infused-prerolls-bodega-boyz-7607504,https://tymber-blaze-products.imgix.net/Bananas---Honey--I----4pk-x-0-7g---2-8g---Diamond-Infused---Prerolls---Bodega-Boyz-d3e01f51-f1e7-48d4-a0d9-9a75a4e488a4.jpg,2026-05-23T23:12:18.599992+00:00,,,BANANAS & HONEY
ignyte-red-hook,IDB8PRO3,IDB8PRO3,Peach Kush (I) | 4pk x 0.7g | 2.8g - Diamond Infused Prerolls | Bodega Boyz,Bodega Boyz,other,,7000,,,indica,TRUE,https://shop.ignyteny.com/whitestone/products/bodega-boyz-508669/pre-rolls/peach-kush-i-4pk-x-07g-28g-diamond-infused-prerolls-bodega-boyz-7607510,https://tymber-blaze-products.imgix.net/Peach-Kush--I----4pk-x-0-7g---2-8g---Diamond-Infused---Prerolls---Bodega-Boyz-e8e76f00-5fbd-4991-8f1b-f2c25c274336.jpg,2026-05-23T23:12:18.599992+00:00,,,PEACH KUSH
ignyte-red-hook,I623PRO2,I623PRO2,OJ HI-C (S) | 4pk x 0.7g | 2.8g - Diamond Infused Prerolls | Bodega Boyz,Bodega Boyz,other,,7000,,,sativa,TRUE,https://shop.ignyteny.com/whitestone/products/bodega-boyz-508669/pre-rolls/oj-hi-c-s-4pk-x-07g-28g-diamond-infused-prerolls-bodega-boyz-7607509,https://tymber-blaze-products.imgix.net/OJ-HI-C--S----4pk-x-0-7g---2-8g---Diamond-Infused---Prerolls---Bodega-Boyz-e42297a7-2944-4416-b846-eb7904f8540a.jpg,2026-05-23T23:12:18.599992+00:00,,,OJ HI-C
ignyte-red-hook,I58CPRO1,I58CPRO1,Mango Gelato (I) 4pk x 0.7g - 2.8g - Shorties - Diamond Infused - Prerolls - Bodega Boyz,Bodega Boyz,other,,7000,,,indica,TRUE,https://shop.ignyteny.com/whitestone/products/bodega-boyz-508669/pre-rolls/mango-gelato-i-4pk-x-07g-28g-shorties-diamond-infused-prerolls-bodega-boyz-7607508,https://tymber-blaze-products.imgix.net/Mango-Gelato--I----4pk-x-0-7g---2-8g---Diamond-Infused---Prerolls---Bodega-Boyz-f17b26c8-ea51-4b9b-8fdf-4cc3409faa3b.jpg,2026-05-23T23:12:18.599992+00:00,,,MANGO GELATO
ignyte-red-hook,I56CPRO1,I56CPRO1,Guava Zkittlez (H) | 4pk x 0.7g | 2.8g - Diamond Infused - Prerolls | Bodega Boyz,Bodega Boyz,other,,7000,,,hybrid,TRUE,https://shop.ignyteny.com/whitestone/products/bodega-boyz-508669/pre-rolls/guava-zkittlez-h-4pk-x-07g-28g-diamond-infused-prerolls-bodega-boyz-7607506,https://tymber-blaze-products.imgix.net/Guava-Zkittlez--H----4pk-x-0-7g---2-8g---Diamond-Infused---Prerolls---Bodega-Boyz-48f6e211-9842-46ff-ab99-6a4e4c46ddf4.jpg,2026-05-23T23:12:18.599992+00:00,,,GUAVA ZKITTLEZ
ignyte-red-hook,I55BPRO1,I55BPRO1,Watermelon Zkittlez (I) | 4pk x 0.7g | 2.8g - Diamond Infused Prerolls | Bodega Boyz,Bodega Boyz,other,,7000,,,hybrid,TRUE,https://shop.ignyteny.com/whitestone/products/bodega-boyz-508669/pre-rolls/watermelon-zkittlez-i-4pk-x-07g-28g-diamond-infused-prerolls-bodega-boyz-7607514,https://tymber-blaze-products.imgix.net/Watermelon-Zkittlez--H----4pk-x-0-7g---2-8g---Diamond-Infused---Prerolls---Bodega-Boyz-eaf8c0b4-d53b-4e85-bd29-f2c5957b3180.jpg,2026-05-23T23:12:18.599992+00:00,,,WATERMELON ZKITTLEZ
ignyte-red-hook,ID43PRO3,ID43PRO3,Strawberry Haze (S) | 4pk x 0.7g | 2.8g - Diamond Infused Prerolls | Bodega Boyz,Bodega Boyz,other,,7000,,,sativa,TRUE,https://shop.ignyteny.com/whitestone/products/bodega-boyz-508669/pre-rolls/strawberry-haze-s-4pk-x-07g-28g-diamond-infused-prerolls-bodega-boyz-7607513,https://tymber-blaze-products.imgix.net/Strawberry-Haze--S----4pk-x-0-7g---2-8g---Diamond-Infused---Prerolls---Bodega-Boyz-77bae155-28a5-4c7c-a446-83a9bef1a993.jpg,2026-05-23T23:12:18.599992+00:00,,,STRAWBERRY HAZE
ignyte-red-hook,I666PRO4,I666PRO4,Sour Apple (S) | 4pk x 0.7g | 2.8g - Diamond Infused Prerolls | Bodega Boyz,Bodega Boyz,other,,7000,,,sativa,TRUE,https://shop.ignyteny.com/whitestone/products/bodega-boyz-508669/pre-rolls/sour-apple-s-4pk-x-07g-28g-diamond-infused-prerolls-bodega-boyz-7607512,https://tymber-blaze-products.imgix.net/Sour-Apple--S----4pk-x-0-7g---2-8g---Diamond-Infused---Prerolls---Bodega-Boyz-c0a79309-3832-4353-b4f7-19a3b8fdf054.jpg,2026-05-23T23:12:18.599992+00:00,,,SOUR APPLE
ignyte-red-hook,ID13PRO1,ID13PRO1,Pineapple Kush (H) | 4pk x 0.7g | 2.8g - Diamond Infused Prerolls | Bodega Boyz,Bodega Boyz,other,,7000,,,hybrid,TRUE,https://shop.ignyteny.com/whitestone/products/bodega-boyz-508669/pre-rolls/pineapple-kush-h-4pk-x-07g-28g-diamond-infused-prerolls-bodega-boyz-7607511,https://tymber-blaze-products.imgix.net/Pineapple-Kush--H----4pk-x-0-7g---2-8g---Diamond-Infused---Prerolls---Bodega-Boyz-fb0c4ce7-8062-4d7d-8ab7-02a2021eb903.jpg,2026-05-23T23:12:18.599992+00:00,,,PINEAPPLE KUSH
ignyte-red-hook,ID8APRO2,ID8APRO2,Pineapple (I) | 1pk x 1g - Moon Rock Infused Preroll | Presidential,Presidential,other,,2500,,,indica,TRUE,https://shop.ignyteny.com/whitestone/products/presidential-629169/pre-rolls/pineapple-i-1pk-x-1g-moon-rock-infused-preroll-presidential-7608201,https://tymber-blaze-products.imgix.net/Pineapple--I----1g---Moon-Rock-Infused-Pre-Roll-_-Presidential-d1f943a0-3a2e-41e2-8e42-7ec72acf67a5.jpg,2026-05-23T23:12:18.599992+00:00,,,Pineapple
ignyte-red-hook,IF9FPRO3,IF9FPRO3,Pink Passionfruit (S) | 3.5g | 8th - Large Bud - Flower | 1937,1937,flower,,3500,28.53,,hybrid,TRUE,https://shop.ignyteny.com/whitestone/products/1937-715401/flower/pink-passionfruit-s-35g-8th-large-bud-flower-1937-7608424,https://tymber-blaze-products.imgix.net/1937-hybrid-0639e6c6-bee1-4ee7-9e00-c3e58f4bbf73.jpg,2026-05-23T23:12:18.599992+00:00,,,Pink Passionfruit
ignyte-red-hook,I5AAPRO1,I5AAPRO1,Kush Cake (H) | 14g | 1/2oz - Mixed Bud - Flower | 1937,1937,flower,,10000,27.01,,indica,TRUE,https://shop.ignyteny.com/whitestone/products/1937-715401/flower/kush-cake-h-14g-12oz-mixed-bud-flower-1937-7608423,https://tymber-blaze-products.imgix.net/1937-indica-flower-8b34a614-211f-4912-a486-e4e3279b0272.jpg,2026-05-23T23:12:18.599992+00:00,,,Kush Cake
ignyte-red-hook,I00EPRO1,I00EPRO1,Indoor Velvet Breath (I) | 14g | 1/2oz - Large Bud - Flower | 1937,1937,flower,,10000,32.48,,indica,TRUE,https://shop.ignyteny.com/whitestone/products/1937-715401/flower/indoor-velvet-breath-i-14g-12oz-large-bud-flower-1937-7608422,https://tymber-blaze-products.imgix.net/1937-indica-flower-555e3502-71f2-4946-a181-83d2021b6730.jpg,2026-05-23T23:12:18.599992+00:00,,,Indoor Velvet Breath
ignyte-red-hook,IFC2PRO3,IFC2PRO3,Georgia Pie (H) | 3.5g | 8th - Large Bud - Flower | 1937,1937,flower,,3500,27.03,,hybrid,TRUE,https://shop.ignyteny.com/whitestone/products/1937-715401/flower/georgia-pie-h-35g-8th-large-bud-flower-1937-7608421,https://tymber-blaze-products.imgix.net/1937-hybrid-cd1b018e-98ae-4fec-8a7e-a5b6d84a6aac.jpg,2026-05-23T23:12:18.599992+00:00,,,Georgia Pie
ignyte-red-hook,I5ABPRO1,I5ABPRO1,NYC Diesel (S) | 1pk x 1g - Moonrock Infused - Preroll | Presidential,Presidential,other,,2500,,,sativa,TRUE,https://shop.ignyteny.com/whitestone/products/presidential-629169/pre-rolls/nyc-diesel-s-1pk-x-1g-moonrock-infused-preroll-presidential-7662483,https://tymber-blaze-products.imgix.net/NYC-Diesel--S----1pk-x-1g---Moonrock-Infused---Preroll---Presidential-2ac9946e-382f-4bbf-ae28-eeadaae5cb1d.jpg,2026-05-23T23:12:18.599992+00:00,,,NYC DIESEL
ignyte-red-hook,I5B9PRO1,I5B9PRO1,NYC Diesel (S) | 1pk x 1.5g - Moonrock Infused Blunt - Preroll | Presidential,Presidential,other,,3500,,,sativa,TRUE,https://shop.ignyteny.com/whitestone/products/presidential-629169/pre-rolls/nyc-diesel-s-1pk-x-15g-moonrock-infused-blunt-preroll-presidential-7662482,https://tymber-blaze-products.imgix.net/NYC-Diesel--S----1pk-x-1-5g---Moonrock-Infused---Blunt---Presidential-7ccc3407-7d1e-4219-9ad5-9d63b753591a.jpg,2026-05-23T23:12:18.599992+00:00,,,NYC DIESEL
ignyte-red-hook,IB13PRO1,IB13PRO1,King Louis (I) | 1pk x 1.5g - Moonrock Infused Blunt - Preroll | Presidential,Presidential,other,,3500,,,indica,TRUE,https://shop.ignyteny.com/whitestone/products/presidential-629169/pre-rolls/king-louis-i-1pk-x-15g-moonrock-infused-blunt-preroll-presidential-7662479,https://tymber-blaze-products.imgix.net/King-Louis--I----1pk-x-1-5g---Moonrock-Infused---Blunt---Presidential-11d2584f-6bc7-450b-972f-eaebcc2b08ef.jpg,2026-05-23T23:12:18.599992+00:00,,,KING LOUIS
ignyte-red-hook,I4EAPRO1,I4EAPRO1,Another Level (H) | 3.5g - Live Rosin - Concentrates | Pot & Head,Pot & Head,concentrate,,20000,72.01,,hybrid,TRUE,https://shop.ignyteny.com/whitestone/products/pot-head-696717/concentrates/another-level-h-35g-live-rosin-concentrates-pot-head-7663352,https://tymber-blaze-products.imgix.net/Guava-Bread--H----3-5g---Live-Rosin---Concentrates---Pot---Head-ccab3822-1104-417c-8d10-5f368bac29c6.jpg,2026-05-23T23:12:18.599992+00:00,,,ANOTHER LEVEL
ignyte-red-hook,I88BPRO1,I88BPRO1,Amnesia Haze (S) | 1g - Badder - Concentrates | Jetpacks,Jetpacks,concentrate,,4500,72.27,,sativa,TRUE,https://shop.ignyteny.com/whitestone/products/jetpacks-622031/concentrates/amnesia-haze-s-1g-badder-concentrates-jetpacks-7679257,https://tymber-blaze-products.imgix.net/jetpacks-concentrates-1473d27c-6fbb-4040-b9a7-368d83c36538.png,2026-05-23T23:12:18.599992+00:00,,,Amnesia Haze
ignyte-red-hook,I8A4PRO3,I8A4PRO3,Cherry Limeade (S) | 1g - Badder - Concentrates | Jetpacks,Jetpacks,concentrate,,4500,70.8,,sativa,TRUE,https://shop.ignyteny.com/whitestone/products/jetpacks-622031/concentrates/cherry-limeade-s-1g-badder-concentrates-jetpacks-7679260,https://tymber-blaze-products.imgix.net/jetpacks-concentrates-5f65c2d8-e077-479c-8499-e635c1745184.png,2026-05-23T23:12:18.599992+00:00,,,Cherry Limeade
ignyte-red-hook,I5E0PRO2,I5E0PRO2,Super Lemon Haze (S) | 1g - Pure Live Resin 510 Cart - Vape Cart | High Garden,High Garden,vaporizers,,5000,,,sativa,TRUE,https://shop.ignyteny.com/whitestone/products/high-garden-622134/vape-carts/super-lemon-haze-s-1g-pure-live-resin-510-cart-vape-cart-high-garden-7679266,https://tymber-blaze-products.imgix.net/high-garden-sativa-4fdf195e-01e8-4545-a311-2bc0ab5a1fdc.jpg,2026-05-23T23:12:18.599992+00:00,,,Super Lemon Haze
ignyte-red-hook,I50APRO3,I50APRO3,Blueberry - 10pk x 10mg - 100mg - Gummies - Hepworth,Hepworth,edible,,1500,,,hybrid,TRUE,https://shop.ignyteny.com/whitestone/products/hepworth-418535/gummies/blueberry-10pk-x-10mg-100mg-gummies-hepworth-7689672,https://tymber-blaze-products.imgix.net/hepworth-gummies-c5d61a76-c81c-47bb-8fef-459673357417.jpg,2026-05-23T23:12:18.599992+00:00,,,BLUEBERRY
ignyte-red-hook,IF78PRO1,IF78PRO1,Apple - 10pk x 10mg - 100mg - Gummies - Hepworth,Hepworth,edible,,1500,,,hybrid,TRUE,https://shop.ignyteny.com/whitestone/products/hepworth-418535/gummies/apple-10pk-x-10mg-100mg-gummies-hepworth-7689671,https://tymber-blaze-products.imgix.net/hepworth-apple-gummies-845c3726-4a79-409d-94bf-e74e6c8f2a2f.jpg,2026-05-23T23:12:18.599992+00:00,,,APPLE
ignyte-red-hook,I53EPRO3,I53EPRO3,Strawberry - 10pk x 10mg - 100mg - Gummies - Hepworth,Hepworth,edible,,1500,,,hybrid,TRUE,https://shop.ignyteny.com/whitestone/products/hepworth-418535/gummies/strawberry-10pk-x-10mg-100mg-gummies-hepworth-7689676,https://tymber-blaze-products.imgix.net/hepworth-strawberry-gummies-7696f0b6-66af-4627-ae67-ff156f369c3d.jpg,2026-05-23T23:12:18.599992+00:00,,,STRAWBERRY
ignyte-red-hook,IF62PRO2,IF62PRO2,Pear - 10pk x 10mg - 100mg - Gummies - Hepworth,Hepworth,edible,,1500,,,hybrid,TRUE,https://shop.ignyteny.com/whitestone/products/hepworth-418535/gummies/pear-10pk-x-10mg-100mg-gummies-hepworth-7689675,https://tymber-blaze-products.imgix.net/hepworth-pear-gummies-f967f2af-99c1-4df0-9fad-76e9e3d81953.jpg,2026-05-23T23:12:18.599992+00:00,,,PEAR
ignyte-red-hook,I1D0PRO1,I1D0PRO1,AJ's Sour Diesel (S) | 2pk x 0.75g | 1.5g - Prerolls | High Peaks,High Peaks,other,,2000,29.08,,sativa,TRUE,https://shop.ignyteny.com/whitestone/products/high-peaks-591514/pre-rolls/ajs-sour-diesel-s-2pk-x-075g-15g-prerolls-high-peaks-7691087,https://tymber-blaze-products.imgix.net/high-peaks-aj-sour-diesel-610bb22d-b066-410a-bac3-fd9365b50ad8.jpg,2026-05-23T23:12:18.599992+00:00,,,AJ'S SOUR DIESEL
ignyte-red-hook,I7D7PRO2,I7D7PRO2,Root Beer (H) (2:1 THC:CBD) 10mg THC : 5mg CBD - 12oz - Beverages - High Peaks,High Peaks,edible,,500,,,hybrid,TRUE,https://shop.ignyteny.com/whitestone/products/high-peaks-591514/beverages/root-beer-h-21-thccbd-10mg-thc-5mg-cbd-12oz-beverages-high-peaks-7691089,https://tymber-blaze-products.imgix.net/high-peaks-root-beer-d19355e0-f19f-4d23-82d1-0023700c1240.jpg,2026-05-23T23:12:18.599992+00:00,,,ROOT BEER
ignyte-red-hook,I801PRO2,I801PRO2,Candyland Kush (S) | 2pk x 0.75g | 1.5g - Prerolls | High Peaks,High Peaks,other,,2000,,,sativa,TRUE,https://shop.ignyteny.com/whitestone/products/high-peaks-591514/pre-rolls/candyland-kush-s-2pk-x-075g-15g-prerolls-high-peaks-7691088,https://tymber-blaze-products.imgix.net/Candyland-Kush-Pre-roll_02t-768x768-17ba5a11-e76c-4c9d-a4f7-4f6eb5a2135f.jpg,2026-05-23T23:12:18.599992+00:00,,,CANDYLAND KUSH
ignyte-red-hook,IEB0PRO3,IEB0PRO3,Blue Dream (S) - 3.5g - Flower - SmartBud,Smartbud,flower,,4000,30.18,,sativa,TRUE,https://shop.ignyteny.com/whitestone/products/smartbud-705336/flower/blue-dream-s-35g-flower-smartbud-7710038,https://tymber-blaze-products.imgix.net/smartbud-sativa-f951aedc-ba19-42fa-8d7b-2eefc0ae4177.jpg,2026-05-23T23:12:18.599992+00:00,,,BLUE DREAM
ignyte-red-hook,IE87PRO1,IE87PRO1,Super Sour Diesel (S) - 3.5g - Flower - SmartBud,Smartbud,flower,,4000,33.8,,sativa,TRUE,https://shop.ignyteny.com/whitestone/products/smartbud-705336/flower/super-sour-diesel-s-35g-flower-smartbud-7710041,https://tymber-blaze-products.imgix.net/smartbud-sativa-288b81b7-4b78-48f3-918a-afe0f31e445b.jpg,2026-05-23T23:12:18.599992+00:00,,,SUPER SOUR DIESEL
ignyte-red-hook,IF6DPRO2,IF6DPRO2,Motorhead (IH) - 3.5g - Flower - SmartBud,Smartbud,flower,,4000,27.8,,hybrid,TRUE,https://shop.ignyteny.com/whitestone/products/smartbud-705336/flower/motorhead-ih-35g-flower-smartbud-7710040,https://tymber-blaze-products.imgix.net/smartbud-hybrid-b02c0769-6025-41a8-862a-eeb8638e9d8e.jpg,2026-05-23T23:12:18.599992+00:00,,,MOTORHEAD
ignyte-red-hook,IE3BPRO1,IE3BPRO1,Girl Scout Cookies (I) - 3.5g - Flower - SmartBud,Smartbud,flower,,4000,28.25,,indica,TRUE,https://shop.ignyteny.com/whitestone/products/smartbud-705336/flower/girl-scout-cookies-i-35g-flower-smartbud-7710039,https://tymber-blaze-products.imgix.net/smartbud-indica-21d98f6a-cc0a-4187-8e7e-1d3564542693.jpg,2026-05-23T23:12:18.599992+00:00,,,GIRL SCOUT COOKIES
ignyte-red-hook,ID41PRO1,ID41PRO1,D&K- Zinc Alloy- Metal Pipe- Grinder and Screen,,merch,,1500,,,,TRUE,https://shop.ignyteny.com/whitestone/products/accessories/dk-zinc-alloy-metal-pipe-grinder-and-screen-7728147,https://tymber-blaze-products.imgix.net/D-K--Zinc-Alloy--Metal-Pipe--Grinder-and-Screen-97c31bec-3838-4b48-b471-086c024de389.jpg,2026-05-23T23:12:18.599992+00:00,,,
ignyte-red-hook,IB88PRO1,IB88PRO1,Boveda- Humidity Pack,,merch,,200,,,,TRUE,https://shop.ignyteny.com/whitestone/products/accessories/boveda-humidity-pack-7728145,https://tymber-blaze-products.imgix.net/Boveda-58-3de6e7bf-0eed-48be-b6f2-fa7087c67bff.jpg,2026-05-23T23:12:18.599992+00:00,,,
ignyte-red-hook,ICA6PRO2,ICA6PRO2,Santa Cruz- Grinder- 4 part- Rasta,Santa Cruz,merch,,4000,,,,TRUE,https://shop.ignyteny.com/whitestone/products/santa-cruz-716358/accessories/santa-cruz-grinder-4-part-rasta-7728162,https://tymber-blaze-products.imgix.net/Santa-Cruz--Grinder--4-part--Rasta-f828e701-2819-4707-83a1-cbc1a917d328.jpg,2026-05-23T23:12:18.599992+00:00,,,
ignyte-red-hook,ID13PRO2,ID13PRO2,Santa Cruz- Grinder- 4 part- Grey- Large,Santa Cruz,merch,,4000,,,,TRUE,https://shop.ignyteny.com/whitestone/products/santa-cruz-716358/accessories/santa-cruz-grinder-4-part-grey-large-7728161,https://tymber-blaze-products.imgix.net/Santa-Cruz--Grinder--4-part--Grey--Large-7e5a46d9-d238-4352-8073-882d6b942972.jpg,2026-05-23T23:12:18.599992+00:00,,,
ignyte-red-hook,IC34PRO1,IC34PRO1,Santa Cruz- Grinder- 4 part- Green,Santa Cruz,merch,,4000,,,,TRUE,https://shop.ignyteny.com/whitestone/products/santa-cruz-716358/accessories/santa-cruz-grinder-4-part-green-7728159,https://tymber-blaze-products.imgix.net/Santa-Cruz--Grinder--4-part--Green-839d9a3b-41e3-4a5a-a8b8-3c38e30d3467.jpg,2026-05-23T23:12:18.599992+00:00,,,
ignyte-red-hook,ICECPRO1,ICECPRO1,Santa Cruz- Grinder- 4 part- Blue- Large,Santa Cruz,merch,,6000,,,,TRUE,https://shop.ignyteny.com/whitestone/products/santa-cruz-716358/accessories/santa-cruz-grinder-4-part-blue-large--7728158,https://tymber-blaze-products.imgix.net/Santa-Cruz--Grinder--4-part--Blue--Large-91c62eb4-7b87-48cd-8326-35be46ef87ed.jpg,2026-05-23T23:12:18.599992+00:00,,,
ignyte-red-hook,IAA9PRO2,IAA9PRO2,Santa Cruz- Grinder- 4 part- Black,Santa Cruz,merch,,4000,,,,TRUE,https://shop.ignyteny.com/whitestone/products/santa-cruz-716358/accessories/santa-cruz-grinder-4-part-black-7728157,https://tymber-blaze-products.imgix.net/Santa-Cruz--Grinder--4-part--Black-a5277e9e-c171-406f-b407-f9ff5cc7d594.jpg,2026-05-23T23:12:18.599992+00:00,,,
ignyte-red-hook,IC25PRO2,IC25PRO2,Santa Cruz- Grinder- 2 part- Purple,Santa Cruz,merch,,3000,,,,TRUE,https://shop.ignyteny.com/whitestone/products/santa-cruz-716358/accessories/santa-cruz-grinder-2-part-purple-7728156,https://tymber-blaze-products.imgix.net/Santa-Cruz--Grinder--2-part--Purple-5c18adf4-d2da-4a3c-bfb6-726a9b8febe4.jpg,2026-05-23T23:12:18.599992+00:00,,,
ignyte-red-hook,IB2DPRO2,IB2DPRO2,Santa Cruz- Grinder- 2 part- Blue,Santa Cruz,merch,,3000,,,,TRUE,https://shop.ignyteny.com/whitestone/products/santa-cruz-716358/accessories/santa-cruz-grinder-2-part-blue-7728155,https://tymber-blaze-products.imgix.net/Santa-Cruz--Grinder--2-part--Blue-05dfa9ac-28ae-4490-a994-0e500a11ab4e.jpg,2026-05-23T23:12:18.599992+00:00,,,
ignyte-red-hook,IB20PRO2,IB20PRO2,Santa Cruz- Grinder- 2 part- Pink,Santa Cruz,merch,,3000,,,,TRUE,https://shop.ignyteny.com/whitestone/products/santa-cruz-716358/accessories/santa-cruz-grinder-2-part-pink-7728153,https://tymber-blaze-products.imgix.net/Santa-Cruz--Ginder--2-part--Pink-3f35b06a-c3ed-4224-a437-2caea6a260bc.jpg,2026-05-23T23:12:18.599992+00:00,,,
ignyte-red-hook,I940PRO1,I940PRO1,Raw- Cones 1.25 Classic- Yellow- 20pk,Raw,merch,,1000,,,,TRUE,https://shop.ignyteny.com/whitestone/products/raw-430482/accessories/raw-cones-125-classic-yellow-20pk--7728152,https://tymber-blaze-products.imgix.net/Raw--Cones-1-25-Classic--Yellow--20pk-f714b811-d781-4bb3-afb0-9afe10caa2fd.jpg,2026-05-23T23:12:18.599992+00:00,,,
ignyte-red-hook,IB15PRO1,IB15PRO1,Raw- Cone Ethereal- 6pk,Raw,merch,,500,,,,TRUE,https://shop.ignyteny.com/whitestone/products/raw-430482/accessories/raw-cone-ethereal-6pk-7728151,https://tymber-blaze-products.imgix.net/Raw--Cone-Ethereal--6pk-40bbf1e1-2e3b-43da-828b-af23dd9922eb.jpg,2026-05-23T23:12:18.599992+00:00,,,
ignyte-red-hook,IBCFPRO2,IBCFPRO2,Puffco-Peak- V2- Onyx,Puffco,merch,,21000,,,,TRUE,https://shop.ignyteny.com/whitestone/products/puffco-418499/accessories/puffco-peak-v2-onyx-7728150,https://tymber-blaze-products.imgix.net/Puffco-Peak--V2--Onyx-ccf7d587-e5b5-43eb-b60b-ece80ca8eada.jpg,2026-05-23T23:12:18.599992+00:00,,,
ignyte-red-hook,I96FPRO2,I96FPRO2,Puffco- Journey Bag- Sand,Puffco,merch,,6000,,,,TRUE,https://shop.ignyteny.com/whitestone/products/puffco-418499/accessories/puffco-journey-bag-sand-7728149,https://tymber-blaze-products.imgix.net/Puffco--Journey-Bag-2bf9ecc8-19a9-4c2e-9200-06c6359c8786.jpg,2026-05-23T23:12:18.599992+00:00,,,
ignyte-red-hook,I940PRO2,I940PRO2,Puffco- Journey Bag- Black,Puffco,merch,,5000,,,,TRUE,https://shop.ignyteny.com/whitestone/products/puffco-418499/accessories/puffco-journey-bag-black-7728148,https://tymber-blaze-products.imgix.net/Puffco--Journey-Bag-6aa0bc77-6ce8-4ebb-b496-186c59a3c0b2.jpg,2026-05-23T23:12:18.599992+00:00,,,
ignyte-red-hook,I94DPRO1,I94DPRO1,Zig Zag- Hemp Wraps- Island Vibes- 2pk,Zig Zag,merch,,200,,,,TRUE,https://shop.ignyteny.com/whitestone/products/zig-zag-559114/accessories/zig-zag-hemp-wraps-island-vibes-2pk-7728165,https://tymber-blaze-products.imgix.net/accessories-fc1ce8a2-ae50-48a6-b6e6-7abf23ac83a7.png,2026-05-23T23:12:18.599992+00:00,,,
ignyte-red-hook,I95APRO1,I95APRO1,Zig Zag- Hemp Wraps- Blue Dream- 2pk,Zig Zag,merch,,200,,,,TRUE,https://shop.ignyteny.com/whitestone/products/zig-zag-559114/accessories/zig-zag-hemp-wraps-blue-dream-2pk-7728164,https://tymber-blaze-products.imgix.net/accessories-fc1ce8a2-ae50-48a6-b6e6-7abf23ac83a7.png,2026-05-23T23:12:18.599992+00:00,,,
ignyte-red-hook,IADCPRO1,IADCPRO1,Wulf - 510 Battery - Flat Plus,Wulf,merch,,2000,,,,TRUE,https://shop.ignyteny.com/whitestone/products/wulf-631810/accessories/wulf-510-battery-flat-plus-7728163,https://tymber-blaze-products.imgix.net/Wulf---510-Battery---Flat-Plus-b5a16768-368e-4ef6-9538-bec55284eaf5.jpg,2026-05-23T23:12:18.599992+00:00,,,
ignyte-red-hook,I014PRO1,I014PRO1,Alpha- Glass Nectar Collector,Alpha,merch,,3000,,,,TRUE,https://shop.ignyteny.com/whitestone/products/alpha-418473/accessories/alpha-glass-nectar-collector-7728289,https://tymber-blaze-products.imgix.net/Alpha--Glass-Nectar-Collector-b5f7c68c-9d29-4948-920f-39c187671772.jpg,2026-05-23T23:12:18.599992+00:00,,,
ignyte-red-hook,IF9FPRO4,IF9FPRO4,Water pipe- Green- Color Ring Clear Beaker,,merch,,3000,,,,TRUE,https://shop.ignyteny.com/whitestone/products/accessories/water-pipe-green-color-ring-clear-beaker-7728299,https://tymber-blaze-products.imgix.net/Water-pipe--Green--Color-Ring-Clear-Beaker-d73a5739-eaca-4dd6-a240-8df7b62f102a.jpg,2026-05-23T23:12:18.599992+00:00,,,
ignyte-red-hook,I153PRO1,I153PRO1,Water Pipe- Teal- White Character Coated,,merch,,5000,,,,TRUE,https://shop.ignyteny.com/whitestone/products/accessories/water-pipe-teal-white-character-coated-7728298,https://tymber-blaze-products.imgix.net/accessories-fc1ce8a2-ae50-48a6-b6e6-7abf23ac83a7.png,2026-05-23T23:12:18.599992+00:00,,,
ignyte-red-hook,IF92PRO2,IF92PRO2,Water Pipe- Blue- Color Ring Clear Beaker,,merch,,3000,,,,TRUE,https://shop.ignyteny.com/whitestone/products/accessories/water-pipe-blue-color-ring-clear-beaker-7728297,https://tymber-blaze-products.imgix.net/Water-Pipe--Blue--Color-Ring-Clear-Beaker-39d03e91-7be8-4c9b-ac10-d15cfa51e3a7.jpg,2026-05-23T23:12:18.599992+00:00,,,
ignyte-red-hook,I0E4PRO3,I0E4PRO3,Spring Flowers- Printed Water Pipe,,merch,,2000,,,,TRUE,https://shop.ignyteny.com/whitestone/products/accessories/spring-flowers-printed-water-pipe-7728296,https://tymber-blaze-products.imgix.net/Spring-Flowers--Printed-Water-Pipe-ed2a880a-9da3-41f2-bbc8-42bdb78a5ef3.jpg,2026-05-23T23:12:18.599992+00:00,,,
ignyte-red-hook,IF54PRO3,IF54PRO3,Mushroom print- Water Pipe- Yellow,,merch,,3000,,,,TRUE,https://shop.ignyteny.com/whitestone/products/accessories/mushroom-print-water-pipe-yellow-7728295,https://tymber-blaze-products.imgix.net/accessories-fc1ce8a2-ae50-48a6-b6e6-7abf23ac83a7.png,2026-05-23T23:12:18.599992+00:00,,,
ignyte-red-hook,IA82PRO1,IA82PRO1,Gelato 51 (H) - 14g - 1/2oz - Flower - To The Moon,To The Moon,flower,,10000,29.33,,hybrid,TRUE,https://shop.ignyteny.com/whitestone/products/to-the-moon-559117/flower/gelato-51-h-14g-12oz-flower-to-the-moon-7746310,https://tymber-blaze-products.imgix.net/to-the-moon-flower-14g-f4387c06-534d-42f7-af60-059971eb4603.jpg,2026-05-23T23:12:18.599992+00:00,,,GELATO 51
ignyte-red-hook,IC03PRO1,IC03PRO1,Cotton Candy (IH) - 28g - 1oz - Sungrown - Flower - Royal Leaf,Royal Leaf,flower,,19000,25.4,,hybrid,TRUE,https://shop.ignyteny.com/whitestone/products/royal-leaf-716468/flower/cotton-candy-ih-28g-1oz-sungrown-flower-royal-leaf-7747769,https://tymber-blaze-products.imgix.net/royal-leaf-logo-8d5dc6b5-aa71-4a19-aaa2-287d3786fd63.jpg,2026-05-23T23:12:18.599992+00:00,,,COTTON CANDY
ignyte-red-hook,IEBAPRO3,IEBAPRO3,Cherry Gushers (H) - 28g - 1oz - Sungrown - Flower - Royal Leaf,Royal Leaf,flower,,19000,19.1,,hybrid,TRUE,https://shop.ignyteny.com/whitestone/products/royal-leaf-716468/flower/cherry-gushers-h-28g-1oz-sungrown-flower-royal-leaf-7747767,https://tymber-blaze-products.imgix.net/royal-leaf-logo-82c16594-2bf6-4e49-9219-bc7c435e00fd.jpg,2026-05-23T23:12:18.599992+00:00,,,CHERRY GUSHERS
ignyte-red-hook,IBF2PRO1,IBF2PRO1,Cap Junky (H) - 28g - 1oz - Sungrown - Flower - Royal Leaf,Royal Leaf,flower,,19000,17.5,,hybrid,TRUE,https://shop.ignyteny.com/whitestone/products/royal-leaf-716468/flower/cap-junky-h-28g-1oz-sungrown-flower-royal-leaf-7747766,https://tymber-blaze-products.imgix.net/royal-leaf-logo-3cf1de21-af16-4916-9130-44d3abe90c3b.jpg,2026-05-23T23:12:18.599992+00:00,,,CAP JUNKY
ignyte-red-hook,IA40PRO2,IA40PRO2,Birthday Cake | 100mg - Crispy Bar | Crispy's,Crispy's,other,,3000,,,hybrid,TRUE,https://shop.ignyteny.com/whitestone/products/crispys-717026/chocolate/birthday-cake-100mg-crispy-bar-crispys-7747763,https://tymber-blaze-products.imgix.net/Birthday-Cake---100mg---Crispy-Bar---Crispy-s-c0f16cd2-1fab-42e1-aff0-388cbd668ab3.jpg,2026-05-23T23:12:18.599992+00:00,,,BIRTHDAY CAKE
ignyte-red-hook,I1A7PRO2,I1A7PRO2,Bedrock Bar | 100mg - Crispy Bar | Crispy's,Crispy's,other,,3000,,,hybrid,TRUE,https://shop.ignyteny.com/whitestone/products/crispys-717026/chocolate/bedrock-bar-100mg-crispy-bar-crispys-7747762,https://tymber-blaze-products.imgix.net/Bedrock-Bar---100mg---Crispy-Bar---Crispy-s-f6c65044-a772-4782-9e47-cf1fa92bce1b.jpg,2026-05-23T23:12:18.599992+00:00,,,BEDROCK BAR
ignyte-red-hook,I336PRO2,I336PRO2,Passion Fruit (S) - 3.5g - Flower - Electraleaf,Electraleaf New York,flower,,5000,24.29,,sativa,TRUE,https://shop.ignyteny.com/whitestone/products/electraleaf-new-york-591515/flower/passion-fruit-s-35g-flower-electraleaf-7747776,https://tymber-blaze-products.imgix.net/Passion-Fruit--S----3-5g---Flower---Electraleaf-7cd74aa1-5841-45a8-a937-b2c3256365b9.jpg,2026-05-23T23:12:18.599992+00:00,,,PASSION FRUIT
ignyte-red-hook,I458PRO1,I458PRO1,Medusa (S) 1pk x 1g - Prerolls - Electraleaf,Electraleaf New York,other,,1500,,,sativa,TRUE,https://shop.ignyteny.com/whitestone/products/electraleaf-new-york-591515/pre-rolls/medusa-s-1pk-x-1g-prerolls-electraleaf-7747775,https://tymber-blaze-products.imgix.net/Medusa--S----1g-x-1pk---Preroll---Electraleaf-93ffed69-5bd1-489c-b21b-eea823d07b6f.jpg,2026-05-23T23:12:18.599992+00:00,,,MEDUSA
ignyte-red-hook,IB71PRO1,IB71PRO1,London Pound Cake (IH) | 3.5g | 8th - Flower | Electraleaf,Electraleaf New York,flower,,5000,25.28,,hybrid,TRUE,https://shop.ignyteny.com/whitestone/products/electraleaf-new-york-591515/flower/london-pound-cake-ih-35g-8th-flower-electraleaf-7747774,https://tymber-blaze-products.imgix.net/London-Pound-Cake--IH----3-5g---Electraleaf-cbb514bf-67c7-4417-b46e-5f975ab3eca5.jpg,2026-05-23T23:12:18.599992+00:00,,,LONDON POUND CAKE
ignyte-red-hook,I225PRO2,I225PRO2,Hangry | 100mg - Crispy Bar | Crispy's,Crispy's,other,,3000,,,hybrid,TRUE,https://shop.ignyteny.com/whitestone/products/crispys-717026/chocolate/hangry-100mg-crispy-bar-crispys-7747773,https://tymber-blaze-products.imgix.net/Hangry---100mg---Crispy-Bar---Crispy-s-8e000048-04e3-4d2b-a902-8275724c671f.jpg,2026-05-23T23:12:18.599992+00:00,,,HANGRY
ignyte-red-hook,I2A5PRO2,I2A5PRO2,Frose (H)  | 3.5g | 8th - Flower | Electraleaf,Electraleaf New York,flower,,5000,29.77,,hybrid,TRUE,https://shop.ignyteny.com/whitestone/products/electraleaf-new-york-591515/flower/frose-h-35g-8th-flower-electraleaf-7747770,https://tymber-blaze-products.imgix.net/Frose--H----3-5g---Flower---Electraleaf-369df5e6-dcfb-4987-bcdd-06caab9395c8.jpg,2026-05-23T23:12:18.599992+00:00,,,FROSE
ignyte-red-hook,I3A2PRO1,I3A2PRO1,Van Damme (H) - 3.5g - Flower - Electraleaf,Electraleaf New York,flower,,5000,26.3,,hybrid,TRUE,https://shop.ignyteny.com/whitestone/products/electraleaf-new-york-591515/flower/van-damme-h-35g-flower-electraleaf-7747779,https://tymber-blaze-products.imgix.net/Van-Damme--H----3-5g---Flower---Electraleaf-6e419b3e-ef30-4f4e-8aa3-658f118953e5.jpg,2026-05-23T23:12:18.599992+00:00,,,VAN DAMME
ignyte-red-hook,I618PRO1,I618PRO1,Lemon Cherry Gelato (H)  | 3.5g | 8th - Flower | Dr Jekyll/Mr High,Dr Jekyll/Mr High,flower,,5000,31.84,,hybrid,TRUE,https://shop.ignyteny.com/whitestone/products/dr-jekyllmr-high-559151/flower/lemon-cherry-gelato-h-35g-8th-flower-dr-jekyllmr-high-7755444,https://tymber-blaze-products.imgix.net/Dr--Jekyll-and-Mr-High-Yellow-Bag-a4388b24-fabe-42cf-b7a3-84eff7d1b11f.png,2026-05-23T23:12:18.599992+00:00,,,LEMON CHERRY GELATO
ignyte-red-hook,I28CPRO1,I28CPRO1,Hard Candy (IH)  | 3.5g | 8th - Flower | Dr Jekyll/Mr High,Dr Jekyll/Mr High,flower,,5000,28.59,,hybrid,TRUE,https://shop.ignyteny.com/whitestone/products/dr-jekyllmr-high-559151/flower/hard-candy-ih-35g-8th-flower-dr-jekyllmr-high-7755443,https://tymber-blaze-products.imgix.net/Dr--Jekyll-and-Mr-High-Yellow-Bag-8415fd11-8917-444c-b59e-da2f28cf6071.png,2026-05-23T23:12:18.599992+00:00,,,HARD CANDY
ignyte-red-hook,I273PRO1,I273PRO1,Cherry Slushie (IH)  | 3.5g | 8th - Flower | Dr Jekyll/Mr High,Dr Jekyll/Mr High,flower,,5000,30.95,,hybrid,TRUE,https://shop.ignyteny.com/whitestone/products/dr-jekyllmr-high-559151/flower/cherry-slushie-ih-35g-8th-flower-dr-jekyllmr-high-7755442,https://tymber-blaze-products.imgix.net/Dr--Jekyll-and-Mr-High-Gradient-Bag-8155e061-14f8-4cb1-94ff-a602e5378372.png,2026-05-23T23:12:18.599992+00:00,,,CHERRY SLUSHIE
ignyte-red-hook,I266PRO1,I266PRO1,Bubble Gum Runtz (SH)  | 3.5g | 8th - Flower | Dr Jekyll/Mr High,Dr Jekyll/Mr High,flower,,5000,31.05,,,TRUE,https://shop.ignyteny.com/whitestone/products/dr-jekyllmr-high-559151/flower/bubble-gum-runtz-sh-35g-8th-flower-dr-jekyllmr-high-7755441,https://tymber-blaze-products.imgix.net/Dr--Jekyll-and-Mr-High-White-Bag-06374092-756c-467e-a8a2-80e70ad9935d.png,2026-05-23T23:12:18.599992+00:00,,,
ignyte-red-hook,I25BPRO1,I25BPRO1,Blue Zushi (IH) | 3.5g | 8th - Flower | Dr Jekyll/Mr High,Dr Jekyll/Mr High,flower,,5000,30.45,,hybrid,TRUE,https://shop.ignyteny.com/whitestone/products/dr-jekyllmr-high-559151/flower/blue-zushi-ih-35g-8th-flower-dr-jekyllmr-high-7755440,https://tymber-blaze-products.imgix.net/Dr--Jekyll-and-Mr-High-Gradient-Bag-207049fe-430c-4265-940c-45260bbe719d.png,2026-05-23T23:12:18.599992+00:00,,,BLUE ZUSHI
ignyte-red-hook,I33DPRO2,I33DPRO2,Black Maple (IH) | 3.5g | 8th - Flower | Dr Jekyll/Mr High,Dr Jekyll/Mr High,flower,,5000,31.31,,hybrid,TRUE,https://shop.ignyteny.com/whitestone/products/dr-jekyllmr-high-559151/flower/black-maple-ih-35g-8th-flower-dr-jekyllmr-high-7755439,https://tymber-blaze-products.imgix.net/Dr--Jekyll-and-Mr-High-Cream-Bag-b7804328-e707-4de1-a2ea-236fbdc12aa4.png,2026-05-23T23:12:18.599992+00:00,,,BLACK MAPLE
ignyte-red-hook,I623PRO3,I623PRO3,Warheads (SH) | 3.5g | 8th - Flower | Dr Jekyll/Mr High,Dr Jekyll/Mr High,flower,,5000,32.09,,hybrid,TRUE,https://shop.ignyteny.com/whitestone/products/dr-jekyllmr-high-559151/flower/warheads-sh-35g-8th-flower-dr-jekyllmr-high-7755445,https://tymber-blaze-products.imgix.net/Dr--Jekyll-and-Mr-High-White-Bag-f3a48e29-51c1-49c1-982c-2aa7ef0a7886.png,2026-05-23T23:12:18.599992+00:00,,,WARHEADS
ignyte-red-hook,IAC3PRO1,IAC3PRO1,Rocky Top - Balance (H) 10pk x 10mg THC - Calamity Jane - Dark Star,Dark Star,other,,3000,,,,TRUE,https://shop.ignyteny.com/whitestone/products/dark-star-700193/chocolate/rocky-top-balance-h-10pk-x-10mg-thc-calamity-jane-dark-star-7772744,https://tymber-blaze-products.imgix.net/Dark-Star--Calamity-Jane--Rocky-Top-efd6ba5c-4a1d-4630-952c-293f406f404c.jpg,2026-05-23T23:12:18.599992+00:00,,,Rocky Top
ignyte-red-hook,I360PRO1,I360PRO1,Prospector - Renew (1:1 THC:CBG) 10pk x 10mg THC : 10mg CBG - Calamity Jane - Dark Star,Dark Star,other,,3000,,,hybrid,TRUE,https://shop.ignyteny.com/whitestone/products/dark-star-700193/chocolate/prospector-renew-11-thccbg-10pk-x-10mg-thc-10mg-cbg-calamity-jane-dark-star-7772743,https://tymber-blaze-products.imgix.net/Prospectorfinal-ab87eb1f-8c32-4326-a8a4-ba2e79a22ee9.jpg,2026-05-23T23:12:18.599992+00:00,,,Prospector
ignyte-red-hook,I50BPRO1,I50BPRO1,Cali Octane | 5pk x 0.5g | 2.5g - Pre-Rolls | Tony Tux,Tony Tux,other,,3000,,,hybrid,TRUE,https://shop.ignyteny.com/whitestone/products/tony-tux-559159/pre-rolls/cali-octane-5pk-x-05g-25g-pre-rolls-tony-tux-7772753,https://tymber-blaze-products.imgix.net/Tony-Tux-5pack-prerolls-aa221d3d-635e-4b42-9f04-69f764316338.jpg,2026-05-23T23:12:18.599992+00:00,,,Cali Octane
ignyte-red-hook,I0A3PRO3,I0A3PRO3,Cali Octane | 5pk x 0.5g | 2.5g - Distillate Infused - Pre-Rolls | Tony Tux,Tony Tux,other,,4000,,,hybrid,TRUE,https://shop.ignyteny.com/whitestone/products/tony-tux-559159/pre-rolls/cali-octane-5pk-x-05g-25g-distillate-infused-pre-rolls-tony-tux-7772752,https://tymber-blaze-products.imgix.net/Tony-Tux-5pack-infused-prerolls-bb77baaf-2c75-443a-b37c-2b73f6044f8f.jpg,2026-05-23T23:12:18.599992+00:00,,,Cali Octane
ignyte-red-hook,IEAFPRO1,IEAFPRO1,Cali Haze | 5pk x 0.5g | 2.5g - Pre-Rolls | Tony Tux,Tony Tux,other,,3000,,,sativa,TRUE,https://shop.ignyteny.com/whitestone/products/tony-tux-559159/pre-rolls/cali-haze-5pk-x-05g-25g-pre-rolls-tony-tux-7772751,https://tymber-blaze-products.imgix.net/Tony-Tux-5pack-prerolls-42ec1147-3df4-405b-b78b-3de2aaac7b3b.jpg,2026-05-23T23:12:18.599992+00:00,,,Cali Haze
ignyte-red-hook,I742PRO1,I742PRO1,Cali Haze | 5pk x 0.5g | 2.5g - Distillate Infused - Pre-Rolls | Tony Tux,Tony Tux,other,,4000,,,sativa,TRUE,https://shop.ignyteny.com/whitestone/products/tony-tux-559159/pre-rolls/cali-haze-5pk-x-05g-25g-distillate-infused-pre-rolls-tony-tux-7772750,https://tymber-blaze-products.imgix.net/Tony-Tux-5pack-infused-prerolls-5bcf2bb4-1b29-4a9e-8c5e-136a2398534e.jpg,2026-05-23T23:12:18.599992+00:00,,,Cali Haze
ignyte-red-hook,I531PRO1,I531PRO1,Cali Diesel | 5pk x 0.5g | 2.5g - Pre-Rolls | Tony Tux,Tony Tux,other,,3000,,,sativa,TRUE,https://shop.ignyteny.com/whitestone/products/tony-tux-559159/pre-rolls/cali-diesel-5pk-x-05g-25g-pre-rolls-tony-tux-7772749,https://tymber-blaze-products.imgix.net/Tony-Tux-5pack-prerolls-9746538a-002c-49f5-b9b9-6b23280cfc09.jpg,2026-05-23T23:12:18.599992+00:00,,,Cali Diesel
ignyte-red-hook,I0CBPRO1,I0CBPRO1,Cali Diesel | 5pk x 0.5g | 2.5g - Distillate Infused - Pre-Rolls | Tony Tux,Tony Tux,other,,4000,,,sativa,TRUE,https://shop.ignyteny.com/whitestone/products/tony-tux-559159/pre-rolls/cali-diesel-5pk-x-05g-25g-distillate-infused-pre-rolls-tony-tux-7772748,https://tymber-blaze-products.imgix.net/Tony-Tux-5pack-infused-prerolls-3f582ef2-9f36-49a3-93c3-85df1da02674.jpg,2026-05-23T23:12:18.599992+00:00,,,Cali Diesel
ignyte-red-hook,I743PRO1,I743PRO1,Blazy Susan- Cotton Buds- 300pk,BLAZY SUSAN,merch,,1000,,,,TRUE,https://shop.ignyteny.com/whitestone/products/blazy-susan-418467/accessories/blazy-susan-cotton-buds-300pk-7794147,https://tymber-blaze-products.imgix.net/Blazy-Susan--Cotton-Buds--300pk-efed7ef1-dab4-4229-bd7d-73cbd1697de8.jpg,2026-05-23T23:12:18.599992+00:00,,,
ignyte-red-hook,I70APRO2,I70APRO2,Blazy Susan- Cotton Buds- 100pk,BLAZY SUSAN,merch,,500,,,,TRUE,https://shop.ignyteny.com/whitestone/products/blazy-susan-418467/accessories/blazy-susan-cotton-buds-100pk-7794146,https://tymber-blaze-products.imgix.net/Blazy-Susan--Cotton-Buds--100pk-8ec46d4b-9d75-4a69-8a0f-ab089fa4670f.jpg,2026-05-23T23:12:18.599992+00:00,,,
ignyte-red-hook,I6D0PRO1,I6D0PRO1,Big Bambu- Pure Hemp Papers,Bambu,merch,,300,,,,TRUE,https://shop.ignyteny.com/whitestone/products/bambu-559109/accessories/big-bambu-pure-hemp-papers-7794145,https://tymber-blaze-products.imgix.net/Big-Bambu--Pure-Hemp-Papers-bb179701-9d82-4d16-aae6-98263b407d60.jpg,2026-05-23T23:12:18.599992+00:00,,,
ignyte-red-hook,I765PRO1,I765PRO1,Bambu- Small Papers,Bambu,merch,,200,,,,TRUE,https://shop.ignyteny.com/whitestone/products/bambu-559109/accessories/bambu-small-papers-7794144,https://tymber-blaze-products.imgix.net/Bambu--Small-Papers-8f021668-4047-4446-a3d3-e4d83253ce1c.jpg,2026-05-23T23:12:18.599992+00:00,,,
ignyte-red-hook,IF32PRO3,IF32PRO3,Green Monkey- Tamarin Grinder- Red- 4 Part- 70mm,Green Monkey,merch,,3500,,,,TRUE,https://shop.ignyteny.com/whitestone/products/green-monkey-696612/accessories/green-monkey-tamarin-grinder-red-4-part-70mm-7794157,https://tymber-blaze-products.imgix.net/Green-Monkey--Tamarin-Grinder--Red--4-Part--70mm-6339e951-603d-4f1a-884c-8d27ff4f3d23.jpg,2026-05-23T23:12:18.599992+00:00,,,
ignyte-red-hook,I445PRO2,I445PRO2,Formula 420- Daily Use- 16oz,FORMULA 420,merch,,1500,,,,TRUE,https://shop.ignyteny.com/whitestone/products/formula-420-418448/accessories/formula-420-daily-use-16oz-7794153,https://tymber-blaze-products.imgix.net/Formula-420--Daily-Use--16oz-d2c4d01e-373b-4d65-ae9a-e40c1ddfaae8.jpg,2026-05-23T23:12:18.599992+00:00,,,
ignyte-red-hook,I043PRO1,I043PRO1,Fashion Craft- Ceramic Roast and Toast- Green Small Mug,,merch,,1500,,,,TRUE,https://shop.ignyteny.com/whitestone/products/accessories/fashion-craft-ceramic-roast-and-toast-green-small-mug-7794152,https://tymber-blaze-products.imgix.net/Fashion-Craft--Ceramic-Roast-and-Toast--Green-Small-Mug-efabea88-ecdd-4828-8d59-4100bb13aab5.jpg,2026-05-23T23:12:18.599992+00:00,,,
ignyte-red-hook,I033PRO1,I033PRO1,Fashion Craft- Ceramic Kush- Cocoa Brown- Mug Pipe,,merch,,1500,,,,TRUE,https://shop.ignyteny.com/whitestone/products/accessories/fashion-craft-ceramic-kush-cocoa-brown-mug-pipe-7794151,https://tymber-blaze-products.imgix.net/Fashion-Craft--Ceramic-Kush--Cocoa-Brown--Mug-Pipe-2592cd64-5e90-41f2-9e17-2681c8910efc.jpg,2026-05-23T23:12:18.599992+00:00,,,
ignyte-red-hook,I276PRO2,I276PRO2,Eyedrops- Redness Relief,,merch,,700,,,,TRUE,https://shop.ignyteny.com/whitestone/products/accessories/eyedrops-redness-relief-7794150,https://tymber-blaze-products.imgix.net/Eyedrops--Redness-Relief-9232ab2e-3a1e-435c-8f49-a115850dc336.jpg,2026-05-23T23:12:18.599992+00:00,,,
ignyte-red-hook,I5CCPRO2,I5CCPRO2,DK- Rainbow Magnetic Grinder- 3 part- 48mm,,merch,,2000,,,,TRUE,https://shop.ignyteny.com/whitestone/products/accessories/dk-rainbow-magnetic-grinder-3-part-48mm-7794149,https://tymber-blaze-products.imgix.net/accessories-fc1ce8a2-ae50-48a6-b6e6-7abf23ac83a7.png,2026-05-23T23:12:18.599992+00:00,,,
ignyte-red-hook,I332PRO1,I332PRO1,D&K- Circle Pattern Grinder- 50mm- 3 Part,,merch,,1500,,,,TRUE,https://shop.ignyteny.com/whitestone/products/accessories/dk-circle-pattern-grinder-50mm-3-part-7794148,https://tymber-blaze-products.imgix.net/D-K--Circle-Pattern-Grinder--50mm--3-Part-7f2396ac-aac5-4e62-9edb-31d9bbf2fe5c.jpg,2026-05-23T23:12:18.599992+00:00,,,
ignyte-red-hook,I26BPRO1,I26BPRO1,Puffco- Proxy V2 Vaporizer- Onyx,,merch,,22500,,,,TRUE,https://shop.ignyteny.com/whitestone/products/accessories/puffco-proxy-v2-vaporizer-onyx-7794161,https://tymber-blaze-products.imgix.net/Puffco--Proxy-V2-Vaporizer--Onyx-bab8b1b8-f67c-4f8f-881d-f8a07691f356.jpg,2026-05-23T23:12:18.599992+00:00,,,
ignyte-red-hook,I347PRO1,I347PRO1,Puffco- Peak Pro Link- Onyx,,merch,,12000,,,,TRUE,https://shop.ignyteny.com/whitestone/products/accessories/puffco-peak-pro-link-onyx-7794160,https://tymber-blaze-products.imgix.net/Puffco--Peak-Pro-Link-fe9cbdb6-79aa-43ca-a126-32adb481df8d.jpg,2026-05-23T23:12:18.599992+00:00,,,
ignyte-red-hook,I01BPRO1,I01BPRO1,OOZE- Ceramic Toxic Barrel- Mug Pipe- 14oz,Ooze,merch,,3000,,,,TRUE,https://shop.ignyteny.com/whitestone/products/ooze-559148/accessories/ooze-ceramic-toxic-barrel-mug-pipe-14oz-7794159,https://tymber-blaze-products.imgix.net/OOZE--Ceramic-Toxic-Barrel--Mug-Pipe--14oz-dbc18aee-3ce8-4fd2-b648-6b6da585a3c0.jpg,2026-05-23T23:12:18.599992+00:00,,,
ignyte-red-hook,I1EDPRO2,I1EDPRO2,"Neon- Hand Pipe- 4"" mix color",,merch,,1500,,,,TRUE,https://shop.ignyteny.com/whitestone/products/accessories/neon-hand-pipe-4-mix-color-7794158,https://tymber-blaze-products.imgix.net/Neon--Hand-Pipe--4_-mix-color-ce5533ff-1852-4ae2-866b-adbbd6770ec9.jpg,2026-05-23T23:12:18.599992+00:00,,,
ignyte-red-hook,I2F8PRO1,I2F8PRO1,Smoxy- Grinder Whole Body Print- 63mm- 4 Part,,merch,,1500,,,,TRUE,https://shop.ignyteny.com/whitestone/products/accessories/smoxy-grinder-whole-body-print-63mm-4-part-7794167,https://tymber-blaze-products.imgix.net/Smoxy--Grinder-Whole-Body-Print--63mm--4-Part-9c454059-da06-4497-b069-f6e65d652fbb.jpg,2026-05-23T23:12:18.599992+00:00,,,
ignyte-red-hook,I36FPRO2,I36FPRO2,Smoxy- Cigarette Case,,merch,,1000,,,,TRUE,https://shop.ignyteny.com/whitestone/products/accessories/smoxy-cigarette-case-7794166,https://tymber-blaze-products.imgix.net/Smoxy--Cigarette-Case-8084f532-e371-4759-ae64-8284b46a22e5.jpg,2026-05-23T23:12:18.599992+00:00,,,
ignyte-red-hook,ID81PRO1,ID81PRO1,Santa Cruz- Grinder Medium 2 Part- Black and Pink,Santa Cruz,merch,,1000,,,,TRUE,https://shop.ignyteny.com/whitestone/products/santa-cruz-716358/accessories/santa-cruz-grinder-medium-2-part-black-and-pink-7794165,https://tymber-blaze-products.imgix.net/Santa-Cruz--Grinder-Medium-2-Part--Black-and-Pink-f2a55f1d-362d-4ffd-a5ea-26acfa5182f3.jpg,2026-05-23T23:12:18.599992+00:00,,,
ignyte-red-hook,I283PRO1,I283PRO1,Raw- Perfecto Cone Tips- 100pk,,merch,,1000,,,,TRUE,https://shop.ignyteny.com/whitestone/products/accessories/raw-perfecto-cone-tips-100pk-7794164,https://tymber-blaze-products.imgix.net/Raw--Perfecto-Cone-Tips--100pk-72ed5864-a106-430b-bbf0-4e7677453815.jpg,2026-05-23T23:12:18.599992+00:00,,,
ignyte-red-hook,I3CCPRO2,I3CCPRO2,Raw- Kingsize Slim- Organic,Raw,merch,,200,,,,TRUE,https://shop.ignyteny.com/whitestone/products/raw-430482/accessories/raw-kingsize-slim-organic-7794163,https://tymber-blaze-products.imgix.net/Raw--Kingsize-Slim--Organic-14afcc9a-6625-4dc0-ac4e-c5e21ca066cc.jpg,2026-05-23T23:12:18.599992+00:00,,,
ignyte-red-hook,IF85PRO1,IF85PRO1,"Rasta- 3.5"" Hand Pipe- Twisted Belly Mix Color",,merch,,1500,,,,TRUE,https://shop.ignyteny.com/whitestone/products/accessories/rasta-35-hand-pipe-twisted-belly-mix-color-7794162,https://tymber-blaze-products.imgix.net/Rasta--3-5_-Hand-Pipe--Twisted-Belly-Mix-Color-971e4efc-9ca0-40c1-8369-c323143d120b.jpg,2026-05-23T23:12:18.599992+00:00,,,
ignyte-red-hook,IB52PRO1,IB52PRO1,Blueberry Caviar (H) | 1g - 510 Cart - Vape Cart | Hashtag Honey,Hashtag Honey,vaporizers,,3000,,,hybrid,TRUE,https://shop.ignyteny.com/whitestone/products/hashtag-honey-418439/vape-carts/blueberry-caviar-h-1g-510-cart-vape-cart-hashtag-honey-7859033,https://tymber-blaze-products.imgix.net/Blueberry-Caviar--H----1g---510-Cart---Vape-Pens---Hashtag-Honey-ddd09096-4146-4e71-ba6a-231dfb220991.jpg,2026-05-23T23:12:18.599992+00:00,,,BLUEBERRY CAVIAR
ignyte-red-hook,I9FBPRO3,I9FBPRO3,Blue Lobster (IH) | 1g - AIO - Vape Pens | Hashtag Honey,Hashtag Honey,other,,5000,,,hybrid,TRUE,https://shop.ignyteny.com/whitestone/products/hashtag-honey-418439/vape-aios/blue-lobster-ih-1g-aio-vape-pens-hashtag-honey-7859032,https://tymber-blaze-products.imgix.net/Blue-Lobster--IH----1g---AIO---Vape-Pens---Hashtag-Honey-d3e977f2-d357-4ad7-a60a-ad298ef08cbb.jpeg,2026-05-23T23:12:18.599992+00:00,,,BLUE LOBSTER
ignyte-red-hook,IBCAPRO2,IBCAPRO2,Blue Lobster (I) | 1g - 510 Cart - Vape Cart | Hashtag Honey,Hashtag Honey,vaporizers,,3000,,,indica,TRUE,https://shop.ignyteny.com/whitestone/products/hashtag-honey-418439/vape-carts/blue-lobster-i-1g-510-cart-vape-cart-hashtag-honey-7859031,https://tymber-blaze-products.imgix.net/Blue-Lobster--I----1g---510-Cart---Vape-Pens---Hashtag-Honey-1aa0221e-3664-4728-ae90-d3f250bef785.jpg,2026-05-23T23:12:18.599992+00:00,,,BLUE LOBSTER
ignyte-red-hook,I909PRO1,I909PRO1,King Louie (I) | 2g - AIO - Vape Pens | Hashtag Honey,Hashtag Honey,other,,7000,,,indica,TRUE,https://shop.ignyteny.com/whitestone/products/hashtag-honey-418439/vape-aios/king-louie-i-2g-aio-vape-pens-hashtag-honey-7859037,https://tymber-blaze-products.imgix.net/King-Louie--I----2g---AIO---Vape-Pens---Hashtag-Honey-23f8ff1d-8e89-4a37-ac9c-ef6697b02336.jpg,2026-05-23T23:12:18.599992+00:00,,,KING LOUIS
ignyte-red-hook,I9F9PRO2,I9F9PRO2,Grandaddy Purp (I) | 1pk x 1g - Preroll | Hashtag Honey,Hashtag Honey,other,,1000,,,indica,TRUE,https://shop.ignyteny.com/whitestone/products/hashtag-honey-418439/pre-rolls/grandaddy-purp-i-1pk-x-1g-preroll-hashtag-honey-7859034,https://tymber-blaze-products.imgix.net/Grandaddy-Purp--I----1g---Preroll---Hashtag-Honey-f310a0da-f2f0-41fe-ab5f-0d89502fe513.jpg,2026-05-23T23:12:18.599992+00:00,,,GRANDDADDY PURP
ignyte-red-hook,I816PRO2,I816PRO2,Sour Diesel (S) | 1g - 510 Cart - Vape Cart | Hashtag Honey,Hashtag Honey,vaporizers,,3000,,,sativa,TRUE,https://shop.ignyteny.com/whitestone/products/hashtag-honey-418439/vape-carts/sour-diesel-s-1g-510-cart-vape-cart-hashtag-honey-7859042,https://tymber-blaze-products.imgix.net/Sour-Diesel--S----1g---510-Cart---Vape-Pens---Hashtag-Honey-9d45c6ce-a596-4498-b27b-ca0b88f8c836.jpg,2026-05-23T23:12:18.599992+00:00,,,SOUR DIESEL
ignyte-red-hook,IAA7PRO2,IAA7PRO2,Maui Wowie (S)  | 1pk x 1g - Preroll | Hashtag Honey,Hashtag Honey,other,,1000,,,sativa,TRUE,https://shop.ignyteny.com/whitestone/products/hashtag-honey-418439/pre-rolls/maui-wowie-s-1pk-x-1g-preroll-hashtag-honey-7859038,https://tymber-blaze-products.imgix.net/Maui-Wowie--S----1g---Preroll---Hashtag-Honey-8a811a96-ae69-4951-b29f-2742919e2111.jpg,2026-05-23T23:12:18.599992+00:00,,,MAUI WOWIE
ignyte-red-hook,I1EEPRO2,I1EEPRO2,Jetpacks- Blueberry Kush- 1G- Infused Pre Roll,Jetpacks,other,,2500,,,indica,TRUE,https://shop.ignyteny.com/whitestone/products/jetpacks-622031/pre-rolls/jetpacks-blueberry-kush-1g-infused-pre-roll-7859918,https://tymber-blaze-products.imgix.net/Jetpacks--Blueberry-Kush--1G--Infused-Pre-Roll-888f90ac-2b60-44f1-bd40-bd7d583b8a94.jpg,2026-05-23T23:12:18.599992+00:00,,,Blueberry Kush
ignyte-red-hook,I17DPRO2,I17DPRO2,Jetpacks- Afghani- 1G- Infused Pre Roll,Jetpacks,other,,2500,,,indica,TRUE,https://shop.ignyteny.com/whitestone/products/jetpacks-622031/pre-rolls/jetpacks-afghani-1g-infused-pre-roll-7859917,https://tymber-blaze-products.imgix.net/Jetpacks--Afghani--1G--Infused-Pre-Roll-74daf553-3536-461f-b77f-31e24dcb33b2.jpg,2026-05-23T23:12:18.599992+00:00,,,Afghani
ignyte-red-hook,I208PRO1,I208PRO1,Jetpacks- Cereal Milk- 1G- Infused Pre Roll,Jetpacks,other,,2500,,,hybrid,TRUE,https://shop.ignyteny.com/whitestone/products/jetpacks-622031/pre-rolls/jetpacks-cereal-milk-1g-infused-pre-roll-7859919,https://tymber-blaze-products.imgix.net/Jetpacks--Cereal-Milk--1G--Infused-Pre-Roll-6dea69e1-b251-41ce-8020-c280399f72a2.jpg,2026-05-23T23:12:18.599992+00:00,,,Cereal Milk
ignyte-red-hook,IDC9PRO1,IDC9PRO1,Pink Guava (S) - 1g - 510 Cart - Vape Pens - Untitled,Untitled,vaporizers,,4000,,,sativa,TRUE,https://shop.ignyteny.com/whitestone/products/untitled-622133/vape-carts/pink-guava-s-1g-510-cart-vape-pens-untitled-7859922,https://tymber-blaze-products.imgix.net/untitled-vapes-cannabis-nyc-2-f555d480-8b37-42b2-ba55-56faab59f7be.jpg,2026-05-23T23:12:18.599992+00:00,,,PINK GUAVA
ignyte-red-hook,I212PRO3,I212PRO3,Super Silver Haze (S) - 1g - Badder - Concentrate - Jetpacks,Jetpacks,concentrate,,4500,,,sativa,TRUE,https://shop.ignyteny.com/whitestone/products/jetpacks-622031/concentrates/super-silver-haze-s-1g-badder-concentrate-jetpacks-7859924,https://tymber-blaze-products.imgix.net/jetpacks-concentrates-a75e74f2-fa69-4d3e-8088-20ed65c7594b.png,2026-05-23T23:12:18.599992+00:00,,,SUPER SILVER HAZE
ignyte-red-hook,I611PRO1,I611PRO1,Strawnana (I) - 1g - 510 Cart - Vape Pens - Untitled,Untitled,vaporizers,,4000,,,indica,TRUE,https://shop.ignyteny.com/whitestone/products/untitled-622133/vape-carts/strawnana-i-1g-510-cart-vape-pens-untitled-7859923,https://tymber-blaze-products.imgix.net/untitled-vapes-cannabis-nyc-2-922a5916-5f37-4ab8-b518-8c954fa8d1fe.jpg,2026-05-23T23:12:18.599992+00:00,,,STRAWNANA
ignyte-red-hook,I43APRO1,I43APRO1,"Galactic Guava ""Passionfruit Mango Guava"" (S) - 1pk x 100mg - Live Rosin Rope - Edibles - Off Hours",Off Hours,edible,,4000,,,sativa,TRUE,https://shop.ignyteny.com/whitestone/products/off-hours-418509/gummies/galactic-guava-passionfruit-mango-guava-s-1pk-x-100mg-live-rosin-rope-edibles-off-hours-7860832,https://tymber-blaze-products.imgix.net/Galactic-Guava-_Passionfruit-Mango-Guava_--S----1pk-x-100mg---Live-Rosin-Rope---Edibles---Off-Hours-e8c4b64d-08bb-4e81-896f-7f634eada958.jpg,2026-05-23T23:12:18.599992+00:00,,,GALACTIC GUAVA
ignyte-red-hook,IDEEPRO2,IDEEPRO2,C Train Express (S)- 10pk x 0.35g- Classic Minis Pre Rolls,Toast,other,,5500,,,sativa,TRUE,https://shop.ignyteny.com/whitestone/products/toast-559163/pre-rolls/c-train-express-s-10pk-x-035g-classic-minis-pre-rolls-7869520,https://tymber-blaze-products.imgix.net/C-Train-Express--S---10pk-x-0-35g--Classic-Minis-Pre-Rolls-79bda0e9-3ac8-41cf-aa74-9825894ae8c4.jpg,2026-05-23T23:12:18.599992+00:00,,,C Train Express
ignyte-red-hook,I194PRO1,I194PRO1,Phanta Fizz (S) - 1g - Preroll - Toast,Toast,other,,1500,,,sativa,TRUE,https://shop.ignyteny.com/whitestone/products/toast-559163/pre-rolls/phanta-fizz-s-1g-preroll-toast-7869521,https://tymber-blaze-products.imgix.net/toast-classic-sativa-aecac634-1e74-4742-997a-10cfdad4e08e.jpg,2026-05-23T23:12:18.599992+00:00,,,PHANTA FIZZ
ignyte-red-hook,IDA8PRO1,IDA8PRO1,Puffco - Proxy - Ball Cap - Tether - Black,Puffco,merch,,4000,,,,TRUE,https://shop.ignyteny.com/whitestone/products/puffco-418499/accessories/puffco-proxy-ball-cap-tether-black-7878819,https://tymber-blaze-products.imgix.net/Puffco---Proxy---Ball-Cap---Tether---Black-d06645aa-f221-41d3-9dcc-ea76c693f939.jpg,2026-05-23T23:12:18.599992+00:00,,,
ignyte-red-hook,I6AAPRO4,I6AAPRO4,Puffco - Proxy - 3D Chamber - v2 Onyx,Puffco,merch,,6000,,,,TRUE,https://shop.ignyteny.com/whitestone/products/puffco-418499/accessories/puffco-proxy-3d-chamber-v2-onyx-7878818,https://tymber-blaze-products.imgix.net/Puffco---Proxy---3D-Chamber---v2-Onyx-f257e6a7-4171-43e4-8cf5-e9bdda09a089.jpg,2026-05-23T23:12:18.599992+00:00,,,
ignyte-red-hook,I692PRO2,I692PRO2,Puffco - Proxy - 3D Chamber,Puffco,merch,,6000,,,,TRUE,https://shop.ignyteny.com/whitestone/products/puffco-418499/accessories/puffco-proxy-3d-chamber-7878817,https://tymber-blaze-products.imgix.net/Puffco---Proxy---3D-Chamber-b6762d70-6ef4-4974-9cf3-c03ba9f286a5.jpg,2026-05-23T23:12:18.599992+00:00,,,
ignyte-red-hook,ID3BPRO2,ID3BPRO2,Puffco - Plus - Mouthpiece - Onyx,Puffco,merch,,2500,,,,TRUE,https://shop.ignyteny.com/whitestone/products/puffco-418499/accessories/puffco-plus-mouthpiece-onyx-7878816,https://tymber-blaze-products.imgix.net/Puffco---Plus---Mouthpiece---Onyx-e266b930-c414-42b7-8a2e-2ee310e85f4f.jpg,2026-05-23T23:12:18.599992+00:00,,,
ignyte-red-hook,ID11PRO1,ID11PRO1,Puffco - Pivot - Mouth Piece Slate - 2pk,Puffco,merch,,2500,,,,TRUE,https://shop.ignyteny.com/whitestone/products/puffco-418499/accessories/puffco-pivot-mouth-piece-slate-2pk-7878815,https://tymber-blaze-products.imgix.net/Puffco---Pivot---Mouth-Piece-Slate---2pk-1a063f2c-4af2-425c-9fea-541c37f2da66.jpg,2026-05-23T23:12:18.599992+00:00,,,
ignyte-red-hook,ICF8PRO2,ICF8PRO2,Puffco - Pivot - Glass Adapter - 3D Chamber,Puffco,merch,,6500,,,,TRUE,https://shop.ignyteny.com/whitestone/products/puffco-418499/accessories/puffco-pivot-glass-adapter-3d-chamber-7878814,https://tymber-blaze-products.imgix.net/Puffco---Pivot---Glass-Adapter---3D-Chamber-c3f8f52e-29e7-403a-af17-c28ef281373b.jpg,2026-05-23T23:12:18.599992+00:00,,,
ignyte-red-hook,I62BPRO2,I62BPRO2,Puffco - Peak Pro - Joystick Cap - Onyx,Puffco,merch,,4000,,,,TRUE,https://shop.ignyteny.com/whitestone/products/puffco-418499/accessories/puffco-peak-pro-joystick-cap-onyx-7878813,https://tymber-blaze-products.imgix.net/Puffco---Peak-Pro---Joystick-Cap-9d1e44db-3bd7-42b1-aa4e-ce8681449c21.jpg,2026-05-23T23:12:18.599992+00:00,,,
ignyte-red-hook,I614PRO3,I614PRO3,Puffco - Peak Pro - Joystick Cap - Desert,Puffco,merch,,4000,,,,TRUE,https://shop.ignyteny.com/whitestone/products/puffco-418499/accessories/puffco-peak-pro-joystick-cap-desert-7878812,https://tymber-blaze-products.imgix.net/Puffco---Peak-Pro---Joystick-Cap-04a432b3-9077-4777-aec0-e0aa20c5adbe.jpg,2026-05-23T23:12:18.599992+00:00,,,
ignyte-red-hook,I5FCPRO3,I5FCPRO3,Elements - Cones - Pink - Ultra Thin | 6pk x 1.25 - Papers | Accessories,Elements,merch,,300,,,,TRUE,https://shop.ignyteny.com/whitestone/products/elements-418454/accessories/elements-cones-pink-ultra-thin-6pk-x-125-papers-accessories-7878810,https://tymber-blaze-products.imgix.net/Elements---Cones---Pink---Ultra-Thin-_-6pk-x-1-25---Papers-_-Accessories-a81b36d3-976c-4d43-ac03-e3c920b74aa8.jpg,2026-05-23T23:12:18.599992+00:00,,,
ignyte-red-hook,I71BPRO1,I71BPRO1,Wulf - Ari Knife Kit,Wulf,merch,,2500,,,,TRUE,https://shop.ignyteny.com/whitestone/products/wulf-631810/accessories/wulf-ari-knife-kit-7878825,https://tymber-blaze-products.imgix.net/Wulf---Ari-Knife-Kit-27358e15-b83e-4bef-99b6-d4dc2bd3503b.jpg,2026-05-23T23:12:18.599992+00:00,,,
ignyte-red-hook,I977PRO1,I977PRO1,Smoxy - Candles,smoxy,merch,,3500,,,,TRUE,https://shop.ignyteny.com/whitestone/products/smoxy-719495/accessories/smoxy-candles-7878824,https://tymber-blaze-products.imgix.net/Smoxy---Candles-c7bfd344-5e5d-46cb-b796-b1625cfb226f.jpg,2026-05-23T23:12:18.599992+00:00,,,
ignyte-red-hook,IAF4PRO1,IAF4PRO1,Raw - Pre-Rolled Tips,Raw,merch,,300,,,,TRUE,https://shop.ignyteny.com/whitestone/products/raw-430482/accessories/raw-pre-rolled-tips-7878823,https://tymber-blaze-products.imgix.net/Raw---Pre-Rolled-Tips-48435fb6-ed37-429a-8acd-d1bbe8b4d11e.jpg,2026-05-23T23:12:18.599992+00:00,,,
ignyte-red-hook,I93BPRO3,I93BPRO3,Raw - Hempwick Ball - 100ft,Raw,merch,,1500,,,,TRUE,https://shop.ignyteny.com/whitestone/products/raw-430482/accessories/raw-hempwick-ball-100ft-7878822,https://tymber-blaze-products.imgix.net/Raw---Hempwick-Ball---100ft-18d1e0ea-7b37-4546-80d0-f8dcb812a6c1.jpg,2026-05-23T23:12:18.599992+00:00,,,
ignyte-red-hook,I826PRO2,I826PRO2,Raw - Gummed Tips - Perforated 24pk,Raw,merch,,200,,,,TRUE,https://shop.ignyteny.com/whitestone/products/raw-430482/accessories/raw-gummed-tips-perforated-24pk-7878821,https://tymber-blaze-products.imgix.net/Raw---Gummed-Tips---Perforated-24pk-3077f6ee-8dc9-4458-975a-76a7d531284c.jpg,2026-05-23T23:12:18.599992+00:00,,,
ignyte-red-hook,IDB6PRO1,IDB6PRO1,Puffco - Proxy - Ball Cap - Tether - Desert,Puffco,merch,,4000,,,,TRUE,https://shop.ignyteny.com/whitestone/products/puffco-418499/accessories/puffco-proxy-ball-cap-tether-desert-7878820,https://tymber-blaze-products.imgix.net/Puffco---Proxy---Ball-Cap---Tether---Desert-185a7a39-55f7-44cb-8950-18c81885b3f3.jpg,2026-05-23T23:12:18.599992+00:00,,,
ignyte-red-hook,IE25PRO2,IE25PRO2,Yocan - Ziza Pro - 510 Vape Cart Battery,Yocan,merch,,2500,,,,TRUE,https://shop.ignyteny.com/whitestone/products/yocan-646653/accessories/yocan-ziza-pro-510-vape-cart-battery-7878828,https://tymber-blaze-products.imgix.net/Yocan---Ziza-Pro---510-Vape-Cart-Battery-a5aefb13-f5aa-44cb-b098-2f8b3a911f31.jpg,2026-05-23T23:12:18.599992+00:00,,,
ignyte-red-hook,IE1APRO1,IE1APRO1,Yocan - Ziva 2.0 - Smart Incognito 510 Vape Battery,Yocan,merch,,3000,,,,TRUE,https://shop.ignyteny.com/whitestone/products/yocan-646653/accessories/yocan-ziva-20-smart-incognito-510-vape-battery-7878827,https://tymber-blaze-products.imgix.net/Yocan---Ziva-2-0---Smart-Incognito-510-Vape-Battery-89719213-1da5-4190-bf71-0d0084422e4a.jpg,2026-05-23T23:12:18.599992+00:00,,,
ignyte-red-hook,I761PRO1,I761PRO1,Yocan - Flat Slim Battery,Yocan,merch,,1500,,,,TRUE,https://shop.ignyteny.com/whitestone/products/yocan-646653/accessories/yocan-flat-slim-battery-7878826,https://tymber-blaze-products.imgix.net/Yocan---Flat-Slim-Battery-8d935b35-84c6-4a8b-a8ab-f6f184c3f97a.jpg,2026-05-23T23:12:18.599992+00:00,,,
ignyte-red-hook,IA87PRO1,IA87PRO1,George Clinton (H) | 2pk x 0.75g | 1.5g - Prerolls | High Peaks,High Peaks,other,,2000,,,hybrid,TRUE,https://shop.ignyteny.com/whitestone/products/high-peaks-591514/pre-rolls/george-clinton-h-2pk-x-075g-15g-prerolls-high-peaks-7889757,https://tymber-blaze-products.imgix.net/George-Clinton--H----2pk-x-0-75g---1-5g---Prerolls---High-Peaks-c888d45a-a2c8-474c-87a2-2bc67a54351b.jpg,2026-05-23T23:12:18.599992+00:00,,,GEORGE CLINTON
ignyte-red-hook,I265PRO1,I265PRO1,Zesty Parm (S) |  2pk x 0.75g | 1.5g - Prerolls | High Peaks,High Peaks,other,,2000,,,sativa,TRUE,https://shop.ignyteny.com/whitestone/products/high-peaks-591514/pre-rolls/zesty-parm-s-2pk-x-075g-15g-prerolls-high-peaks-7889761,https://tymber-blaze-products.imgix.net/Zesty-Parm--S----2pk-x-0-75g---1-5g---Prerolls---High-Peaks-a6073333-e240-4bd7-89e3-630b41a725a3.jpg,2026-05-23T23:12:18.599992+00:00,,,ZESTY PARM
ignyte-red-hook,I43APRO2,I43APRO2,Sasquatch Breath (H) 2pk x 0.75g - 1.5g - Prerolls - High Peaks,High Peaks,other,,2000,,,hybrid,TRUE,https://shop.ignyteny.com/whitestone/products/high-peaks-591514/pre-rolls/sasquatch-breath-h-2pk-x-075g-15g-prerolls-high-peaks-7889760,https://tymber-blaze-products.imgix.net/Sasquatch-Breath--H----2pk-x-0-75g---1-5g---Prerolls---High-Peaks-ded6b345-c02b-4f53-a371-1be94addbc3f.jpg,2026-05-23T23:12:18.599992+00:00,,,SASQUATCH BREATH
ignyte-red-hook,I46EPRO2,I46EPRO2,Northern Lights (I) | 2pk x 0.75g | 1.5g - Prerolls | High Peaks,High Peaks,other,,2000,,,indica,TRUE,https://shop.ignyteny.com/whitestone/products/high-peaks-591514/pre-rolls/northern-lights-i-2pk-x-075g-15g-prerolls-high-peaks-7889759,https://tymber-blaze-products.imgix.net/Northern-Lights--I----2pk-x-0-75g---1-5g---Prerolls---High-Peaks-2a52e9b3-ec25-4579-91ff-433fd7710355.jpg,2026-05-23T23:12:18.599992+00:00,,,NORTHERN LIGHTS
ignyte-red-hook,I16EPRO1,I16EPRO1,Mayday (H) | 2pk x 0.75g | 1.5g - Prerolls | High Peaks,High Peaks,other,,2000,,,hybrid,TRUE,https://shop.ignyteny.com/whitestone/products/high-peaks-591514/pre-rolls/mayday-h-2pk-x-075g-15g-prerolls-high-peaks-7889758,https://tymber-blaze-products.imgix.net/Mayday--Pre-Rolls--2pk--0-75g-x-2--High-Peaks-2cb9cf87-5d35-44ae-9142-e1edec9a572b.jpg,2026-05-23T23:12:18.599992+00:00,,,Mayday
ignyte-red-hook,I013PRO2,I013PRO2-0,Fire Kush (IH) - 1pk x 1g - Preroll - H3RB,H3RB,other,,1500,,,hybrid,TRUE,https://shop.ignyteny.com/whitestone/products/h3rb-715531/pre-rolls/fire-kush-ih-1pk-x-1g-preroll-h3rb-7898054,https://tymber-blaze-products.imgix.net/Fire-Kush--IH----1pk-x-1g---Preroll---H3RB-6e7f1320-d2ff-4ffa-a69c-919070298238.jpg,2026-05-23T23:12:18.599992+00:00,,,FIRE KUSH
ignyte-red-hook,I013PRO2,I013PRO2-1,Fire Kush (IH) - 1pk x 1g - Preroll - H3RB,H3RB,other,2 each,,,,hybrid,TRUE,https://shop.ignyteny.com/whitestone/products/h3rb-715531/pre-rolls/fire-kush-ih-1pk-x-1g-preroll-h3rb-7898054,https://tymber-blaze-products.imgix.net/Fire-Kush--IH----1pk-x-1g---Preroll---H3RB-6e7f1320-d2ff-4ffa-a69c-919070298238.jpg,2026-05-23T23:12:18.599992+00:00,,,FIRE KUSH
ignyte-red-hook,I013PRO2,I013PRO2-2,Fire Kush (IH) - 1pk x 1g - Preroll - H3RB,H3RB,other,3 each,,,,hybrid,TRUE,https://shop.ignyteny.com/whitestone/products/h3rb-715531/pre-rolls/fire-kush-ih-1pk-x-1g-preroll-h3rb-7898054,https://tymber-blaze-products.imgix.net/Fire-Kush--IH----1pk-x-1g---Preroll---H3RB-6e7f1320-d2ff-4ffa-a69c-919070298238.jpg,2026-05-23T23:12:18.599992+00:00,,,FIRE KUSH
ignyte-red-hook,I013PRO2,I013PRO2-3,Fire Kush (IH) - 1pk x 1g - Preroll - H3RB,H3RB,other,4 each,,,,hybrid,TRUE,https://shop.ignyteny.com/whitestone/products/h3rb-715531/pre-rolls/fire-kush-ih-1pk-x-1g-preroll-h3rb-7898054,https://tymber-blaze-products.imgix.net/Fire-Kush--IH----1pk-x-1g---Preroll---H3RB-6e7f1320-d2ff-4ffa-a69c-919070298238.jpg,2026-05-23T23:12:18.599992+00:00,,,FIRE KUSH
ignyte-red-hook,I013PRO2,I013PRO2-4,Fire Kush (IH) - 1pk x 1g - Preroll - H3RB,H3RB,other,5 each,,,,hybrid,TRUE,https://shop.ignyteny.com/whitestone/products/h3rb-715531/pre-rolls/fire-kush-ih-1pk-x-1g-preroll-h3rb-7898054,https://tymber-blaze-products.imgix.net/Fire-Kush--IH----1pk-x-1g---Preroll---H3RB-6e7f1320-d2ff-4ffa-a69c-919070298238.jpg,2026-05-23T23:12:18.599992+00:00,,,FIRE KUSH
ignyte-red-hook,I013PRO2,I013PRO2-5,Fire Kush (IH) - 1pk x 1g - Preroll - H3RB,H3RB,other,6 each,,,,hybrid,TRUE,https://shop.ignyteny.com/whitestone/products/h3rb-715531/pre-rolls/fire-kush-ih-1pk-x-1g-preroll-h3rb-7898054,https://tymber-blaze-products.imgix.net/Fire-Kush--IH----1pk-x-1g---Preroll---H3RB-6e7f1320-d2ff-4ffa-a69c-919070298238.jpg,2026-05-23T23:12:18.599992+00:00,,,FIRE KUSH
ignyte-red-hook,I013PRO2,I013PRO2-6,Fire Kush (IH) - 1pk x 1g - Preroll - H3RB,H3RB,other,7 each,,,,hybrid,TRUE,https://shop.ignyteny.com/whitestone/products/h3rb-715531/pre-rolls/fire-kush-ih-1pk-x-1g-preroll-h3rb-7898054,https://tymber-blaze-products.imgix.net/Fire-Kush--IH----1pk-x-1g---Preroll---H3RB-6e7f1320-d2ff-4ffa-a69c-919070298238.jpg,2026-05-23T23:12:18.599992+00:00,,,FIRE KUSH
ignyte-red-hook,IFD1PRO4,IFD1PRO4-0,Sour Zkittles (SH) - 1pk x 1g - Preroll - H3RB,H3RB,other,,1500,,,hybrid,TRUE,https://shop.ignyteny.com/whitestone/products/h3rb-715531/pre-rolls/sour-zkittles-sh-1pk-x-1g-preroll-h3rb-7898055,https://tymber-blaze-products.imgix.net/Sour-Zkittles--SH----1pk-x-1g---Preroll---H3RB-50f2042a-2b50-4c88-8df7-56c29f538f79.jpg,2026-05-23T23:12:18.599992+00:00,,,SOUR ZITTLES
ignyte-red-hook,IFD1PRO4,IFD1PRO4-1,Sour Zkittles (SH) - 1pk x 1g - Preroll - H3RB,H3RB,other,2 each,,,,hybrid,TRUE,https://shop.ignyteny.com/whitestone/products/h3rb-715531/pre-rolls/sour-zkittles-sh-1pk-x-1g-preroll-h3rb-7898055,https://tymber-blaze-products.imgix.net/Sour-Zkittles--SH----1pk-x-1g---Preroll---H3RB-50f2042a-2b50-4c88-8df7-56c29f538f79.jpg,2026-05-23T23:12:18.599992+00:00,,,SOUR ZITTLES
ignyte-red-hook,IFD1PRO4,IFD1PRO4-2,Sour Zkittles (SH) - 1pk x 1g - Preroll - H3RB,H3RB,other,3 each,,,,hybrid,TRUE,https://shop.ignyteny.com/whitestone/products/h3rb-715531/pre-rolls/sour-zkittles-sh-1pk-x-1g-preroll-h3rb-7898055,https://tymber-blaze-products.imgix.net/Sour-Zkittles--SH----1pk-x-1g---Preroll---H3RB-50f2042a-2b50-4c88-8df7-56c29f538f79.jpg,2026-05-23T23:12:18.599992+00:00,,,SOUR ZITTLES
ignyte-red-hook,IFD1PRO4,IFD1PRO4-3,Sour Zkittles (SH) - 1pk x 1g - Preroll - H3RB,H3RB,other,4 each,,,,hybrid,TRUE,https://shop.ignyteny.com/whitestone/products/h3rb-715531/pre-rolls/sour-zkittles-sh-1pk-x-1g-preroll-h3rb-7898055,https://tymber-blaze-products.imgix.net/Sour-Zkittles--SH----1pk-x-1g---Preroll---H3RB-50f2042a-2b50-4c88-8df7-56c29f538f79.jpg,2026-05-23T23:12:18.599992+00:00,,,SOUR ZITTLES
ignyte-red-hook,IFD1PRO4,IFD1PRO4-4,Sour Zkittles (SH) - 1pk x 1g - Preroll - H3RB,H3RB,other,5 each,,,,hybrid,TRUE,https://shop.ignyteny.com/whitestone/products/h3rb-715531/pre-rolls/sour-zkittles-sh-1pk-x-1g-preroll-h3rb-7898055,https://tymber-blaze-products.imgix.net/Sour-Zkittles--SH----1pk-x-1g---Preroll---H3RB-50f2042a-2b50-4c88-8df7-56c29f538f79.jpg,2026-05-23T23:12:18.599992+00:00,,,SOUR ZITTLES
ignyte-red-hook,IFD1PRO4,IFD1PRO4-5,Sour Zkittles (SH) - 1pk x 1g - Preroll - H3RB,H3RB,other,6 each,,,,hybrid,TRUE,https://shop.ignyteny.com/whitestone/products/h3rb-715531/pre-rolls/sour-zkittles-sh-1pk-x-1g-preroll-h3rb-7898055,https://tymber-blaze-products.imgix.net/Sour-Zkittles--SH----1pk-x-1g---Preroll---H3RB-50f2042a-2b50-4c88-8df7-56c29f538f79.jpg,2026-05-23T23:12:18.599992+00:00,,,SOUR ZITTLES
ignyte-red-hook,IFD1PRO4,IFD1PRO4-6,Sour Zkittles (SH) - 1pk x 1g - Preroll - H3RB,H3RB,other,7 each,,,,hybrid,TRUE,https://shop.ignyteny.com/whitestone/products/h3rb-715531/pre-rolls/sour-zkittles-sh-1pk-x-1g-preroll-h3rb-7898055,https://tymber-blaze-products.imgix.net/Sour-Zkittles--SH----1pk-x-1g---Preroll---H3RB-50f2042a-2b50-4c88-8df7-56c29f538f79.jpg,2026-05-23T23:12:18.599992+00:00,,,SOUR ZITTLES
ignyte-red-hook,I74FPRO1,I74FPRO1,Blue Zlushies x Crunch Berries (H) - 14g - Flower - Duo Flower - Flav,Flav,flower,,11000,,,hybrid,TRUE,https://shop.ignyteny.com/whitestone/products/flav-668875/flower/blue-zlushies-x-crunch-berries-h-14g-flower-duo-flower-flav-7907358,https://tymber-blaze-products.imgix.net/Blue-Zlushies-x-Crunch-Berries--H----14g---Flower---Duo-Flower---Flav-7835366d-9747-49a8-83fd-f6c2f06697cf.jpg,2026-05-23T23:12:18.599992+00:00,,,BLUE ZLUSHIES X CRUNCH BERRIES
ignyte-red-hook,I10FPRO1,I10FPRO1,Delivery Fee,,merch,,500,,,,TRUE,https://shop.ignyteny.com/whitestone/products/accessories/delivery-fee-7933662,https://tymber-blaze-products.imgix.net/accessories-fc1ce8a2-ae50-48a6-b6e6-7abf23ac83a7.png,2026-05-23T23:12:18.599992+00:00,,,
ignyte-red-hook,IBD6PRO1,IBD6PRO1,Candyland- (S)- 1g- Diamond- Concentrate- Jetpack,Jetpacks,concentrate,,5500,,,sativa,TRUE,https://shop.ignyteny.com/whitestone/products/jetpacks-622031/concentrates/candyland-s-1g-diamond-concentrate-jetpack-7948956,https://tymber-blaze-products.imgix.net/jetpacks-concentrates-9c1e2ac7-93a9-4723-9981-b34800baa337.png,2026-05-23T23:12:18.599992+00:00,,,Candyland
ignyte-red-hook,I44DPRO1,I44DPRO1,Donny Burger (I) - 1g - Diamond - Concentrates - Jetpacks,Jetpacks,concentrate,,5500,,,indica,TRUE,https://shop.ignyteny.com/whitestone/products/jetpacks-622031/concentrates/donny-burger-i-1g-diamond-concentrates-jetpacks-7948957,https://tymber-blaze-products.imgix.net/jetpacks-concentrates-c2f3dca3-acae-49a0-a3d3-111c4f1992e6.png,2026-05-23T23:12:18.599992+00:00,,,DONNY BURGER
ignyte-red-hook,I0F3PRO2,I0F3PRO2,Maiden Voyage (H) | 2pk x 0.5g | 1g - Lil Joints - Prerolls | ProXtracts,Joints,other,,1500,,,hybrid,TRUE,https://shop.ignyteny.com/whitestone/products/joints-626110/pre-rolls/maiden-voyage-h-2pk-x-05g-1g-lil-joints-prerolls-proxtracts-7949794,https://tymber-blaze-products.imgix.net/joints-2x-a8e8d3c2-e980-4624-acde-be42eeb06fb1.jpg,2026-05-23T23:12:18.599992+00:00,,,Maiden Voyage
ignyte-red-hook,I0E5PRO2,I0E5PRO2,Air Citrus (H) | 2pk x 0.5g | 1g - Lil Joints - Prerolls | ProXtracts,Joints,other,,1500,,,hybrid,TRUE,https://shop.ignyteny.com/whitestone/products/joints-626110/pre-rolls/air-citrus-h-2pk-x-05g-1g-lil-joints-prerolls-proxtracts-7949793,https://tymber-blaze-products.imgix.net/joints-2x-3942e14b-541c-482b-b3f4-60e6afe7f0a2.jpg,2026-05-23T23:12:18.599992+00:00,,,Air Citrus
ignyte-red-hook,I091PRO1,I091PRO1,Purple J's (I) | 10pk x 0.4g | 4g - Lil Joints - Prerolls | ProXtracts,Joints,other,,5000,,,indica,TRUE,https://shop.ignyteny.com/whitestone/products/joints-626110/pre-rolls/purple-js-i-10pk-x-04g-4g-lil-joints-prerolls-proxtracts-7949795,https://tymber-blaze-products.imgix.net/Purple-J-s--I--_-10pk-x-0-4g-_-4g---Lil-Joints---Prerolls-_-ProXtracts-104e8447-4b11-467b-96ac-6c110e68c140.jpg,2026-05-23T23:12:18.599992+00:00,,,Purple J's
ignyte-red-hook,I355PRO2,I355PRO2,Passion Fruit Diesel x Green Apple Kush (HxH) 1g - Deuces - Live Resin - Vape AIOs - Bodega Boyz,Bodega Boyz,other,,5000,,,hybrid,TRUE,https://shop.ignyteny.com/whitestone/products/bodega-boyz-508669/vape-aios/passion-fruit-diesel-x-green-apple-kush-hxh-1g-deuces-live-resin-vape-aios-bodega-boyz-7954798,https://tymber-blaze-products.imgix.net/Passion-Fruit-Diesel-x-Green-Apple-Kush--HxH----1g---Live-Resin---Duel-Chamber-AIO---Bodega-Boyz-fd67caae-926f-4c72-bad1-0369d3f1c67d.jpg,2026-05-23T23:12:18.599992+00:00,,,PASSION FRUIT DIESEL X GREEN APPLE KUSH
ignyte-red-hook,I9B5PRO2,I9B5PRO2,Melonade x Zerbert (H) - 14g - Flower - Duo Flower - Flav,Flav,flower,,11000,,,hybrid,TRUE,https://shop.ignyteny.com/whitestone/products/flav-668875/flower/melonade-x-zerbert-h-14g-flower-duo-flower-flav-7956056,https://tymber-blaze-products.imgix.net/Melonade-x-Zerbert--H----14g---Flower---Duo-Flower---Flav-aed4966f-d3e4-4a18-9033-c8f9acaae3f8.jpg,2026-05-23T23:12:18.599992+00:00,,,MELONADE X ZERBERT
ignyte-red-hook,I0D1PRO1,I0D1PRO1,Strawnana (I) - 1g - Live Resin AIO - Vape Pen - Flav,Flav,other,,5000,,,indica,TRUE,https://shop.ignyteny.com/whitestone/products/flav-668875/vape-aios/strawnana-i-1g-live-resin-aio-vape-pen-flav-7956058,https://tymber-blaze-products.imgix.net/Strawnana--I----1g---Live-Resin-AIO---Vape-Pen---Flav-1eedf208-8104-4a08-9472-f8ac93cd65be.jpg,2026-05-23T23:12:18.599992+00:00,,,STRAWNANA
ignyte-red-hook,I5B7PRO1,I5B7PRO1,Dumbo Electric-14g- Ready To Roll- Cap Junky,Dumbo Electric,flower,,7000,,,hybrid,TRUE,https://shop.ignyteny.com/whitestone/products/dumbo-electric-630338/flower/dumbo-electric-14g-ready-to-roll-cap-junky-7958266,https://tymber-blaze-products.imgix.net/Dumbo-Electric---14g---Ready-To-Roll---Cap-Junky-10c388c6-7730-4038-adf5-db8694b07836.jpg,2026-05-23T23:12:18.599992+00:00,,,Cap Junky
ignyte-red-hook,I5EFPRO1,I5EFPRO1,Dumbo Electric- Pineapple Heights- Infused Pre Roll- 1.5g,Dumbo Electric,other,,2500,,,hybrid,TRUE,https://shop.ignyteny.com/whitestone/products/dumbo-electric-630338/pre-rolls/dumbo-electric-pineapple-heights-infused-pre-roll-15g-7958265,https://tymber-blaze-products.imgix.net/Dumbo-Electric---Pineapple-Heights---Infused-Pre-Roll---1-73aef315-f8bb-4352-bce5-4c7d39941d8b.jpg,2026-05-23T23:12:18.599992+00:00,,,Pineapple Heights
ignyte-red-hook,IAFDPRO1,IAFDPRO1,Dumbo Electric- 14g- Ready To Roll- Peanut Butter Muffin,Dumbo Electric,flower,,7000,,,hybrid,TRUE,https://shop.ignyteny.com/whitestone/products/dumbo-electric-630338/flower/dumbo-electric-14g-ready-to-roll-peanut-butter-muffin-7958264,https://tymber-blaze-products.imgix.net/Dumbo-Electric---14g---Ready-To-Roll---Peanut-Butter-Muffin-496f0a53-d35e-4877-8b28-406a487e5537.jpg,2026-05-23T23:12:18.599992+00:00,,,Peanut Butter Muffin
ignyte-red-hook,ICC3PRO1,ICC3PRO1,Watermelon (I) - 1pk x 1g - Moon Rock Infused Preroll - Presidential,Presidential,other,1.0 grams,2500,,,indica,TRUE,https://shop.ignyteny.com/whitestone/products/presidential-629169/pre-rolls/watermelon-i-1pk-x-1g-moon-rock-infused-preroll-presidential-7958270,https://tymber-blaze-products.imgix.net/watermelon_preroll-390faad2-aa74-410a-adf2-801871b63bb6.jpg,2026-05-23T23:12:18.599992+00:00,,,WATERMELON
ignyte-red-hook,I0AFPRO2,I0AFPRO2,SFV OG (H) - 1.5g - Moon Rock Infused - Blunt - Presidential,Presidential,other,,3500,,,hybrid,TRUE,https://shop.ignyteny.com/whitestone/products/presidential-629169/pre-rolls/sfv-og-h-15g-moon-rock-infused-blunt-presidential-7958269,https://tymber-blaze-products.imgix.net/SFV-OG--H----1-5g---Moon-Rock-Infused---Blunt---Presidential-a52032e4-5281-4e6b-bbb8-5e5a516e18f4.jpg,2026-05-23T23:12:18.599992+00:00,,,SFV OG
ignyte-red-hook,I0E8PRO2,I0E8PRO2,Rainbow Belts (I) - 1.5g - Moon Rock Infused - Blunt - Presidential,Presidential,other,,3500,,,indica,TRUE,https://shop.ignyteny.com/whitestone/products/presidential-629169/pre-rolls/rainbow-belts-i-15g-moon-rock-infused-blunt-presidential-7958268,https://tymber-blaze-products.imgix.net/Rainbow-Belts--I----1-5g---Moon-Rock-Infused---Blunt---Presidential-78688d6a-dab6-4062-a72d-eaaa690d59a1.jpg,2026-05-23T23:12:18.599992+00:00,,,RAINBOW BELTS
ignyte-red-hook,I0C9PRO1,I0C9PRO1,Papaya Punch (S) - 1.5g - Moon Rock Infused Blunt - Preroll - Presidential,Presidential,other,,3500,,,sativa,TRUE,https://shop.ignyteny.com/whitestone/products/presidential-629169/pre-rolls/papaya-punch-s-15g-moon-rock-infused-blunt-preroll-presidential-7958267,https://tymber-blaze-products.imgix.net/Papaya-Punch--S----1g---Moon-Rock-Infused---Preroll---Presidential-61f3f702-be34-4e40-8d31-fc4a93cca307.jpg,2026-05-23T23:12:18.599992+00:00,,,PAPAYA PUNCH
ignyte-red-hook,IE40PRO2,IE40PRO2,Apple Fritter (S) | 2g - Reload AIO Live Resin Premium - Vape Pens | Eureka,EUREKA,vaporizers,,11000,,,sativa,TRUE,https://shop.ignyteny.com/whitestone/products/eureka-418452/vape-carts/apple-fritter-s-2g-reload-aio-live-resin-premium-vape-pens-eureka-7960621,https://tymber-blaze-products.imgix.net/Apple-Fritter--S----2g---Reload-AIO-Live-Resin-Premium---Vape-Pens---Eureka-e9ef5059-0b79-4883-a4bf-5796312cc72b.jpg,2026-05-23T23:12:18.599992+00:00,,,APPLE FRITTER
ignyte-red-hook,I1EDPRO3,I1EDPRO3,Mimosa (H) | 1g - Reload Classic - Vape Pens | Eureka,EUREKA,vaporizers,,6000,,,hybrid,TRUE,https://shop.ignyteny.com/whitestone/products/eureka-418452/vape-carts/mimosa-h-1g-reload-classic-vape-pens-eureka-7960624,https://tymber-blaze-products.imgix.net/Eureka-_-1000mg-_-1g-_-AIO-RELOAD-Classic-Hybrid-Mimosa-0b15011c-3ced-47fc-afcc-297f01d4388e.jpg,2026-05-23T23:12:18.599992+00:00,,,MIMOSA
ignyte-red-hook,I2C8PRO3,I2C8PRO3,Durban Poison (S) | 1g - Reload AIO Live Resin Premium - Vape Pens | Eureka,EUREKA,vaporizers,,6000,,,sativa,TRUE,https://shop.ignyteny.com/whitestone/products/eureka-418452/vape-carts/durban-poison-s-1g-reload-aio-live-resin-premium-vape-pens-eureka-7960623,https://tymber-blaze-products.imgix.net/eureka-live-resin-ghost-train-haze-sativa-2g-reload-8934e684-aeb2-4786-9d39-6f56ee546508.jpg,2026-05-23T23:12:18.599992+00:00,,,DURBAN POISON
ignyte-red-hook,I6E4PRO2,I6E4PRO2,Cherry Gelato (H) | 1g - Reload - AIO Classic - Vape Pens | Eureka,EUREKA,vaporizers,,5000,,,hybrid,TRUE,https://shop.ignyteny.com/whitestone/products/eureka-418452/vape-carts/cherry-gelato-h-1g-reload-aio-classic-vape-pens-eureka-7960622,https://tymber-blaze-products.imgix.net/Cherry-Gelato--H----1g---Reload---AIO-Classic---Vape-Pens---Eureka-25cf6d52-3c1b-4b11-b309-3e107260b491.jpg,2026-05-23T23:12:18.599992+00:00,,,CHERRY GELATO
ignyte-red-hook,I739PRO1,I739PRO1,Triple Diesel (S) - 1g - Reload AIO Classic - Vape Pens - Eureka,EUREKA,vaporizers,,5000,,,sativa,TRUE,https://shop.ignyteny.com/whitestone/products/eureka-418452/vape-carts/triple-diesel-s-1g-reload-aio-classic-vape-pens-eureka-7960632,https://tymber-blaze-products.imgix.net/Eureka-_-1000mg-_-1g-_-AIO-Reload-Classic-Sativa-Mango-Haze-13b4f6a6-eeda-4704-a5f8-dfa5a14e951d.jpg,2026-05-23T23:12:18.599992+00:00,,,TRIPLE DIESEL
ignyte-red-hook,I31APRO1,I31APRO1,Super Skunk (I) | 1g - Premium Live Resin AIO - Vape Pens | Eureka,EUREKA,other,,8000,,,indica,TRUE,https://shop.ignyteny.com/whitestone/products/eureka-418452/vape-aios/super-skunk-i-1g-premium-live-resin-aio-vape-pens-eureka-7960631,https://tymber-blaze-products.imgix.net/Pink-Champagne--I--_-1g---Premium-Live-Resin-AIO---Vape-Pens-_-Eureka-1-bde300e0-ecaa-477b-b2c6-1c3ec20be976.jpg,2026-05-23T23:12:18.599992+00:00,,,SUPER SKUNK
ignyte-red-hook,I370PRO1,I370PRO1,Super Skunk (I) - 2g - Reload AIO Live Resin Premium - Vape Pens - Eureka,EUREKA,vaporizers,,11000,,,indica,TRUE,https://shop.ignyteny.com/whitestone/products/eureka-418452/vape-carts/super-skunk-i-2g-reload-aio-live-resin-premium-vape-pens-eureka-7960630,https://tymber-blaze-products.imgix.net/eureka-oreoz-2-5ede63f1-2be0-44ce-a060-9e4e354cc95c.jpg,2026-05-23T23:12:18.599992+00:00,,,SUPER SKUNK
ignyte-red-hook,I779PRO1,I779PRO1,Platinum Bubba (I) | 1g - Reload AIO Classic - Vape Pens | Eureka,EUREKA,vaporizers,,5000,,,indica,TRUE,https://shop.ignyteny.com/whitestone/products/eureka-418452/vape-carts/platinum-bubba-i-1g-reload-aio-classic-vape-pens-eureka-7960629,https://tymber-blaze-products.imgix.net/Eureka-_-1000mg-_-1g-_-AIO-Reload-Classic-Indica-Platinum-Bubba-da205e1d-9d00-415a-8bbb-44597d86080c.jpg,2026-05-23T23:12:18.599992+00:00,,,PLATINUM BUBBA
ignyte-red-hook,ID85PRO1,ID85PRO1,Pink Champangne (I) | 1g - Reload AIO Live Resin Premium - Vape Carts - Eureka,EUREKA,vaporizers,.5g,6000,,,indica,TRUE,https://shop.ignyteny.com/whitestone/products/eureka-418452/vape-carts/pink-champangne-i-1g-reload-aio-live-resin-premium-vape-carts-eureka-7960628,https://tymber-blaze-products.imgix.net/Pink-Champagne--I--_-1g---Premium-Live-Resin-AIO---Vape-Pens-_-Eureka-1-0941a511-9835-47fc-b3f3-7468058d026b.jpg,2026-05-23T23:12:18.599992+00:00,,,PINK CHAMPAGNE
ignyte-red-hook,I2FEPRO2,I2FEPRO2,Pink Champagne (I) | 1g - Premium Live Resin AIO - Vape Pens | Eureka,EUREKA,other,,8000,,,indica,TRUE,https://shop.ignyteny.com/whitestone/products/eureka-418452/vape-aios/pink-champagne-i-1g-premium-live-resin-aio-vape-pens-eureka-7960627,https://tymber-blaze-products.imgix.net/Pink-Champagne--I--_-1g---Premium-Live-Resin-AIO---Vape-Pens-_-Eureka-f8e76cf5-8917-4076-b275-0f149c24ec99.jpg,2026-05-23T23:12:18.599992+00:00,,,PINK CHAMPAGNE
ignyte-red-hook,I33CPRO1,I33CPRO1,Mochi (H) | 2g - Reload AIO Live Resin Premium - Vape Pens | Eureka,EUREKA,vaporizers,,11000,,,hybrid,TRUE,https://shop.ignyteny.com/whitestone/products/eureka-418452/vape-carts/mochi-h-2g-reload-aio-live-resin-premium-vape-pens-eureka-7960626,https://tymber-blaze-products.imgix.net/Mochi--H----2g---Reload-AIO-Live-Resin-Premium---Vape-Pens---Eureka-0af7537d-167d-428e-b76e-aab6e276b4e8.jpg,2026-05-23T23:12:18.599992+00:00,,,MOCHI
ignyte-red-hook,IBD4PRO2,IBD4PRO2,Mochi (H) | 1g - AIO Live Resin Premium - Vape Pens | Eureka,EUREKA,other,,8000,,,hybrid,TRUE,https://shop.ignyteny.com/whitestone/products/eureka-418452/vape-aios/mochi-h-1g-aio-live-resin-premium-vape-pens-eureka-7960625,https://tymber-blaze-products.imgix.net/Mochi--H----1g---AIO-Live-Resin-Premium---Vape-Pens---Eureka-671a8594-3645-4077-87f9-ed4fe92f7e02.jpg,2026-05-23T23:12:18.599992+00:00,,,MOCHI
ignyte-red-hook,IED5PRO1,IED5PRO1,Frodo Squeeze (H) | 2pk x 0.75g | 1.5g - Prerolls | High Peaks,High Peaks,other,,2000,,,hybrid,TRUE,https://shop.ignyteny.com/whitestone/products/high-peaks-591514/pre-rolls/frodo-squeeze-h-2pk-x-075g-15g-prerolls-high-peaks-7964746,https://tymber-blaze-products.imgix.net/Frodo-Squeeze--H----2pk-x-0-75g---1-5g---Prerolls---High-Peaks-ad82b947-23ee-439d-ae98-aa6563d6dde8.jpg,2026-05-23T23:12:18.599992+00:00,,,FRODO SQUEEZE
ignyte-red-hook,I69EPRO1,I69EPRO1,Strawberry Kiwi (H) - 100mg - Gummies - Mayhem,Mayhem,edible,,2000,,,hybrid,TRUE,https://shop.ignyteny.com/whitestone/products/mayhem-730005/gummies/strawberry-kiwi-h-100mg-gummies-mayhem-7964748,https://tymber-blaze-products.imgix.net/Strawberry-Kiwi--H----100mg---Gummies---Mayhem-a6f9d6ce-3725-4ddb-b4e1-273b8b381efb.jpg,2026-05-23T23:12:18.599992+00:00,,,STRAWBERRY KIWI
ignyte-red-hook,IC51PRO2,IC51PRO2,Sour Blue Raspberry Lemonade (H) - 100mg - Gummies - Mayhem,Mayhem,edible,,2000,,,hybrid,TRUE,https://shop.ignyteny.com/whitestone/products/mayhem-730005/gummies/sour-blue-raspberry-lemonade-h-100mg-gummies-mayhem-7964747,https://tymber-blaze-products.imgix.net/Sour-Blue-Raspberry-Lemonade--H----100mg---Gummies---Mayhem-0b57c4d6-e76d-4805-8b4e-e494ba225cef.jpg,2026-05-23T23:12:18.599992+00:00,,,SOUR BLUE RASPBERRY LEMONADE
ignyte-red-hook,IE6CPRO1,IE6CPRO1,Mad Hatter (IH) | 3.5g | 8th - Flower | Three's Company,Three's Company,flower,,5000,,,hybrid,TRUE,https://shop.ignyteny.com/whitestone/products/threes-company-731056/flower/mad-hatter-ih-35g-8th-flower-threes-company-7965628,https://tymber-blaze-products.imgix.net/three-s-company-flower-3de74a0e-1dbf-4df8-a5f7-416d8482c30a.jpg,2026-05-23T23:12:18.599992+00:00,,,Mad Hatter
ignyte-red-hook,I345PRO2,I345PRO2,East Coast Sour Diesel (SH) | 3.5g | 8th - Flower | Three's Company,Three's Company,flower,,5000,,,hybrid,TRUE,https://shop.ignyteny.com/whitestone/products/threes-company-731056/flower/east-coast-sour-diesel-sh-35g-8th-flower-threes-company-7965627,https://tymber-blaze-products.imgix.net/three-s-company-flower-ba007d52-5952-43fb-bf3f-37c9a979383c.jpg,2026-05-23T23:12:18.599992+00:00,,,East Coast Sour Diesel
ignyte-red-hook,I361PRO1,I361PRO1,Sour Oreoz (IH) | 3.5g | 8th - Flower | Three's Company,Three's Company,flower,,5000,,,hybrid,TRUE,https://shop.ignyteny.com/whitestone/products/threes-company-731056/flower/sour-oreoz-ih-35g-8th-flower-threes-company-7965629,https://tymber-blaze-products.imgix.net/three-s-company-flower-2b83365e-4f0a-4fd0-837c-6778d668f5cc.jpg,2026-05-23T23:12:18.599992+00:00,,,Sour Oreoz
ignyte-red-hook,I912PRO1,I912PRO1,Coffin Candy (IH)  | 3.5g | 8th - Flower | Electraleaf,Electraleaf New York,flower,,5000,,,hybrid,TRUE,https://shop.ignyteny.com/whitestone/products/electraleaf-new-york-591515/flower/coffin-candy-ih-35g-8th-flower-electraleaf-7972308,https://tymber-blaze-products.imgix.net/Coffin-Candy--IH----3-5g---Flower---Electraleaf-39eaaa6d-db91-47b6-b9a1-ae33043e958f.jpg,2026-05-23T23:12:18.599992+00:00,,,COFFIN CANDY
ignyte-red-hook,I907PRO1,I907PRO1,Cadillac Rainbows (I)  | 3.5g | 8th - Flower | Electraleaf,Electraleaf New York,flower,,5000,,,indica,TRUE,https://shop.ignyteny.com/whitestone/products/electraleaf-new-york-591515/flower/cadillac-rainbows-i-35g-8th-flower-electraleaf-7972307,https://tymber-blaze-products.imgix.net/Cadillac-Rainbows--I----3-5g---Flower---Electraleaf-48d1b67a-fbb8-431e-af2e-fb6f5366c2da.jpg,2026-05-23T23:12:18.599992+00:00,,,CADILLAC RAINBOW
ignyte-red-hook,IFC3PRO1,IFC3PRO1,Strawberry Shortcake (H) - 1g - Live Rosin - Concentrates - UrbanXtracts,UrbanXtracts,concentrate,,6500,,,hybrid,TRUE,https://shop.ignyteny.com/whitestone/products/urbanxtracts-732219/concentrates/strawberry-shortcake-h-1g-live-rosin-concentrates-urbanxtracts-7989826,https://tymber-blaze-products.imgix.net/Strawberry-Shortcake--H----1g---Live-Rosin---Concentrates---UrbanXtracts1-3dfe5e52-7b18-4027-bc39-767f0822021f.jpg,2026-05-23T23:12:18.599992+00:00,,,STRAWBERRY CHEESECAKE
ignyte-red-hook,I9D5PRO2,I9D5PRO2,Singapore Sling (H) - 1g - Live Rosin - Concentrates - UrbanXtracts,UrbanXtracts,concentrate,,6500,,,hybrid,TRUE,https://shop.ignyteny.com/whitestone/products/urbanxtracts-732219/concentrates/singapore-sling-h-1g-live-rosin-concentrates-urbanxtracts-7989823,https://tymber-blaze-products.imgix.net/Singapore-Sling--H----1g---Live-Rosin---Concentrates---UrbanXtracts-10463182-9240-4a0c-aa9e-7131a6f8759d.jpg,2026-05-23T23:12:18.599992+00:00,,,SINGAPORE SLING
ignyte-red-hook,IB09PRO1,IB09PRO1,Platinum Kush Breath (H) - 1g - Live Rosin - Concentrates - UrbanXtracts,UrbanXtracts,concentrate,,6500,,,hybrid,TRUE,https://shop.ignyteny.com/whitestone/products/urbanxtracts-732219/concentrates/platinum-kush-breath-h-1g-live-rosin-concentrates-urbanxtracts-7989821,https://tymber-blaze-products.imgix.net/Platinum-Kush-Breath--H----1g---Live-Rosin---Concentrates---UrbanXtracts-3c00343e-d59b-4498-b70b-0a8c61026409.jpg,2026-05-23T23:12:18.599992+00:00,,,PLATINUM KUSH BREATH
ignyte-red-hook,ID83PRO1,ID83PRO1,Cindy's Mint Cookies- 3.5g- High Falls Canna,High Falls Canna,flower,,3500,,,hybrid,TRUE,https://shop.ignyteny.com/whitestone/products/high-falls-canna-617486/flower/cindys-mint-cookies-35g-high-falls-canna-8018828,https://tymber-blaze-products.imgix.net/Cindy-s-Mint-Cookies--3-5g--High-Falls-Canna-e1f12b5e-9ebc-471e-887a-7ff70ddfbb52.jpg,2026-05-23T23:12:18.599992+00:00,,,Cindy's Mint Cookies
ignyte-red-hook,ID90PRO1,ID90PRO1,Candy Fumez- 3.5g- High Falls Canna,High Falls Canna,flower,,3500,,,indica,TRUE,https://shop.ignyteny.com/whitestone/products/high-falls-canna-617486/flower/candy-fumez-35g-high-falls-canna-8018827,https://tymber-blaze-products.imgix.net/Candy-Fumez--3-5g--High-Falls-Canna-0b2523d3-b934-4411-a7d1-84d8c6c5e65f.jpg,2026-05-23T23:12:18.599992+00:00,,,Candy Fumez
ignyte-red-hook,I6FCPRO1,I6FCPRO1,Purple Punch X- 3.5g- High Falls Canna,High Falls Canna,flower,,3500,,,indica,TRUE,https://shop.ignyteny.com/whitestone/products/high-falls-canna-617486/flower/purple-punch-x-35g-high-falls-canna-8018839,https://tymber-blaze-products.imgix.net/Purple-Punch--3-5g--High-Falls-Canna-426f221d-badd-4b58-aeb5-dec8b1a5bba2.jpg,2026-05-23T23:12:18.599992+00:00,,,Purple Punch
ignyte-red-hook,I6EEPRO2,I6EEPRO2,Purple Cream- 3.5g- High Fall Canna,High Falls Canna,flower,,3500,,,indica,TRUE,https://shop.ignyteny.com/whitestone/products/high-falls-canna-617486/flower/purple-cream-35g-high-fall-canna-8018838,https://tymber-blaze-products.imgix.net/Purple-Cream--3-5g--High-Fall-Canna-bf5461d0-beac-45da-883b-a34659446bae.jpg,2026-05-23T23:12:18.599992+00:00,,,Purple Cream
ignyte-red-hook,I623PRO4,I623PRO4,OG Kush- Cured Resin- 1g- High Falls Canna,High Falls Canna,concentrate,,5500,,,indica,TRUE,https://shop.ignyteny.com/whitestone/products/high-falls-canna-617486/concentrates/og-kush-cured-resin-1g-high-falls-canna-8018836,https://tymber-blaze-products.imgix.net/OG-Kush--Cured-Resin--1g--High-Falls-Canna-9cafc959-ffbb-4083-b975-42be72db0efc.jpg,2026-05-23T23:12:18.599992+00:00,,,OG Kush
ignyte-red-hook,I5F7PRO1,I5F7PRO1,OG Kush- 2pk- 0.5g x 2- High Falls Canna,High Falls Canna,other,,1200,,,indica,TRUE,https://shop.ignyteny.com/whitestone/products/high-falls-canna-617486/pre-rolls/og-kush-2pk-05g-x-2-high-falls-canna-8018835,https://tymber-blaze-products.imgix.net/OG-Kush--2pk--0-5g-x-2--High-Falls-Canna-419929c9-58a4-4b46-ad8b-f7e4914217c4.jpg,2026-05-23T23:12:18.599992+00:00,,,OG Kush
ignyte-red-hook,ICB7PRO1,ICB7PRO1,Mac- Cured Resin- 1g- High Falls Canna,High Falls Canna,concentrate,,5500,,,hybrid,TRUE,https://shop.ignyteny.com/whitestone/products/high-falls-canna-617486/concentrates/mac-cured-resin-1g-high-falls-canna-8018834,https://tymber-blaze-products.imgix.net/Mac--Cured-Resin--1g--High-Falls-Canna-e11b5900-3eb8-45e0-8675-7783f34bdc57.jpg,2026-05-23T23:12:18.599992+00:00,,,Mac
ignyte-red-hook,I432PRO1,I432PRO1,Killer Queen (SH) | 3.5g | 8th - Flower | High Falls Canna,High Falls Canna,flower,,3500,,,sativa dominant,TRUE,https://shop.ignyteny.com/whitestone/products/high-falls-canna-617486/flower/killer-queen-sh-35g-8th-flower-high-falls-canna-8018833,https://tymber-blaze-products.imgix.net/6f1c80eabc21774d8cd6ddceb9666ad7-ccd64dd0-ccfc-4ad2-bac4-69fbb5469d6e.jpeg,2026-05-23T23:12:18.599992+00:00,,,KILLER QUEEN
ignyte-red-hook,IC86PRO2,IC86PRO2,Indica Blend (I) 2pk- 0.5g x 2- ZO2- High Falls Canna,High Falls Canna,other,.5g,1200,,,indica,TRUE,https://shop.ignyteny.com/whitestone/products/high-falls-canna-617486/pre-rolls/indica-blend-i-2pk-05g-x-2-zo2-high-falls-canna-8018832,https://tymber-blaze-products.imgix.net/Indica-Blend--2pk--0-5g-x-2--ZO2--High-Falls-Canna-8247ee68-4af0-4b1f-8027-7390dd2d8d53.jpg,2026-05-23T23:12:18.599992+00:00,,,ZO2
ignyte-red-hook,I5B1PRO1,I5B1PRO1,G13 Genius- 14G- High Falls Canna,High Falls Canna,flower,,10000,,,hybrid,TRUE,https://shop.ignyteny.com/whitestone/products/high-falls-canna-617486/flower/g13-genius-14g-high-falls-canna-8018830,https://tymber-blaze-products.imgix.net/high-falls-g131-812bcfb1-1687-42ea-a55a-c2275c1b97da.jpg,2026-05-23T23:12:18.599992+00:00,,,G13 Genius
ignyte-red-hook,I64DPRO1,I64DPRO1,Wedding Cake Kief- 1g- puck- High Falls Canna,High Falls Canna,concentrate,1g,2500,,,indica,TRUE,https://shop.ignyteny.com/whitestone/products/high-falls-canna-617486/concentrates/wedding-cake-kief-1g-puck-high-falls-canna-8018843,https://tymber-blaze-products.imgix.net/Wedding-Cake-Kief--1g--puck--High-Falls-Canna-f798b9a0-9db5-415a-95e3-7f4eff7dedbf.jpg,2026-05-23T23:12:18.599992+00:00,,,Wedding Cake
ignyte-red-hook,ICEEPRO2,ICEEPRO2,Slurricane Kief- puck- High Falls Canna,High Falls Canna,concentrate,1g,2500,,,hybrid,TRUE,https://shop.ignyteny.com/whitestone/products/high-falls-canna-617486/concentrates/slurricane-kief-puck-high-falls-canna-8018842,https://tymber-blaze-products.imgix.net/Slurricane-Kief--puck--High-Falls-Canna-cae89dd8-62da-4d8f-a674-7578c9676601.jpg,2026-05-23T23:12:18.599992+00:00,,,Slurricane
ignyte-red-hook,I6D3PRO2,I6D3PRO2,Ricky's Hash Plant- 3.5g- High Falls Canna,High Falls Canna,flower,,3500,,,indica,TRUE,https://shop.ignyteny.com/whitestone/products/high-falls-canna-617486/flower/rickys-hash-plant-35g-high-falls-canna-8018840,https://tymber-blaze-products.imgix.net/Ricky-s-Hash-Plant--3-5g--High-Falls-Canna1-b8ab1892-bc13-4d3a-a2e4-2be1330a103a.jpg,2026-05-23T23:12:18.599992+00:00,,,Ricky's Hash Plant
ignyte-red-hook,I952PRO1,I952PRO1,Blazy Susan- Purple Rolling Papers- 1.25,,merch,,300,,,,TRUE,https://shop.ignyteny.com/whitestone/products/accessories/blazy-susan-purple-rolling-papers-125-8023458,https://tymber-blaze-products.imgix.net/accessories-fc1ce8a2-ae50-48a6-b6e6-7abf23ac83a7.png,2026-05-23T23:12:18.599992+00:00,,,
ignyte-red-hook,I83FPRO1,I83FPRO1,Blazy Susan- Pink Cones- 20pk- 98mm,BLAZY SUSAN,merch,,1000,,,,TRUE,https://shop.ignyteny.com/whitestone/products/blazy-susan-418467/accessories/blazy-susan-pink-cones-20pk-98mm-8023457,https://tymber-blaze-products.imgix.net/accessories-fc1ce8a2-ae50-48a6-b6e6-7abf23ac83a7.png,2026-05-23T23:12:18.599992+00:00,,,
ignyte-red-hook,I99EPRO2,I99EPRO2,Elements- Pink Rolling Papers- 1.25 Slim,Elements,merch,,200,,,,TRUE,https://shop.ignyteny.com/whitestone/products/elements-418454/accessories/elements-pink-rolling-papers-125-slim-8023461,https://tymber-blaze-products.imgix.net/accessories-fc1ce8a2-ae50-48a6-b6e6-7abf23ac83a7.png,2026-05-23T23:12:18.599992+00:00,,,
ignyte-red-hook,I680PRO1,I680PRO1,PRUF- 2 in 1 Air Tight Jar- Blue White,,merch,,2000,,,,TRUE,https://shop.ignyteny.com/whitestone/products/accessories/pruf-2-in-1-air-tight-jar-blue-white-8023468,https://tymber-blaze-products.imgix.net/accessories-fc1ce8a2-ae50-48a6-b6e6-7abf23ac83a7.png,2026-05-23T23:12:18.599992+00:00,,,
ignyte-red-hook,I73DPRO2,I73DPRO2,PRUF- 2 in 1 Air Tight Jar- Black Gray,,merch,,2000,,,,TRUE,https://shop.ignyteny.com/whitestone/products/accessories/pruf-2-in-1-air-tight-jar-black-gray-8023467,https://tymber-blaze-products.imgix.net/accessories-fc1ce8a2-ae50-48a6-b6e6-7abf23ac83a7.png,2026-05-23T23:12:18.599992+00:00,,,
ignyte-red-hook,IB56PRO3,IB56PRO3,Ooze- Glyco Water Pipe- Mellow Yellow,,merch,,5000,,,,TRUE,https://shop.ignyteny.com/whitestone/products/accessories/ooze-glyco-water-pipe-mellow-yellow-8023466,https://tymber-blaze-products.imgix.net/accessories-fc1ce8a2-ae50-48a6-b6e6-7abf23ac83a7.png,2026-05-23T23:12:18.599992+00:00,,,
ignyte-red-hook,I93APRO1,I93APRO1,Lookah- 710 Connect Quartz Coil- C (5pcs),LOOKAH,merch,,3500,,,,TRUE,https://shop.ignyteny.com/whitestone/products/lookah-418519/accessories/lookah-710-connect-quartz-coil-c-5pcs-8023465,https://tymber-blaze-products.imgix.net/accessories-fc1ce8a2-ae50-48a6-b6e6-7abf23ac83a7.png,2026-05-23T23:12:18.599992+00:00,,,
ignyte-red-hook,I818PRO1,I818PRO1,Lookah- 710 Connect Quartz Coil- A (5pcs),LOOKAH,merch,,3500,,,,TRUE,https://shop.ignyteny.com/whitestone/products/lookah-418519/accessories/lookah-710-connect-quartz-coil-a-5pcs-8023464,https://tymber-blaze-products.imgix.net/accessories-fc1ce8a2-ae50-48a6-b6e6-7abf23ac83a7.png,2026-05-23T23:12:18.599992+00:00,,,
ignyte-red-hook,I196PRO1,I196PRO1,Kind Pen | Covert 2.0 - Cartridge Vaporizer (White),Kind Pen,merch,,3000,,,,TRUE,https://shop.ignyteny.com/whitestone/products/kind-pen-418526/accessories/kind-pen-covert-20-cartridge-vaporizer-white-8023463,https://tymber-blaze-products.imgix.net/_-Kind-Pen-_-Covert-2-0---Cartridge-Vaporizer--White--44955f44-0354-4d23-ad96-377746f9ed88.png,2026-05-23T23:12:18.599992+00:00,,,
ignyte-red-hook,I6A8PRO1,I6A8PRO1,Kind Pen | Covert 2.0 - Cartridge Vaporizer (Blue),Kind Pen,merch,,3000,,,,TRUE,https://shop.ignyteny.com/whitestone/products/kind-pen-418526/accessories/kind-pen-covert-20-cartridge-vaporizer-blue-8023462,https://tymber-blaze-products.imgix.net/_-Kind-Pen-_-Covert-2-0---Cartridge-Vaporizer--Blue--04196d48-8c52-46dc-944a-b94f04d83e75.png,2026-05-23T23:12:18.599992+00:00,,,
ignyte-red-hook,IB08PRO1,IB08PRO1,Santa Cruz- Grinder Medium 2 Part- Assorted Colors,Santa Cruz,merch,,1000,,,,TRUE,https://shop.ignyteny.com/whitestone/products/santa-cruz-716358/accessories/santa-cruz-grinder-medium-2-part-assorted-colors-8023473,https://tymber-blaze-products.imgix.net/accessories-fc1ce8a2-ae50-48a6-b6e6-7abf23ac83a7.png,2026-05-23T23:12:18.599992+00:00,,,
ignyte-red-hook,I867PRO1,I867PRO1,Raw- Cones Black 1.25- 6pk,Raw,merch,,300,,,,TRUE,https://shop.ignyteny.com/whitestone/products/raw-430482/accessories/raw-cones-black-125-6pk-8023472,https://tymber-blaze-products.imgix.net/accessories-fc1ce8a2-ae50-48a6-b6e6-7abf23ac83a7.png,2026-05-23T23:12:18.599992+00:00,,,
ignyte-red-hook,IB40PRO1,IB40PRO1,Raw - Tips - Original,Raw,merch,,400,,,,TRUE,https://shop.ignyteny.com/whitestone/products/raw-430482/accessories/raw-tips-original-8023471,https://tymber-blaze-products.imgix.net/accessories-fc1ce8a2-ae50-48a6-b6e6-7abf23ac83a7.png,2026-05-23T23:12:18.599992+00:00,,,
ignyte-red-hook,I87APRO1,I87APRO1,PRUF- 2 in 1 Air Tight Jar- Red Yellow (Rasta),,merch,,2000,,,,TRUE,https://shop.ignyteny.com/whitestone/products/accessories/pruf-2-in-1-air-tight-jar-red-yellow-rasta-8023470,https://tymber-blaze-products.imgix.net/accessories-fc1ce8a2-ae50-48a6-b6e6-7abf23ac83a7.png,2026-05-23T23:12:18.599992+00:00,,,
ignyte-red-hook,I724PRO3,I724PRO3,PRUF- 2 in 1 Air Tight Jar- Red White,,merch,,2000,,,,TRUE,https://shop.ignyteny.com/whitestone/products/accessories/pruf-2-in-1-air-tight-jar-red-white-8023469,https://tymber-blaze-products.imgix.net/accessories-fc1ce8a2-ae50-48a6-b6e6-7abf23ac83a7.png,2026-05-23T23:12:18.599992+00:00,,,
ignyte-red-hook,IC0FPRO2,IC0FPRO2,Bee's Knees (H) |  Bubble Hash Infused Prerolls | 2pk x 0.75g | 1.5g | High Peaks,High Peaks,other,,3000,,,hybrid,TRUE,https://shop.ignyteny.com/whitestone/products/high-peaks-591514/pre-rolls/bees-knees-h-bubble-hash-infused-prerolls-2pk-x-075g-15g-high-peaks-8024974,https://tymber-blaze-products.imgix.net/Bee-s-Knees--H----Bubble-Hash-Infused-Prerolls-_-2pk-x-0-75g-_-1-5g-_-High-Peaks-a8be50cb-31fa-47e8-be0f-361de03d8bc7.jpg,2026-05-23T23:12:18.599992+00:00,,,Bee's Knees
ignyte-red-hook,I058PRO2,I058PRO2,Empire OG (I) - 1g - Diamond Infused - Preroll - Jetpacks,Jetpacks,other,,2500,,,indica,TRUE,https://shop.ignyteny.com/whitestone/products/jetpacks-622031/pre-rolls/empire-og-i-1g-diamond-infused-preroll-jetpacks-8054946,https://tymber-blaze-products.imgix.net/IMG_0490-9351780c-8e0f-4987-a9dd-61b9810d6812.jpeg,2026-05-23T23:12:18.599992+00:00,,,EMPIRE OG
ignyte-red-hook,I549PRO4,I549PRO4,Margarita (H) (2:1 THC:CBD) 10mg THC : 5mg CBD - 12oz - Beverages - High Peaks,High Peaks,edible,,500,,,hybrid,TRUE,https://shop.ignyteny.com/whitestone/products/high-peaks-591514/beverages/margarita-h-21-thccbd-10mg-thc-5mg-cbd-12oz-beverages-high-peaks-8087387,https://tymber-blaze-products.imgix.net/drinks-5d74c181-6f09-4d22-9d99-619d7f61f7fa.png,2026-05-23T23:12:18.599992+00:00,,,MARGARITA
ignyte-red-hook,I5FCPRO2,I5FCPRO2,Bubble Bath (IH) - 3.5g - 8th - Flower - Zizzle,Zizzle,flower,,5500,,,hybrid,TRUE,https://shop.ignyteny.com/whitestone/products/zizzle-418479/flower/bubble-bath-ih-35g-8th-flower-zizzle-8116712,https://tymber-blaze-products.imgix.net/bud-5360bd2b-f64f-420b-bd9d-f1494398c0d1.png,2026-05-23T23:12:18.599992+00:00,,,BUBBLE BATH
ignyte-red-hook,IBB8PRO1,IBB8PRO1,Black Magic- 3.5g- Flower- Zizzle,Zizzle,flower,,5500,,,indica,TRUE,https://shop.ignyteny.com/whitestone/products/zizzle-418479/flower/black-magic-35g-flower-zizzle-8116711,https://tymber-blaze-products.imgix.net/bud-5360bd2b-f64f-420b-bd9d-f1494398c0d1.png,2026-05-23T23:12:18.599992+00:00,,,Black Magic
ignyte-red-hook,I277PRO1,I277PRO1,Blue Zushi (IH) - Doobies - 7pk x 0.5g - Prerolls | 3.5g | Moony's Zooties,MOONY'S ZOOTIES,other,,3000,,,hybrid,TRUE,https://shop.ignyteny.com/whitestone/products/moonys-zooties-418512/pre-rolls/blue-zushi-ih-doobies-7pk-x-05g-prerolls-35g-moonys-zooties-8116754,https://tymber-blaze-products.imgix.net/preroll-73016235-2df1-48d3-bced-85ab5a167899.png,2026-05-23T23:12:18.599992+00:00,,,BLUE ZUSHI
ignyte-red-hook,I9B9PRO2,I9B9PRO2,Apple Jax (SH) | 2pk x 0.5g | 1g - Prerolls | Moony's Zooties,MOONY'S ZOOTIES,other,,1000,,,hybrid,TRUE,https://shop.ignyteny.com/whitestone/products/moonys-zooties-418512/pre-rolls/apple-jax-sh-2pk-x-05g-1g-prerolls-moonys-zooties-8116753,https://tymber-blaze-products.imgix.net/preroll-73016235-2df1-48d3-bced-85ab5a167899.png,2026-05-23T23:12:18.599992+00:00,,,APPLE JAX
ignyte-red-hook,I2B2PRO1,I2B2PRO1,Egg Roll (H) - Doobies - 7pk x 0.5g - Prerolls | 3.5g | Moony's Zooties,MOONY'S ZOOTIES,other,,3000,,,hybrid,TRUE,https://shop.ignyteny.com/whitestone/products/moonys-zooties-418512/pre-rolls/egg-roll-h-doobies-7pk-x-05g-prerolls-35g-moonys-zooties-8116756,https://tymber-blaze-products.imgix.net/preroll-73016235-2df1-48d3-bced-85ab5a167899.png,2026-05-23T23:12:18.599992+00:00,,,EGG ROLL
ignyte-red-hook,IDC0PRO1,IDC0PRO1,Dante's Inferno (H) - Doobies - 7pk x 0.5g - Prerolls | 3.5g | Moony's Zooties,MOONY'S ZOOTIES,other,,3000,,,hybrid,TRUE,https://shop.ignyteny.com/whitestone/products/moonys-zooties-418512/pre-rolls/dantes-inferno-h-doobies-7pk-x-05g-prerolls-35g-moonys-zooties-8116755,https://tymber-blaze-products.imgix.net/preroll-73016235-2df1-48d3-bced-85ab5a167899.png,2026-05-23T23:12:18.599992+00:00,,,DANTE'S INFERNO
ignyte-red-hook,I6D9PRO1,I6D9PRO1,Phanata Fizz (S) - 10pk x 0.35g - 3.5g - Classic Minis - Prerolls - Toast,Toast,other,,5500,,,sativa,TRUE,https://shop.ignyteny.com/whitestone/products/toast-559163/pre-rolls/phanata-fizz-s-10pk-x-035g-35g-classic-minis-prerolls-toast-8117590,https://tymber-blaze-products.imgix.net/preroll-73016235-2df1-48d3-bced-85ab5a167899.png,2026-05-23T23:12:18.599992+00:00,,,Phanta Fizz
ignyte-red-hook,IA1CPRO3,IA1CPRO3,Han Solo Burger (I) 1pk x 1g - Preroll - Electraleaf,Electraleaf New York,other,,1500,,,indica,TRUE,https://shop.ignyteny.com/whitestone/products/electraleaf-new-york-591515/pre-rolls/han-solo-burger-i-1pk-x-1g-preroll-electraleaf-8201898,https://tymber-blaze-products.imgix.net/preroll-73016235-2df1-48d3-bced-85ab5a167899.png,2026-05-23T23:12:18.599992+00:00,,,HAN SOLO BURGER
ignyte-red-hook,IA27PRO1,IA27PRO1,Zoap (H) | 1pk x 1g - Preroll | Electraleaf,Electraleaf New York,other,,1500,,,hybrid,TRUE,https://shop.ignyteny.com/whitestone/products/electraleaf-new-york-591515/pre-rolls/zoap-h-1pk-x-1g-preroll-electraleaf-8201899,https://tymber-blaze-products.imgix.net/preroll-73016235-2df1-48d3-bced-85ab5a167899.png,2026-05-23T23:12:18.599992+00:00,,,ZOAP
ignyte-red-hook,IE67PRO2,IE67PRO2,Berry Pie (S) 1pk x 1g - Preroll - Electraleaf,Electraleaf New York,other,,1500,,,sativa,TRUE,https://shop.ignyteny.com/whitestone/products/electraleaf-new-york-591515/pre-rolls/berry-pie-s-1pk-x-1g-preroll-electraleaf-8204374,https://tymber-blaze-products.imgix.net/preroll-73016235-2df1-48d3-bced-85ab5a167899.png,2026-05-23T23:12:18.599992+00:00,,,BERRY PIE
ignyte-red-hook,IC68PRO1,IC68PRO1,Zesty Parm (S) | 5pk x 0.5g | 3.5g - Prerolls | High Peaks,High Peaks,other,,3500,,,sativa,TRUE,https://shop.ignyteny.com/whitestone/products/high-peaks-591514/pre-rolls/zesty-parm-s-5pk-x-05g-35g-prerolls-high-peaks-8204446,https://tymber-blaze-products.imgix.net/preroll-73016235-2df1-48d3-bced-85ab5a167899.png,2026-05-23T23:12:18.599992+00:00,,,ZESTY PARM
ignyte-red-hook,ICBCPRO1,ICBCPRO1,Sherb Cake (H) | 2pk x 0.75g | 1.5g - Prerolls | High Peaks,High Peaks,other,,2000,,,hybrid,TRUE,https://shop.ignyteny.com/whitestone/products/high-peaks-591514/pre-rolls/sherb-cake-h-2pk-x-075g-15g-prerolls-high-peaks-8204445,https://tymber-blaze-products.imgix.net/preroll-73016235-2df1-48d3-bced-85ab5a167899.png,2026-05-23T23:12:18.599992+00:00,,,SHERB CAKE
ignyte-red-hook,I130PRO1,I130PRO1,Bubba Kush (I) 1pk x 1g - Preroll - Slappz,Slappz,other,,1200,,,indica,TRUE,https://shop.ignyteny.com/whitestone/products/slappz-749709/pre-rolls/bubba-kush-i-1pk-x-1g-preroll-slappz-8210176,https://tymber-blaze-products.imgix.net/preroll-73016235-2df1-48d3-bced-85ab5a167899.png,2026-05-23T23:12:18.599992+00:00,,,BUBBA KUSH
ignyte-red-hook,I05FPRO1,I05FPRO1,Sour Diesel (S) 1pk x 1g - Preroll - Slappz,Slappz,other,,1200,,,sativa,TRUE,https://shop.ignyteny.com/whitestone/products/slappz-749709/pre-rolls/sour-diesel-s-1pk-x-1g-preroll-slappz-8210179,https://tymber-blaze-products.imgix.net/preroll-73016235-2df1-48d3-bced-85ab5a167899.png,2026-05-23T23:12:18.599992+00:00,,,SOUR DIESEL
ignyte-red-hook,ICA5PRO1,ICA5PRO1,Permanet Marker (H) 1pk x 1g - Preroll - Slappz,Slappz,other,,1200,,,hybrid,TRUE,https://shop.ignyteny.com/whitestone/products/slappz-749709/pre-rolls/permanet-marker-h-1pk-x-1g-preroll-slappz-8210177,https://tymber-blaze-products.imgix.net/preroll-73016235-2df1-48d3-bced-85ab5a167899.png,2026-05-23T23:12:18.599992+00:00,,,PERMANENT MARKER
ignyte-red-hook,I428PRO2,I428PRO2,Orange (H) 20pk x 5mg - 100mg THC - Sublingual - Canna Dots,Canna Dots,other,,3000,,,hybrid,TRUE,https://shop.ignyteny.com/whitestone/products/canna-dots-749714/sublingual/orange-h-20pk-x-5mg-100mg-thc-sublingual-canna-dots-8285740,https://tymber-s3.imgix.net/catalogue/categories/defaults/generic_box.jpg?s=43945452b2030b86005d8091c30faf64,2026-05-23T23:12:18.599992+00:00,,,ORANGE
ignyte-red-hook,IFE4PRO1,IFE4PRO1,Dissolvables (H) 20pk x 5mg - 100mg THC - Canna Dots,Canna Dots,other,,3000,,,hybrid,TRUE,https://shop.ignyteny.com/whitestone/products/canna-dots-749714/sublingual/dissolvables-h-20pk-x-5mg-100mg-thc-canna-dots-8285739,https://tymber-s3.imgix.net/catalogue/categories/defaults/generic_box.jpg?s=43945452b2030b86005d8091c30faf64,2026-05-23T23:12:18.599992+00:00,,,DISSOLVABLES
ignyte-red-hook,IFA9PRO2,IFA9PRO2,Cherry (H) 20pk x 5mg - 100mg THC - Sublingual - Canna Dots,Canna Dots,other,,3000,,,hybrid,TRUE,https://shop.ignyteny.com/whitestone/products/canna-dots-749714/sublingual/cherry-h-20pk-x-5mg-100mg-thc-sublingual-canna-dots-8285738,https://tymber-s3.imgix.net/catalogue/categories/defaults/generic_box.jpg?s=43945452b2030b86005d8091c30faf64,2026-05-23T23:12:18.599992+00:00,,,CHERRY
ignyte-red-hook,IFB5PRO2,IFB5PRO2,Blueberry (H) 20pk x 5mg - 100mg THC - Sublingual - Canna Dots,Canna Dots,other,,3000,,,hybrid,TRUE,https://shop.ignyteny.com/whitestone/products/canna-dots-749714/sublingual/blueberry-h-20pk-x-5mg-100mg-thc-sublingual-canna-dots-8285737,https://tymber-s3.imgix.net/catalogue/categories/defaults/generic_box.jpg?s=43945452b2030b86005d8091c30faf64,2026-05-23T23:12:18.599992+00:00,,,BLUEBERRY
ignyte-red-hook,I26EPRO1,I26EPRO1,Chicken n' Waffles (H) 10pk x 10mg - Live Rosin - 100mg THC - Gummies - Off Hours,Off Hours,edible,,4000,,,hybrid,TRUE,https://shop.ignyteny.com/whitestone/products/off-hours-418509/gummies/chicken-n-waffles-h-10pk-x-10mg-live-rosin-100mg-thc-gummies-off-hours-8285872,https://tymber-blaze-products.imgix.net/gummy-43e3d377-5951-4f26-ae5a-ef82f9564774.png,2026-05-23T23:12:18.599992+00:00,,,CHICKEN N' WAFFLES
ignyte-red-hook,ID9DPRO1,ID9DPRO1,Royal Leaf Haze (S) - 7g - Flower - Royal Leaf,Royal Leaf,flower,,5500,,,sativa,TRUE,https://shop.ignyteny.com/whitestone/products/royal-leaf-716468/flower/royal-leaf-haze-s-7g-flower-royal-leaf-8287583,https://tymber-blaze-products.imgix.net/bud-5360bd2b-f64f-420b-bd9d-f1494398c0d1.png,2026-05-23T23:12:18.599992+00:00,,,ROYAL LEAF HAZE
ignyte-red-hook,I3CAPRO1,I3CAPRO1,Blueberry Muffin (I) - Live Rosin - AIO | 1g | ElectraLeaf,ElectraLeaf,other,,8000,,,indica,TRUE,https://shop.ignyteny.com/whitestone/products/electraleaf-757198/vape-aios/blueberry-muffin-i-live-rosin-aio-1g-electraleaf-8295393,https://tymber-blaze-products.imgix.net/vapeaio-cb428a56-66c2-47d6-856c-4627286db3fe.png,2026-05-23T23:12:18.599992+00:00,,,Blueberry Muffin
ignyte-red-hook,I3A9PRO1,I3A9PRO1,Papaya Candy (H) - Live Rosin - AIO | 1g | ElectraLeaf,ElectraLeaf,other,,8000,,,hybrid,TRUE,https://shop.ignyteny.com/whitestone/products/electraleaf-757198/vape-aios/papaya-candy-h-live-rosin-aio-1g-electraleaf-8295395,https://tymber-blaze-products.imgix.net/vapeaio-cb428a56-66c2-47d6-856c-4627286db3fe.png,2026-05-23T23:12:18.599992+00:00,,,Papaya Candy
ignyte-red-hook,IC86PRO3,IC86PRO3,Jelly Rancher (S) - Live Rosin - AIO | 1g | ElectraLeaf,ElectraLeaf,other,,8000,,,hybrid,TRUE,https://shop.ignyteny.com/whitestone/products/electraleaf-757198/vape-aios/jelly-rancher-s-live-rosin-aio-1g-electraleaf-8295394,https://tymber-blaze-products.imgix.net/vapeaio-cb428a56-66c2-47d6-856c-4627286db3fe.png,2026-05-23T23:12:18.599992+00:00,,,Jelly Rancher
ignyte-red-hook,I4F9PRO1,I4F9PRO1,Zangria (IH) - Live Rosin - AIO | 1g | ElectraLeaf,ElectraLeaf,other,,8000,,,hybrid,TRUE,https://shop.ignyteny.com/whitestone/products/electraleaf-757198/vape-aios/zangria-ih-live-rosin-aio-1g-electraleaf-8295396,https://tymber-blaze-products.imgix.net/vapeaio-cb428a56-66c2-47d6-856c-4627286db3fe.png,2026-05-23T23:12:18.599992+00:00,,,Zangria
