dispensary_slug,sku,product_uuid,name,brand,category,variant,price_cents,thc_percent,cbd_percent,classification,in_stock,product_url,scraped_at
travel-agency-ny,89292919,e8fcfeb4-8fa8-496c-a769-7e4642bd347e,Dark Heart Genetics | Foreign Kush Mints 14g,Grassroots,flower,14g,13200,35.68,0,hybrid,TRUE,https://www.thetravelagency.co/products/89292919/,2026-04-12T23:58:20.326437+00:00
travel-agency-ny,78190196,a8e7925f-1dac-4b12-93fe-4dea1678183c,Moonbeam Gelato | Infused | Single,Grassroots,preroll,1g,1800,,,hybrid,TRUE,https://www.thetravelagency.co/products/78190196/,2026-04-12T23:58:20.326437+00:00
travel-agency-ny,82464694,32bda61a-4667-4bb1-b58b-492554e05d5a,Biscotti | All-in-one,Select,cart,2g,7500,80,,hybrid,TRUE,https://www.thetravelagency.co/products/82464694/,2026-04-12T23:58:20.326437+00:00
travel-agency-ny,49876835,aea4b814-a2b1-4207-ae5e-18bce0c5e427,Forbidden Fruit  | All-in-one,Select,cart,2g,7500,80,,indica,TRUE,https://www.thetravelagency.co/products/49876835/,2026-04-12T23:58:20.326437+00:00
travel-agency-ny,26161756,8ea64765-dc55-48a4-8a34-fcb55f969e27,Super Boof | All-in-one,Select,cart,1g,5500,80,,indica,TRUE,https://www.thetravelagency.co/products/26161756/,2026-04-12T23:58:20.326437+00:00
travel-agency-ny,09173103,e597b9cd-31ad-4697-9563-feefde9bcf32,Northern Lights | All-in-one,Select,cart,1g,5500,80,,indica,TRUE,https://www.thetravelagency.co/products/09173103/,2026-04-12T23:58:20.326437+00:00
travel-agency-ny,78362356,da35a02b-2f42-40ae-9f40-d7ea3a70eaf0,Delphi Diesel | Infused Flower,Grassroots,flower,3.5g,6000,39.12,0,hybrid,TRUE,https://www.thetravelagency.co/products/78362356/,2026-04-12T23:58:20.326437+00:00
travel-agency-ny,99002771,fbe4f964-ecce-408a-9718-66aa80787dd5,Waffle Hut | All-in-one | Briq Flavor,Select,cart,2g,8300,80,,hybrid,TRUE,https://www.thetravelagency.co/products/99002771/,2026-04-12T23:58:20.326437+00:00
travel-agency-ny,76370061,e250d9b6-abb9-4f08-8bde-39348179b913,Jack | All-in-one,Select,cart,2g,7500,80,,hybrid,TRUE,https://www.thetravelagency.co/products/76370061/,2026-04-12T23:58:20.326437+00:00
travel-agency-ny,73941340,44145d93-2b76-4e0f-be82-d1df3931debb,Unicorn Piss | All-in-one | Briq Flavor,Select,cart,2g,8300,80,,hybrid,TRUE,https://www.thetravelagency.co/products/73941340/,2026-04-12T23:58:20.326437+00:00
travel-agency-ny,14005088,1a302259-4bb0-4893-b9c2-9d98221dd517,Pineapple Express | All-in-one | Briq Flavor,Select,cart,2g,8300,80,,sativa-hybrid,TRUE,https://www.thetravelagency.co/products/14005088/,2026-04-12T23:58:20.326437+00:00
travel-agency-ny,39192229,1646a8b0-83d3-4381-a9ea-ddcb855b60d9,Super Boof | All-in-one,Select,cart,2g,8300,80,,indica,TRUE,https://www.thetravelagency.co/products/39192229/,2026-04-12T23:58:20.326437+00:00
travel-agency-ny,55238424,bc667d01-b420-432b-84cb-106c15abdf9f,Brazzy Kush | Ace | 510,Select,cart,1g,6000,81.5,,hybrid,TRUE,https://www.thetravelagency.co/products/55238424/,2026-04-12T23:58:20.326437+00:00
travel-agency-ny,87598124,0b39ba3c-222c-4d00-b3e6-dbac86cf6285,Vanilla Mint Kush | All-in-one,Select,cart,2g,8300,80,,hybrid,TRUE,https://www.thetravelagency.co/products/87598124/,2026-04-12T23:58:20.326437+00:00
travel-agency-ny,12196371,f8ef5cc7-2c13-46fd-94a2-5152945d2729,Lemon Cherry Gelato | Ace | 510,Select,cart,1g,6000,81.5,,hybrid,TRUE,https://www.thetravelagency.co/products/12196371/,2026-04-12T23:58:20.326437+00:00
travel-agency-ny,46668115,b645cf28-f6c4-40db-b13a-fcd1e5ee9a49,Hint Of Sweet,Select,edible,100mg,3000,100,,hybrid,TRUE,https://www.thetravelagency.co/products/46668115/,2026-04-12T23:58:20.326437+00:00
travel-agency-ny,26130940,86dc6733-2ce6-4849-be62-0da57c068150,Dark Heart Genetics | Titan Express,Grassroots,flower,3.5g,4000,30.12,0,hybrid,TRUE,https://www.thetravelagency.co/products/26130940/,2026-04-12T23:58:20.326437+00:00
travel-agency-ny,50310058,d2a52e4e-3644-4d17-a62f-f97054c8a70e,Dark Heart Genetics | Titan Express | Smalls,Grassroots,flower,7g,7000,22,0.01,hybrid,TRUE,https://www.thetravelagency.co/products/50310058/,2026-04-12T23:58:20.326437+00:00
travel-agency-ny,22818699,be9a51ff-d365-4e7c-af21-d4ccd4ecaa55,Blue Lobster | 2pk,Grassroots,preroll,800mg,1400,,,indica,TRUE,https://www.thetravelagency.co/products/22818699/,2026-04-12T23:58:20.326437+00:00
travel-agency-ny,46473221,8c356b7d-2133-489c-91c6-bbce1753df69,Rso Capsules 10pk,Grassroots,edible,10mg,2500,100,0,hybrid,TRUE,https://www.thetravelagency.co/products/46473221/,2026-04-12T23:58:20.326437+00:00
travel-agency-ny,94920796,6b1709f4-1ffa-4e22-b9f9-02c48614ef5a,Wood Tip | Watermelon Z | Infused | 5pk,Anthem,preroll,2.5g,4000,47.85,,hybrid,TRUE,https://www.thetravelagency.co/products/94920796/,2026-04-12T23:58:20.326437+00:00
travel-agency-ny,52987689,fe1a9946-d4ff-4a42-93de-4ee4706a0332,Indica Blend | 10pk,Anthem,preroll,3.5g,3500,33.57,0,indica,TRUE,https://www.thetravelagency.co/products/52987689/,2026-04-12T23:58:20.326437+00:00
travel-agency-ny,11078404,280094c0-c7c6-48ef-8b36-c862c3581164,Sour Diesel | All-in-one,B Noble,cart,2g,8000,81,,sativa,TRUE,https://www.thetravelagency.co/products/11078404/,2026-04-12T23:58:20.326437+00:00
travel-agency-ny,66094339,1a1d3b22-c8d0-41f1-8a34-0e3958769344,Glass Tip | King Louis Xiii | Infused | Single,Anthem,preroll,1g,2000,48.21,0,indica,TRUE,https://www.thetravelagency.co/products/66094339/,2026-04-12T23:58:20.326437+00:00
travel-agency-ny,93026705,2ae341ba-372c-4d7b-a55a-1c0269246322,Glass Tip | Blue Dream | Infused | Single,Anthem,preroll,1g,2000,42.04,0,hybrid,TRUE,https://www.thetravelagency.co/products/93026705/,2026-04-12T23:58:20.326437+00:00
travel-agency-ny,81427141,4f320747-22bd-4ad4-92b7-e7e571d70dd3,Acapulco Gold | Infused | Single,Anthem,preroll,1g,2000,50.74,0.13,sativa,TRUE,https://www.thetravelagency.co/products/81427141/,2026-04-12T23:58:20.326437+00:00
travel-agency-ny,32781767,ee2d9c7a-d109-46c2-9dfd-79b35412ff68,Hybrid Blend | 10pk,Anthem,preroll,3.5g,3500,29.25,0.13,hybrid,TRUE,https://www.thetravelagency.co/products/32781767/,2026-04-12T23:58:20.326437+00:00
travel-agency-ny,71148192,6c743b41-18d9-4e20-9758-58504164d45d,Glass Tip | King Louis Xiii | Infused | 5pk,Anthem,preroll,2.5g,4000,25,0,indica,TRUE,https://www.thetravelagency.co/products/71148192/,2026-04-12T23:58:20.326437+00:00
travel-agency-ny,35303499,ba8a2f29-31a5-408d-a791-eef8d1c45f91,Gs Mints | Smalls,Find.,flower,70g,35500,22,0.05,hybrid,TRUE,https://www.thetravelagency.co/products/35303499/,2026-04-12T23:58:20.326437+00:00
travel-agency-ny,19460898,8bbd6599-c1b2-40c0-ad20-1b896557cca6,King Louis Xiii | All-in-one,Select,cart,2g,8300,80,,hybrid,TRUE,https://www.thetravelagency.co/products/19460898/,2026-04-12T23:58:20.326437+00:00
travel-agency-ny,39963782,31729cc0-9ccd-4a37-aa51-50ba9aac332c,Boogie Wuggie,B Noble,flower,3.5g,4000,30.79,0,hybrid,TRUE,https://www.thetravelagency.co/products/39963782/,2026-04-12T23:58:20.326437+00:00
travel-agency-ny,99508515,fedf2455-e50c-4175-9fd4-e78965f805c7,Hickory Hash,Find.,flower,28g,17500,30.81,0.5,hybrid,TRUE,https://www.thetravelagency.co/products/99508515/,2026-04-12T23:58:20.326437+00:00
travel-agency-ny,76201837,bbb99b46-b6b0-4bbf-968c-7fca6dcbf5d6,Baja Smash | All-in-one | Briq Flavor,Select,cart,1g,5500,80,,hybrid,TRUE,https://www.thetravelagency.co/products/76201837/,2026-04-12T23:58:20.326437+00:00
travel-agency-ny,34718252,c2f2a9b5-f345-459b-a46b-e07a5d9fd036,Grape Ape | All-in-one | Briq Flavor,Select,cart,2g,8300,80,,indica-hybrid,TRUE,https://www.thetravelagency.co/products/34718252/,2026-04-12T23:58:20.326437+00:00
travel-agency-ny,63830550,b6bbaf46-61cb-468b-811d-f96921d19767,Clementine | All- In-one | Briq Flavor,Select,cart,2g,8300,80,,sativa,TRUE,https://www.thetravelagency.co/products/63830550/,2026-04-12T23:58:20.326437+00:00
travel-agency-ny,99631295,11304dfa-102e-442c-a592-7d8cd6045a2d,Wood Tip | Blue Raspberry Kush | Infused | 5pk,Anthem,preroll,2.5g,4000,47.01,0,sativa,TRUE,https://www.thetravelagency.co/products/99631295/,2026-04-12T23:58:20.326437+00:00
travel-agency-ny,74922071,cb4e9cd4-602d-4d9a-928e-3910c314bcb3,Singapore Sling  | 2pk,B Noble,preroll,2g,2800,29.17,0,hybrid,TRUE,https://www.thetravelagency.co/products/74922071/,2026-04-12T23:58:20.326437+00:00
travel-agency-ny,01591518,23440d11-0068-42cd-9c68-529740cdfaf8,Atomic Breath,Grassroots,flower,7g,6500,27.91,0,hybrid,TRUE,https://www.thetravelagency.co/products/01591518/,2026-04-12T23:58:20.326437+00:00
travel-agency-ny,54337404,1d023589-13d0-4fff-b163-9bc4bb56d1dd,Boogie Wuggie  | 2pk,B Noble,preroll,2g,2800,31.36,0,hybrid,TRUE,https://www.thetravelagency.co/products/54337404/,2026-04-12T23:58:20.326437+00:00
travel-agency-ny,97805277,7af306e7-7893-497d-9a1a-a40e4c21b765,Chemgurl,Find.,flower,7g,6000,,,indica,TRUE,https://www.thetravelagency.co/products/97805277/,2026-04-12T23:58:20.326437+00:00
travel-agency-ny,56349165,1f3eb694-c9bb-4eba-9c19-1a131f3774fa,Pomme Jelly,Find.,flower,14g,11000,21,0.5,hybrid,TRUE,https://www.thetravelagency.co/products/56349165/,2026-04-12T23:58:20.326437+00:00
travel-agency-ny,80822945,766bb29c-ae81-4e85-af55-457ebab6344e,Muffin Bomb,Find.,flower,28g,17500,30.65,0.5,hybrid,TRUE,https://www.thetravelagency.co/products/80822945/,2026-04-12T23:58:20.326437+00:00
travel-agency-ny,38856865,fb282d76-0600-46fa-b736-31876bb31b6e,Wood Tip | Watermelon Z | Infused | Single,Anthem,preroll,1g,2000,51.63,,hybrid,TRUE,https://www.thetravelagency.co/products/38856865/,2026-04-12T23:58:20.326437+00:00
travel-agency-ny,10006524,8ad8cbd0-ea49-4319-acda-ff3aa1f0b6e5,Wood Tip | Blue Raspberry Kush | Infused | Single,Anthem,preroll,1g,2000,45.61,0.11,hybrid,TRUE,https://www.thetravelagency.co/products/10006524/,2026-04-12T23:58:20.326437+00:00
travel-agency-ny,49084852,f07b55a3-38a3-493d-a70e-9c563a8c6aaf,Muffin Bomb,Find.,flower,14g,11000,28.33,0.5,hybrid,TRUE,https://www.thetravelagency.co/products/49084852/,2026-04-12T23:58:20.326437+00:00
travel-agency-ny,16259368,52c84d18-eacd-4a1c-b429-203614f7c3d5,Glass Tip | Blue Dream | Infused | 5pk,Anthem,preroll,2.5g,4000,46.03,0.12,hybrid,TRUE,https://www.thetravelagency.co/products/16259368/,2026-04-12T23:58:20.326437+00:00
travel-agency-ny,070330600171,2295f0ad-a87b-4a62-b661-ee9bbf2e6d5b,Lighter,The Travel Agency,merch,,300,,,,TRUE,https://www.thetravelagency.co/products/070330600171/,2026-04-12T23:58:20.326437+00:00
travel-agency-ny,40653946,71d52c60-43d3-4ab1-9ba1-0395971b6a43,Mile High Flyer T-shirt | L,Only Ny,merch,,5400,,,,TRUE,https://www.thetravelagency.co/products/40653946/,2026-04-12T23:58:20.326437+00:00
travel-agency-ny,17166964,416861b7-fc58-4ca1-92e9-34e8e1bf3cc1,Mile High Flyer T-shirt  | M,Only Ny,merch,,5400,,,,TRUE,https://www.thetravelagency.co/products/17166964/,2026-04-12T23:58:20.326437+00:00
travel-agency-ny,68755659,a71b0c69-6b31-417f-aaa9-1b07e95e3988,Mile High Flyer T-shirt | Xl,Only Ny,merch,,5400,,,,TRUE,https://www.thetravelagency.co/products/68755659/,2026-04-12T23:58:20.326437+00:00
travel-agency-ny,27918963,75337f02-aed7-48ca-ae3c-f74e3594e46c,Mile High Flyer T-shirt  | S,Only Ny,merch,,5400,,,,TRUE,https://www.thetravelagency.co/products/27918963/,2026-04-12T23:58:20.326437+00:00
travel-agency-ny,36270965,8d1288a8-8733-4892-839e-e0f9684044ef,Mile High Flyer T-shirt | Xxl,Only Ny,merch,,5400,,,,TRUE,https://www.thetravelagency.co/products/36270965/,2026-04-12T23:58:20.326437+00:00
travel-agency-ny,52826416,adf82b38-cdc6-4d29-bac4-55cc2d9c5010,High Flyer Plush Keychain,Only Ny,merch,,3800,,,,TRUE,https://www.thetravelagency.co/products/52826416/,2026-04-12T23:58:20.326437+00:00
travel-agency-ny,03110589,c84623b0-20e9-4148-b8db-b0e5f9815e18,Tta Jet Pocket Lighter,The Travel Agency,merch,,400,,,,TRUE,https://www.thetravelagency.co/products/03110589/,2026-04-12T23:58:20.326437+00:00
travel-agency-ny,720140163907,2bf26fb4-fb2e-4e54-b0f8-867b46dfe473,Up | Honeycrisp | 2:1 | Single,Ayrloom,edible,10mg,500,10,5,hybrid,TRUE,https://www.thetravelagency.co/products/720140163907/,2026-04-12T23:58:20.326437+00:00
travel-agency-ny,850055309524,b4691f3d-77e0-4454-90c6-6c11c27f749f,Euphoric | Watermelon Lemonade | 10:4 | 10pk,Off Hours,edible,100mg,2800,100,0,,TRUE,https://www.thetravelagency.co/products/850055309524/,2026-04-12T23:58:20.326437+00:00
travel-agency-ny,78337712,28063cee-8994-4c51-b397-4397db476cfc,Sours | Deep Sleep | Blackberry Dream | 1:1:1 | 10pk,Camino,edible,100mg,3000,100,100,indica,TRUE,https://www.thetravelagency.co/products/78337712/,2026-04-12T23:58:20.326437+00:00
travel-agency-ny,1028,2ab0cefc-cca3-449c-97c9-9d2440637007,Doobies | Og #18 | 2pk,Ruby,preroll,1g,1400,25,,hybrid,TRUE,https://www.thetravelagency.co/products/1028/,2026-04-12T23:58:20.326437+00:00
travel-agency-ny,87833228,a80ae8d1-832e-47ba-ab47-274466d79e7c,Doobies | Purple Hindu Kush | 2pk,Ruby,preroll,1g,1400,25,,indica,TRUE,https://www.thetravelagency.co/products/87833228/,2026-04-12T23:58:20.326437+00:00
travel-agency-ny,11908845,31135b53-9d90-47d6-9992-79c576bef281,Sleep | Midnight Blueberry | 5:1 | 20pk,Camino,edible,100mg,3000,100,0,indica,TRUE,https://www.thetravelagency.co/products/11908845/,2026-04-12T23:58:20.326437+00:00
travel-agency-ny,67983765,c74a2aaf-bec8-40cd-8e72-100afb43cba2,Mellow | Blue Razzberry | 10:2 | 10pk,Off Hours,edible,100mg,2800,100,20,,TRUE,https://www.thetravelagency.co/products/67983765/,2026-04-12T23:58:20.326437+00:00
travel-agency-ny,71302242,b108dc48-5077-4084-99f5-18fa0c3ee753,Chill | Wild Berry | 20pk,Camino,edible,100mg,2800,100,0,indica-hybrid,TRUE,https://www.thetravelagency.co/products/71302242/,2026-04-12T23:58:20.326437+00:00
travel-agency-ny,8100760700011,f45d2232-0934-4b61-bed5-3441705e98d0,Sours | Uplifting | Watermelon Spritz | 10pk,Camino,edible,100mg,2800,100,0,sativa,TRUE,https://www.thetravelagency.co/products/8100760700011/,2026-04-12T23:58:20.326437+00:00
travel-agency-ny,09731390,ff799c5c-fe0e-47eb-8848-e360b6272154,Bliss | Watermelon Lemonade | 20pk,Camino,edible,100mg,2800,100,0,sativa-hybrid,TRUE,https://www.thetravelagency.co/products/09731390/,2026-04-12T23:58:20.326437+00:00
travel-agency-ny,10444988,e7f9dd0a-00f3-45a5-8fa2-5d64c11cc0c0,Daydream | Pink Berry | 10:2:2 | 10pk,Off Hours,edible,100mg,2800,100,,sativa,TRUE,https://www.thetravelagency.co/products/10444988/,2026-04-12T23:58:20.326437+00:00
travel-agency-ny,82902842,52c51fd1-a7ce-421b-8164-3125911e824c,Doobies | Blue Dream | 7pk,Ruby,preroll,3.5g,3800,25,,sativa-hybrid,TRUE,https://www.thetravelagency.co/products/82902842/,2026-04-12T23:58:20.326437+00:00
travel-agency-ny,HD23R19B1,e5fa656d-0881-421b-b698-71ad9bbb8a35,Doobies | Black Cherry Gelato | 7pk,Ruby,preroll,3.5g,3800,25,,hybrid,TRUE,https://www.thetravelagency.co/products/HD23R19B1/,2026-04-12T23:58:20.326437+00:00
travel-agency-ny,810109861576,26cfd54c-db0d-4424-97dc-fb366e8597ea,Elderberry | 2:1 | 10pk,Wyld,edible,100mg,2800,10,0,indica,TRUE,https://www.thetravelagency.co/products/810109861576/,2026-04-12T23:58:20.326437+00:00
travel-agency-ny,16444841,524167b2-a750-4478-a6a8-0f3877b847d4,Balance | Yuzu Lemon | 1:1 | 20pk,Camino,edible,100mg,3000,100,100,,TRUE,https://www.thetravelagency.co/products/16444841/,2026-04-12T23:58:20.326437+00:00
travel-agency-ny,720140163075,a0d0a9e9-19cd-4791-9586-7fd0cb47d945,Up | Pillow Talk | Blueberry Lavender | 2:1 | 10pk,Ayrloom,edible,100mg,2500,100,50,indica,TRUE,https://www.thetravelagency.co/products/720140163075/,2026-04-12T23:58:20.326437+00:00
travel-agency-ny,76199435,acd60054-2655-4255-bb20-4e7b623b3466,Classics | White Widow | 7pk,Ruby,preroll,5g,5000,25,,sativa,TRUE,https://www.thetravelagency.co/products/76199435/,2026-04-12T23:58:20.326437+00:00
travel-agency-ny,93865146,6fc6ff2d-3d2e-4891-b1e0-d0f1073de70f,Limelight | Cherry Limeade | 10:2 | 10pk,Off Hours,edible,100mg,2800,100,18.62,,TRUE,https://www.thetravelagency.co/products/93865146/,2026-04-12T23:58:20.326437+00:00
travel-agency-ny,75051436,7da58113-682a-444a-9f9e-54bf0e4a4335,Doobies | White Widow | 7pk,Ruby,preroll,3.5g,3800,25,,sativa,TRUE,https://www.thetravelagency.co/products/75051436/,2026-04-12T23:58:20.326437+00:00
travel-agency-ny,14620500,316c6bb2-460b-4c9d-98ce-8daa988df243,Exhilarate | Wild Cherry 1:1:1 | 20pk,Camino,edible,100mg,3000,100,0,sativa,TRUE,https://www.thetravelagency.co/products/14620500/,2026-04-12T23:58:20.326437+00:00
travel-agency-ny,32469014,b2d827ee-f09e-40a0-a7eb-48465bf8d98c,Sours | Bliss | Raspberry Lemonade | 10pk,Camino,edible,100mg,3000,100,0,hybrid,TRUE,https://www.thetravelagency.co/products/32469014/,2026-04-12T23:58:20.326437+00:00
travel-agency-ny,850055309883,ce3b2145-0612-4bce-b5f0-430d7eea5d59,Maui Wowie | All-in-one,Off Hours,cart,1g,3000,82.14,3.28,sativa,TRUE,https://www.thetravelagency.co/products/850055309883/,2026-04-12T23:58:20.326437+00:00
travel-agency-ny,91774440,0dabe955-4c21-4acb-b6fc-6ea04b6dde3a,Illuminate | Peach Mango | 10:2 | 10pk,Off Hours,edible,100mg,2800,100,0,,TRUE,https://www.thetravelagency.co/products/91774440/,2026-04-12T23:58:20.326437+00:00
travel-agency-ny,07244098,1308914b-969a-4ca6-a486-a69f9b8b4383,Blue Dream | All-in-one,Off Hours,cart,1g,3000,85.82,,hybrid,TRUE,https://www.thetravelagency.co/products/07244098/,2026-04-12T23:58:20.326437+00:00
travel-agency-ny,30813354,33a01602-4513-460e-8720-f9750ae64a65,Doobies | Sour Diesel | 7pk,Ruby,preroll,3.5g,3800,25,0,sativa,TRUE,https://www.thetravelagency.co/products/30813354/,2026-04-12T23:58:20.326437+00:00
travel-agency-ny,74883453,81a475a9-23e5-4467-97a6-b02b397bc956,Sours | Chill | Strawberry Sunset | 10pk,Camino,edible,100mg,2800,100,0,indica-hybrid,TRUE,https://www.thetravelagency.co/products/74883453/,2026-04-12T23:58:20.326437+00:00
travel-agency-ny,80366897,b49eb39a-995b-4f45-925c-c9f60f8d8f2f,Daytime Chews | Mango X Blood Orange | 1:1:1 | 20pk,Foy,edible,100mg,2800,100,100,sativa,TRUE,https://www.thetravelagency.co/products/80366897/,2026-04-12T23:58:20.326437+00:00
travel-agency-ny,43699467,df23b086-6bca-4958-af7d-20c3771aae4e,Classics | Kosher Kush | 7pk,Ruby,preroll,5g,5000,25,,indica,TRUE,https://www.thetravelagency.co/products/43699467/,2026-04-12T23:58:20.326437+00:00
travel-agency-ny,18206073,eeb94de3-b2a7-4052-b91b-dbb0dee600d1,Cran Haze | All-in-one,Ayrloom,cart,1g,4500,81,,sativa,TRUE,https://www.thetravelagency.co/products/18206073/,2026-04-12T23:58:20.326437+00:00
travel-agency-ny,85070224,92110de9-d55a-4820-8125-86ee89d79121,Cereal Milk | All-in-one,Ayrloom,cart,500mg,3000,90,0,hybrid,TRUE,https://www.thetravelagency.co/products/85070224/,2026-04-12T23:58:20.326437+00:00
travel-agency-ny,64196536,32f5faab-8db3-4214-9b5f-2db41ec6311d,Lime Haze | All-in-one,Ayrloom,cart,1g,4500,90,0,sativa,TRUE,https://www.thetravelagency.co/products/64196536/,2026-04-12T23:58:20.326437+00:00
travel-agency-ny,34658513,9f191c26-52b0-4e3b-822d-0c3c03225a27,Dragon Fruit X Frose | Live Resin | 10pk,Lost Farm,edible,100mg,3000,100,,hybrid,TRUE,https://www.thetravelagency.co/products/34658513/,2026-04-12T23:58:20.326437+00:00
travel-agency-ny,61880209,c7fb1933-067c-484f-8be4-9463df5f67c0,Offline | Grape Punch | 10:10:4 | 10pk,Off Hours,edible,100mg,2800,100,100,,TRUE,https://www.thetravelagency.co/products/61880209/,2026-04-12T23:58:20.326437+00:00
travel-agency-ny,19388389,71fa6cae-3745-4233-9015-094e5ba99301,Doobies | Super Lemon Haze | 7pk,Ruby,preroll,3.5g,3800,25,,sativa-hybrid,TRUE,https://www.thetravelagency.co/products/19388389/,2026-04-12T23:58:20.326437+00:00
travel-agency-ny,86921462,cafc5c29-409a-42bc-b171-47fc41a9642e,Doobies | Black Haze | Hash Infused | 10pk,Ruby,preroll,5g,5800,25,,hybrid,TRUE,https://www.thetravelagency.co/products/86921462/,2026-04-12T23:58:20.326437+00:00
travel-agency-ny,72644416,58ecbd2b-4f34-4121-90af-c2f3c7983888,Pineapple Express | All-in-one,Ayrloom,cart,500mg,3000,90,0,sativa,TRUE,https://www.thetravelagency.co/products/72644416/,2026-04-12T23:58:20.326437+00:00
travel-agency-ny,02205944,59f499fa-2034-4cae-ae2e-fc070945015d,Bliss | 1:1 | 20pk,1906,edible,100mg,3500,100,100,,TRUE,https://www.thetravelagency.co/products/02205944/,2026-04-12T23:58:20.326437+00:00
travel-agency-ny,23314027,4ebaf422-99a1-49d5-a132-9ef48e6d2982,Serenity | Paradise Cooler  | 10:2 | 10pk,Off Hours,edible,100mg,2800,100,20,,TRUE,https://www.thetravelagency.co/products/23314027/,2026-04-12T23:58:20.326437+00:00
travel-agency-ny,HD23R16B1,bcbbd828-3dbe-4046-90f0-4cad23a1a78f,Doobies | Grand Daddy Purple | 7pk,Ruby,preroll,3.5g,3800,25,,indica,TRUE,https://www.thetravelagency.co/products/HD23R16B1/,2026-04-12T23:58:20.326437+00:00
travel-agency-ny,50386713,21059af3-c369-443f-a967-8b6233dbe4bc,Double Durban | Chairlifts  | 2pk,Eaton Botanicals,preroll,700mg,1200,25,0,hybrid,TRUE,https://www.thetravelagency.co/products/50386713/,2026-04-12T23:58:20.326437+00:00
travel-agency-ny,67134486,560e3f15-02ee-43e6-8bf9-e517db3185c4,Sour Blue Razzberry | 1:1 | Single,Incredibles,edible,100mg,1600,100,,hybrid,TRUE,https://www.thetravelagency.co/products/67134486/,2026-04-12T23:58:20.326437+00:00
travel-agency-ny,27971158,aed9c369-ee73-4d63-81b5-0b1d75916551,Peach | 2:1 | 10pk,Wyld,edible,100mg,2400,10,5,hybrid,TRUE,https://www.thetravelagency.co/products/27971158/,2026-04-12T23:58:20.326437+00:00
travel-agency-ny,60621862,c39a65da-1824-4afc-8069-de135a1422fa,Sours | Energy | Tropical Burst | 2:1 | 10pk,Camino,edible,100mg,3000,100,0,sativa,TRUE,https://www.thetravelagency.co/products/60621862/,2026-04-12T23:58:20.326437+00:00
travel-agency-ny,33242156,9121c945-854c-4b21-89d0-712a8fcf729f,Blood Orange | 1:1 | 10pk,Wyld,edible,100mg,2800,10,0,sativa,TRUE,https://www.thetravelagency.co/products/33242156/,2026-04-12T23:58:20.326437+00:00
travel-agency-ny,42536020,d5335a8e-dd35-4d0d-a9f4-caacc74fcfb2,Pear | 1:1 | 10pk,Wyld,edible,100mg,2400,100,0,hybrid,TRUE,https://www.thetravelagency.co/products/42536020/,2026-04-12T23:58:20.326437+00:00
travel-agency-ny,71367365,1df184b0-add8-49f5-b64d-f0ef3a1c0a90,Pineapple Habanero | 20pk,Camino,edible,100mg,2800,100,0,sativa,TRUE,https://www.thetravelagency.co/products/71367365/,2026-04-12T23:58:20.326437+00:00
travel-agency-ny,60027101,8728d9c0-3812-4241-962f-496532d9221c,Classic | Fire Mango | All-in-one,Bloom,cart,1g,4400,88.3,,hybrid,TRUE,https://www.thetravelagency.co/products/60027101/,2026-04-12T23:58:20.326437+00:00
travel-agency-ny,40030977,d70669f7-fb28-402e-8045-5845cc745383,Up | High Dose Drops,Ayrloom,tincture,1g,6000,1000,0,hybrid,TRUE,https://www.thetravelagency.co/products/40030977/,2026-04-12T23:58:20.326437+00:00
travel-agency-ny,72056358,10a64b3d-19da-4586-913c-35d1c4b0f1db,Sour Diesel | 510,Jaunty,cart,1g,4500,90,0.7,sativa,TRUE,https://www.thetravelagency.co/products/72056358/,2026-04-12T23:58:20.326437+00:00
travel-agency-ny,75283360,14d35e2c-78fe-4ba3-9e8f-fde3d74cd0f9,Animal Face,Rythm,flower,3.5g,5000,23,0.5,indica,TRUE,https://www.thetravelagency.co/products/75283360/,2026-04-12T23:58:20.326437+00:00
travel-agency-ny,65510105,602d8fab-1505-4d67-83e8-8204dff4a369,Super Lemon Haze | All-in-one,Pax,cart,1g,5500,81.5,,sativa-hybrid,TRUE,https://www.thetravelagency.co/products/65510105/,2026-04-12T23:58:20.326437+00:00
travel-agency-ny,18181904,335dba87-2b5c-4259-9892-1dfb4615f5ac,Marionberry | 10pk,Wyld,edible,100mg,2400,100,0,indica,TRUE,https://www.thetravelagency.co/products/18181904/,2026-04-12T23:58:20.326437+00:00
travel-agency-ny,26467862,b09a36ca-5bcb-47c8-8e31-6fbd40c690f0,Durban Poison X Triangle Kush | Lift | 7pk,Weekenders,preroll,3.5g,4400,25,,hybrid,TRUE,https://www.thetravelagency.co/products/26467862/,2026-04-12T23:58:20.326437+00:00
travel-agency-ny,01251128,55f011a5-d1c1-4b53-aff0-719a46671f10,Amnesia Haze | 510,Jaunty,cart,1g,4500,90,0.7,sativa,TRUE,https://www.thetravelagency.co/products/01251128/,2026-04-12T23:58:20.326437+00:00
travel-agency-ny,16618938,2a4ff370-b492-4993-a8b7-4ae888442130,Sours | Balance | Orchard Peach | 1:1 | 10pk,Camino,edible,100mg,3000,100,100,hybrid,TRUE,https://www.thetravelagency.co/products/16618938/,2026-04-12T23:58:20.326437+00:00
travel-agency-ny,09473362,b682767f-0a61-469c-b57d-1a295956880d,Blue Dream | Infused | Single,Rythm,preroll,1g,1800,25,,sativa,TRUE,https://www.thetravelagency.co/products/09473362/,2026-04-12T23:58:20.326437+00:00
travel-agency-ny,07779688,60a87ed7-6c23-4c38-8e2f-68d16b543c52,Boysenberry | 10:5:5 | 10pk,Camino,edible,100mg,3000,100,0,indica,TRUE,https://www.thetravelagency.co/products/07779688/,2026-04-12T23:58:20.326437+00:00
travel-agency-ny,66150445,24da1c75-2e4b-4fb8-bf8b-e6c2039a07a5,Doobies | Sour Tangie | 7pk,Ruby,preroll,3.5g,3800,25,,sativa,TRUE,https://www.thetravelagency.co/products/66150445/,2026-04-12T23:58:20.326437+00:00
travel-agency-ny,69093387,f14cda30-6cf8-4f2f-b1fe-eb41c3a966a2,Pomegranate | 1:1 | 10pk,Wyld,edible,100mg,2800,10,10,hybrid,TRUE,https://www.thetravelagency.co/products/69093387/,2026-04-12T23:58:20.326437+00:00
travel-agency-ny,21267261,0c493486-e117-4f30-b1e3-556e6ce02b3a,Classic | King Size Slim,Raw,merch,,300,,,,TRUE,https://www.thetravelagency.co/products/21267261/,2026-04-12T23:58:20.326437+00:00
travel-agency-ny,63840914,2a0f0e1d-5cf6-445d-84fa-c3b019766982,White Widow | 510,Jaunty,cart,1g,4500,90,0.7,hybrid,TRUE,https://www.thetravelagency.co/products/63840914/,2026-04-12T23:58:20.326437+00:00
travel-agency-ny,78427592,6d7df14f-8ad2-4ff5-a631-b8a37a34b8ac,Animal Scout | Live Resin | All In One,Rythm,cart,2g,8500,,,indica-hybrid,TRUE,https://www.thetravelagency.co/products/78427592/,2026-04-12T23:58:20.326437+00:00
travel-agency-ny,30917190,585b1675-d817-4837-88ec-c24aa2822678,Classic | Maui Wowie | All-in-one,Bloom,cart,1g,4400,81,,sativa,TRUE,https://www.thetravelagency.co/products/30917190/,2026-04-12T23:58:20.326437+00:00
travel-agency-ny,23707553,019f86a2-5fc6-4a5d-beec-289bd65e627f,Juicy Mango | Live Rosin | 10pk,Pax,edible,10mg,2800,100,,hybrid,TRUE,https://www.thetravelagency.co/products/23707553/,2026-04-12T23:58:20.326437+00:00
travel-agency-ny,21195752,162e4de5-85d2-46d3-b1e5-beee814a44f7,Swirled Famous Banana Pudding,Incredibles,edible,100mg,2000,100,,,TRUE,https://www.thetravelagency.co/products/21195752/,2026-04-12T23:58:20.326437+00:00
travel-agency-ny,56460435,ae0eee2e-0593-4074-8163-dae5bb3875f1,Doobies | Sunset Sherbet | Hash Infused | 10pk,Ruby,preroll,5g,5800,25,,indica,TRUE,https://www.thetravelagency.co/products/56460435/,2026-04-12T23:58:20.326437+00:00
travel-agency-ny,08033922,6fd6d2d7-caee-4784-823f-1b761b346300,Zoap | Single,Ithaca Organics,preroll,1g,1200,21,,indica-hybrid,TRUE,https://www.thetravelagency.co/products/08033922/,2026-04-12T23:58:20.326437+00:00
travel-agency-ny,99412436,0c634989-67b4-4839-a7bd-079e9ff3c206,Pineapple Express | Infused | 5pk,Rythm,preroll,2.5g,4000,25,,sativa,TRUE,https://www.thetravelagency.co/products/99412436/,2026-04-12T23:58:20.326437+00:00
travel-agency-ny,37871801,3c2bea64-6f89-4758-b88b-cf3e7ff44664,Thorny Berry X Og Kush | Live Resin | 10pk,Lost Farm,edible,100mg,3000,100,,,TRUE,https://www.thetravelagency.co/products/37871801/,2026-04-12T23:58:20.326437+00:00
travel-agency-ny,93470466,d3f461e0-ca38-4207-8b56-d487c5e8fe9c,Grapefruit | 1:1:1 | 10pk,Wyld,edible,100mg,2800,10,0,sativa,TRUE,https://www.thetravelagency.co/products/93470466/,2026-04-12T23:58:20.326437+00:00
travel-agency-ny,12139078,0478a1ac-387f-4013-91f1-54c39179c1fc,Watermelon X Fatso | Live Rosin | 10pk,Lost Farm,edible,100mg,3000,100,,indica,TRUE,https://www.thetravelagency.co/products/12139078/,2026-04-12T23:58:20.326437+00:00
travel-agency-ny,46208622,cef38b5d-5309-49ba-9ee5-2227603f4a7c,Serenity Now | Lemon  Lavender Serenity | 1:12| 20pk,Eaton Botanicals,edible,100mg,3200,50,200,hybrid,TRUE,https://www.thetravelagency.co/products/46208622/,2026-04-12T23:58:20.326437+00:00
travel-agency-ny,860010013908,b4618510-59d7-4c01-8c3f-e41925a7e03a,Daily Elevation | Peach | 1:1 | 20pk,Eaton Botanicals,edible,100mg,3200,100,0,,TRUE,https://www.thetravelagency.co/products/860010013908/,2026-04-12T23:58:20.326437+00:00
travel-agency-ny,58393637,ac55c7b4-aa13-4f73-8ba9-86a39b86a0f7,Golden Peach | 1:1 | 10pk,Camino,edible,100mg,3000,100,0,sativa,TRUE,https://www.thetravelagency.co/products/58393637/,2026-04-12T23:58:20.326437+00:00
travel-agency-ny,06204869,047c8a6d-5b40-43f1-9142-2230150d05ab,Classics Cones | King Size | 3pk,Raw,merch,,200,,,,TRUE,https://www.thetravelagency.co/products/06204869/,2026-04-12T23:58:20.326437+00:00
travel-agency-ny,22585275,b1a23e50-5168-4ebe-afa4-9ce6462b4761,Huckleberry | 10pk,Wyld,edible,100mg,2400,10,0,hybrid,TRUE,https://www.thetravelagency.co/products/22585275/,2026-04-12T23:58:20.326437+00:00
travel-agency-ny,44306354,19c3e58a-e7de-4576-9707-b954681c9d4c,Space Queen  | 510,Fernway,cart,1g,5000,81.5,,hybrid,TRUE,https://www.thetravelagency.co/products/44306354/,2026-04-12T23:58:20.326437+00:00
travel-agency-ny,13495876,db5de7ac-aa4f-4fe0-8eb8-a0db348b7307,Mega Pearl | Blackberry | 1:1 | Single,Grön,edible,100mg,1800,100,100,indica,TRUE,https://www.thetravelagency.co/products/13495876/,2026-04-12T23:58:20.326437+00:00
travel-agency-ny,03046748,14b5c1ad-c55a-4934-9f5b-13c6c6332599,Fadeaway Souffle | Single,Stay Melo,preroll,1g,1200,25,,hybrid,TRUE,https://www.thetravelagency.co/products/03046748/,2026-04-12T23:58:20.326437+00:00
travel-agency-ny,64517389,b80aaaee-4c8b-4b4a-9470-21b45728a0ba,Raspberry | 10pk,Wyld,edible,100mg,2400,10,,sativa,TRUE,https://www.thetravelagency.co/products/64517389/,2026-04-12T23:58:20.326437+00:00
travel-agency-ny,21636432,05d2b74e-b692-40a4-bd7f-b4bf28eae626,Lychee Dream | All-in-one,Ayrloom,cart,500mg,3000,90,0,hybrid,TRUE,https://www.thetravelagency.co/products/21636432/,2026-04-12T23:58:20.326437+00:00
travel-agency-ny,21997299,920a3feb-5071-4f9c-b2da-8cfa5dcddabd,Apple-a-day | 1:4 | 20pk,Eaton Botanicals,edible,100mg,3200,50,0,hybrid,TRUE,https://www.thetravelagency.co/products/21997299/,2026-04-12T23:58:20.326437+00:00
travel-agency-ny,35433334,706b92e5-895b-41e8-8407-9c5e8a604a69,Quick | Island Punch | 10pk,Wana,edible,100mg,2800,100,,indica,TRUE,https://www.thetravelagency.co/products/35433334/,2026-04-12T23:58:20.326437+00:00
travel-agency-ny,33317427,37cdf77a-c003-49d6-88ec-d841d1533ad7,Granddaddy Purple | Live Blend | Starter Kit,Ruby,cart,1g,5500,91,,indica,TRUE,https://www.thetravelagency.co/products/33317427/,2026-04-12T23:58:20.326437+00:00
travel-agency-ny,94328644,48e0172a-74a1-4d2d-a25d-2cafaf2ff855,Granddaddy Purple | 510,Jaunty,cart,1g,4500,90,0.7,indica,TRUE,https://www.thetravelagency.co/products/94328644/,2026-04-12T23:58:20.326437+00:00
travel-agency-ny,63539176,df4e69d8-fb8a-41a1-ad40-5d4f86815b39,Pineapple Paradise | 1:1 | 10pk,Camino,edible,100mg,3000,100,0,hybrid,TRUE,https://www.thetravelagency.co/products/63539176/,2026-04-12T23:58:20.326437+00:00
travel-agency-ny,99774550,1f0c39eb-59c4-4129-8aba-6082f5155a10,Wedding Cake | 510,Jaunty,cart,1g,4500,90,0.7,indica,TRUE,https://www.thetravelagency.co/products/99774550/,2026-04-12T23:58:20.326437+00:00
travel-agency-ny,62535680,2a492fb5-97db-45e6-89e6-aec05cbaafdf,Juicy Peach X Mimosa | Live Resin | 10pk,Lost Farm,edible,100mg,3000,100,,sativa,TRUE,https://www.thetravelagency.co/products/62535680/,2026-04-12T23:58:20.326437+00:00
travel-agency-ny,65255007,7f56639b-a486-4363-8d8c-c4d99b891b53,Boysenberry | 1:1:1 | 10pk,Wyld,edible,100mg,2800,10,10,indica,TRUE,https://www.thetravelagency.co/products/65255007/,2026-04-12T23:58:20.326437+00:00
travel-agency-ny,27944019,36ffef3b-626e-46ac-abd7-4f3d3ab087bc,Quick | New York Sunrise | 10pk,Wana,edible,100mg,2800,100,,hybrid,TRUE,https://www.thetravelagency.co/products/27944019/,2026-04-12T23:58:20.326437+00:00
travel-agency-ny,08620916,352888e6-6d18-40d7-a7f2-2f35460dca71,On | All-in-one,Off Hours,cart,500mg,2800,79,,hybrid,TRUE,https://www.thetravelagency.co/products/08620916/,2026-04-12T23:58:20.326437+00:00
travel-agency-ny,26440997,f7c21b6d-5ce4-432c-8e61-e8b321271f43,Lsd | 510,Jaunty,cart,1g,4500,90,0.7,hybrid,TRUE,https://www.thetravelagency.co/products/26440997/,2026-04-12T23:58:20.326437+00:00
travel-agency-ny,84189845,51932bb4-eca8-438a-87f5-b809b946cda2,Blue Widow  | All-in-one,Ayrloom,cart,500mg,3000,90,0,hybrid,TRUE,https://www.thetravelagency.co/products/84189845/,2026-04-12T23:58:20.326437+00:00
travel-agency-ny,634240259012,0c9f3369-91a1-457e-a474-635874fc37bc,Electric Love | Mandarin Rose | Live Resin | 5:10 | 20pk,Ruby,edible,100mg,2500,100,200,hybrid,TRUE,https://www.thetravelagency.co/products/634240259012/,2026-04-12T23:58:20.326437+00:00
travel-agency-ny,24495838,91e77fec-b914-4ad4-a72c-bf71340af377,Nightcap | Elderberry Sage | Live Blend | 5:10:15 | 20pk,Ruby,edible,100mg,2500,100,200,indica,TRUE,https://www.thetravelagency.co/products/24495838/,2026-04-12T23:58:20.326437+00:00
travel-agency-ny,10426089,ef0bb919-cfad-48cf-9fda-2e9e3c34152f,Unwind | All-in-one,Off Hours,cart,500mg,2800,79,,indica,TRUE,https://www.thetravelagency.co/products/10426089/,2026-04-12T23:58:20.326437+00:00
travel-agency-ny,07873649,f48fd028-d815-4600-96a4-851a859260de,Pineapple Express | Infused | Single,Rythm,preroll,1g,1800,25,,sativa-hybrid,TRUE,https://www.thetravelagency.co/products/07873649/,2026-04-12T23:58:20.326437+00:00
travel-agency-ny,73612021,00ba104a-b0ad-4d55-824b-d75d18d0aeb8,Strawberry | 20:1 | 10pk,Wyld,edible,10mg,3000,1,20,hybrid,TRUE,https://www.thetravelagency.co/products/73612021/,2026-04-12T23:58:20.326437+00:00
travel-agency-ny,80414977,984565c9-cba6-49b4-bcef-c52122edee00,White Widow | 510,Fernway,cart,1g,5000,81.5,,hybrid,TRUE,https://www.thetravelagency.co/products/80414977/,2026-04-12T23:58:20.326437+00:00
travel-agency-ny,54927537,05040254-2b49-429a-9a6c-a61a3007849d,Elements King Size Rice Papers,Elements,merch,,300,,,,TRUE,https://www.thetravelagency.co/products/54927537/,2026-04-12T23:58:20.326437+00:00
travel-agency-ny,67499853,9e7df47b-b32a-4b26-8891-282ff9c729a5,Strawberry Lemonade X Napa Resin | 10pk,Lost Farm,edible,100mg,3000,100,,hybrid,TRUE,https://www.thetravelagency.co/products/67499853/,2026-04-12T23:58:20.326437+00:00
travel-agency-ny,18282911,4132d0ce-b489-4e76-ad98-14ff9803785b,Strawberry Magic,Flintts Mints,merch,,800,,,,TRUE,https://www.thetravelagency.co/products/18282911/,2026-04-12T23:58:20.326437+00:00
travel-agency-ny,67307103,82e39e35-7b89-4ced-b8d6-bea92011574a,Tropical Lemonade X Ztrawberry Guava | Live Rosin | 10pk,Lost Farm,edible,100mg,3000,100,,hybrid,TRUE,https://www.thetravelagency.co/products/67307103/,2026-04-12T23:58:20.326437+00:00
travel-agency-ny,11969098,17a9cbc3-b09c-4edc-af11-7c426859f4cd,Sour Peach Hibiscus  | 1:1:1 | 10pk,Ayrloom,edible,100mg,2500,100,100,sativa,TRUE,https://www.thetravelagency.co/products/11969098/,2026-04-12T23:58:20.326437+00:00
travel-agency-ny,54296491,23966179-d08c-481d-a231-f3d8d5b68181,Gelonade | Live Resin | Rope,Off Hours,edible,10mg,2200,100,,hybrid,TRUE,https://www.thetravelagency.co/products/54296491/,2026-04-12T23:58:20.326437+00:00
travel-agency-ny,02339198,33bffd21-b860-4ab5-a864-608d8f1eb4fa,Alaskan Thunder Fu@k | All-in-one .5g,Ayrloom,cart,500mg,3000,90,0,sativa,TRUE,https://www.thetravelagency.co/products/02339198/,2026-04-12T23:58:20.326437+00:00
travel-agency-ny,29441575,88893f77-ab78-4a44-88b1-2a004cd3de77,Melt | Blueberry Pie | 10:2:2 | Rope,Off Hours,edible,10mg,2600,,,hybrid,TRUE,https://www.thetravelagency.co/products/29441575/,2026-04-12T23:58:20.326437+00:00
travel-agency-ny,16499386,0e4ca81a-1d7b-43e0-8182-d7735d5ed749,Chill | 1:5 | 20pk,1906,edible,100mg,3500,100,500,,TRUE,https://www.thetravelagency.co/products/16499386/,2026-04-12T23:58:20.326437+00:00
travel-agency-ny,11428636,270a5a5c-736a-4a69-b1ea-f2bbb0c0a269,Beverage Enhancer Drops,Ayrloom,edible,5mg,5000,300,0,hybrid,TRUE,https://www.thetravelagency.co/products/11428636/,2026-04-12T23:58:20.326437+00:00
travel-agency-ny,89218368,f4b85960-7e47-45e2-9771-b3494d9bc8d7,Live | Pink Mimosa | All-in-one,Bloom,cart,1g,4800,88.31,,sativa,TRUE,https://www.thetravelagency.co/products/89218368/,2026-04-12T23:58:20.326437+00:00
travel-agency-ny,01270071,1d51fffc-fc49-4f32-a7e6-30352d4376c0,Cranberry Jam  | 510,Fernway,cart,1g,5000,81.5,,hybrid,TRUE,https://www.thetravelagency.co/products/01270071/,2026-04-12T23:58:20.326437+00:00
travel-agency-ny,04358322,37843b59-9159-4f62-b049-b4568a66a327,Original | Tips | 50ct,Raw,merch,,100,,,,TRUE,https://www.thetravelagency.co/products/04358322/,2026-04-12T23:58:20.326437+00:00
travel-agency-ny,57305591,8f3cb843-3154-46ca-b634-331f4d222f6d,Banjerine | Live Resin | Rope,Off Hours,edible,10mg,2200,100,,sativa-hybrid,TRUE,https://www.thetravelagency.co/products/57305591/,2026-04-12T23:58:20.326437+00:00
travel-agency-ny,65752439,134a74b6-1fc7-43c8-b162-3e049d6448fe,Ithaca Og,Ithaca Organics,flower,3.5g,4200,21,0.05,indica,TRUE,https://www.thetravelagency.co/products/65752439/,2026-04-12T23:58:20.326437+00:00
travel-agency-ny,18053902,7db2ba09-5302-432b-9920-887e54625793,Awaken | Orangeade | 10:2 | 10pk,Off Hours,edible,100mg,2800,100,20,,TRUE,https://www.thetravelagency.co/products/18053902/,2026-04-12T23:58:20.326437+00:00
travel-agency-ny,32121736,c745210f-c12d-499d-a24f-84149950449c,Sour Cherry | 10pk,Wyld,edible,100mg,2400,10,0,indica,TRUE,https://www.thetravelagency.co/products/32121736/,2026-04-12T23:58:20.326437+00:00
travel-agency-ny,NY.BBOE.C9P.08,f15b86e3-0010-429c-8c8d-5969a6d479f6,Sparkling Pear | 1:1 | 20pk,Beboe,edible,100mg,2700,100,100,,TRUE,https://www.thetravelagency.co/products/NY.BBOE.C9P.08/,2026-04-12T23:58:20.326437+00:00
travel-agency-ny,40903020,92ec05c9-d195-46c8-a160-db2a6ae69f1d,Sour Diesel | All-in-one | 2g,Pax,cart,2g,8500,79,,sativa,TRUE,https://www.thetravelagency.co/products/40903020/,2026-04-12T23:58:20.326437+00:00
travel-agency-ny,79987189,e8d2091a-9bbf-4011-aadc-9f65d829ef6b,Granddaddy Purple | All-in-one,Fernway,cart,1g,5000,81.19,0.36,indica,TRUE,https://www.thetravelagency.co/products/79987189/,2026-04-12T23:58:20.326437+00:00
travel-agency-ny,45122717,d2a63a58-8c8e-4c21-814b-560c1d42748f,Fixer Upper | Mango Ginger | 1:1 | 20pk,Eaton Botanicals,edible,100mg,3200,100,100,,TRUE,https://www.thetravelagency.co/products/45122717/,2026-04-12T23:58:20.326437+00:00
travel-agency-ny,92630041,6ed9839d-22ed-4791-aded-b240a6d05762,Lobotomy | 5pk,Flamer,preroll,2.5g,4400,25,0,hybrid,TRUE,https://www.thetravelagency.co/products/92630041/,2026-04-12T23:58:20.326437+00:00
travel-agency-ny,39679050,e1564b55-35a5-41fc-ab24-36fc2c766291,Electric Lime X Lemon Cane Resin | Infused | 4pk,Mfny,preroll,3g,5000,,,sativa,TRUE,https://www.thetravelagency.co/products/39679050/,2026-04-12T23:58:20.326437+00:00
travel-agency-ny,14380201,cb30adfa-7bb4-4251-b03b-ccad39e40ad2,Hash Burger X Hash Burger | Infused | Single,Mfny,preroll,750mg,1600,,,hybrid,TRUE,https://www.thetravelagency.co/products/14380201/,2026-04-12T23:58:20.326437+00:00
travel-agency-ny,77346980,b01e152b-9a21-4c36-8ec7-b9f9f820fc92,Cloud 7 | Single,Stay Melo,preroll,1g,1200,25,,hybrid,TRUE,https://www.thetravelagency.co/products/77346980/,2026-04-12T23:58:20.326437+00:00
travel-agency-ny,71523329,7b430522-10ee-492f-afc8-d306d72e5451,Genius | 1:1:1 | 30pk,1906,edible,150mg,3500,75,75,,TRUE,https://www.thetravelagency.co/products/71523329/,2026-04-12T23:58:20.326437+00:00
travel-agency-ny,53001138,cc9533db-31f7-4a67-b96a-45d0a3ae33c6,Mango | Live Rosin | 10pk,Good Tide,edible,100mg,2800,100,0,hybrid,TRUE,https://www.thetravelagency.co/products/53001138/,2026-04-12T23:58:20.326437+00:00
travel-agency-ny,00809873,c8402cd2-632b-42f6-9716-89aacd689eef,Petals Variety Mini Rose Cones 3pk,Petals,merch,,900,,,,TRUE,https://www.thetravelagency.co/products/00809873/,2026-04-12T23:58:20.326437+00:00
travel-agency-ny,04031274,fbae9c55-9440-4804-86f7-8994690b8c72,Sit | Animal Face | Single,Dogwalkers,preroll,750mg,1250,25,0,indica,TRUE,https://www.thetravelagency.co/products/04031274/,2026-04-12T23:58:20.326437+00:00
travel-agency-ny,47735305,3d099534-848d-4069-98b4-2449f059a556,White Widow | Pro | All-in-one,Fernway,cart,2g,8300,81,,hybrid,TRUE,https://www.thetravelagency.co/products/47735305/,2026-04-12T23:58:20.326437+00:00
travel-agency-ny,85969258,65a3ec96-8ab4-4f20-b68f-28310d236839,Space Queen | Pro | All-in-one,Fernway,cart,2g,8300,81,,hybrid,TRUE,https://www.thetravelagency.co/products/85969258/,2026-04-12T23:58:20.326437+00:00
travel-agency-ny,73492765,8b8877f2-a359-408b-85b1-abec55f506c6,Live | Blue Cookies | All-in-one,Bloom,cart,1g,4800,86.29,0.27,indica,TRUE,https://www.thetravelagency.co/products/73492765/,2026-04-12T23:58:20.326437+00:00
travel-agency-ny,850008524639,4e0b3919-6131-43c2-ae90-0695796d36b7,Love Drops | 1:1 | 30pk,1906,edible,75mg,3500,75,75,,TRUE,https://www.thetravelagency.co/products/850008524639/,2026-04-12T23:58:20.326437+00:00
travel-agency-ny,43855101,aee154a3-1e80-46f7-ad90-998bac149912,Sour Cherry Tart | 10pk,Incredibles,edible,100mg,1800,100,,hybrid,TRUE,https://www.thetravelagency.co/products/43855101/,2026-04-12T23:58:20.326437+00:00
travel-agency-ny,91333057,cab0abfd-f185-4b78-a940-cc453681f251,Pineapple Express | Liquid Diamonds | All-in-one,Rythm,cart,1g,6500,,,sativa-hybrid,TRUE,https://www.thetravelagency.co/products/91333057/,2026-04-12T23:58:20.326437+00:00
travel-agency-ny,57399305,11c71b2a-1aa2-4d54-bad0-324e2f6697b1,Livewire | Rope,Off Hours,edible,10mg,2600,100,,hybrid,TRUE,https://www.thetravelagency.co/products/57399305/,2026-04-12T23:58:20.326437+00:00
travel-agency-ny,72590189,e25b349f-a675-4e6b-8671-5d190c6234a4,Black Cherry Gelato | Live Blend | Starter Kit,Ruby,cart,1g,5500,81.5,,hybrid,TRUE,https://www.thetravelagency.co/products/72590189/,2026-04-12T23:58:20.326437+00:00
travel-agency-ny,44259524,8ce1f42d-d65b-458b-b959-4feaf1868ef0,Milk Chocolate Churro | Infused | 20pk,Kiva,edible,10mg,3000,100,,,TRUE,https://www.thetravelagency.co/products/44259524/,2026-04-12T23:58:20.326437+00:00
travel-agency-ny,09992626,3cc3f3e6-bdcc-481f-9454-7464b5cc94b0,21pk Pre-rolled Tips,Raw,merch,,200,,,,TRUE,https://www.thetravelagency.co/products/09992626/,2026-04-12T23:58:20.326437+00:00
travel-agency-ny,08761046,fc672851-5341-45f0-8905-7850025ad0e9,Clementine | Live Rosin | 10pk,Rythm,edible,100mg,2500,,,hybrid,TRUE,https://www.thetravelagency.co/products/08761046/,2026-04-12T23:58:20.326437+00:00
travel-agency-ny,48072003,789f3e7c-b6e2-4d0a-b955-176119ddf642,Gogurtz,Rythm,flower,3.5g,5000,23,0.5,hybrid,TRUE,https://www.thetravelagency.co/products/48072003/,2026-04-12T23:58:20.326437+00:00
travel-agency-ny,78388029,e9a77fdf-d1e9-4ac3-a1b0-91085f853fcc,Offline  | All-in-one,Off Hours,cart,500mg,2800,79.73,6.05,hybrid,TRUE,https://www.thetravelagency.co/products/78388029/,2026-04-12T23:58:20.326437+00:00
travel-agency-ny,34529762,9d410d8b-0e15-4be7-a08c-3b65ec2b408e,Raspberry Lime | Live Rosin | 10pk,Pax,edible,10mg,2800,100,,hybrid,TRUE,https://www.thetravelagency.co/products/34529762/,2026-04-12T23:58:20.326437+00:00
travel-agency-ny,36788769,77e0ed30-d4cb-4b2f-af0f-0287ce0e5f36,Stay Asleep | 10:2:2:20 | 10pk,Wana,edible,100mg,2800,100,200,indica,TRUE,https://www.thetravelagency.co/products/36788769/,2026-04-12T23:58:20.326437+00:00
travel-agency-ny,73662566,a811f03b-9a92-4dde-9b82-82fc44e6f981,Go Beans | 1:1 | 20pk,1906,edible,100mg,2800,100,100,sativa-hybrid,TRUE,https://www.thetravelagency.co/products/73662566/,2026-04-12T23:58:20.326437+00:00
travel-agency-ny,84643048,cd59b77b-58cd-4934-9e95-db3a47ada11c,Morning Haze,Stay Melo,flower,3.5g,4500,23,0.5,hybrid,TRUE,https://www.thetravelagency.co/products/84643048/,2026-04-12T23:58:20.326437+00:00
travel-agency-ny,20175963,9047914d-696b-4fae-b654-a555d1b6eaff,Sit | Brownie Scout | Infused | Single,Dogwalkers,preroll,1g,1800,25,0,hybrid,TRUE,https://www.thetravelagency.co/products/20175963/,2026-04-12T23:58:20.326437+00:00
travel-agency-ny,008660008701,99137b1d-eaf4-42e5-852a-f0eaec7979aa,Unbleached Cones | 70s L 8pk,Zig Zag,merch,,300,,,,TRUE,https://www.thetravelagency.co/products/008660008701/,2026-04-12T23:58:20.326437+00:00
travel-agency-ny,72520882,0ce136f8-8d98-45a8-912b-f55f8b48b13b,Classic | Apricot Punch | All-in-one,Bloom,cart,1g,4400,85.7,0,indica,TRUE,https://www.thetravelagency.co/products/72520882/,2026-04-12T23:58:20.326437+00:00
travel-agency-ny,92753433,b861134a-bb1c-49c1-9a89-61aa1d51818b,Go | 5:1:1 | All-in-one,Off Hours,cart,500mg,2800,72.16,2.07,hybrid,TRUE,https://www.thetravelagency.co/products/92753433/,2026-04-12T23:58:20.326437+00:00
travel-agency-ny,31661509,99a89c45-12bd-4379-8446-809c05134d41,Quick | Strawberry Margarita | 1:1 | 10pk,Wana,edible,100mg,2800,100,100,hybrid,TRUE,https://www.thetravelagency.co/products/31661509/,2026-04-12T23:58:20.326437+00:00
travel-agency-ny,51665642,bf9f19ae-f8a3-4932-94c0-9ddae821e57e,Dark Chocolate | Infused | 20 Pk,Kiva,edible,10mg,3000,100,,,TRUE,https://www.thetravelagency.co/products/51665642/,2026-04-12T23:58:20.326437+00:00
travel-agency-ny,29348852,71e416f3-56e0-496a-ae65-435fc4f5a637,Blue Dream,Alchemy Pure,flower,3.5g,3800,21,0.05,sativa,TRUE,https://www.thetravelagency.co/products/29348852/,2026-04-12T23:58:20.326437+00:00
travel-agency-ny,56310513,917cfbf1-881a-41e4-9790-7a93fbf9f92a,Milk Chocolate | Infused | 20 Pk,Kiva,edible,10g,3000,100,,,TRUE,https://www.thetravelagency.co/products/56310513/,2026-04-12T23:58:20.326437+00:00
travel-agency-ny,53510825,5f04e0b5-8ffe-4bba-9766-340ecc96b405,Quick | Pina Colada | 10pk,Wana,edible,100mg,2800,100,,indica,TRUE,https://www.thetravelagency.co/products/53510825/,2026-04-12T23:58:20.326437+00:00
travel-agency-ny,18128899,14d2adc2-327c-4877-ae05-6edc48254d6b,Maui Wowie | Liquid Diamonds | All-in-one,Rythm,cart,1g,6500,,,sativa,TRUE,https://www.thetravelagency.co/products/18128899/,2026-04-12T23:58:20.326437+00:00
travel-agency-ny,70412851,e890376b-3475-4a59-bd97-a57010641404,Gg#4 | 510,Fernway,cart,1g,5000,81.5,,indica-hybrid,TRUE,https://www.thetravelagency.co/products/70412851/,2026-04-12T23:58:20.326437+00:00
travel-agency-ny,36700022,3b4e6df6-5b7a-4fa8-a920-d411729d9fa5,Mightnight Mint | Infused | 5:1 | 20ct,Kiva,edible,10mg,3000,100,,,TRUE,https://www.thetravelagency.co/products/36700022/,2026-04-12T23:58:20.326437+00:00
travel-agency-ny,36221992,ad26462c-f926-4031-94c8-d2f01a8718f9,Uptown Haze | Infused | Single,Florette,preroll,1.2g,2000,25,,hybrid,TRUE,https://www.thetravelagency.co/products/36221992/,2026-04-12T23:58:20.326437+00:00
travel-agency-ny,67959634,be9a7b1a-f615-4875-a1fe-f2905840d410,Puna Budazz | 2pk,Ravens View Genetics,preroll,1g,1500,25,,sativa,TRUE,https://www.thetravelagency.co/products/67959634/,2026-04-12T23:58:20.326437+00:00
travel-agency-ny,55121403,71e3f0ae-5428-4837-ad1d-be83e5720903,Lemon,Flintts Mints,merch,,800,,,,TRUE,https://www.thetravelagency.co/products/55121403/,2026-04-12T23:58:20.326437+00:00
travel-agency-ny,50848219,156cc92d-d1dc-4ef5-9da3-2213682304fe,Hibiscus Lime | Hash Rosin | 20pk,Highland Goat,edible,100mg,3500,100,,,TRUE,https://www.thetravelagency.co/products/50848219/,2026-04-12T23:58:20.326437+00:00
travel-agency-ny,45885830,e71e456d-527e-4e41-8e41-76047b34ed33,White Fire  | Live Resin | 510,Mfny,cart,500mg,4500,68.72,0.13,sativa,TRUE,https://www.thetravelagency.co/products/45885830/,2026-04-12T23:58:20.326437+00:00
travel-agency-ny,51535615,f53c7374-c25b-4d50-85e4-71db1bb1075e,Northern Lights | Live Rosin With Diamonds | All In One 1g,Pax,cart,1g,8800,,0,indica,TRUE,https://www.thetravelagency.co/products/51535615/,2026-04-12T23:58:20.326437+00:00
travel-agency-ny,31383241,1f6faf63-1473-4990-b2cf-a5a698cf6aca,Huckleberry | Anytime | 20pk,Beboe,edible,100mg,2700,100,0,,TRUE,https://www.thetravelagency.co/products/31383241/,2026-04-12T23:58:20.326437+00:00
travel-agency-ny,69977184,e19aabe7-1d50-40e1-866e-3162bbee2fda,Passion Fruit | 2:1 | 10pk,Finca,edible,100mg,2800,100,,hybrid,TRUE,https://www.thetravelagency.co/products/69977184/,2026-04-12T23:58:20.326437+00:00
travel-agency-ny,28618587,2f0ca546-6e69-47e6-b5d4-e7e88cf3d375,Cool-down | Blueberry Coconut | 1:2:2 | 20pk,Eaton Botanicals,edible,100mg,3200,50,200,hybrid,TRUE,https://www.thetravelagency.co/products/28618587/,2026-04-12T23:58:20.326437+00:00
travel-agency-ny,29857887,38d92651-88f2-4175-b9c8-4aebd6644edc,Empire State Bar,Incredibles,edible,100mg,2000,100,,,TRUE,https://www.thetravelagency.co/products/29857887/,2026-04-12T23:58:20.326437+00:00
travel-agency-ny,02919183,24aaf047-0797-4bb8-9973-321bf87a1c21,Mint,Flintts Mints,merch,,800,,,,TRUE,https://www.thetravelagency.co/products/02919183/,2026-04-12T23:58:20.326437+00:00
travel-agency-ny,99841462,a60b488a-966d-4a7c-a0bf-2e363a3a7dee,Gogurtz | Live Resin | All-in-one,Rythm,cart,2g,8500,80,,indica-hybrid,TRUE,https://www.thetravelagency.co/products/99841462/,2026-04-12T23:58:20.326437+00:00
travel-agency-ny,55396196,f15b6a3e-fc1b-44e6-977f-c14a5d110f26,Blood Orange | Inspired | 20pk,Beboe,edible,100mg,2700,100,,,TRUE,https://www.thetravelagency.co/products/55396196/,2026-04-12T23:58:20.326437+00:00
travel-agency-ny,50496583,8db9fc4e-9376-444d-b0b7-b4210e4cff98,Orange Mango Sparkling Water | 1:2 | Single,Harney Brothers Cannabis,edible,10mg,600,10,10,hybrid,TRUE,https://www.thetravelagency.co/products/50496583/,2026-04-12T23:58:20.326437+00:00
travel-agency-ny,12880048,3f42b176-1fa3-4520-8ad4-c74aec6b2365,Wake And Bake | Yaupon And Mint Tea Sachets | 5pk,Harney Brothers Cannabis,edible,8mg,2000,10,0,sativa,TRUE,https://www.thetravelagency.co/products/12880048/,2026-04-12T23:58:20.326437+00:00
travel-agency-ny,47620316,4099cef1-5e31-4814-8e85-33648a7e89c0,Variety Rose Cones 2pk King Size,Petals,merch,,1000,,,,TRUE,https://www.thetravelagency.co/products/47620316/,2026-04-12T23:58:20.326437+00:00
travel-agency-ny,84826971,67acffc0-8803-429c-a5fe-fee1fe8b4086,Fast Asleep | 2:2:2:10 | 10pk,Wana,edible,100mg,2800,20,100,indica,TRUE,https://www.thetravelagency.co/products/84826971/,2026-04-12T23:58:20.326437+00:00
travel-agency-ny,08011513,4493038d-5be1-40a3-9e4b-49a335efd7e2,Kiwi Strawberry | Live Rosin | 1:1:1 | 10pk,Good Tide,edible,100mg,2800,100,100,hybrid,TRUE,https://www.thetravelagency.co/products/08011513/,2026-04-12T23:58:20.326437+00:00
travel-agency-ny,96530341,aaa949cb-a4ca-44b7-9a83-ea54b06c99d6,41 Bananas | Tincture,Mfny,tincture,490mg,4800,345,,hybrid,TRUE,https://www.thetravelagency.co/products/96530341/,2026-04-12T23:58:20.326437+00:00
travel-agency-ny,84667472,5c56d3ed-8571-471a-bd0c-c0d22f36b34e,Quick | Limoncello |  10pk,Wana,edible,100mg,2800,100,,hybrid,TRUE,https://www.thetravelagency.co/products/84667472/,2026-04-12T23:58:20.326437+00:00
travel-agency-ny,62652781,a7d71ad6-3377-43a0-9e41-befdc41f1e29,J-case | Red,The Travel Agency,merch,,1400,,,,TRUE,https://www.thetravelagency.co/products/62652781/,2026-04-12T23:58:20.326437+00:00
travel-agency-ny,63696149,6a4a400e-b97f-4ae1-948a-05d547007bdf,Smoke Odor Control 1oz | Island Breeze,Pourri,merch,,700,,,,TRUE,https://www.thetravelagency.co/products/63696149/,2026-04-12T23:58:20.326437+00:00
travel-agency-ny,96309077,8df748b4-78e5-49ac-915c-017570ffd281,Cousin Walkers | 5pk,Ravens View Genetics,preroll,500mg,3600,25,,hybrid,TRUE,https://www.thetravelagency.co/products/96309077/,2026-04-12T23:58:20.326437+00:00
travel-agency-ny,21948504,f3659cad-dcb4-438b-8c89-4c53adad91cb,Candy Rain | Live Resin | All-in-one,Mfny,cart,500mg,4800,79.94,,hybrid,TRUE,https://www.thetravelagency.co/products/21948504/,2026-04-12T23:58:20.326437+00:00
travel-agency-ny,810139763246,78012470-76e8-4e81-9d8d-143ed53a0269,Rainbow Driver,Mfny,tincture,1g,4800,372,1.02,,TRUE,https://www.thetravelagency.co/products/810139763246/,2026-04-12T23:58:20.326437+00:00
travel-agency-ny,22900107,f8369f6a-1002-40fd-b204-f20465dc010f,Kush | 510,Rove,cart,500mg,4000,81.5,0,indica,TRUE,https://www.thetravelagency.co/products/22900107/,2026-04-12T23:58:20.326437+00:00
travel-agency-ny,60502969,a649c996-05e1-48f5-8b2c-bfb8c5d20ac6,Hash Burger | Live Resin | 510,Mfny,cart,500mg,4500,85.11,,indica,TRUE,https://www.thetravelagency.co/products/60502969/,2026-04-12T23:58:20.326437+00:00
travel-agency-ny,60630377,d2b1ec9d-df72-4631-9d7c-827c99abcf9f,Northern Lights | Live Rosin With Diamonds | Pod,Pax,cart,1g,8800,80,0,indica,TRUE,https://www.thetravelagency.co/products/60630377/,2026-04-12T23:58:20.326437+00:00
travel-agency-ny,05876269,f7104e3d-a8a0-4805-8cae-d3155cf31eb7,Stash Case Keychain | Red,The Travel Agency,merch,,1000,,,,TRUE,https://www.thetravelagency.co/products/05876269/,2026-04-12T23:58:20.326437+00:00
travel-agency-ny,75402278,e63c83ac-39c8-4a44-9de5-0e5edbd49838,Jack Herer | 510,Jaunty,cart,1g,4500,90,0.7,hybrid,TRUE,https://www.thetravelagency.co/products/75402278/,2026-04-12T23:58:20.326437+00:00
travel-agency-ny,58653779,2d870472-fcf1-49d2-a7fd-dd80eb324736,Peach Maraschino | Single,Ithaca Organics,preroll,1g,1200,21,0.05,hybrid,TRUE,https://www.thetravelagency.co/products/58653779/,2026-04-12T23:58:20.326437+00:00
travel-agency-ny,77572049,f4a1c67e-876f-4bab-a7c5-b0fe7aa66b27,Keychain Grinder | Black,The Travel Agency,merch,,2000,,,,TRUE,https://www.thetravelagency.co/products/77572049/,2026-04-12T23:58:20.326437+00:00
travel-agency-ny,90493430,fcf31057-b2df-4838-a76c-e9029e346a6c,Blue Dream | All-in-one,Heavy Hitters,cart,500mg,3500,81.5,,sativa-hybrid,TRUE,https://www.thetravelagency.co/products/90493430/,2026-04-12T23:58:20.326437+00:00
travel-agency-ny,09282555,ffe03806-1b7b-4bc6-aa92-828f49a18ed2,Watermelon,Rythm,edible,100mg,2500,,,hybrid,TRUE,https://www.thetravelagency.co/products/09282555/,2026-04-12T23:58:20.326437+00:00
travel-agency-ny,90921230,ab201d68-0afb-4754-9abf-5245a2a4cf8d,Pineapple | Live Rosin | 10pk,Good Tide,edible,100mg,2800,100,0,hybrid,TRUE,https://www.thetravelagency.co/products/90921230/,2026-04-12T23:58:20.326437+00:00
travel-agency-ny,20276912,9407887f-6819-4b98-a6ae-17a67d7073d2,Blueberry 2.0 | Live Resin | 510,Mfny,cart,500mg,4500,79.94,0.48,indica,TRUE,https://www.thetravelagency.co/products/20276912/,2026-04-12T23:58:20.326437+00:00
travel-agency-ny,38927959,4b95ee35-bfa6-4b38-8e49-3054985b469b,Blue Mimosa   | Live Resin | 510,Woodstock,cart,1g,6600,81.5,,hybrid,TRUE,https://www.thetravelagency.co/products/38927959/,2026-04-12T23:58:20.326437+00:00
travel-agency-ny,84510291,d733f087-f2a3-4f90-b63c-82b747ad8025,Sit | Kosher Kush | Infused | 1g,Dogwalkers,preroll,1g,1800,25,0,indica,TRUE,https://www.thetravelagency.co/products/84510291/,2026-04-12T23:58:20.326437+00:00
travel-agency-ny,83846689,b2d70bc7-d6a0-4368-9635-f706d2af83fe,J-case | Silver,The Travel Agency,merch,,1400,,,,TRUE,https://www.thetravelagency.co/products/83846689/,2026-04-12T23:58:20.326437+00:00
travel-agency-ny,50229852,5eaf902a-c55c-4444-9126-b87976d977c6,Sweet Dreams Blend | 4:1 | All-in-one,Beboe,cart,500mg,4000,63.42,4.77,indica-hybrid,TRUE,https://www.thetravelagency.co/products/50229852/,2026-04-12T23:58:20.326437+00:00
travel-agency-ny,21957374,cb67e163-9b54-48c6-9967-34e495c0af63,Downtime | Blackberry | 1:1 | 20pk,Beboe,edible,100mg,2700,100,100,,TRUE,https://www.thetravelagency.co/products/21957374/,2026-04-12T23:58:20.326437+00:00
travel-agency-ny,88860519,49f9455b-d97c-4f9e-9bde-204ef3ddfda7,Flavorless  | 3pk,Myhi,edible,30mg,1500,10,0,,TRUE,https://www.thetravelagency.co/products/88860519/,2026-04-12T23:58:20.326437+00:00
travel-agency-ny,59098498,c6a4163b-580d-48e6-8a10-73675d7f69b7,Blackberry Kush | 510,Heavy Hitters,cart,1g,6500,90,,hybrid,TRUE,https://www.thetravelagency.co/products/59098498/,2026-04-12T23:58:20.326437+00:00
travel-agency-ny,07068090,04a04b97-fc7a-4474-82fd-be18e1dffccd,Up | Island Time | Pineapple Mango | 2:1 | 10pk,Ayrloom,edible,100mg,2500,100,50,hybrid,TRUE,https://www.thetravelagency.co/products/07068090/,2026-04-12T23:58:20.326437+00:00
travel-agency-ny,97643823,3e3719f4-5fe3-4f55-8c8f-c48c61b6fef6,London Pound Cake | All-in-one,Pax,cart,2g,8500,79,,hybrid,TRUE,https://www.thetravelagency.co/products/97643823/,2026-04-12T23:58:20.326437+00:00
travel-agency-ny,23161833,cf68c326-72de-4b20-82dd-61bc949d965e,Just The Plant | Tincture | Hybrid,Ithaca Organics,tincture,1g,9000,1000,,hybrid,TRUE,https://www.thetravelagency.co/products/23161833/,2026-04-12T23:58:20.326437+00:00
travel-agency-ny,27606196,c28bdfb3-6456-4f76-829e-b739b0e4609a,Zoap,Dada Exotics,flower,3.5g,5800,23,0.5,indica-hybrid,TRUE,https://www.thetravelagency.co/products/27606196/,2026-04-12T23:58:20.326437+00:00
travel-agency-ny,46114705,e74c2cd3-623d-4792-a609-e48e02515718,Watermelon Smash | Single,Incredibles,edible,100mg,1600,100,,hybrid,TRUE,https://www.thetravelagency.co/products/46114705/,2026-04-12T23:58:20.326437+00:00
travel-agency-ny,74552116,535952a1-7613-405d-b5b6-017dc7b53081,All Times | Watermelon Milkshake | Infused | Single,Miss Grass,preroll,1g,2400,25,,hybrid,TRUE,https://www.thetravelagency.co/products/74552116/,2026-04-12T23:58:20.326437+00:00
travel-agency-ny,97675292,55053353-95d4-4823-b5f8-0881b68d1b3a,Just The Plant Tincture | Sativa,Ithaca Organics,tincture,1g,9000,1000,,sativa,TRUE,https://www.thetravelagency.co/products/97675292/,2026-04-12T23:58:20.326437+00:00
travel-agency-ny,20178698,dc17895e-ae1d-44e8-9621-c0b9f6c128e0,Unwind | 20:1,Doctor Solomons,tincture,250mg,3000,25,475,hybrid,TRUE,https://www.thetravelagency.co/products/20178698/,2026-04-12T23:58:20.326437+00:00
travel-agency-ny,70863211,c6eaf126-39ce-4e85-8622-c140e98a289f,Oishii | Live Resin | 510,Mfny,cart,500mg,4800,79.5,,hybrid,TRUE,https://www.thetravelagency.co/products/70863211/,2026-04-12T23:58:20.326437+00:00
travel-agency-ny,52578385,cdac8a6b-248f-47a8-9934-c2754f79cb2f,Donut Trip,Rythm,flower,3.5g,5000,,,hybrid,TRUE,https://www.thetravelagency.co/products/52578385/,2026-04-12T23:58:20.326437+00:00
travel-agency-ny,72327556,91cf8d2f-8e0a-44f7-a315-88459bc33887,"Restore | Lavender, Rosemary & Eucalyptus | 1:1 | Balm",Ayrloom,topical,2g,5500,1000,1000,,TRUE,https://www.thetravelagency.co/products/72327556/,2026-04-12T23:58:20.326437+00:00
travel-agency-ny,39919208,fc723c89-b021-4cc7-aab8-ef70298a8e3a,Quick | Peach Bellini | 10pk,Wana,edible,100mg,2800,100,,sativa,TRUE,https://www.thetravelagency.co/products/39919208/,2026-04-12T23:58:20.326437+00:00
travel-agency-ny,32629921,9295a1ee-7b93-4559-b584-390403930bbd,Pineapple Express | 510,Heavy Hitters,cart,1g,6500,81.5,,sativa,TRUE,https://www.thetravelagency.co/products/32629921/,2026-04-12T23:58:20.326437+00:00
travel-agency-ny,16877929,d060a3bc-e93e-43d1-8e38-c1cb5fc55dcc,Piff | 510,Heavy Hitters,cart,1g,6500,90,,sativa,TRUE,https://www.thetravelagency.co/products/16877929/,2026-04-12T23:58:20.326437+00:00
travel-agency-ny,61075859,0951ee26-885d-4d03-a660-9a0eeef24bd7,Animal Scout,Rythm,flower,3.5g,5000,,,indica-hybrid,TRUE,https://www.thetravelagency.co/products/61075859/,2026-04-12T23:58:20.326437+00:00
travel-agency-ny,96630281,569dfd62-f672-49d6-a65a-6d6b5e11a048,Sleep Drops | 5:5:2: | 20pk,1906,edible,100mg,3500,100,100,,TRUE,https://www.thetravelagency.co/products/96630281/,2026-04-12T23:58:20.326437+00:00
travel-agency-ny,17404019,f584cdbb-422f-49bf-b4a1-08094451223f,Cloud 7,Stay Melo,flower,3.5g,4500,23,0.5,hybrid,TRUE,https://www.thetravelagency.co/products/17404019/,2026-04-12T23:58:20.326437+00:00
travel-agency-ny,59646364,3f75421b-7545-48c8-a700-e892f98e16fe,Midnight Sherbet | Infused | 14pk,Stone Road,preroll,500mg,9000,25,,hybrid,TRUE,https://www.thetravelagency.co/products/59646364/,2026-04-12T23:58:20.326437+00:00
travel-agency-ny,860014078606,3985fdd8-d2c4-40ce-bb35-26f4641a2f2c,Little Pandas | Tropical Cooler |  5pk,Eaton Botanicals,preroll,1.75g,2800,25,,hybrid,TRUE,https://www.thetravelagency.co/products/860014078606/,2026-04-12T23:58:20.326437+00:00
travel-agency-ny,52491822,7f2ae255-8766-4ed0-8fd3-5d7e8ccc2edc,Strawberry Sour Diesel | Infused | 5pk,Rythm,preroll,2.5g,4000,25,,hybrid,TRUE,https://www.thetravelagency.co/products/52491822/,2026-04-12T23:58:20.326437+00:00
travel-agency-ny,84089029,0a39aa01-0c0f-4993-b974-28ff86871a71,Mimosa | 2g | All-in-one,Heavy Hitters,cart,2g,10000,81,,hybrid,TRUE,https://www.thetravelagency.co/products/84089029/,2026-04-12T23:58:20.326437+00:00
travel-agency-ny,35538657,3296fcca-10f2-4ff5-b806-1857745e8181,L'orange | Live Resin,Rythm,concentrate,1g,5500,,,sativa-hybrid,TRUE,https://www.thetravelagency.co/products/35538657/,2026-04-12T23:58:20.326437+00:00
travel-agency-ny,15740595,3fe78f36-b0a3-493a-9357-e567aed44d8f,Pillow Princess,Flamer,flower,3.5g,4400,23,0.5,hybrid,TRUE,https://www.thetravelagency.co/products/15740595/,2026-04-12T23:58:20.326437+00:00
travel-agency-ny,18718980,8879dc54-9e32-4f69-b3df-fc88b72d17b1,Jordanz X Watermelon Z X Papa Burger | Infused | Single,High 5s,preroll,800mg,2000,25,,hybrid,TRUE,https://www.thetravelagency.co/products/18718980/,2026-04-12T23:58:20.326437+00:00
travel-agency-ny,59334290,0089b18c-bb58-46d3-b963-dfb8d32da5a8,Black Cherry Soda X Sour Amnesia | Infused | Single,High 5s,preroll,500mg,2000,25,,hybrid,TRUE,https://www.thetravelagency.co/products/59334290/,2026-04-12T23:58:20.326437+00:00
travel-agency-ny,96055004,51515c16-a48a-406d-8050-7507d8d531b2,4 Gram | 62%,Boveda,merch,,200,,,,TRUE,https://www.thetravelagency.co/products/96055004/,2026-04-12T23:58:20.326437+00:00
travel-agency-ny,32780562,2d19ebd4-0fe1-495d-a15c-24d4d352063a,Fadeaway Souffle,Stay Melo,flower,3.5g,4500,23,0.5,hybrid,TRUE,https://www.thetravelagency.co/products/32780562/,2026-04-12T23:58:20.326437+00:00
travel-agency-ny,49250824,8fd4aa4d-94a8-41ab-ba32-5e393f38e2ef,Dirty Governmint | Single | Infused,Luci,preroll,1.3g,3500,25,0,indica-hybrid,TRUE,https://www.thetravelagency.co/products/49250824/,2026-04-12T23:58:20.326437+00:00
travel-agency-ny,76698599,d8d37db8-bdcf-4ea4-9cdc-2cc7d7be23fc,Leisure | All-in-one,Holiday,cart,1g,5500,81,,indica,TRUE,https://www.thetravelagency.co/products/76698599/,2026-04-12T23:58:20.326437+00:00
travel-agency-ny,16492116,47a77d5a-69b7-4d4c-b7b2-97e0df8e2deb,Nighttime | Chamomile Mint Tea Sachets | 5pk,Harney Brothers Cannabis,edible,10mg,2000,10,0,indica,TRUE,https://www.thetravelagency.co/products/16492116/,2026-04-12T23:58:20.326437+00:00
travel-agency-ny,75777259,f4c7772d-61f9-4acf-ad9a-c0beaf19907b,The Belafonte |  Badder,Mfny,concentrate,1g,6500,70.57,0.22,sativa,TRUE,https://www.thetravelagency.co/products/75777259/,2026-04-12T23:58:20.326437+00:00
travel-agency-ny,60677383,19ac3bea-6878-4fd0-9cc0-bf2d1f9bafd7,Pineapple Express | 510,Jaunty,cart,1g,4500,90,0.7,sativa-hybrid,TRUE,https://www.thetravelagency.co/products/60677383/,2026-04-12T23:58:20.326437+00:00
travel-agency-ny,73137925,58f49f6e-8b4d-41f2-a747-4cf782eea6bf,Daytime Tincture | 1:2:4:4,Harney Brothers Cannabis,tincture,75mg,4200,81,,sativa,TRUE,https://www.thetravelagency.co/products/73137925/,2026-04-12T23:58:20.326437+00:00
travel-agency-ny,72130672,f4f69042-ba4a-42fd-b18c-fe3b4873a8ef,Papaya Juice,Matter.,flower,3.5g,3500,0,0,sativa,TRUE,https://www.thetravelagency.co/products/72130672/,2026-04-12T23:58:20.326437+00:00
travel-agency-ny,15005516,0f385a36-06cb-4c91-aaac-d613be0aab18,Sherlato,Clearly Faded,flower,3.5g,5000,,,hybrid,TRUE,https://www.thetravelagency.co/products/15005516/,2026-04-12T23:58:20.326437+00:00
travel-agency-ny,58913207,ea2cf055-6d7c-4d25-ab46-7457449462fc,"2.5"" Glass Hand Pipe | Yellow",Luvbuds,merch,,600,,,,TRUE,https://www.thetravelagency.co/products/58913207/,2026-04-12T23:58:20.326437+00:00
travel-agency-ny,27496995,d7658a50-2de6-4f75-8a12-d81d4c3cabdd,Street Goods | Infused | Hash Hole | Single,Luci,preroll,1.3g,3500,25,0,hybrid,TRUE,https://www.thetravelagency.co/products/27496995/,2026-04-12T23:58:20.326437+00:00
travel-agency-ny,56333789,dd5d91b1-4938-4c45-9b37-4a102b7f26c4,Yellow Beltz | Tincture 15ml,Mfny,tincture,490mg,4800,345,,,TRUE,https://www.thetravelagency.co/products/56333789/,2026-04-12T23:58:20.326437+00:00
travel-agency-ny,13939853,31761976-7622-4b4c-ae6b-ec6a3c51782b,Ultra | White Widow | All-in-one,Heavy Hitters,cart,1g,7000,86.9,,hybrid,TRUE,https://www.thetravelagency.co/products/13939853/,2026-04-12T23:58:20.326437+00:00
travel-agency-ny,38828735,6a2bb2f1-d383-43fe-a38a-5073483343d6,Baked Limez,Knack,flower,3.5g,4000,23,0.5,hybrid,TRUE,https://www.thetravelagency.co/products/38828735/,2026-04-12T23:58:20.326437+00:00
travel-agency-ny,56156969,79cda91f-ab07-4333-b0fa-354e827660c5,Garlic Drip,Rythm,concentrate,1g,5500,,,indica-hybrid,TRUE,https://www.thetravelagency.co/products/56156969/,2026-04-12T23:58:20.326437+00:00
travel-agency-ny,33285875,be34937b-062d-4f57-beb6-c646ab10cdcb,Midnight Blend | Infused | Pre-ground,Alchemy Pure,flower,14g,10000,22,0.05,hybrid,TRUE,https://www.thetravelagency.co/products/33285875/,2026-04-12T23:58:20.326437+00:00
travel-agency-ny,87327898,f6be5c85-bf90-42ac-9d3b-193b671d4ce6,J-case | Black,The Travel Agency,merch,,1400,,,,TRUE,https://www.thetravelagency.co/products/87327898/,2026-04-12T23:58:20.326437+00:00
travel-agency-ny,43043520,004ad00e-2a6a-4c3c-a033-ba8d7f3847a5,Lemon Mints,Vlsny,flower,3.5g,5000,23,0.5,hybrid,TRUE,https://www.thetravelagency.co/products/43043520/,2026-04-12T23:58:20.326437+00:00
travel-agency-ny,37049950,a8db2cb3-ee37-4015-bc2b-20898f3d906e,Sour Og,Dank. By Definition,flower,3.5g,5500,,,hybrid,TRUE,https://www.thetravelagency.co/products/37049950/,2026-04-12T23:58:20.326437+00:00
travel-agency-ny,51496105,daa4e0f9-4166-47bc-9358-6ff263d1ccb5,Dulce De Uva,Rythm,flower,28g,19000,,,indica-hybrid,TRUE,https://www.thetravelagency.co/products/51496105/,2026-04-12T23:58:20.326437+00:00
travel-agency-ny,88070327,ce87f885-cd8e-4ef9-abf7-e2ebb754e456,Era Go | Battery | Greenstone,Pax,merch,,2000,,,,TRUE,https://www.thetravelagency.co/products/88070327/,2026-04-12T23:58:20.326437+00:00
travel-agency-ny,76493194,c3ee07dc-fb26-4619-b272-a30941acc8f6,Hemp Wicks,Raw,merch,,200,,,,TRUE,https://www.thetravelagency.co/products/76493194/,2026-04-12T23:58:20.326437+00:00
travel-agency-ny,37320256,b12bd82d-a254-45fe-932f-20fe8838babf,Be Bright | Infused | 6pk,Drew Martin,preroll,4.5g,6000,,,sativa,TRUE,https://www.thetravelagency.co/products/37320256/,2026-04-12T23:58:20.326437+00:00
travel-agency-ny,21594627,6a485080-d70d-4a1b-a697-e05dc7e7320c,Hall Of Flame #7,Stay Melo,flower,3.5g,4500,23,0.5,indica-hybrid,TRUE,https://www.thetravelagency.co/products/21594627/,2026-04-12T23:58:20.326437+00:00
travel-agency-ny,77692761,9e02ab7a-c8c3-43de-ab26-f911416f65ce,Sleep | 1:1:1,Papa & Barkley,tincture,300mg,9000,500,500,,TRUE,https://www.thetravelagency.co/products/77692761/,2026-04-12T23:58:20.326437+00:00
travel-agency-ny,46761099,69a6e3e9-aa87-4a8e-a9bc-28375660b8bf,Forbidden Fruit  | High Purity | All-in-one,Pax,cart,1g,5500,79,1.26,indica,TRUE,https://www.thetravelagency.co/products/46761099/,2026-04-12T23:58:20.326437+00:00
travel-agency-ny,10988454,7a830482-876b-4ec5-a30f-12720a3b16d0,Hash Burger | Live Resin | All-in-one,Mfny,cart,500mg,4800,79.94,0.48,indica,TRUE,https://www.thetravelagency.co/products/10988454/,2026-04-12T23:58:20.326437+00:00
travel-agency-ny,44359408,8dc0751f-76c1-413b-b407-6fe35c1006f6,Big League Bubba,Dank. By Definition,flower,14g,13500,20,0.05,hybrid,TRUE,https://www.thetravelagency.co/products/44359408/,2026-04-12T23:58:20.326437+00:00
travel-agency-ny,67045366,c5822fc5-9d78-476e-9be5-d6d834e683bf,Dad Hat | Black,The Travel Agency,merch,,3000,,,,TRUE,https://www.thetravelagency.co/products/67045366/,2026-04-12T23:58:20.326437+00:00
travel-agency-ny,56330838,43cc49ae-19f9-4364-93ea-e5c77864519e,Alien Tech X Black Zoap | Infused | Single,High 5s,preroll,500mg,2000,25,,indica,TRUE,https://www.thetravelagency.co/products/56330838/,2026-04-12T23:58:20.326437+00:00
travel-agency-ny,08005397,f5f5209a-b939-4406-8dcc-6f7586372cf4,Be Still | Infused | 6pk,Drew Martin,preroll,4.5g,6000,,,indica,TRUE,https://www.thetravelagency.co/products/08005397/,2026-04-12T23:58:20.326437+00:00
travel-agency-ny,52220564,cd7d8a3a-4d31-42e5-9c7d-f45b487db61f,Terp Poison | Lift | 14g,Weekenders,flower,14g,12000,21,0.5,hybrid,TRUE,https://www.thetravelagency.co/products/52220564/,2026-04-12T23:58:20.326437+00:00
travel-agency-ny,40855092,cd0ab336-c784-42b1-aca9-d5c9553a5909,Flavorless  | 10pk,Myhi,edible,100mg,4000,100,0,,TRUE,https://www.thetravelagency.co/products/40855092/,2026-04-12T23:58:20.326437+00:00
travel-agency-ny,90270067,7ccf0e0c-f5a7-43b9-ba2d-85e7dac6bf4a,Strawberry Piff,Vlsny,flower,3.5g,5000,23,0.5,hybrid,TRUE,https://www.thetravelagency.co/products/90270067/,2026-04-12T23:58:20.326437+00:00
travel-agency-ny,77215385,564f9be0-4832-44f6-b006-29532d7f5ef3,Pear | 1:1:1 | 20pk,Papa & Barkley,edible,300mg,3100,0.1,,,TRUE,https://www.thetravelagency.co/products/77215385/,2026-04-12T23:58:20.326437+00:00
travel-agency-ny,61823924,24b88e0f-2cc9-4d58-bb82-88a94c41b899,Sour Tangie | Infused | Single,Heavy Hitters,preroll,1g,2800,53.4,,sativa,TRUE,https://www.thetravelagency.co/products/61823924/,2026-04-12T23:58:20.326437+00:00
travel-agency-ny,64462928,b0e4e66b-69ca-4cba-8707-f01804c4bc52,Kosher Kush,Good Green,flower,14g,10000,21,0.5,indica,TRUE,https://www.thetravelagency.co/products/64462928/,2026-04-12T23:58:20.326437+00:00
travel-agency-ny,64666473,55932951-cf25-4989-a59a-f60fa24ddf0d,Ashtray Brushed Stainless Steel,The Travel Agency,merch,,900,,,,TRUE,https://www.thetravelagency.co/products/64666473/,2026-04-12T23:58:20.326437+00:00
travel-agency-ny,33153666,77b6e467-aa0e-4f7e-a4bf-e8e13ded1f20,Releaf Balm | 3:1 | 15ml,Papa & Barkley,topical,180mg,3000,45,135,,TRUE,https://www.thetravelagency.co/products/33153666/,2026-04-12T23:58:20.326437+00:00
travel-agency-ny,63607513,8f5466a4-fadb-4f72-8861-a808de7ffbf5,The Outdoor Silicone Pipe,Jane West,merch,,2000,,,,TRUE,https://www.thetravelagency.co/products/63607513/,2026-04-12T23:58:20.326437+00:00
travel-agency-ny,96176041,e4b2139f-f0b0-47dd-b2b1-6cb2df27de79,Plum | Sweet Dreams | 5:1 | 20pk,Beboe,edible,100mg,2700,100,,hybrid,TRUE,https://www.thetravelagency.co/products/96176041/,2026-04-12T23:58:20.326437+00:00
travel-agency-ny,25118487,b5c187c1-b4b6-4a39-aaab-5c575b8b5784,Rolling Tray Brushed Stainless Steel,The Travel Agency,merch,,1200,,,,TRUE,https://www.thetravelagency.co/products/25118487/,2026-04-12T23:58:20.326437+00:00
travel-agency-ny,69794249,d5f71d7b-031a-4f45-af84-51b068a998e4,"Revive | Bergamont, Grapefruit, & Sandalwood | 1:1 | Balm",Ayrloom,topical,2g,5500,1000,1000,,TRUE,https://www.thetravelagency.co/products/69794249/,2026-04-12T23:58:20.326437+00:00
travel-agency-ny,64191027,08151191-7516-44be-a2dd-c7c9529f109d,Ghee Butter | Live Rosin,Butter,edible,100mg,3800,100,0,hybrid,TRUE,https://www.thetravelagency.co/products/64191027/,2026-04-12T23:58:20.326437+00:00
travel-agency-ny,96911954,bf5ad52c-1385-4938-9fd0-9e92f6f56bac,Carnival,Alchemy Pure,flower,3.5g,4500,23,0.5,hybrid,TRUE,https://www.thetravelagency.co/products/96911954/,2026-04-12T23:58:20.326437+00:00
travel-agency-ny,46271673,4bb123cc-249b-46ff-9650-6ec2c82e6a4f,Durban Z,Good Green,flower,28g,15000,22,0.5,sativa,TRUE,https://www.thetravelagency.co/products/46271673/,2026-04-12T23:58:20.326437+00:00
travel-agency-ny,56286684,998ebb25-037c-4fc3-b5e0-c66b885b95d7,Mobile Vaporizer  Pivot | Onyx,Puff Co,merch,,13000,,,,TRUE,https://www.thetravelagency.co/products/56286684/,2026-04-12T23:58:20.326437+00:00
travel-agency-ny,77598691,6d367462-2a86-477b-90bc-6a2c2f776652,Sugar Flavor Wood Filter Tips [3 Tips Per Pack],Daysavers,merch,,200,,,,TRUE,https://www.thetravelagency.co/products/77598691/,2026-04-12T23:58:20.326437+00:00
travel-agency-ny,83155460,c6492d31-651f-45b2-8600-6cb0a81f79da,Grape Gas,Matter.,flower,3.5g,3500,20,0.01,indica,TRUE,https://www.thetravelagency.co/products/83155460/,2026-04-12T23:58:20.326437+00:00
travel-agency-ny,14774285,14629d54-7c80-42fa-97e2-dd4977bc90bd,Gelonade | Badder,Mfny,concentrate,1g,6500,70,0.01,hybrid,TRUE,https://www.thetravelagency.co/products/14774285/,2026-04-12T23:58:20.326437+00:00
travel-agency-ny,03877515,73d95466-dc84-41cc-b875-7e2fe3f78cf8,Be Open | Infused | 6pk,Drew Martin,preroll,4.5g,5500,,,hybrid,TRUE,https://www.thetravelagency.co/products/03877515/,2026-04-12T23:58:20.326437+00:00
travel-agency-ny,96085925,7bcaf51a-34c2-43f6-8b5b-fa90adcb3f04,"2.5"" Glass Hand Pipe | Brown",Luvbuds,merch,,600,,,,TRUE,https://www.thetravelagency.co/products/96085925/,2026-04-12T23:58:20.326437+00:00
travel-agency-ny,08157643,d5be2c67-3e91-4008-afab-263cea5a3936,4 Part Grinder | White,The Travel Agency,merch,,2400,,,,TRUE,https://www.thetravelagency.co/products/08157643/,2026-04-12T23:58:20.326437+00:00
travel-agency-ny,64449381,cbc540d9-5b34-404f-a88b-41921e84a2cc,Era Go | Battery | Black,Pax,merch,,2000,,,,TRUE,https://www.thetravelagency.co/products/64449381/,2026-04-12T23:58:20.326437+00:00
travel-agency-ny,32083790,03fba90d-6a4c-4722-a472-fc09e717135c,Lime Wired,American Hash Makers,concentrate,1g,8100,70,0.01,hybrid,TRUE,https://www.thetravelagency.co/products/32083790/,2026-04-12T23:58:20.326437+00:00
travel-agency-ny,77356759,bc3d0479-7f48-4ca4-b636-c2145c515624,Moonlight,Alchemy Pure,flower,3.5g,3500,23,0.5,indica-hybrid,TRUE,https://www.thetravelagency.co/products/77356759/,2026-04-12T23:58:20.326437+00:00
travel-agency-ny,73792145,039ac65f-bd4c-4df2-9d42-875db934f0a0,Honey Banana |  Badder,Mfny,concentrate,1g,6500,70,0.01,hybrid,TRUE,https://www.thetravelagency.co/products/73792145/,2026-04-12T23:58:20.326437+00:00
travel-agency-ny,15619833,ba680a43-8acc-4169-ad47-7c531fcdcab9,Rainbow Sherbet  | All-in-one,Heavy Hitters,cart,500mg,3500,81,,hybrid,TRUE,https://www.thetravelagency.co/products/15619833/,2026-04-12T23:58:20.326437+00:00
travel-agency-ny,06196071,8ceec342-8161-4e44-bdf4-97d8c19f9dc6,Maple Nitro Coffee | Single,Harney Brothers Cannabis,edible,10mg,600,10,10,sativa,TRUE,https://www.thetravelagency.co/products/06196071/,2026-04-12T23:58:20.326437+00:00
travel-agency-ny,19051444,d7f2cb51-d3e5-40a1-a761-5c1c93460f78,Half Gram 1 1/4 Green Hybrid Hemp Blunt Wrap Artisan Pre Rolled Tubes With Spiral Filter Tips [10 Tubes Per Pack],Daysavers,merch,,500,,,,TRUE,https://www.thetravelagency.co/products/19051444/,2026-04-12T23:58:20.326437+00:00
travel-agency-ny,45132917,3fc48f46-0ade-4e5d-ac13-6ac1ffc94cd6,Znow Flakes,Operator,flower,3.5g,4500,,,hybrid,TRUE,https://www.thetravelagency.co/products/45132917/,2026-04-12T23:58:20.326437+00:00
travel-agency-ny,37515049,43f96e46-79d2-42e1-b645-321e99706b7a,Metal Pipe Screens,Luvbuds,merch,,200,,,,TRUE,https://www.thetravelagency.co/products/37515049/,2026-04-12T23:58:20.326437+00:00
travel-agency-ny,FORMULA420-CLEAN-A1,975e1f97-cf06-45f4-88dc-7b52a4a825ec,Cleaner | A1 | 12oz,Formula 420,merch,,800,,,,TRUE,https://www.thetravelagency.co/products/FORMULA420-CLEAN-A1/,2026-04-12T23:58:20.326437+00:00
travel-agency-ny,86971560,3b7a8724-03a4-4637-ae6e-ab975467684a,Era Go | Battery | Gold,Pax,merch,,2000,,,,TRUE,https://www.thetravelagency.co/products/86971560/,2026-04-12T23:58:20.326437+00:00
travel-agency-ny,64424958,60729949-9b8d-4c62-9527-6d7778b53e06,Pistachio | 100mg,Cannatella,edible,100mg,4000,100,,,TRUE,https://www.thetravelagency.co/products/64424958/,2026-04-12T23:58:20.326437+00:00
travel-agency-ny,52818446,7af969c5-10f8-459a-8853-2f881911824a,Orange Cookies,Matter.,flower,3.5g,3500,23,0.5,sativa-hybrid,TRUE,https://www.thetravelagency.co/products/52818446/,2026-04-12T23:58:20.326437+00:00
travel-agency-ny,59315585,13fa98a8-10f0-495c-85ae-04709049f48f,Summer Peach | 10pk,Incredibles,edible,100mg,1800,10,,hybrid,TRUE,https://www.thetravelagency.co/products/59315585/,2026-04-12T23:58:20.326437+00:00
travel-agency-ny,19191498,9453e4b5-0266-4f6b-a0f5-dbe1a8672b68,Cbd Relief Bath Bomb,Vlasic Labs,tincture,,2000,,,,TRUE,https://www.thetravelagency.co/products/19191498/,2026-04-12T23:58:20.326437+00:00
travel-agency-ny,13499387,40a08d81-51bf-402f-a44c-35883827c352,"2.5"" Glass Hand Pipe | White",Luvbuds,merch,,600,,,,TRUE,https://www.thetravelagency.co/products/13499387/,2026-04-12T23:58:20.326437+00:00
travel-agency-ny,34209784,0b5935ed-9d5d-49b7-8dec-08eff59d5cc6,Airtight Pocket Case | Gold,Ongrok,merch,,3500,,,,TRUE,https://www.thetravelagency.co/products/34209784/,2026-04-12T23:58:20.326437+00:00
travel-agency-ny,60867809,e0137504-6340-4b3d-a098-f6dfd5a27d53,"2.5"" Glass Hand Pipe | Black",Luvbuds,merch,,600,,,,TRUE,https://www.thetravelagency.co/products/60867809/,2026-04-12T23:58:20.326437+00:00
travel-agency-ny,73595266,a6878a33-13e6-451d-8f81-3f78f9c5420e,Apple Fritter,Vlsny,flower,3.5g,5000,23,0.5,hybrid,TRUE,https://www.thetravelagency.co/products/73595266/,2026-04-12T23:58:20.326437+00:00
travel-agency-ny,62250434,631e7ecb-cc03-4669-9d0b-17b51ae69675,Cookie Butter | Live Rosin,Butter,edible,100mg,3800,100,,hybrid,TRUE,https://www.thetravelagency.co/products/62250434/,2026-04-12T23:58:20.326437+00:00
travel-agency-ny,94083736,d2c5fcbf-57b5-44b1-8843-fa843d332fab,Pm : Calm & Chill | Bath Salts,Chime & Chill,tincture,,3000,0,100,,TRUE,https://www.thetravelagency.co/products/94083736/,2026-04-12T23:58:20.326437+00:00
travel-agency-ny,89119040,36328626-c3db-4585-91d3-600f2bff752c,Elsewhere Collection Incense Cones | Palo Santo,Dilo,merch,,2000,,,,TRUE,https://www.thetravelagency.co/products/89119040/,2026-04-12T23:58:20.326437+00:00
travel-agency-ny,03023519,10253c85-c7bd-42f2-8a7a-21fbe729c1d1,Piece Water Solution | 12oz,Piece Water Solutions,merch,,1400,,,,TRUE,https://www.thetravelagency.co/products/03023519/,2026-04-12T23:58:20.326437+00:00
travel-agency-ny,68165923,5a581bbe-7375-430c-a15b-fd82be448a99,"2.5"" Glass Hand Pipe | Red",Luvbuds,merch,,600,,,,TRUE,https://www.thetravelagency.co/products/68165923/,2026-04-12T23:58:20.326437+00:00
travel-agency-ny,24022-2,413fa2ef-9a45-4055-82d2-f594d6923d27,Spicy Pound Town | Hot Cinnamon Spice Tea Sachets | 5pk,Harney Brothers Cannabis,edible,50mg,2000,10,0,sativa,TRUE,https://www.thetravelagency.co/products/24022-2/,2026-04-12T23:58:20.326437+00:00
travel-agency-ny,56916525,62a64d4b-9438-4afc-b39e-a505331855c0,Travel Cbd Relief Cream,Cause Medic,tincture,,3900,,340,,TRUE,https://www.thetravelagency.co/products/56916525/,2026-04-12T23:58:20.326437+00:00
travel-agency-ny,40832941,bb38a6a7-6d0c-4b85-913f-af3d9c194048,2-pc-grinder | Gold | 50mm,Ongrok,merch,,1500,,,,TRUE,https://www.thetravelagency.co/products/40832941/,2026-04-12T23:58:20.326437+00:00
travel-agency-ny,73139725,d5bc27cb-2853-4674-9f15-bc6c15145ccf,Mobile Vaporizer  Pivot | Pine,Puff Co,merch,,13000,,,,TRUE,https://www.thetravelagency.co/products/73139725/,2026-04-12T23:58:20.326437+00:00
travel-agency-ny,30018030,d1b1e44d-8b80-438e-91e4-0e28934bd084,14mm Funnel Bowl | Clear,Grav,merch,,1000,,,,TRUE,https://www.thetravelagency.co/products/30018030/,2026-04-12T23:58:20.326437+00:00
travel-agency-ny,54400555,aaec0de6-aee5-435a-9cc3-26621ddfabe2,Grape Gas | Infused | Single,Heavy Hitters,preroll,1g,2800,25,,indica,TRUE,https://www.thetravelagency.co/products/54400555/,2026-04-12T23:58:20.326437+00:00
travel-agency-ny,10655883,d26b29a6-ac07-4c36-888d-ae1fa579045c,Mini Backpack Keychain | Red,The Travel Agency,merch,,1000,,,,TRUE,https://www.thetravelagency.co/products/10655883/,2026-04-12T23:58:20.326437+00:00
travel-agency-ny,58046043,158c2688-1b68-44df-9120-7fce709bfb22,Keychain Grinder | Red,The Travel Agency,merch,,2000,,,,TRUE,https://www.thetravelagency.co/products/58046043/,2026-04-12T23:58:20.326437+00:00
travel-agency-ny,33390653,4433fd6e-1d9e-4dc7-ab62-8897e4020513,Blackberry Kush | All-in-one,Heavy Hitters,cart,2g,10000,81,,hybrid,TRUE,https://www.thetravelagency.co/products/33390653/,2026-04-12T23:58:20.326437+00:00
travel-agency-ny,62240662,11a7aa71-779d-4b9f-aeec-dedbd2d75b57,Papaya Cake | Rosin,American Hash Makers,concentrate,1g,8100,66.99,0.01,hybrid,TRUE,https://www.thetravelagency.co/products/62240662/,2026-04-12T23:58:20.326437+00:00
travel-agency-ny,49233982,16a69dc3-2522-4a9d-a1c2-6337a2a91401,Dad Hat | Teal,The Travel Agency,merch,,3000,,,,TRUE,https://www.thetravelagency.co/products/49233982/,2026-04-12T23:58:20.326437+00:00
travel-agency-ny,33842831,230993e3-5838-4f3b-a696-088fbdecf79f,Afternoon Delight | Live Rosin | Tier 1,Rythm,concentrate,1g,7500,70,0.01,hybrid,TRUE,https://www.thetravelagency.co/products/33842831/,2026-04-12T23:58:20.326437+00:00
travel-agency-ny,98457123,d9c16c50-96da-47cd-939d-535d8d0d0af7,Hundred Pack  |  Bermuda Triangle | 100pk,Weekenders,preroll,50g,42000,25,,hybrid,TRUE,https://www.thetravelagency.co/products/98457123/,2026-04-12T23:58:20.326437+00:00
travel-agency-ny,42885143,04ad78f6-1b94-4662-8548-f63828798604,Deco Bubbler | Lapis,Nwtn Home,merch,,5400,,,,TRUE,https://www.thetravelagency.co/products/42885143/,2026-04-12T23:58:20.326437+00:00
travel-agency-ny,50590256,2b68427d-6c54-45f4-a1ce-b17b74437f72,Era Go | Battery | Lavender,Pax,merch,,2000,,,,TRUE,https://www.thetravelagency.co/products/50590256/,2026-04-12T23:58:20.326437+00:00
travel-agency-ny,86362432,c7f43125-33dd-412e-a596-697092811d81,Lemon Cane | Live Resin | Badder,Mfny,concentrate,2g,10000,,,hybrid,TRUE,https://www.thetravelagency.co/products/86362432/,2026-04-12T23:58:20.326437+00:00
travel-agency-ny,21414005,9b853e36-4bee-4c1c-b813-4daf83f9a463,Keychain Grinder | White,The Travel Agency,merch,,2000,,,,TRUE,https://www.thetravelagency.co/products/21414005/,2026-04-12T23:58:20.326437+00:00
travel-agency-ny,56583373,3a6a52e6-2d41-4232-8949-a0cfcef14607,"2.5"" Glass Hand Pipe | Light Blue",Luvbuds,merch,,600,,,,TRUE,https://www.thetravelagency.co/products/56583373/,2026-04-12T23:58:20.326437+00:00
travel-agency-ny,90319544,19dc4db7-74cc-40c4-b4b2-523a5a6bc302,Pleasure Oil,Her Highness,tincture,,6000,,,,TRUE,https://www.thetravelagency.co/products/90319544/,2026-04-12T23:58:20.326437+00:00
travel-agency-ny,31760317,bf90bb66-d627-4e78-a8e3-9633498fe2b2,Releaf Balm | 3:1 | 50ml,Papa & Barkley,topical,180mg,9000,150,450,,TRUE,https://www.thetravelagency.co/products/31760317/,2026-04-12T23:58:20.326437+00:00
travel-agency-ny,97403768,b9927e7c-80ce-4d4c-8701-0614ede09f7c,Warhead  Torch | Copper Polished,Vector,merch,,5000,,,,TRUE,https://www.thetravelagency.co/products/97403768/,2026-04-12T23:58:20.326437+00:00
travel-agency-ny,30707335,ffee155f-94a3-40e6-bf63-4d78fcb889bd,Ashtray | White,Honest,merch,,3000,,,,TRUE,https://www.thetravelagency.co/products/30707335/,2026-04-12T23:58:20.326437+00:00
travel-agency-ny,84724794,19b31ba7-c70b-48f7-8589-44871cd81af8,"2.5"" Glass Hand Pipe | Neon Orange",Luvbuds,merch,,600,,,,TRUE,https://www.thetravelagency.co/products/84724794/,2026-04-12T23:58:20.326437+00:00
travel-agency-ny,44708466,5ad3c236-89c9-418b-b7e6-c40820a3efe1,Cone Filler Grinder,Human Grade,merch,,900,,,,TRUE,https://www.thetravelagency.co/products/44708466/,2026-04-12T23:58:20.326437+00:00
travel-agency-ny,92364682,0d62e262-f1b2-4035-9104-424c0540a39c,Travel Cbd Body Crème,Cause Medic,tincture,,2900,,175,,TRUE,https://www.thetravelagency.co/products/92364682/,2026-04-12T23:58:20.326437+00:00
travel-agency-ny,43288466,d8b34a56-a173-4ae5-898b-b209d82934fa,Am Lotion | Cbd:cbg,Chime & Chill,tincture,,3000,0,300,,TRUE,https://www.thetravelagency.co/products/43288466/,2026-04-12T23:58:20.326437+00:00
travel-agency-ny,86187831,3a7a1e3a-fc6e-4734-8ee0-a777130d71e3,Blackberry Kush | All-in-one,Timeless,cart,2g,8700,,,hybrid,TRUE,https://www.thetravelagency.co/products/86187831/,2026-04-12T23:58:20.326437+00:00
travel-agency-ny,33843965,e2534252-6d37-4f12-a1c9-7491820d4f4c,Peak 2.0 | Pine,Puff Co,merch,,22000,,,,TRUE,https://www.thetravelagency.co/products/33843965/,2026-04-12T23:58:20.326437+00:00
travel-agency-ny,44388010,efcbfed2-9efc-486f-8b0f-44accd5a83fc,Futurola Classic Cone Roller | Emerald,Futurola,merch,,3000,,,,TRUE,https://www.thetravelagency.co/products/44388010/,2026-04-12T23:58:20.326437+00:00
travel-agency-ny,29997911,8a55de60-ad05-4b25-a2dd-5c60ad5b3ae0,Cbd Dead Sea Salt & Lavender Bath Soak (single Serving),Cause Medic,tincture,,1000,,5,,TRUE,https://www.thetravelagency.co/products/29997911/,2026-04-12T23:58:20.326437+00:00
travel-agency-ny,31539297,9cbe7f05-f5e9-477c-82a1-b2ba35322569,Stash Jar | Periwinkle,The Travel Agency,merch,,1800,,,,TRUE,https://www.thetravelagency.co/products/31539297/,2026-04-12T23:58:20.326437+00:00
travel-agency-ny,41632085,02baedae-9a45-4e02-b33e-d0fa546b8271,Egg Roll,Vlsny,flower,3.5g,5000,23,0.5,hybrid,TRUE,https://www.thetravelagency.co/products/41632085/,2026-04-12T23:58:20.326437+00:00
travel-agency-ny,93221479,8b2cb2ef-c379-450f-8a69-deff79fbad6a,Futurola Classic Cone Roller | Berry,Futurola,merch,,3000,,,,TRUE,https://www.thetravelagency.co/products/93221479/,2026-04-12T23:58:20.326437+00:00
travel-agency-ny,98037149,63956f13-9db1-4bc2-9351-6dd7af406b55,Futurola Classic Cone Roller | Navy,Futurola,merch,,3000,,,,TRUE,https://www.thetravelagency.co/products/98037149/,2026-04-12T23:58:20.326437+00:00
travel-agency-ny,77293797,1b80db11-9701-41de-a5db-77dcdf9b4cdf,Stash Jar | Black,The Travel Agency,merch,,1800,,,,TRUE,https://www.thetravelagency.co/products/77293797/,2026-04-12T23:58:20.326437+00:00
travel-agency-ny,99814606,6b137970-cfa1-4e09-8c1f-413927f34b16,Carnival | 7g,Alchemy Pure,flower,7g,7800,21,0.05,hybrid,TRUE,https://www.thetravelagency.co/products/99814606/,2026-04-12T23:58:20.326437+00:00
travel-agency-ny,08082704,29887924-7c3b-4d76-ab97-fb0b9699d1cc,Jungle Punch | All-in-one,Timeless,cart,2g,8700,,,sativa,TRUE,https://www.thetravelagency.co/products/08082704/,2026-04-12T23:58:20.326437+00:00
travel-agency-ny,73372299,532a0991-d14c-4255-b5a2-3fbffe4fadde,Rest | Cbd 250mg | Tincture | 15 Ml,Reunion,tincture,,4900,,250,,TRUE,https://www.thetravelagency.co/products/73372299/,2026-04-12T23:58:20.326437+00:00
travel-agency-ny,60357657,6e97f23f-2e17-4e60-b924-9528842a3cee,Airtight Pocket Case | Rose Gold,Ongrok,merch,,3500,,,,TRUE,https://www.thetravelagency.co/products/60357657/,2026-04-12T23:58:20.326437+00:00
travel-agency-ny,71239035,7033a273-70c8-49ac-916b-4f4604b53e8f,Hemp-infused Wellness Patch | Hot Flash,The Good Patch,tincture,,1600,,,,TRUE,https://www.thetravelagency.co/products/71239035/,2026-04-12T23:58:20.326437+00:00
travel-agency-ny,88219645,e73aeee1-9716-43a2-a5c0-95b5bcc425ec,Stash Jar | Red,The Travel Agency,merch,,1800,,,,TRUE,https://www.thetravelagency.co/products/88219645/,2026-04-12T23:58:20.326437+00:00
travel-agency-ny,28079272,1b201ecd-5318-4c81-a93b-e72ff6f5cf45,707 Headband | All-in-one,Timeless,cart,1g,6700,,,hybrid,TRUE,https://www.thetravelagency.co/products/28079272/,2026-04-12T23:58:20.326437+00:00
travel-agency-ny,54017140,f0bef533-ddb5-452f-bef9-0d0cc01a9fd8,Carrots Og | 510,Timeless,cart,1g,5200,,,hybrid,TRUE,https://www.thetravelagency.co/products/54017140/,2026-04-12T23:58:20.326437+00:00
travel-agency-ny,43241891,98063455-dcc6-4559-a111-3f66c5d87cee,Live | White Truffle | All-in-one,Bloom,cart,1g,4800,,,indica,TRUE,https://www.thetravelagency.co/products/43241891/,2026-04-12T23:58:20.326437+00:00
travel-agency-ny,03998453,74ab34e3-bf0e-48a4-8886-4ab17163a8c7,Diesel Og | Cured Resin | 510,Woodstock,cart,1g,4000,,,sativa,TRUE,https://www.thetravelagency.co/products/03998453/,2026-04-12T23:58:20.326437+00:00
travel-agency-ny,51070459,0a65a01c-964b-4753-8d1b-dc1c4df05301,Purple Sunset | Cured Resin | 510,Woodstock,cart,1g,4000,,,indica,TRUE,https://www.thetravelagency.co/products/51070459/,2026-04-12T23:58:20.326437+00:00
travel-agency-ny,96666419,f845e0ac-0281-4f36-8d8f-3c3b0e28da10,Purple Sunset  | Pro | All-in-one,Fernway,cart,1g,6100,,,indica-hybrid,TRUE,https://www.thetravelagency.co/products/96666419/,2026-04-12T23:58:20.326437+00:00
travel-agency-ny,13787145,c8f604cd-c322-4e59-8f49-f11c55a1bdf6,Mochi  | Pro | All-in-one,Fernway,cart,1g,6100,,,hybrid,TRUE,https://www.thetravelagency.co/products/13787145/,2026-04-12T23:58:20.326437+00:00
travel-agency-ny,93522436,46deabc1-e679-42ad-a499-a9dfbe6f02e9,Guava,Dank. By Definition,flower,3.5g,4400,,,hybrid,TRUE,https://www.thetravelagency.co/products/93522436/,2026-04-12T23:58:20.326437+00:00
travel-agency-ny,45195937,a6add0af-cd24-4a7e-918f-4a8c9577ee5a,Glass Slipper | Pro | All-in-one,Fernway,cart,1g,6100,,,hybrid,TRUE,https://www.thetravelagency.co/products/45195937/,2026-04-12T23:58:20.326437+00:00
travel-agency-ny,62489514,0d510562-4922-4e0e-b21f-f3d71c055d6d,Crème Brulee | Infused | Single,Dank. By Definition,preroll,1.1g,1800,,,hybrid,TRUE,https://www.thetravelagency.co/products/62489514/,2026-04-12T23:58:20.326437+00:00
travel-agency-ny,35508941,7dce5150-ddea-462c-97ff-b0ad22b02c92,White Fire Og X White Fire Og | Infused | 4pk,Mfny,preroll,3g,5000,,,sativa,TRUE,https://www.thetravelagency.co/products/35508941/,2026-04-12T23:58:20.326437+00:00
travel-agency-ny,48037858,0151169a-54a7-4de3-9639-6eab2982a16a,Durban Poison | Live Blend | Starter Kit,Ruby Farms,cart,1g,5000,,,sativa,TRUE,https://www.thetravelagency.co/products/48037858/,2026-04-12T23:58:20.326437+00:00
travel-agency-ny,82942536,626a91c4-8876-4ad5-8260-00039ae21aef,Cat Walkers Ice Cream Cookies | Infused | 12pk,Her Highness,preroll,4.2g,5000,25,,hybrid,TRUE,https://www.thetravelagency.co/products/82942536/,2026-04-12T23:58:20.326437+00:00
travel-agency-ny,55804641,7457c128-4b4c-4b9e-a024-50abbcc15cc5,Strawberry Matcha | Live Rosin | 10pk,Off Hours,edible,100mg,3800,,,hybrid,TRUE,https://www.thetravelagency.co/products/55804641/,2026-04-12T23:58:20.326437+00:00
travel-agency-ny,99134184,7b8a0544-03b2-4607-a305-ac0308d9d0f2,White Cbg Hemp Flower,Barbari,tincture,,3400,,,,TRUE,https://www.thetravelagency.co/products/99134184/,2026-04-12T23:58:20.326437+00:00
travel-agency-ny,10625969,6fbd4ec2-e23a-4d4c-a6ea-a4b91dd8dfe1,Lollipipe | Blue,Bigfun!,merch,,1600,,,,TRUE,https://www.thetravelagency.co/products/10625969/,2026-04-12T23:58:20.326437+00:00
travel-agency-ny,60468312,4fe727b2-618a-40e5-b8f4-c440b7d424e7,Lollipipe | Red,Bigfun!,merch,,1600,,,,TRUE,https://www.thetravelagency.co/products/60468312/,2026-04-12T23:58:20.326437+00:00
travel-agency-ny,56982927,5c1e43b6-d456-4d76-a777-af45746fe0f5,Light | Vape Pen,Dr. Dabber,merch,,2400,,,,TRUE,https://www.thetravelagency.co/products/56982927/,2026-04-12T23:58:20.326437+00:00
travel-agency-ny,83930316,c6aabf16-8704-4e12-a482-62e41912fa83,Drop | Heated Dab Tool,Dr. Dabber,merch,,4400,,,,TRUE,https://www.thetravelagency.co/products/83930316/,2026-04-12T23:58:20.326437+00:00
travel-agency-ny,10225717,075ac7c6-6e7b-4e68-9595-b73147ad1a2a,"2.5"" Next Gen Standard Grinder | Blue",Flower Mill,merch,,4500,,,,TRUE,https://www.thetravelagency.co/products/10225717/,2026-04-12T23:58:20.326437+00:00
travel-agency-ny,93185711,55a7b095-065c-47e2-9742-cbfb9af97d57,Sherlock Model A | Dark Blue Light Blue White,Human Grade,merch,,2000,,,,TRUE,https://www.thetravelagency.co/products/93185711/,2026-04-12T23:58:20.326437+00:00
travel-agency-ny,92874275,4ab1a10e-8b04-40c3-8ea7-bf8ae6080d7e,Sherlock Model A | Red Pink White,Human Grade,merch,,2000,,,,TRUE,https://www.thetravelagency.co/products/92874275/,2026-04-12T23:58:20.326437+00:00
travel-agency-ny,51733949,1a3ae031-ab44-4af6-aedf-5e6c5fce7c20,"5"" Recycler 1a | Light Blue",Human Grade,merch,,4200,,,,TRUE,https://www.thetravelagency.co/products/51733949/,2026-04-12T23:58:20.326437+00:00
travel-agency-ny,90724344,d17dfd34-b397-4253-8bcc-31b13b6a66cb,Glass Spoon Pipe | Black,K. Haring,merch,,3000,,,,TRUE,https://www.thetravelagency.co/products/90724344/,2026-04-12T23:58:20.326437+00:00
travel-agency-ny,27671604,85f01dcf-b023-4248-83e7-a40ba03db1f4,Pocket Black 1400mah Concentrate Device | Quicksilver,Yocan,merch,,9000,,,,TRUE,https://www.thetravelagency.co/products/27671604/,2026-04-12T23:58:20.326437+00:00
travel-agency-ny,71796977,443daf89-3101-48e1-ad1a-3dbfaef907a7,4.6” Rager Crushed Can Glass Hand Pipe,Hemper,merch,,3000,,,,TRUE,https://www.thetravelagency.co/products/71796977/,2026-04-12T23:58:20.326437+00:00
travel-agency-ny,13971845,88972542-f460-40f8-966b-2c71b081e7f2,"Lucky Money Cat Water Pipe Standard 5""",Hemper,merch,,5000,,,,TRUE,https://www.thetravelagency.co/products/13971845/,2026-04-12T23:58:20.326437+00:00
travel-agency-ny,23693369,85150766-e3c5-4671-b063-80970cf47397,Alaskan Yeti | 5pk,Florette,preroll,2.5g,3000,,,,TRUE,https://www.thetravelagency.co/products/23693369/,2026-04-12T23:58:20.326437+00:00
travel-agency-ny,85062438,5275e86e-a0e0-467b-9f3a-ca2b82fcc54b,Protab | Slumber | 20pk,Level,edible,300mg,3200,,,indica,TRUE,https://www.thetravelagency.co/products/85062438/,2026-04-12T23:58:20.326437+00:00
travel-agency-ny,43706294,da51261a-c863-4a88-a9b1-d3e5f6ec5da8,Protabs | Energy | 20pk,Level,edible,300mg,3200,,,sativa,TRUE,https://www.thetravelagency.co/products/43706294/,2026-04-12T23:58:20.326437+00:00
travel-agency-ny,48136364,13018b3b-5401-4529-8f24-05ca8904a04a,Guava Strawberry | Live Rosin | 5pk,Heavy Hitters,edible,250mg,3000,,,sativa,TRUE,https://www.thetravelagency.co/products/48136364/,2026-04-12T23:58:20.326437+00:00
travel-agency-ny,42492789,7491649e-32b1-439f-9245-4994d46f68b5,Blackberry Lemon | Live Rosin | 5pk,Heavy Hitters,edible,250mg,3000,,,indica,TRUE,https://www.thetravelagency.co/products/42492789/,2026-04-12T23:58:20.326437+00:00
travel-agency-ny,45962790,45911d2b-076f-4faa-a230-89e4b7ac6042,"12"" Water Pipe With Bowl | Yellow",K. Haring,merch,,9000,,,,TRUE,https://www.thetravelagency.co/products/45962790/,2026-04-12T23:58:20.326437+00:00
travel-agency-ny,33240926,daf44c94-1e29-4283-ab9d-2c7af6abdb05,Milkshake Grenade | Cured Resin | All-in-one,Heavy Hitters,cart,1g,8000,,,hybrid,TRUE,https://www.thetravelagency.co/products/33240926/,2026-04-12T23:58:20.326437+00:00
travel-agency-ny,08638560,fe07a474-f5af-4bb7-938a-2dca7fc08223,Cap Junky,Matter.,flower,28g,16000,,,hybrid,TRUE,https://www.thetravelagency.co/products/08638560/,2026-04-12T23:58:20.326437+00:00
travel-agency-ny,43527810,6e70fe8a-7642-4757-967b-aff0579b6ce0,707 Headband | 510,Timeless,cart,1g,5700,,,hybrid,TRUE,https://www.thetravelagency.co/products/43527810/,2026-04-12T23:58:20.326437+00:00
travel-agency-ny,44145367,9bc562c7-0096-4e3b-9f5d-762c0cfa4dd7,Noir | Panamango | 510,Timeless,cart,1g,5700,,,sativa,TRUE,https://www.thetravelagency.co/products/44145367/,2026-04-12T23:58:20.326437+00:00
travel-agency-ny,07311191,2ebd272d-e666-41f1-88f3-5170a63e4758,Noir | King Louie Xiii | All-in-one,Timeless,cart,1g,6700,,,hybrid,TRUE,https://www.thetravelagency.co/products/07311191/,2026-04-12T23:58:20.326437+00:00
travel-agency-ny,73973907,e1081a0e-f4c6-49ed-908d-ddc88f446a03,Noir | Panamango | All-in-one,Timeless,cart,1g,6700,,,sativa,TRUE,https://www.thetravelagency.co/products/73973907/,2026-04-12T23:58:20.326437+00:00
travel-agency-ny,14821823,4e91b416-560b-46a9-a107-2fb0dcadbb76,Cactus Chiller | All-in-one,Timeless,cart,2g,8700,,,hybrid,TRUE,https://www.thetravelagency.co/products/14821823/,2026-04-12T23:58:20.326437+00:00
travel-agency-ny,84083174,3ed0a554-a97c-472f-825c-335389f248e6,Carrots Og | All-in-one,Timeless,cart,2g,8700,,,hybrid,TRUE,https://www.thetravelagency.co/products/84083174/,2026-04-12T23:58:20.326437+00:00
travel-agency-ny,45883036,fde8ffee-6593-41fd-999f-0c871d9ec946,Snoozzzeberry | 5:1 | Chocolate,Incredibles,edible,100mg,2000,100,,indica,TRUE,https://www.thetravelagency.co/products/45883036/,2026-04-12T23:58:20.326437+00:00
travel-agency-ny,20333413,c3761d4f-4283-4c72-b890-38e2a18c9d51,Pax Puck Press,Pax,merch,,2000,,,,TRUE,https://www.thetravelagency.co/products/20333413/,2026-04-12T23:58:20.326437+00:00
travel-agency-ny,86698267,93fb9264-0d6b-46ad-a3b3-aa11aa24d4fc,Futurola Classic Cone Roller | Black + Mint,Futurola,merch,,3000,,,,TRUE,https://www.thetravelagency.co/products/86698267/,2026-04-12T23:58:20.326437+00:00
travel-agency-ny,93700771,5352d564-2a9b-4346-86d6-4294fa96b573,Snoozeberry Gummies | 5:1 | 10pk,Incredibles,edible,100mg,1800,100,,indica,TRUE,https://www.thetravelagency.co/products/93700771/,2026-04-12T23:58:20.326437+00:00
travel-agency-ny,26872358,814bc0c5-85f5-4a91-ac90-e50261de8731,Protab+ | Boost | 6:3:1 | 5pk,Level,edible,200mg,2400,100,,sativa,TRUE,https://www.thetravelagency.co/products/26872358/,2026-04-12T23:58:20.326437+00:00
travel-agency-ny,17744256,11380a22-c9a3-4629-a4a4-12f5ea24425d,Donut Trip | Play | 5pk,Dogwalkers,preroll,1.75g,2800,,,hybrid,TRUE,https://www.thetravelagency.co/products/17744256/,2026-04-12T23:58:20.326437+00:00
travel-agency-ny,82176066,48662938-748e-4717-8ca5-d69154f9c801,Battery | 510 | White,The Travel Agency,merch,,1500,,,,TRUE,https://www.thetravelagency.co/products/82176066/,2026-04-12T23:58:20.326437+00:00
travel-agency-ny,37118502,d8022276-5a5b-404d-bce1-1a2bdc71ae62,White Thorn Rose | Live Rosin | All-in-one,Heavy Hitters,cart,1g,9000,,,sativa,TRUE,https://www.thetravelagency.co/products/37118502/,2026-04-12T23:58:20.326437+00:00
travel-agency-ny,93319476,0e48e05a-d1d3-4e0d-b855-9ad168734929,Magnolia Rose | Live Rosin | All-in-one,Heavy Hitters,cart,1g,9000,,,hybrid,TRUE,https://www.thetravelagency.co/products/93319476/,2026-04-12T23:58:20.326437+00:00
travel-agency-ny,79693834,5e6eb638-5bd3-4009-92fd-eaa8f52e4059,Airtight Pocket Case | Green,Ongrok,merch,,3500,,,,TRUE,https://www.thetravelagency.co/products/79693834/,2026-04-12T23:58:20.326437+00:00
travel-agency-ny,99862244,4dc479d0-a0c7-4e63-a9a2-5c803cc65d6a,Airtight Pocket Case | Black,Ongrok,merch,,3500,,,,TRUE,https://www.thetravelagency.co/products/99862244/,2026-04-12T23:58:20.326437+00:00
travel-agency-ny,77740770,308cc4d0-988b-454b-b115-8080c1e1bd65,Acapulco Gold | Single,Harney Brothers Cannabis,preroll,1g,1200,25,,sativa,TRUE,https://www.thetravelagency.co/products/77740770/,2026-04-12T23:58:20.326437+00:00
travel-agency-ny,97009848,ed269b10-7ef3-41ad-b3a4-41c2f7ff9e66,Little Pandas | Outer Space Cake X Snow |  5pk,Eaton Botanicals,preroll,1.75g,2800,25,,hybrid,TRUE,https://www.thetravelagency.co/products/97009848/,2026-04-12T23:58:20.326437+00:00
travel-agency-ny,98630914,db6992f5-41fa-4d4b-b7f6-e93da1bce33d,Garlic Drip | Live Resin | All-in-one,Rythm,cart,2g,8500,80,,hybrid,TRUE,https://www.thetravelagency.co/products/98630914/,2026-04-12T23:58:20.326437+00:00
travel-agency-ny,68439088,37228534-4d91-48a3-a860-4261b18cf31c,Glass Joint Tip | Green,Jane West,merch,,600,,,,TRUE,https://www.thetravelagency.co/products/68439088/,2026-04-12T23:58:20.326437+00:00
travel-agency-ny,44880460,6a24c54f-15e5-41aa-b8d4-921f0c61480a,Pocket Black 1400mah Concentrate Device |  Mint Green,Yocan,merch,,9000,,,,TRUE,https://www.thetravelagency.co/products/44880460/,2026-04-12T23:58:20.326437+00:00
travel-agency-ny,57582444,d680342d-6e69-4a8c-8fb5-971a94543704,"The Rolling Kit Traveler Smell Proof Kit, Sage Canvas",Revelry,merch,,5500,,,,TRUE,https://www.thetravelagency.co/products/57582444/,2026-04-12T23:58:20.326437+00:00
travel-agency-ny,67076916,916d2137-62e9-406e-8e5e-f6035d69db4c,Palm | Pro Palm-fitting Battery | Champagne,Ccell,merch,,3500,,,,TRUE,https://www.thetravelagency.co/products/67076916/,2026-04-12T23:58:20.326437+00:00
travel-agency-ny,92397032,173f8727-27a6-46e4-b9ec-1b0931803503,"12"" Tube - Matrix",Human Grade,merch,,4400,,,,TRUE,https://www.thetravelagency.co/products/92397032/,2026-04-12T23:58:20.326437+00:00
travel-agency-ny,83933515,154bec94-417f-48ba-a17f-234afa3be16b,Alpha+ | Gradient Torch | Red,Mavin,merch,,700,,,,TRUE,https://www.thetravelagency.co/products/83933515/,2026-04-12T23:58:20.326437+00:00
travel-agency-ny,67069424,ac40601c-c2c9-4074-8ba5-1ddf961f3be4,Alpha+ | Gradient Torch | Purple,Mavin,merch,,700,,,,TRUE,https://www.thetravelagency.co/products/67069424/,2026-04-12T23:58:20.326437+00:00
travel-agency-ny,94708657,6d32ece7-0672-4a9a-845f-8578389bdc05,Deco Hand Pipe | Seafoam,Mj Arsenal,merch,,2000,,,,TRUE,https://www.thetravelagency.co/products/94708657/,2026-04-12T23:58:20.326437+00:00
travel-agency-ny,32734832,9b5d1f29-9dcd-4683-b900-5aeb5a5a8c07,Chillum | Seafoam,Mj Arsenal,merch,,1000,,,,TRUE,https://www.thetravelagency.co/products/32734832/,2026-04-12T23:58:20.326437+00:00
travel-agency-ny,45761044,e697b11f-da8e-4735-8c52-a0f1fa606812,Joint Carry Case Keychain | Gold,Sackville,merch,,2000,,,,TRUE,https://www.thetravelagency.co/products/45761044/,2026-04-12T23:58:20.326437+00:00
travel-agency-ny,14391299,c5ce6a34-3e6d-460c-8ff4-23573aae2283,Load & Lock Diy Dab Device,Chime & Chill,merch,,2500,0,,,TRUE,https://www.thetravelagency.co/products/14391299/,2026-04-12T23:58:20.326437+00:00
travel-agency-ny,64614211,477945b9-da77-4df7-94c8-82486c3f4c72,Mystery Flavor | Ice Cream Zundae | Live Rosin | 10pk,Off Hours,edible,100mg,3800,100,,hybrid,TRUE,https://www.thetravelagency.co/products/64614211/,2026-04-12T23:58:20.326437+00:00
travel-agency-ny,35439691,09684f8e-05a6-4e07-95fb-64a4be4253ad,Play | Granny Candy | Single,Dogwalkers,preroll,750mg,1250,25,,sativa,TRUE,https://www.thetravelagency.co/products/35439691/,2026-04-12T23:58:20.326437+00:00
travel-agency-ny,01718016,8336f7a3-0fe3-42fa-adde-06f89a6e311d,95 Cookies | All-in-one,Rythm,cart,2g,8500,80,,hybrid,TRUE,https://www.thetravelagency.co/products/01718016/,2026-04-12T23:58:20.326437+00:00
travel-agency-ny,31454229,1f337ddd-a717-4ae4-b8ac-f19374be0ee1,Durban Poison | All-in-one,&shine,cart,500mg,2600,,,sativa,TRUE,https://www.thetravelagency.co/products/31454229/,2026-04-12T23:58:20.326437+00:00
travel-agency-ny,30152485,dfe8b60e-c7f4-4adc-9bc2-7b386a38d5a7,Stay | 95 Cookies | Infused | 5pk,Dogwalkers,preroll,2.25g,4000,,,hybrid,TRUE,https://www.thetravelagency.co/products/30152485/,2026-04-12T23:58:20.326437+00:00
travel-agency-ny,05857717,9c86f240-2b49-42b3-90b5-7c7bb189ca4a,Gogurtz | Live Rosin | 510,Rythm,cart,500mg,4500,,,hybrid,TRUE,https://www.thetravelagency.co/products/05857717/,2026-04-12T23:58:20.326437+00:00
travel-agency-ny,04024593,b048ade0-f678-435b-8581-25cf077cf4c5,Jet Fuel Og | Live Resin | All-in-one,Rythm,cart,1g,6000,,,hybrid,TRUE,https://www.thetravelagency.co/products/04024593/,2026-04-12T23:58:20.326437+00:00
travel-agency-ny,30722929,364dbb9f-e776-4254-bed4-f6a26a9147ca,Blackened Blue,Dark Heart,flower,3.5g,5000,27.48,0,sativa,TRUE,https://www.thetravelagency.co/products/30722929/,2026-04-12T23:58:20.326437+00:00
travel-agency-ny,57911829,93a137ce-4c35-4a12-8d60-97bf6e8289ef,Pm Oral Solution| Cbd:cbn,Chime & Chill,tincture,,3000,0,20,,TRUE,https://www.thetravelagency.co/products/57911829/,2026-04-12T23:58:20.326437+00:00
travel-agency-ny,89483614,8ef7e4fe-b84f-430d-895d-6b6e2f1d2376,Nighttime Tincture | 1:1:2,Harney Brothers Cannabis,tincture,150mg,4200,81,,indica,TRUE,https://www.thetravelagency.co/products/89483614/,2026-04-12T23:58:20.326437+00:00
travel-agency-ny,38007587,deeb2d48-0015-43c3-9ec9-d95056b17402,Black Cherry | 1:1 | Single,Ayrloom,edible,5mg,350,5,5,hybrid,TRUE,https://www.thetravelagency.co/products/38007587/,2026-04-12T23:58:20.326437+00:00
travel-agency-ny,30962081,0fdd44ba-04fc-44f0-8456-d5e3fe6f894f,French Orange Papers | 32pk,Zig Zag,merch,,300,,,,TRUE,https://www.thetravelagency.co/products/30962081/,2026-04-12T23:58:20.326437+00:00
travel-agency-ny,27561261,3dd7d5f9-1c4d-45fe-bd84-c68d45304bec,Manhattan Rolling Tray,Trays4us,merch,,2600,,,,TRUE,https://www.thetravelagency.co/products/27561261/,2026-04-12T23:58:20.326437+00:00
travel-agency-ny,16641311,87f47640-5191-4ef4-9ca2-22e464636c3a,Saffron,Alchemy Pure,flower,3.5g,3900,,,indica-hybrid,TRUE,https://www.thetravelagency.co/products/16641311/,2026-04-12T23:58:20.326437+00:00
travel-agency-ny,65000800,058e3be3-81cd-4617-96dd-02c4fe5f5c33,Butterfly Disco,Harney Brothers Cannabis,edible,10mg,2000,10,10,hybrid,TRUE,https://www.thetravelagency.co/products/65000800/,2026-04-12T23:58:20.326437+00:00
travel-agency-ny,53460337,525b091e-da43-485e-9087-9357c6b1c06c,Social | Sparling Pear | 1:2 | 20pk,Camino,edible,100mg,3000,100,0,hybrid,TRUE,https://www.thetravelagency.co/products/53460337/,2026-04-12T23:58:20.326437+00:00
travel-agency-ny,63166976,46e4f24e-cb5c-4c63-8d46-11ad743a8628,Half Baked Iced Tea,Harney Brothers Cannabis,edible,10mg,2000,,,hybrid,TRUE,https://www.thetravelagency.co/products/63166976/,2026-04-12T23:58:20.326437+00:00
travel-agency-ny,83619263,5cf3607f-b60c-489c-8667-ec9dccad9edc,King Kong | Kief Infused | 5pk,Alchemy Pure,preroll,2.5g,3500,29,0.05,hybrid,TRUE,https://www.thetravelagency.co/products/83619263/,2026-04-12T23:58:20.326437+00:00
travel-agency-ny,03979908,c7d2eb8b-a182-4348-8f28-40cd9d4d79a7,Hb Beverage Peach Liquid Gummy 50mg,Harney Brothers Cannabis,edible,10g,2000,,,,TRUE,https://www.thetravelagency.co/products/03979908/,2026-04-12T23:58:20.326437+00:00
travel-agency-ny,41971296,63068cd3-de51-4b81-8351-41c6f560ac8a,White Truffle | Bubble Hash | 1g,Ithaca Organics,concentrate,1g,4000,70,0.01,indica,TRUE,https://www.thetravelagency.co/products/41971296/,2026-04-12T23:58:20.326437+00:00
travel-agency-ny,40960722,7df07e5f-d791-4907-ab67-d363acfd681b,Ithaca Og | Single,Ithaca Organics,preroll,1g,1200,,,indica,TRUE,https://www.thetravelagency.co/products/40960722/,2026-04-12T23:58:20.326437+00:00
travel-agency-ny,77046382,4f9ddb71-e2cc-4784-9a32-33f468930f42,Ithaca Organics Infused Ground Flower Sour Strawberry 7g,Ithaca Organics,flower,7g,8000,,,,TRUE,https://www.thetravelagency.co/products/77046382/,2026-04-12T23:58:20.326437+00:00
travel-agency-ny,62065174,6c1c0dfc-3b28-4f9d-ae69-920a476dff4e,"2.5"" Glass Hand Pipe | Purple",Luvbuds,merch,,600,,,,TRUE,https://www.thetravelagency.co/products/62065174/,2026-04-12T23:58:20.326437+00:00
travel-agency-ny,77840542,a30da084-2aa2-45d5-9205-a6b33e19be0f,Angie,Livwell,flower,28g,14000,0,0,sativa,TRUE,https://www.thetravelagency.co/products/77840542/,2026-04-12T23:58:20.326437+00:00
travel-agency-ny,63007529,9702e44e-59fd-44e7-883d-39dd828ee155,Larry Burger,Livwell,flower,14g,9000,21,0.5,indica,TRUE,https://www.thetravelagency.co/products/63007529/,2026-04-12T23:58:20.326437+00:00
travel-agency-ny,04926625,80bf92cc-e630-4a2c-9b4b-6a29d1dd87af,"2.5"" Next Gen Standard Grinder | Black",Flower Mill,merch,,4500,,,,TRUE,https://www.thetravelagency.co/products/04926625/,2026-04-12T23:58:20.326437+00:00
travel-agency-ny,08908636,4da02668-f5f8-47f7-ae95-c310f87c684f,Gogurtz,Rythm,flower,28g,19000,22,0.5,hybrid,TRUE,https://www.thetravelagency.co/products/08908636/,2026-04-12T23:58:20.326437+00:00
travel-agency-ny,93234940,047040c0-bd20-4363-bba1-e4c7b8624cc2,White Widow | All-in-one,Pax,cart,2g,8500,,,hybrid,TRUE,https://www.thetravelagency.co/products/93234940/,2026-04-12T23:58:20.326437+00:00
travel-agency-ny,93393267,3d21c3d0-0be6-4b0f-b825-a993f9dc073f,White Widow | All-in-one,Pax,cart,1g,5500,,,hybrid,TRUE,https://www.thetravelagency.co/products/93393267/,2026-04-12T23:58:20.326437+00:00
travel-agency-ny,36216070,a06a5d5e-5495-444a-a008-d721ef8829d4,Raspberry Cough | Cured Resin | All-in-one,Heavy Hitters,cart,1g,8000,,,sativa,TRUE,https://www.thetravelagency.co/products/36216070/,2026-04-12T23:58:20.326437+00:00
travel-agency-ny,56052236,8eccc382-2f4c-4b33-b0d7-57bbeb91c2c2,Galactic Guava | Live Rosin | 10pk,Off Hours,edible,1g,3800,100,,indica,TRUE,https://www.thetravelagency.co/products/56052236/,2026-04-12T23:58:20.326437+00:00
travel-agency-ny,44496244,cab94f2f-105f-46e2-bf6b-3999c8bc8364,Mango Haze | All-in-one,Jaunty,cart,1.5g,5500,90,0.7,sativa,TRUE,https://www.thetravelagency.co/products/44496244/,2026-04-12T23:58:20.326437+00:00
travel-agency-ny,88359606,502b29ce-a71f-4cb9-8466-c4f1015e7367,Blue Dream | All-in-one,Jaunty,cart,1.5g,5500,90,0.7,hybrid,TRUE,https://www.thetravelagency.co/products/88359606/,2026-04-12T23:58:20.326437+00:00
travel-agency-ny,25742154,664b41c2-1853-496c-be14-444129031523,Galactic Guava | Rosin | Rope,Off Hours,edible,100mg,3400,,,sativa,TRUE,https://www.thetravelagency.co/products/25742154/,2026-04-12T23:58:20.326437+00:00
travel-agency-ny,20979626,cb749e42-c3cc-475f-83aa-a1076ab01a0d,J-case | Blue,The Travel Agency,merch,,1400,,,,TRUE,https://www.thetravelagency.co/products/20979626/,2026-04-12T23:58:20.326437+00:00
travel-agency-ny,80048057,a316e275-e4c2-4b9d-84e8-0ac9e632ea28,Stash Jar | Blue,The Travel Agency,merch,,1800,,,,TRUE,https://www.thetravelagency.co/products/80048057/,2026-04-12T23:58:20.326437+00:00
travel-agency-ny,85032496,b7584cce-ed80-4c8f-b581-fc5461a2fd6d,Animal Face | Live Resin | All-in-one,Rythm,cart,1g,6000,,,indica,TRUE,https://www.thetravelagency.co/products/85032496/,2026-04-12T23:58:20.326437+00:00
travel-agency-ny,49337469,8157658d-3c09-47f9-8adc-24d793795ec2,Mystic Mint | Live Resin | All-in-one,Rythm,cart,2g,8500,,,indica,TRUE,https://www.thetravelagency.co/products/49337469/,2026-04-12T23:58:20.326437+00:00
travel-agency-ny,52462935,11204516-48c6-4abb-ba0b-f6ce997f1f1f,G. Glue,Ithaca Organics,flower,3.5g,4000,,,indica,TRUE,https://www.thetravelagency.co/products/52462935/,2026-04-12T23:58:20.326437+00:00
travel-agency-ny,98127438,ed7c3120-33af-44b6-b409-dc704cd90839,Bikini Diesel,Ithaca Organics,flower,7g,7000,,,sativa-hybrid,TRUE,https://www.thetravelagency.co/products/98127438/,2026-04-12T23:58:20.326437+00:00
travel-agency-ny,15603454,17cdc928-2611-420f-8c21-75de832e1e85,Honey,Chef For Higher,edible,240mg,5000,100,0,hybrid,TRUE,https://www.thetravelagency.co/products/15603454/,2026-04-12T23:58:20.326437+00:00
travel-agency-ny,75345991,29728da0-1cfd-4bde-bafa-320aa28aaeff,Rambutan | Live Rosin,Ithaca Organics,concentrate,1g,7500,70,0.01,,TRUE,https://www.thetravelagency.co/products/75345991/,2026-04-12T23:58:20.326437+00:00
travel-agency-ny,28723879,5cd6ec03-e4d8-4049-8840-05991dee3c74,Stay | Bananaconda | Single,Dogwalkers,preroll,750mg,1250,25,,hybrid,TRUE,https://www.thetravelagency.co/products/28723879/,2026-04-12T23:58:20.326437+00:00
travel-agency-ny,12960638,42a8064f-a5fb-466c-b130-ee9e1a9e4432,Slapz,Good Green,flower,7g,5500,21,0.05,hybrid,TRUE,https://www.thetravelagency.co/products/12960638/,2026-04-12T23:58:20.326437+00:00
travel-agency-ny,84092246,a441e439-f05e-4661-8150-0cf337ea2ace,Lemon Gelato Cookies | Live Resin | All-in-one,Rythm,cart,1g,6000,,,sativa,TRUE,https://www.thetravelagency.co/products/84092246/,2026-04-12T23:58:20.326437+00:00
travel-agency-ny,29941080,94dea366-a3a6-4b6d-826b-ea20d02f6821,Stay | Gelato Ak | Infused | 5pk,Dogwalkers,preroll,2.25g,4000,,,hybrid,TRUE,https://www.thetravelagency.co/products/29941080/,2026-04-12T23:58:20.326437+00:00
travel-agency-ny,18766423,9ef40fc2-c957-4a75-b2e2-c547066bb5a9,The Collection | Infused | 6pk,Drew Martin,preroll,2.5g,6000,25,,hybrid,TRUE,https://www.thetravelagency.co/products/18766423/,2026-04-12T23:58:20.326437+00:00
travel-agency-ny,13692861,ab632dd5-f3c6-48cb-adaa-08f0d9b58386,White Widow | All-in-one,Fernway,cart,1g,5000,81.19,0.36,hybrid,TRUE,https://www.thetravelagency.co/products/13692861/,2026-04-12T23:58:20.326437+00:00
travel-agency-ny,20414472,e41fb613-06df-4bdf-8a68-81fd991b5ef5,Guava Runtz X Blueberry Cupcake | Hash Infused | 2pk,Ithaca Organics,preroll,1.5g,2400,,,hybrid,TRUE,https://www.thetravelagency.co/products/20414472/,2026-04-12T23:58:20.326437+00:00
travel-agency-ny,38934428,8fa5ed3c-dcec-4f1f-8da3-cd288d7cbb07,Mimi | Teal,Elevate Jane,merch,,19900,,,,TRUE,https://www.thetravelagency.co/products/38934428/,2026-04-12T23:58:20.326437+00:00
travel-agency-ny,91241446,713e770e-588e-4a91-873f-b7286186949d,2-pc-grinder | Green | 50mm,Ongrok,merch,,1500,,,,TRUE,https://www.thetravelagency.co/products/91241446/,2026-04-12T23:58:20.326437+00:00
travel-agency-ny,39548046,74a8096d-7ef4-4727-8a93-8f06b67ec2bc,Blueberry Kush | Infused | 5pk,Rythm,preroll,2.5g,4000,25,,indica,TRUE,https://www.thetravelagency.co/products/39548046/,2026-04-12T23:58:20.326437+00:00
travel-agency-ny,39165089,af09d9ed-8e1d-4253-863f-4cee66b8c159,Mfny Skunk |  Badder,Mfny,concentrate,2g,10000,71.28,0.11,hybrid,TRUE,https://www.thetravelagency.co/products/39165089/,2026-04-12T23:58:20.326437+00:00
travel-agency-ny,63248475,500ee800-d641-4661-be7e-e4fad87338d0,Sour Diesel,Rythm,flower,28g,19000,22,0.5,sativa,TRUE,https://www.thetravelagency.co/products/63248475/,2026-04-12T23:58:20.326437+00:00
travel-agency-ny,11889951,4e1742a3-49ab-4f3d-8434-89714f5dde0a,Indica Variety Pack | 5pk,Ravens View Genetics,preroll,3g,4600,25,,indica,TRUE,https://www.thetravelagency.co/products/11889951/,2026-04-12T23:58:20.326437+00:00
travel-agency-ny,21482002,8272e4d2-fa1f-42ac-b221-fa551c8fcbfe,Kol Filters 12 Pack,Hoj,merch,,1800,,,,TRUE,https://www.thetravelagency.co/products/21482002/,2026-04-12T23:58:20.326437+00:00
travel-agency-ny,29705069,23ea74e7-047e-4b20-b1bb-473dba44a5f3,Little Pandas | Gmo X Cherry Lime | 5pk,Eaton Botanicals,preroll,1.75g,2800,25,,hybrid,TRUE,https://www.thetravelagency.co/products/29705069/,2026-04-12T23:58:20.326437+00:00
travel-agency-ny,30240671,00a04285-26c7-4ed9-9633-c0d8dc806043,Sleep | Hemp Moringa Tea Sachets | 5pk,Harney Brothers Cannabis,edible,5mg,2000,8,0,indica,TRUE,https://www.thetravelagency.co/products/30240671/,2026-04-12T23:58:20.326437+00:00
travel-agency-ny,27571783,3c842053-8c2c-4389-bb69-470c48ca4963,The Crandle | Cranberry Sauce Candle,54 Celsius,merch,,3900,,,,TRUE,https://www.thetravelagency.co/products/27571783/,2026-04-12T23:58:20.326437+00:00
travel-agency-ny,45289467,7292d920-9d37-4c6b-976c-d096bf1261d9,Small Wide Base Water Pipe In Smoke With Black Accents,Grav,merch,,13000,,,,TRUE,https://www.thetravelagency.co/products/45289467/,2026-04-12T23:58:20.326437+00:00
travel-agency-ny,63295960,789c53a4-4191-437f-b924-b91994e67189,Pipe | Grape Fruit | Purple,Edie Parker,merch,,7500,,,,TRUE,https://www.thetravelagency.co/products/63295960/,2026-04-12T23:58:20.326437+00:00
travel-agency-ny,28137732,f74b4cfd-a2be-405f-af60-19fe8ceecdde,Jacks Delight | Live Resin | 510,Rythm,cart,500mg,3500,81.5,,sativa,TRUE,https://www.thetravelagency.co/products/28137732/,2026-04-12T23:58:20.326437+00:00
travel-agency-ny,37297970,76dce536-b44d-417e-b6ab-aede1b92f91d,4.5” Shapes Test Series Iridized Hand Pipe | Circle “the Flow” Black,Sireel,merch,,2500,,,,TRUE,https://www.thetravelagency.co/products/37297970/,2026-04-12T23:58:20.326437+00:00
travel-agency-ny,95898879,fbe93791-2887-48b0-b3fa-6ca12cdbdc48,La Purple Popz,Matter.,flower,14g,11000,21,0.5,hybrid,TRUE,https://www.thetravelagency.co/products/95898879/,2026-04-12T23:58:20.326437+00:00
travel-agency-ny,39617234,7b041b6a-3535-4049-8d29-5a5e4efb7539,Gogurtz | Live Resin | 510,Rythm,cart,500mg,3500,81.5,,hybrid,TRUE,https://www.thetravelagency.co/products/39617234/,2026-04-12T23:58:20.326437+00:00
travel-agency-ny,11781601,cd2daf36-86f1-4dbe-b2fe-3a65c31ade8e,1 1/4 Half-gram New York Pre-rolled Cones - Refined White [21 Cones Per Pack],Daysavers,merch,,800,,,,TRUE,https://www.thetravelagency.co/products/11781601/,2026-04-12T23:58:20.326437+00:00
travel-agency-ny,19201123,598dd535-29dc-4a03-8174-09c30a1e5912,Vanilla Flavor Wood Filter Tips [3 Tips Per Pack],Daysavers,merch,,200,,,,TRUE,https://www.thetravelagency.co/products/19201123/,2026-04-12T23:58:20.326437+00:00
travel-agency-ny,59974688,7fd67105-3708-4709-bd70-54a73d36b5d5,Grapefruit Sour,Ithaca Organics,flower,3.5g,4600,23,0.5,sativa,TRUE,https://www.thetravelagency.co/products/59974688/,2026-04-12T23:58:20.326437+00:00
travel-agency-ny,08850476,e5d454d7-044b-426b-a7e2-5ddef016e5ec,Hemp Wraps |  Island Vibes    | 2ct,Zig Zag,merch,,200,,,,TRUE,https://www.thetravelagency.co/products/08850476/,2026-04-12T23:58:20.326437+00:00
travel-agency-ny,76422118,ce57a916-f18d-47e9-ac7c-89b846e9e963,Cloud Dab Mat,The Travel Agency,merch,,2000,,,,TRUE,https://www.thetravelagency.co/products/76422118/,2026-04-12T23:58:20.326437+00:00
travel-agency-ny,61357226,3173c4d8-b4d2-447a-95b8-3a4121544c1b,Futurola Classic Cone Roller | White + Emerald,Futurola,merch,,3000,,,,TRUE,https://www.thetravelagency.co/products/61357226/,2026-04-12T23:58:20.326437+00:00
travel-agency-ny,81232909,7e660a22-f3a3-465a-ba91-16254b245da7,Candy Rain | Live Resin | 510,Mfny,cart,500mg,4500,35.67,0.06,hybrid,TRUE,https://www.thetravelagency.co/products/81232909/,2026-04-12T23:58:20.326437+00:00
travel-agency-ny,55312766,d16582c6-56be-4dd8-a9e5-6b5dbb5b1ab7,The Dropout Candle,The New Savant,merch,,4200,,,,TRUE,https://www.thetravelagency.co/products/55312766/,2026-04-12T23:58:20.326437+00:00
travel-agency-ny,16845597,46d446de-ed3a-47ff-8886-6d747b95bbea,Storage Set,Honest,merch,,3000,,,,TRUE,https://www.thetravelagency.co/products/16845597/,2026-04-12T23:58:20.326437+00:00
travel-agency-ny,05396251,672599b3-5b86-45c3-a569-fb53011d9a32,Ashtray+ | Silver,Honest,merch,,6000,,,,TRUE,https://www.thetravelagency.co/products/05396251/,2026-04-12T23:58:20.326437+00:00
travel-agency-ny,08185475,fdab2f37-8264-4345-997f-51227f34044c,Restore | Cbd:cbg | Body Balm,Reunion,tincture,,5800,,1000,,TRUE,https://www.thetravelagency.co/products/08185475/,2026-04-12T23:58:20.326437+00:00
travel-agency-ny,57622325,499522dc-9502-454d-b855-94a7dc23e00d,God's Gift | Infused | Single,Heavy Hitters,preroll,1g,2800,25,,hybrid,TRUE,https://www.thetravelagency.co/products/57622325/,2026-04-12T23:58:20.326437+00:00
travel-agency-ny,00077871,d4129449-068f-4750-bebe-be70c2895a84,Hella Jelly | 5pk,Harney Brothers Cannabis,preroll,2.5g,2600,,,sativa-hybrid,TRUE,https://www.thetravelagency.co/products/00077871/,2026-04-12T23:58:20.326437+00:00
travel-agency-ny,37881181,1b5c3b6b-98a5-4061-91bd-cd281e634b51,Relief | 2:1 Cbg:cbd | Roll On Oil,Reunion,tincture,,3800,,250,,TRUE,https://www.thetravelagency.co/products/37881181/,2026-04-12T23:58:20.326437+00:00
travel-agency-ny,85851010,1326547d-414f-4af7-82ba-9943c9792b50,Stash Jar | Rose Gold,The Travel Agency,merch,,1800,,,,TRUE,https://www.thetravelagency.co/products/85851010/,2026-04-12T23:58:20.326437+00:00
travel-agency-ny,94863186,db0f498f-b7d4-4ab9-9ec3-20d16c5533af,Scotties Cake,Matter.,flower,3.5g,3500,23,0.5,indica,TRUE,https://www.thetravelagency.co/products/94863186/,2026-04-12T23:58:20.326437+00:00
travel-agency-ny,48675630,7dbe1a5f-0c6e-4542-9a46-6160a6c499da,Pebble Spoon | Black,Grav,merch,,2000,,,,TRUE,https://www.thetravelagency.co/products/48675630/,2026-04-12T23:58:20.326437+00:00
travel-agency-ny,58396333,73e1afd2-b206-4276-960c-b83cd53c1178,Monoi Jasmine Hair + Scalp Therapy | 300mg Cbd,Remedy Plant Lab,tincture,,4500,,500,,TRUE,https://www.thetravelagency.co/products/58396333/,2026-04-12T23:58:20.326437+00:00
travel-agency-ny,54462206,3fd56837-a879-4511-98bf-012edc74274f,Crystal Pipe | Pink,Canna Style,merch,,3400,,,,TRUE,https://www.thetravelagency.co/products/54462206/,2026-04-12T23:58:20.326437+00:00
travel-agency-ny,75008249,5a6b427f-01f6-41dd-b54b-bfabdbc0573e,Lemon Gelato Cookies | Smalls,Rythm,flower,7g,7000,21,0.05,hybrid,TRUE,https://www.thetravelagency.co/products/75008249/,2026-04-12T23:58:20.326437+00:00
travel-agency-ny,34295826,e72a0ac7-0bdd-46cf-afcc-71ebe932dde4,Ember Concrete | Ashtray,Vessel,merch,,4500,,,,TRUE,https://www.thetravelagency.co/products/34295826/,2026-04-12T23:58:20.326437+00:00
travel-agency-ny,76497574,d3a7294f-964a-4e54-92a8-8e9547cd09c9,Honolulu Haze,Ithaca Organics,flower,3.5g,4600,21,0.05,sativa,TRUE,https://www.thetravelagency.co/products/76497574/,2026-04-12T23:58:20.326437+00:00
travel-agency-ny,850025699785,c4fe39e2-92cb-42cd-8766-3e244a8909eb,Petals Mini Lotus Cones 3pk,Petals,merch,,800,,,,TRUE,https://www.thetravelagency.co/products/850025699785/,2026-04-12T23:58:20.326437+00:00
travel-agency-ny,57979183,6053b825-b94d-402f-8ee7-3d3bbbf0dd06,Mfny Skunk | Live Resin | 510,Mfny,cart,500mg,4500,67.82,0.13,hybrid,TRUE,https://www.thetravelagency.co/products/57979183/,2026-04-12T23:58:20.326437+00:00
travel-agency-ny,22094711,7f273d68-933c-4fb2-9360-887fd21c60e8,Dogwalkers | Slapz | 5pk,Dogwalkers,preroll,500mg,2800,25,,hybrid,TRUE,https://www.thetravelagency.co/products/22094711/,2026-04-12T23:58:20.326437+00:00
travel-agency-ny,87296550,a906cdf8-8bfa-437b-994d-5a1ae56dcd83,Ashtray | Ash,Vessel,merch,,14500,,,,TRUE,https://www.thetravelagency.co/products/87296550/,2026-04-12T23:58:20.326437+00:00
travel-agency-ny,46540647,21eebbb6-9f24-4459-8b90-7994425a25f8,Blueberry Dream | Infused | Single,Dank. By Definition,preroll,1.1g,1800,,,indica,TRUE,https://www.thetravelagency.co/products/46540647/,2026-04-12T23:58:20.326437+00:00
travel-agency-ny,47406914,e3fde222-b77e-49f4-85b6-815ecc62c377,Skinny Puffs | Infused | 5pk,Her Highness,preroll,2.5g,5000,,,sativa,TRUE,https://www.thetravelagency.co/products/47406914/,2026-04-12T23:58:20.326437+00:00
travel-agency-ny,68784689,921ba233-63f1-448b-8ed2-28313e5ac2bf,Space Jam,Dank. By Definition,flower,28g,22000,,,hybrid,TRUE,https://www.thetravelagency.co/products/68784689/,2026-04-12T23:58:20.326437+00:00
travel-agency-ny,83290266,ff191f8d-e07e-4b59-8411-573ddecaf733,Blue Dream |  Live Rosin With Diamonds | All In One 1g,Pax,cart,1g,8800,,,sativa,TRUE,https://www.thetravelagency.co/products/83290266/,2026-04-12T23:58:20.326437+00:00
travel-agency-ny,93380866,4900f686-cae9-4fae-9ab6-e0eee00daf4e,Wild Strawberry | Live Rosin | 10pk,Pax,edible,100mg,2800,,,sativa,TRUE,https://www.thetravelagency.co/products/93380866/,2026-04-12T23:58:20.326437+00:00
travel-agency-ny,26783600,61cec398-48af-47bb-a997-6635f7450a6d,Durban Poison | Diamonds | All-in-one,Pax,cart,1g,7500,,,sativa,TRUE,https://www.thetravelagency.co/products/26783600/,2026-04-12T23:58:20.326437+00:00
travel-agency-ny,94743897,99fabd19-87c1-47ee-acf4-4a543d638774,Super Boof | Diamonds | All-in-one,Pax,cart,1g,7500,,,hybrid,TRUE,https://www.thetravelagency.co/products/94743897/,2026-04-12T23:58:20.326437+00:00
