dispensary_slug,sku,batch_id,name,brand,category,variant,price_cents,thc_percent,cbd_percent,classification,in_stock,product_url,image_url,scraped_at,description,subtype,strain
the-plug-crown-heights,o99IV9lEs5,08c9fb14-82aa-4577-a4f1-049b42c4a994,Ayrloom UP (12oz) Beverage - Honeycrisp Cider | 10 THC : 5 CBD,Ayrloom,edible,12fl oz,400,10,0,50/50,TRUE,,https://storage.googleapis.com/maui-prod-products/422821e5-fad5-4e72-8fde-dfd3c8e19d22--c8585147-3e90-49e6-9069-4f0b02f746b0.jpeg,2026-05-23T21:23:53.890537+00:00,"Sip into a moment of pure bliss with Ayrloom’s Honeycrisp Cider, a perfectly balanced beverage that combines the crisp, refreshing taste of orchard-fresh apples with the gentle power of cannabinoids. With 10mg of THC and 5mg of CBD in each 12oz can, this is the ideal drink to relax, unwind, and enhance your mood—whether you’re enjoying a quiet evening or sharing a moment with friends. The natural sweetness of Honeycrisp apples gives this cider a bright, delicious flavor that’s both invigorating and soothing. With a touch of tartness and a smooth finish, it’s a taste of fall in every sip. But the true magic lies in the carefully crafted blend of THC and CBD. The 10mg of THC provides a mild, uplifting euphoria, while the 5mg of CBD helps to balance and calm your body and mind—creating a perfect harmony of relaxation without overwhelming effects. (10mg THC; 5mg CBD)",,
the-plug-crown-heights,9jIB3hJNEC,26688e9b-e3b2-4fc5-9394-a8ca08ea5b14,Ayrloom UP Beverage- Orange Creamsicle 10mg,Ayrloom,edible,355,400,10,0,50/50,TRUE,,https://storage.googleapis.com/maui-prod-products/422821e5-fad5-4e72-8fde-dfd3c8e19d22--b5685635-b19c-4484-9067-9e2f90bfc08d.jpeg,2026-05-23T21:23:53.890537+00:00,"orange + cream like a midsummer night’s dream! perfect for picnic days + sunny rays, the tried + true flavors of decadent vanilla + tangy orange have teamed up to bring you ayrloom orange creamsicle.",,
the-plug-crown-heights,TTRHg2Ddax,2e2d05e3-6eb8-46b6-9749-425e2cd81ce4,The Plug Pack - Lychee Dream | 1G Pre-Roll,The Plug Pack,preroll,1g,1000,34.02,0,sativa,TRUE,,,2026-05-23T21:23:53.890537+00:00,,,
the-plug-crown-heights,MilCjNb6gL,002d6840-7537-4c31-b617-9bfa12cacdc8,The Plug Pack - Bomb Pop | 1G PreRoll,The Plug Pack,preroll,1g,1000,34.39,0,sativa,TRUE,,,2026-05-23T21:23:53.890537+00:00,,,
the-plug-crown-heights,DoboEjEgKD,5e61cec1-6bf8-4382-9dfa-455cb7c9cad7,Plantwerks - House Blend #1 | 1G PreRoll,PlantWerks,preroll,1g,1300,28.5,0.109,,TRUE,,https://storage.googleapis.com/maui-prod-hyper-media-images/product_images_fbc6e3b0-0280-41a3-80c4-6ee1139a851b_dfa55d4a-ed84-4405-9c94-3f992524b2f7_original.png,2026-05-23T21:23:53.890537+00:00,,,
the-plug-crown-heights,bN7dvQZVA1,bd8524e7-c16a-43c6-9e2a-6a01cc9f42e2,The Plug Pack - Tequila Sunrise | 1G PreRoll,The Plug Pack,preroll,1g,1000,34.003,0,50/50,TRUE,,,2026-05-23T21:23:53.890537+00:00,,,
the-plug-crown-heights,2xvlQ5HHQh,cb6c16a3-e14b-45e7-bcb4-03256f539d5c,Ayrloom UP (12oz) Beverage - Black Cherry,Ayrloom,edible,12fl oz,400,10,5,,TRUE,,https://storage.googleapis.com/maui-prod-products/422821e5-fad5-4e72-8fde-dfd3c8e19d22--59878ba6-9f66-407e-844e-fd1f03aed0b9.jpeg,2026-05-23T21:23:53.890537+00:00,"Crack open the perfect balance of sweet and tart with Ayrloom’s Black Cherry Beverage—a refreshing, full-bodied drink that combines the bold flavors of ripe black cherries with the calming and uplifting effects of cannabinoids. Each 12oz can delivers 10mg of THC and 5mg of CBD, providing a balanced experience that will leave you feeling relaxed, refreshed, and ready to enjoy the moment. The deep, rich taste of black cherry comes through in every sip, with a smooth, natural sweetness that’s perfectly complemented by a hint of tartness. Whether you're unwinding after a long day or looking for a refreshing beverage to enhance your social experience, this drink offers a flavorful and enjoyable way to relax. The 10mg of THC provides a mild euphoria to lift your spirits, while the 5mg of CBD helps balance the experience, soothing the mind and body for an overall sense of calm. Together, they create a balanced synergy that supports relaxation without overwhelming effects—ideal for those who appreciate a calm yet uplifting experience. (10mg THC; 5mg CBD)",,
the-plug-crown-heights,UmjtSCPal2,f7c6d373-2e32-4d6a-a04c-9914699cb458,Ayrloom UP (12oz) Beverage - Root Beer,Ayrloom,edible,12fl oz,400,10,0,50/50,TRUE,,https://storage.googleapis.com/maui-prod-hyper-media-images/product_images_92012205-05c9-4673-9255-bedab39fb8a8_767de4a5-8348-4d2d-b36e-e6b4c21bcba7_original.png,2026-05-23T21:23:53.890537+00:00,"a rebellious twist on a timeless classic. our root beer opens with warm, earthy notes of sassafras + sarsaparilla, followed by hints of smooth vanilla, sweet birch + a touch of caramel. pairs perfectly with vanilla ice cream for the ultimate float—or enjoy straight from the can for a lifted take on a throwback favorite.",,
the-plug-crown-heights,99oR830ZT9,cd887452-cc6e-44a2-8721-75b30d93778e,The Plug Pack - PB&J | 1G PreRoll,The Plug Pack,preroll,1g,1000,36.04,0,50/50,TRUE,,,2026-05-23T21:23:53.890537+00:00,,,
the-plug-crown-heights,NxNjBpeNWK,c4625daf-6bca-44a2-bc58-7a520e3ddc81,Ayrloom UP Beverage- Vanilla Cola 10mg,Ayrloom,edible,355,400,10,0,50/50,TRUE,,https://storage.googleapis.com/maui-prod-products/422821e5-fad5-4e72-8fde-dfd3c8e19d22--4b3ca93c-e954-4996-abab-72bf057ba248.jpeg,2026-05-23T21:23:53.890537+00:00,"classic + refreshing cola flavor amped up with rich notes of vanilla. infused with fast acting thc, your bubbly afternoon treat will never be the same.",,
the-plug-crown-heights,7a5kBQPgjr,6c77c127-d225-48d7-b284-6c26e32896d3,Ayrloom UP Beverage- Cranapple 10mg,Ayrloom,edible,355,400,10,0,50/50,TRUE,,https://storage.googleapis.com/maui-prod-products/422821e5-fad5-4e72-8fde-dfd3c8e19d22--398a4f5b-2298-4521-948b-5a94a3e9b80f.jpeg,2026-05-23T21:23:53.890537+00:00,,,
the-plug-crown-heights,uijD4LtZPc,72a52724-9531-4093-91e1-30579c0c01f2,The Plug Pack - Cherry Pie | 1G PreRoll,The Plug Pack,preroll,1g,1000,30.286,0,indica,TRUE,,,2026-05-23T21:23:53.890537+00:00,,,
the-plug-crown-heights,7Sh5s6HQjc,e9289bc6-97a3-4b80-b2d9-2bd29c011259,Ruby Farms - Super Silver Haze | 0.5G 2-Pack,Ruby Farms,preroll,1g,1400,27,0.125,sativa,TRUE,,https://storage.googleapis.com/maui-prod-products/422821e5-fad5-4e72-8fde-dfd3c8e19d22--948cfd4d-3233-47a3-9843-af2debb706db.jpeg,2026-05-23T21:23:53.890537+00:00,"Super Silver Haze is a sativa marijuana strain bred by Green House Seeds. It was the first prize winner at the High Times Cannabis Cup in 1997, 1998, and 1999. Super Silver Haze is made by crossing Skunk, Northern Lights, and Haze creates a beautiful, sticky strain that boasts an energetic, long-lasting body high. The uplifting effects are a great for high stress levels or when suffering from a lack of appetite or nausea.",,
the-plug-crown-heights,iCUWoamRCS,57aa7753-712e-4817-bb5e-c4b5c0aa4041,The Plug Pack - Chopped Cheese (28g),The Plug Pack,flower,28g,9900,28.69,0,indica,TRUE,,https://storage.googleapis.com/maui-prod-products/422821e5-fad5-4e72-8fde-dfd3c8e19d22--d04a5f3b-fa8b-4897-a3da-6e64c6ab4a8e.png,2026-05-23T21:23:53.890537+00:00,,,
the-plug-crown-heights,KrvnrGvjnz,d8f5cc6c-d654-4cb8-9a52-9517743a6526,Ayrloom UP (12oz) Beverage - Lemonade,Ayrloom,edible,355,400,10,5,sativa-dom,TRUE,,https://storage.googleapis.com/maui-prod-products/422821e5-fad5-4e72-8fde-dfd3c8e19d22--45f66ab3-d4f8-4224-9256-1defc4b6ad0d.jpeg,2026-05-23T21:23:53.890537+00:00,"your favorite summertime classic with a modern twist! perfectly sweet + never overpowering, this sublimely refreshing beverage will pair perfectly at your next outdoor gathering.",,
the-plug-crown-heights,I4k4udqwvf,076bef39-295e-40aa-a812-5cda3dc1609a,Hepworth - Durban Poison x Cherry Tart  | 2x0.5G Pre-Rolls,Hepworth,preroll,1g,900,27.235,0,sativa,TRUE,,https://storage.googleapis.com/maui-prod-hyper-media-images/product_images_50149862-0a1c-48ee-b6d1-035e30e9f1bf_bef00452-6994-4f78-a548-692e218330d5_original.png,2026-05-23T21:23:53.890537+00:00,"HEPWORTH's Durban Poison x Cherry Tart prerolls deliver an energizing sativa experience in a convenient 2-pack of 1g joints. This hybrid cross combines the legendary uplifting clarity of Durban Poison with the sweet, fruity notes of Cherry Tart, creating a uniquely balanced smoke. Expect bright cherry and tart berry flavors layered over earthy, herbal undertones that make each puff refreshing and flavorful. Perfect for daytime use, these sativa-dominant prerolls promote creative focus, euphoric energy, and an uplifted mood—ideal for social gatherings, outdoor adventures, or productive afternoons. Each preroll is crafted with quality flower, offering smooth, consistent burns from start to finish. Whether you're new to cannabis or a seasoned enthusiast, this 2-pack provides portable potency and exceptional taste in every session.",,
the-plug-crown-heights,w6TY99Ks18,fc66838a-904f-464b-b150-d7fffdef9f73,Anthem Bold - Pineapple Haze | Sweet Wood Tip Infused 1G Pre-Roll,Anthem,preroll,1g,2000,55.959,0,sativa,TRUE,,https://storage.googleapis.com/maui-prod-hyper-media-images/product_images_9c6e9b45-a371-4bed-8581-1585de3c5729_0f7734f8-e3e1-4eec-aff4-d46da2e65652_original.png,2026-05-23T21:23:53.890537+00:00,"Pineapple Haze A sativa-leaning strain with bright citrus notes, combining sweet pineapple and earthy pine. ANTHEM BOLD WOOD TIPS: Anthem Bold looks different, feels different, and hits different. Our Bold infused pre-rolls feature: Higher potency for an elevated pre-roll experience. Sweet Wood Tips to enhance the flavor experience",,
the-plug-crown-heights,yNKwzRjqNi,26f876d7-807a-44fe-b226-30115cd22811,The Plug Pack - Lychee Dream (28g),The Plug Pack,flower,28g,9900,27.02,0,50/50,TRUE,,https://storage.googleapis.com/maui-prod-products/422821e5-fad5-4e72-8fde-dfd3c8e19d22--ce0138d5-2b8e-485d-9775-2a0fd2a657f2.png,2026-05-23T21:23:53.890537+00:00,,,
the-plug-crown-heights,TopcSvfdSw,0b737654-21c9-41c8-b739-a10bc2f2c4bc,The Plug Pack - Chopped Cheese | 1G PreRoll,The Plug Pack,preroll,1g,1000,1.218,0,indica,TRUE,,,2026-05-23T21:23:53.890537+00:00,,,
the-plug-crown-heights,hh81h6oizK,81dc8f8d-8028-4f52-9a3d-75c8b0250856,Hepworth - Blue Nerds | 2x0.5G Pre-Rolls,Hepworth,preroll,1g,900,27.28,0,50/50,TRUE,,https://storage.googleapis.com/maui-prod-hyper-media-images/product_images_71a90f03-55f7-4d9e-83ac-6a6ddd998d69_4043b35d-d93e-44ec-b85a-ab17af871bf1_original.png,2026-05-23T21:23:53.890537+00:00,"Blue Nerds is a vibrant cultivar that delivers a candy-like aroma layered with notes of sweet berries, tangy citrus, and a subtle herbal finish that makes each inhale bright and enjoyable. The flavor leans fruity and slightly tart with a smooth, aromatic smoke that fans of dessert-style strains will appreciate. As a balanced hybrid, Blue Nerds offers an uplifting mental spark that boosts mood and creativity while a gentle body relaxation follows to keep the vibe calm and comfortable",,
the-plug-crown-heights,ZS0yg0m7qV,43bce592-d63b-4de4-a776-92ec937a8ed7,Ayrloom UP (12oz) Beverage - Pineapple Mango,Ayrloom,edible,355,400,10,5,sativa,TRUE,,https://storage.googleapis.com/maui-prod-products/422821e5-fad5-4e72-8fde-dfd3c8e19d22--3f96f588-f7fb-4f85-93fe-3fe099fc7603.jpeg,2026-05-23T21:23:53.890537+00:00,"juicy + perfectly sweet, naturally. no need for PTO here! capture that ooo feeling with every sip, + recharge your mind like you’re on ‘island time’.",,
the-plug-crown-heights,ruqC05iQzL,62840d83-317c-4bd2-a05f-f2ff0d1e94ff,Revert - Strawberry Amnesia | 0.5g Pre-Roll,Revert,preroll,0.5g,600,24.9,00,sativa,TRUE,,https://storage.googleapis.com/maui-prod-hyper-media-images/product_images_5214d01b-b3e7-447d-ad10-c21bb1add0e3_42e3851e-bb31-472c-aa47-78ea5320d148_original.png,2026-05-23T21:23:53.890537+00:00,"A powerful and uplifting flower from Dinafem Seeds, Strawberry Amnesia is a strain made in sativa heaven. Bred from Strawberry Cough and Amnesia, this strain delivers the familiar sweet strawberry and earthy flavors of its parents. Having the typical energizing and euphoric effects of a sativa, Strawberry Amnesia also induces the calming body high from its distant indica relatives. The dark green buds of Strawberry Amnesia are very dense and heavily coated in resin, so this potent sativa should be handled with caution.",,
the-plug-crown-heights,ZZTaHjGGL4,c96cae8b-de05-431b-90fc-9434bd8709c5,The Plug Pack - Tequila Sunrise (28g),The Plug Pack,flower,28g,9900,24.08,0,sativa,TRUE,,https://storage.googleapis.com/maui-prod-products/422821e5-fad5-4e72-8fde-dfd3c8e19d22--f9d3b2c0-0b10-4c3e-8bd6-5d605eb3a05e.png,2026-05-23T21:23:53.890537+00:00,,,
the-plug-crown-heights,Bq5RnbLjgO,a681aca0-0fa0-4d11-99fb-49c8f0e5d955,Revert - Forbidden Kush | 0.5g Pre-Roll,Revert,preroll,0.5g,600,27.5,0,indica,TRUE,,https://storage.googleapis.com/maui-prod-hyper-media-images/product_images_e7bba094-b57d-4b2f-9f53-e6a89ea91e32_dca7ec67-7f9e-45e9-a361-afc75093e8c8_original.png,2026-05-23T21:23:53.890537+00:00,"Immerse yourself in deep tranquility with Forbidden Kush, a potent sun-grown indica derived from the cross of Forbidden Fruit and OG Kush, renowned for its profound relaxation, rich flavors, and sedative embrace. Cultivated under natural sunlight to enhance its potency and terpene intensity. Available in 3.5g pre-packaged flower that delivers a slow-burning, lush smoke perfect for unwinding, melting stress, and drifting into restorative sleep",,
the-plug-crown-heights,1bIBeg9Nfm,6fdb2350-7860-44a7-82e9-f9ecb30ffeff,The Plug Pack - Bomb Pop (28g),The Plug Pack,flower,28g,9900,27.8,0,sativa,TRUE,,https://storage.googleapis.com/maui-prod-products/422821e5-fad5-4e72-8fde-dfd3c8e19d22--5374df95-5b5b-421d-bec2-66bb21d966eb.png,2026-05-23T21:23:53.890537+00:00,,,
the-plug-crown-heights,d3BLtkuFoQ,d356530f-b819-495a-9965-b8fc5510f657,High Scale (Minis) - Grapefruit OG | 1.5G,High Scale,flower,1.5g,1300,28.55,0,,TRUE,,https://storage.googleapis.com/maui-prod-hyper-media-images/product_images_c5f2dc16-1c88-45dd-90a3-89bd0cf5ebef_96cf7243-6b8f-41ea-8f0d-498b89ce3c47_original.png,2026-05-23T21:23:53.890537+00:00,,,
the-plug-crown-heights,Wf8DWOvyvf,c174fb2e-332b-469f-a24a-2ccde1187a3c,Raw Classic King Size Slim Rolling Papers,Raw,merch,,250,,,,TRUE,,https://storage.googleapis.com/maui-prod-hyper-media-images/product_images_41f60247-73d3-4ba8-af8c-068609973a3f_a86a9631-5427-483b-9f55-add795c00f13_original.png,2026-05-23T21:23:53.890537+00:00,,,
the-plug-crown-heights,pK65Gmmkn8,6c01333b-24cd-483d-883a-b7073cf07954,Grön- Milk Chocolate Mini Bar- Daytime Sativa (100mg),Grön,edible,7g,1400,100,0,sativa,TRUE,,https://storage.googleapis.com/maui-prod-products/422821e5-fad5-4e72-8fde-dfd3c8e19d22--0be03394-d25f-450c-a5e5-d3a619525f13.jpeg,2026-05-23T21:23:53.890537+00:00,,,
the-plug-crown-heights,YobYACqNkm,f2426593-88a7-42aa-999a-6ff3dda69576,WYLD- Boysenberry 1:1:1 CBN:CBD:THC,WYLD,edible,40g,2800,100,100,indica,TRUE,,https://storage.googleapis.com/maui-prod-products/422821e5-fad5-4e72-8fde-dfd3c8e19d22--7eb8d09c-bad9-4777-bc48-6e31cd82be68.png,2026-05-23T21:23:53.890537+00:00,"Hit the snooze button. Boysenberry THC:CBD:CBN gummies are perfect for deep sleep. CBD helps the body relax, while CBN can provide a restorative rest for the mind. When combined with THC, Wyld's Boysenberry gummy activates the Entourage Effect to set the landscape for a relaxing, restorative sleep. -- 1:1:1 THC:CBD:CBN | Perfect for deep sleep. -- Made with Linalool, Myrcene, Beta-Caryophyllene + Terpineol.",,
the-plug-crown-heights,GPPy89bq1g,7e4c0af3-abf1-4a5b-abc5-037e952a5e77,Untitled - Blue Dream | 3.5g Flower,untitled,flower,3.5g,2500,29.09,0,sativa,TRUE,,https://storage.googleapis.com/maui-prod-hyper-media-images/product_images_43eb428c-4c1d-4ff3-9847-02d0db44a2bd_84bbdab3-e6e3-44bf-91c5-cbac54b83bf7_original.png,2026-05-23T21:23:53.890537+00:00,"Untitled Blue Dream (Smalls) delivers the classic Blue Dream experience. This Blueberry × Haze hybrid brings a sweet berry scent rounded out with light earthy notes. Its myrcene-, pinene-, and caryophyllene-forward profile offers an easy, euphoric lift that boosts creativity, focus, and overall mood. Perfect for stress relief and smooth daytime or evening sessions, these smalls pack the same flavor and effects as full-size buds.",,
the-plug-crown-heights,bYk3fMxTSf,1f591e52-408b-4bad-aac9-69642a024a29,Munchkins - Sour Diesel | 3.5g Small Buds,Munchkins,flower,3.5g,2200,31.77,0,sativa,TRUE,,https://storage.googleapis.com/maui-prod-hyper-media-images/product_images_5adddce3-4543-4005-b2ef-08734f20e221_5041a38d-09d3-4846-a8cd-07b9e26f9b30_original.png,2026-05-23T21:23:53.890537+00:00,"Get top-shelf quality without breaking the bank. Munchkins are 3.5 grams of premium smalls, perfect for those looking to stretch their budget while still enjoying great flower, just smaller buds.",,
the-plug-crown-heights,QlFuWDFE6e,530aabf2-a312-473b-ba37-83740540e1b0,Revert - Grapelato | 0.5g Pre-Roll,Revert,preroll,0.5g,600,26.9,0.045,50/50,TRUE,,https://storage.googleapis.com/maui-prod-hyper-media-images/product_images_08bbcc6f-be53-4e45-ad5d-c00515f1a025_33bc0bf8-d775-4299-b11c-6436aa3ea413_original.png,2026-05-23T21:23:53.890537+00:00,"Grapelato is a smooth, flavor-forward hybrid that blends sweet grape and creamy dessert notes with subtle earthiness. This strain delivers a relaxed, uplifting experience that starts with a light cerebral buzz and settles into a calm, comfortable body feel. Easygoing and balanced, Grapelato is great for social settings, creative moments, or unwinding without feeling heavy.",,
the-plug-crown-heights,GhFJ2ID29b,75178075-6223-4db9-bc91-126f05badd70,The Plug Pack - PB&J (28g),The Plug Pack,flower,28g,9900,25.89,0,50/50,TRUE,,https://storage.googleapis.com/maui-prod-products/422821e5-fad5-4e72-8fde-dfd3c8e19d22--e1065f3f-e352-4f4c-9fcd-7f25fa3dc0c8.png,2026-05-23T21:23:53.890537+00:00,,,
the-plug-crown-heights,7sAMaadPYP,1dfba6d4-d5b2-4c02-916c-f978e758882d,Ruby Farms - Purple Hindu Kush | 0.5G 2-Pack,Ruby Farms,preroll,1g,1400,27.2,0,indica,TRUE,,https://storage.googleapis.com/maui-prod-hyper-media-images/product_images_8153fb05-ef3e-4f64-8686-9300f52fd96f_146139c7-241f-41ee-a8c1-3218751a3ad2_original.png,2026-05-23T21:23:53.890537+00:00,"Crafted for convenience and on the go. This introductory product is the same as our 7 count Ruby Doobie, but comes in premium, sustainable, and durable glass tube topped with a woodcork for an airtight seal. This keeps The Ruby Doobie fresh and discreet as it blocks smell. We paired our Hindu Kush, a classic indica strain that originated from Afghanistan that grows short and stalky bushes with deep purple leaves. Its pungent aroma is high terpene myrcene humulene and sandalwood aroma, Hindu Kush induces a deep sense of calm & relaxation of the body & mind that helps get a good night’s rest.",,
the-plug-crown-heights,TvC9s8GDqj,00060cfc-79e5-44ae-96bb-298baa918ec8,Off hours - Chicken N Wafflez | Live Rosin Gummies,Off hours,edible,60g,3500,100,0,50/50,TRUE,,https://storage.googleapis.com/maui-prod-hyper-media-images/product_images_003daee8-3544-4163-9387-8454002a4d36_c7c9ddd5-3aac-4d3e-b190-396c53f6c5f6_original.png,2026-05-23T21:23:53.890537+00:00,"YES, it’s real... Off hours “Chicken N’ Wafflez Live Rosin Gummies turn the joke into something seriously good. (We didn’t think it would work either) Vegan fried chicken, buttery maple waffle, and a brown sugar crunch that somehow works. Productive, creative and euphoric. Enjoy. SUGGESTED USE: Start with 1/2 of a gummy. Wait 1 full hour before increasing dose. INGREDIENTS: Organic Cane Sugar, Reverse Osmosis Water, Organic Tapioca Syrup, Organic Fruit Juice from Concentrate, Fruit Pectin, Organic Fruit Flavoring, Natural Food Coloring, MCT Oil, Cannabis Extract, Malic Acid, Sunflower Lecithin",,
the-plug-crown-heights,0aefPhGqrr,700d389c-7636-4cd8-96e9-9e3e2b55101b,Puff - Uplift | Sativa 1G PreRoll,PUFF,preroll,1g,1200,26.643,0,sativa,TRUE,,https://storage.googleapis.com/maui-prod-hyper-media-images/product_images_21b55a7c-5bf6-4077-9604-673c0bafbd33_22be63b8-8e31-4fd0-814c-0e753e5c7b10_original.png,2026-05-23T21:23:53.890537+00:00,,,
the-plug-crown-heights,OjXFEbdZZG,697ecd66-b97d-4154-9df5-3ee2f2b85065,Munchkins - Blue Moon Punch | 3.5g Small Buds,Munchkins,flower,3.5g,2200,32.11,0,50/50,TRUE,,https://storage.googleapis.com/maui-prod-hyper-media-images/product_images_26e9f7d5-4ca8-4ff4-9609-3511d71845b0_e91e19d7-4549-430e-8562-88fa9d06f61e_original.png,2026-05-23T21:23:53.890537+00:00,"Get top-shelf quality without breaking the bank. Munchkins are 3.5 grams of premium smalls, perfect for those looking to stretch their budget while still enjoying great flower, just smaller buds.",,
the-plug-crown-heights,PJJFmeXxZF,dff120e6-0988-4400-8d6e-6cc6fb8301d6,Revert - Cherry Swirl | 0.5g Pre-Roll,Revert,preroll,0.5g,600,27.8,0.04,50/50,TRUE,,https://storage.googleapis.com/maui-prod-hyper-media-images/product_images_ce8c2230-8bce-4e02-8467-f58b71917a5d_a8d18ec4-1146-4d4c-af91-9ec6cd56294a_original.png,2026-05-23T21:23:53.890537+00:00,"Cherry Swirl is a smooth, sun-grown hybrid with rich cherry sweetness layered over subtle earth and cream. This strain delivers a balanced experience that starts with a gentle cerebral lift and settles into an easy, relaxed body feel. Approachable and versatile, Cherry Swirl is well-suited for daytime or early evening sessions when you want flavor, clarity, and calm without feeling weighed down.",,
the-plug-crown-heights,Bhl9PFpCPA,3fdcea10-f3e3-4c22-bb78-012269c8fcd5,Camino Sours Blackberry Dream CBN 100mg 10pk,Caminos,edible,39g,3000,100,100,indica,TRUE,,https://storage.googleapis.com/maui-prod-products/422821e5-fad5-4e72-8fde-dfd3c8e19d22--1deb9713-c43e-473e-9b6f-f31471265cd9.jpeg,2026-05-23T21:23:53.890537+00:00,"Drift into dreamland with an indica-like blend of THC, CBD, and CBN with chamomile and lavender extracts for a tranquil effect enhanced by soothing terpenes. Take one of these sweet blackberry gummies and call it a night. Terpenes: Beta-Caryophyllene, Linalool, Myrcene",,
the-plug-crown-heights,5sNg9KYk7o,37d6cb6c-0bc0-400b-b382-da8d8c571fdc,Ruby Farms - OG #18 | 0.5G 2-Pack,Ruby Farms,preroll,1g,1400,29.672,0,indica,TRUE,,https://storage.googleapis.com/maui-prod-products/422821e5-fad5-4e72-8fde-dfd3c8e19d22--2163c630-61e0-42e3-a8e2-2a1ef00d9a79.jpeg,2026-05-23T21:23:53.890537+00:00,"OG #18 is the sour diesel of the West Coast, and a good genotype of OG smells like pine, gas with a fresh scent of new tennis balls. This elite genotype of OG was bred by the internationally recognize Privata Seeds.",,
the-plug-crown-heights,DqNqw1k0JO,7b14266a-f2fb-4c56-bb46-a06262eb277e,Raw Classic Black King Size Slim Rolling Papers,Raw,merch,,250,,,,TRUE,,https://storage.googleapis.com/maui-prod-hyper-media-images/product_images_977dba9b-2ac0-43cf-8f39-586e0b338ea9_b9cabf51-264f-410d-9a33-f5aad03742cb_original.png,2026-05-23T21:23:53.890537+00:00,32 Leaves per Booklet,,
the-plug-crown-heights,3eJiC2183J,14f51ae5-f054-47da-bb66-5939c13d3c09,Zizzle - Twisted Cookies | 3.5G Flower,Zizzle,flower,3.5g,5000,28.52,0.08,sativa-dom,TRUE,,https://storage.googleapis.com/maui-prod-hyper-media-images/product_images_39d4fdda-7361-4d02-9eab-4edc013e279e_56711d39-81f8-4d51-a943-f12072828b55_original.png,2026-05-23T21:23:53.890537+00:00,"Twisted Cookies from Zizzle is a standout Hybrid flower that blends sweet, doughy aromatics with a nuanced edge of spice and earth. Known for its calming yet mentally engaging effects, this cultivar is ideal for both laid-back evenings and creative midday sessions. Zizzle's precision cultivation ensures each bud is thoughtfully cured and packed with character. Light, burn, and inhale to savor a smooth inhale of sweet pastry notes layered with subtle pepper and wood. The smoke is dense yet clean, offering a balanced high that eases tension while sharpening focus. It’s a versatile experience suited for users looking for gentle euphoria without full sedation.",,
the-plug-crown-heights,pdoTyJubyz,b6e8a626-0092-4204-af04-e72ed20e0d84,untitled - Blue Dream | 7G Flower,untitled,flower,7g,4500,29.87,0,sativa,TRUE,,https://storage.googleapis.com/maui-prod-hyper-media-images/product_images_1e678b20-5378-4fea-aa8c-b75f9f7981f2_3a9ab9e8-11b8-4c44-997f-390af9dfa0b9_original.png,2026-05-23T21:23:53.890537+00:00,"The Untitled Blue Dream 7g (Smalls) offers a balanced and versatile experience, perfect for both novice and experienced consumers. A cross of Blueberry and Haze, this hybrid delivers a sweet, berry aroma with earthy undertones. Its terpene profile, rich in myrcene, pinene, and caryophyllene, provides uplifting, euphoric effects that promote creativity and relaxation. Blue Dream is known for its ability to relieve stress and anxiety while enhancing focus and mood, making it ideal for daytime or evening use. These smalls deliver the same great effects and flavor as full-sized buds, offering an affordable option without sacrificing quality.",,
the-plug-crown-heights,m2ZvoThKTw,b8f333de-8df6-4f8e-8e4e-6f8e2cc1efb7,Revert - Sour Glue | 0.5g Pre-Roll,,preroll,0.5g,600,26.8,0,sativa,TRUE,,https://storage.googleapis.com/maui-prod-hyper-media-images/product_images_ca58b700-302f-43e0-bc13-5f6320a4cdfb_6bc5788b-e781-4411-b7c3-fdf3774b5783_original.png,2026-05-23T21:23:53.890537+00:00,"Elevate your day with Sour Glue, a vibrant sun-grown sativa renowned for its uplifting effects, zesty flavors, and energizing clarity. Cultivated under natural sunlight to heighten its potency and terpene vibrancy. Available in 3.5g pre-packaged flower that delivers a slow-burning, crisp smoke perfect for boosting creativity, enhancing focus, and enjoying an active, inspired mindset. Sour Glue presents a lively and intricate flavor profile, blending citrusy lemon with hints of earthy pine and a refreshing minty finish, complemented by a smooth, herbal aftertaste. Its aromatic smoke releases bursts of tangy fruit and subtle spice, captivating those who enjoy a bright, invigorating taste with a clean exhale.",,
the-plug-crown-heights,iWbZAUFAJV,3988e2f3-6fed-4ec3-a45e-b0d5506276c1,Grön- Hybrid Milk Chocolate Mini Bar (100mg),Grön,edible,7g,1400,100,0,50/50,TRUE,,,2026-05-23T21:23:53.890537+00:00,This 100mg THC mini chocolate is made with our buttery smooth 38% milk chocolate and is designed for anyone looking for a chocolate bite that bites back.,,
the-plug-crown-heights,isWad4Ezpe,3a80ef23-e766-45cd-97d7-1061751b8124,LEAL - Hella Jelly | 1G PreRoll,LEAL,preroll,1g,1100,32,0,sativa-dom,TRUE,,https://storage.googleapis.com/maui-prod-hyper-media-images/product_images_9bd9bf4a-68ca-46ab-aeea-a49a0e989f4d_de362aa3-f6bf-4ede-9277-6ce16d910018_original.png,2026-05-23T21:23:53.890537+00:00,"Hella Jelly is a sativa-dominant hybrid weed strain made from a genetic cross between Very Cherry and Notorious THC. Hella Jelly features flavors like berry, strawberry, and citrus. The dominant terpene of this strain is caryophyllene. Users experience happy, giggly, and relaxed effects.",,
the-plug-crown-heights,BgC3Yvhckx,dac59e1d-dafa-4fa1-8d3e-bb648e8ab14e,Grön- Dark Chocolate Mini Bar- Sleepy Indica (100mg),Grön,edible,7g,1400,100,00,indica,TRUE,,https://storage.googleapis.com/maui-prod-products/422821e5-fad5-4e72-8fde-dfd3c8e19d22--db5c1538-6e93-4d15-99d8-b50ecab47bc5.webp,2026-05-23T21:23:53.890537+00:00,"A little chocolate bar with big sleep potential. Made with handcrafted dark chocolate and infused with a 1:1 ratio of CBN and THC, it’s perfect to help you wind down at the end of a long day.",,
the-plug-crown-heights,XKv3U8PZ00,c6fcc893-22db-47fc-aa10-641d020c334d,TTM Essentials - Northern Lights | 3.5G Flower Bag,To The Moon,flower,3.5g,3500,30.48,0,indica-dom,TRUE,,https://storage.googleapis.com/maui-prod-hyper-media-images/product_images_23f5d9d6-fd72-4cda-ada2-e7e3e5c382d8_ad476140-b8f0-4844-9183-dbbaedeb3188_original.png,2026-05-23T21:23:53.890537+00:00,"TTM Space Essentials bring an 8th of indoor quality flower at an affordable price for everyone to catch a flight To The Moon. Featuring true rare genetics & made for everyday smoke. Genetics: Afghani x Thai Flavor and Taste: Pine, Earthy, Woody",,
the-plug-crown-heights,9uIb0e9Gtv,8af498e1-a12f-4c62-8de7-01d3d6522b5d,Revert - Crumble Cake | 0.5g Pre-Roll,Revert,preroll,0.5g,600,26.9,0,50/50,TRUE,,https://storage.googleapis.com/maui-prod-hyper-media-images/product_images_2213d244-c871-4229-8235-f6d1c7dbd175_816e5ddd-7161-48e6-aafb-a322ee254365_original.png,2026-05-23T21:23:53.890537+00:00,"Sink into serene bliss with Crumble Cake, a luxurious sun-grown indica-hybrid crafted from the fusion of Wedding Cake and Ice Cream Cake, celebrated for its soothing effects, decadent flavors, and balanced relaxation. Grown under natural sunlight to intensify its potency and terpene complexity. Available in 3.5g pre-packaged flower that offers a slow-burning, creamy smoke ideal for unwinding, easing tension, and enjoying a tranquil yet uplifting evening.",,
the-plug-crown-heights,1KwB1JajGr,3ce2cba2-b97b-48c9-9d9c-0a052627a98c,TTM Essentials - Cookies & Cream | 3.5G Flower Bag,To The Moon,flower,3.5g,3500,30.48,0,50/50,TRUE,,https://storage.googleapis.com/maui-prod-hyper-media-images/product_images_0dcbd0ea-ce14-442b-b80c-3b619a020d59_6d05e716-52f4-4e27-abd1-7ee8a8fad234_original.png,2026-05-23T21:23:53.890537+00:00,"TTM Space Essentials bring an 8th of indoor quality flower at an affordable price for everyone to catch a flight To The Moon. Featuring true rare genetics & made for everyday smoke. Genetics: The Toad x Jet Fuel Flavor and Taste: Vanilla, Cake, Nutty",,
the-plug-crown-heights,juiIf9uBLp,c97464c3-bda6-497a-a4c5-319f3b79c367,Zizzle - Sour Diesel | 3.5G Flower,Zizzle,flower,3.5g,5000,30.47,0,sativa,TRUE,,https://storage.googleapis.com/maui-prod-hyper-media-images/product_images_8804f882-46bd-4fc7-8ad2-2fa95c847ef7_86a3de89-479d-42bb-a974-a61288ec4dd3_original.png,2026-05-23T21:23:53.890537+00:00,"Sour Diesel is a beloved strain among many New York cannabis enthusiasts. It is known for its potent effects and unique flavor, which is often described as a mix of diesel fuel and citrus. Many people appreciate Sour Diesel for its energizing and uplifting effects, which can help to boost creativity, focus, and productivity. It is also a popular choice for those looking for relief from symptoms of depression, anxiety, and chronic pain.",,
the-plug-crown-heights,TbAyQf5Aj9,e3ea7bb3-9476-4208-8618-bde8c410a01f,Camino Sours - Bliss - Raspberry Lemonade | 10MG Gummies,Camino,edible,39g,3000,100,0,sativa-dom,TRUE,,https://storage.googleapis.com/maui-prod-hyper-media-images/product_images_e316a9cf-a2e8-47e1-9280-40bb9e0f83ca_f0b5e78a-38bf-4695-a11b-b0cc9d9f4c9e_original.png,2026-05-23T21:23:53.890537+00:00,"For those moments when you want to make a great experience even more joyous—like hanging with friends at the beach or enjoying a comedy show— enter Camino Sours Raspberry Lemonade Bliss gummies. These delightful treats are designed to boost your mood and create a blissful experience no matter where you are and what you’re up to. Each delectable gummy is infused with 10MG of THC and a tailored blend of hybrid-like terpenes that marries perfectly with the sweet, tangy notes of ripe raspberries and the flavors of fresh, sugary lemonade. Welcome to your happy place!",,
the-plug-crown-heights,2WPxFeQCrV,b4fe1b9c-f260-48cd-affc-ca073eae395a,Mini Mart - Black Diesel | Darts 2 Pack,mini mart,preroll,1g,1200,27.859,0,sativa,TRUE,,https://storage.googleapis.com/maui-prod-hyper-media-images/product_images_e959ad2f-c7ea-4aef-99d2-4b45ddfdbeff_115f0e16-a0a2-4c55-bade-f09ff2bfc186_original.png,2026-05-23T21:23:53.890537+00:00,"2 - 0.5G Pre-Rolls Bursting with bold, ripe grapefruit flavor, Black Diesel is a bright and invigorating sativa that elevates both mood and mind. Its euphoric, energizing effects make it a favorite for those looking to spark creativity or enhance social interactions.",,
the-plug-crown-heights,r3bKbhWIeT,b90fa682-c31e-430a-8441-d7009490924c,Ruby Farms Doobies (7pk pre rolls) White Widow,Ruby Farms,preroll,3.5g,3700,26.127,0.138,sativa,TRUE,,https://storage.googleapis.com/maui-prod-hyper-media-images/product_images_d7f81f5c-efcc-4347-a53e-c5366355c055_71b74522-7b96-40dc-bc83-5e0f6b96510a_original.png,2026-05-23T21:23:53.890537+00:00,,,
the-plug-crown-heights,tVQjheY6o5,9453173c-7031-4228-9fb8-6a8fc93ab793,Ayrloom Tincture (1000mg THC) - High Dose,Ayrloom,tinctures,30,6000,1000,0,50/50,TRUE,,https://storage.googleapis.com/maui-prod-products/422821e5-fad5-4e72-8fde-dfd3c8e19d22--ed65732c-c394-4f0c-9354-0bf67f2b935c.png,2026-05-23T21:23:53.890537+00:00,"Experience the power of precision with Ayrloom’s High Dose 1000mg THC Tincture, a potent and fast-acting way to elevate your cannabis experience. Designed for those who are looking for a stronger, more intense effect, this tincture delivers a high dose of THC for a truly transformative experience—whether you're a seasoned cannabis enthusiast or simply seeking a deeper, more profound effect. Crafted with the highest quality THC distillate, Ayrloom’s tincture offers unmatched purity and potency. Just a few drops under the tongue provides fast, bioavailable absorption, allowing you to feel the effects quickly. With 1000mg of THC per bottle, this tincture offers the flexibility to customize your experience with precise, controlled dosing, so you can adjust according to your needs.",,
the-plug-crown-heights,KWiiQZeixs,1b06c252-47fa-4458-9c22-5ad92a921825,Noizey - Harlem Haze | 4G Flower,Noizey,flower,4g,4500,30.75,0.119,sativa,TRUE,,https://storage.googleapis.com/maui-prod-hyper-media-images/product_images_62847138-09bf-4b87-8fc9-56c7893d918a_1126abfa-cccd-4e1b-ba24-a15d696caae7_original.png,2026-05-23T21:23:53.890537+00:00,"Born from the energy of uptown creativity, this buds sparkle with trichomes and release bursts of lemon zest, pine, and herbal spice. This strain delivers an uplifting, focused high that keeps the mind sharp and the mood elevated. Ideal for daytime sessions, studio hours, or any moment that calls for inspiration and motion.",,
the-plug-crown-heights,SSCpmjbprf,a0890d84-feca-43bc-a537-55071cd23907,Camino - Bliss | Watermelon Lemonade 5mg 20pk.,Camino,edible,72g,3000,100,0,sativa,TRUE,,https://storage.googleapis.com/maui-prod-products/422821e5-fad5-4e72-8fde-dfd3c8e19d22--214fb5c3-dbde-42fc-9110-8fa27a630177.jpeg,2026-05-23T21:23:53.890537+00:00,"Ready for a whole new vibe? A versatile gummy made for moments great and small, whether social or solo, Watermelon Lemonade Bliss Camino gummies are your go-to to dial up the delight. Each mouthwatering gummy blends the delicious flavors of sweet watermelon and lightly tart lemonade with 5MG of THC plus hybrid-like terpenes. THC will help elevate your mood and enhance the experience of euphoria- an effect that truly complements any experience. So if you're looking for a shift to bliss, grab Watermelon Lemonade Bliss Camino gummies. Like a burst of sunshine just when you need it, these sweet fruity treats will brighten your day and put a spring in every step. Terpenes: Beta-Caryophyllene, Humulene, Limonene, Myrcene, Nerolidol",,
the-plug-crown-heights,0TxSlwqtWJ,6f0c3e05-30fc-4e8a-a57c-c02c59a6a1cc,Jaunty (Fast-Acting) - Sour Watermelon (20mg),Jaunty,edible,10g,400,20,40,50/50,TRUE,,https://storage.googleapis.com/maui-prod-products/422821e5-fad5-4e72-8fde-dfd3c8e19d22--034eab37-6cc5-4033-9b55-a0e363049021.jpeg,2026-05-23T21:23:53.890537+00:00,"Jaunty says relaaax. These relaxing, fast-acting gummies are enhanced with a blend of high CBD, THC, and hybrid effects-based terpenes. This formulation is designed to melt away stress, ease tension, and promote a sense of calm and tranquility. Perfect for finding your zen during a hectic week! 2pk; 20mg total.",,
the-plug-crown-heights,0l7O9WZ1Rh,1cc0b6ee-efdf-4ea3-ad45-3808d1ea0378,Mini Mart - Purple Afghani | 3.5g Flower,mini mart,flower,3.5g,2500,26.68,0,indica,TRUE,,https://storage.googleapis.com/maui-prod-hyper-media-images/product_images_48dd514d-1219-4f01-abbb-d192875702a2_cb9ccc56-68de-40b7-a1ba-c1bc6affd486_original.png,2026-05-23T21:23:53.890537+00:00,"Hash-like earthiness with hints of grape and floral sweetness. A classic, body-heavy stone that soothes muscles and eases you into restful sleep.",,
the-plug-crown-heights,nXTQiUCV7s,22586302-9320-4baa-93c3-c798d267a51a,Mini Mart - Blue Dream x Purple Punch | Darts 2 Pack,mini mart,preroll,1g,1200,28.08,0,,TRUE,,https://storage.googleapis.com/maui-prod-hyper-media-images/product_images_44a63a81-e6d9-4d69-8cf2-080ceae3ae4e_c2f20bed-2b80-4503-9527-06abf31dc106_original.png,2026-05-23T21:23:53.890537+00:00,"2 - 0.5G Pre-Rolls This balanced hybrid delivers uplifting cerebral effects from Blue Dream combined with Punch's relaxing body high, creating a well-rounded experience perfect for any time of day. Expect sweet berry and vanilla flavors with earthy, fruity undertones",,
the-plug-crown-heights,Tj6pmx0LbV,6bde4ed2-332e-431f-aae3-b2c26a0957c9,High Scale (Minis) - XXX OG | 1.5G,High Scale,flower,1.5g,1300,21.71,0,,TRUE,,,2026-05-23T21:23:53.890537+00:00,,,
the-plug-crown-heights,3nBjOaLT46,a83a2f75-8caa-48be-ad30-a1d776458dc1,Runtz - Original Bubblegum Runtz | 3.5g,Runtz,flower,3.5g,5300,36.24,0,indica-dom,TRUE,,https://storage.googleapis.com/maui-prod-hyper-media-images/product_images_09f9b519-cb67-4534-a0ee-5e033757cd70_b5b78cb6-2726-4b25-b1a7-010e37cf7d09_original.png,2026-05-23T21:23:53.890537+00:00,,,
the-plug-crown-heights,Wkh7NiZhUA,c530301c-0c0b-408b-a937-73bfdefcf9e3,Claybourne Co. - Gas Plant | Gold Cuts Large Bud 3.5g Flower,Claybourne Co.,flower,3.5g,6000,31.7,0,indica,TRUE,,https://storage.googleapis.com/maui-prod-hyper-media-images/product_images_2ad18006-904f-4feb-aa94-2ce817d783b2_e735ba14-8766-4644-b076-2daad99b569d_original.png,2026-05-23T21:23:53.890537+00:00,"Exclusive and unique genetics from Claybourne’s breeding and selection program. Gold Cuts are hand-trimmed on the stem, using minimal touch processing for maximum trichome preservation.",,
the-plug-crown-heights,YPZQRnW4RY,bdbf33d2-2b86-449a-8306-725888401db3,Revert - Godfather OG | 0.5g Pre-Roll,Revert,preroll,0.5g,600,26.30,0.09,indica,TRUE,,https://storage.googleapis.com/maui-prod-hyper-media-images/product_images_4d18a4b4-dba8-4e75-94fa-82a12e692bec_4d780209-7b83-48c8-8ffb-fc8923e968d1_original.png,2026-05-23T21:23:53.890537+00:00,"Godfather OG, also known as ""Godfather,"" ""The Don of All OG's,"" and ""OG Godfather,"" is a potent indica marijuana strain made by crossing XXX OG and Alpha OG. The effects of this strain are sedating and relaxing. This strain features a flavor profile that is spicy and kushy, with undertones of subtle grape. Consumers with a low THC tolerance should only smoke Godfather OG in small doses due to its high THC levels, which hover around 28%. This strain won 1st place for Best Indica at the 2013 Cannabis Cup in Los Angeles.",,
the-plug-crown-heights,iglFNjMZIY,f3494e47-ea7e-4e50-977f-7a94e89110ad,Layup - Lemonade | 10MG,Layup,edible,12g,500,10,0,,TRUE,,,2026-05-23T21:23:53.890537+00:00,"Layup’s Lemonade infused can offers a bright, citrusy twist on a classic favorite. Made with 10mg of THC, real fruit juice, and added electrolytes, this refreshing drink delivers a balanced blend of flavor and function. Enjoy it chilled for an uplifting experience that’s ideal for warm days or whenever you need a quick reset.",,
the-plug-crown-heights,dHjStfmqL0,ed22a906-12d5-4e11-bedb-0df4f13a384b,Ruby Farms Doobies (7pk pre rolls) Wedding Cake,Ruby Farms,preroll,3.5g,3700,24.429,0,50/50,TRUE,,https://storage.googleapis.com/maui-prod-hyper-media-images/product_images_ac63abdb-030e-42b9-8737-e797fb108d77_f9773432-8f49-4213-9d62-f20feabb6e9b_original.png,2026-05-23T21:23:53.890537+00:00,,,
the-plug-crown-heights,Vu7CznP2TS,2cd03b65-cc36-4207-a35d-834b40e7a343,Ayrloom (5pk x 0.6g) Pre-Rolls - Pink Rozay,Ayrloom,preroll,3g,4000,35,0,indica,TRUE,,https://storage.googleapis.com/maui-prod-products/422821e5-fad5-4e72-8fde-dfd3c8e19d22--7143cc10-f9af-439f-8f1b-38e203ab18e8.jpeg,2026-05-23T21:23:53.890537+00:00,"like sipping on a bright + floral glass of rosé wine, but without the hangover. unwind + reach a higher buzz with relaxing effects.",,
the-plug-crown-heights,4DZikyg3PQ,0ac717e4-b835-4364-8355-7dafc446262e,Revert - Lemon Drop | 0.5g Pre-Roll,Revert,preroll,0.5g,600,28.2,0.06,sativa,TRUE,,https://storage.googleapis.com/maui-prod-hyper-media-images/product_images_bebab8ee-cad3-43fd-95cb-75eb4beafb8f_b26399cf-8977-45a9-aa64-eff8185c3f2c_original.png,2026-05-23T21:23:53.890537+00:00,"Brighten your day with Lemon Drop, a refreshing sun-grown sativa-hybrid crafted from a zesty lineage, celebrated for its invigorating effects, tangy flavors, and uplifting clarity. Cultivated under natural sunlight to enhance its potency and terpene vibrancy, available in a 3.5g pre-packaged flower that delivers a slow-burning, crisp smoke perfect for sparking creativity, boosting energy, and enjoying a lively yet balanced experience.",,
the-plug-crown-heights,aSXBJV48k9,25066614-9c2f-4efb-bd3f-00c559ccd692,The Plug Cart - 1G Berry Bliss,The Plug Pack,other,1g,4000,80.083,0,50/50,TRUE,,https://storage.googleapis.com/maui-prod-hyper-media-images/product_images_9637c288-c8e1-48a0-ba21-d53d4aeb24b8_ee2a4260-1968-401e-b7a6-bd44d5bb69e9_original.png,2026-05-23T21:23:53.890537+00:00,"Berry Bliss is known for producing intense relaxation, sedation, and a calming, euphoric, and often hungry state. It is frequently used for relieving chronic stress, pain, and insomnia due to its high potency, often featuring sweet, skunky, and berry aromas.",,
the-plug-crown-heights,MHFHqBuDua,8264cf20-94e9-4b99-9a90-5e632f55eb2d,High Scale - GG4 | 1.4G PreRoll,High Scale,preroll,1.4g,1300,21.1,0,50/50,TRUE,,https://storage.googleapis.com/maui-prod-hyper-media-images/product_images_e9d0d0cb-a892-4644-aaa4-2f736b5578da_86520d20-b8b3-4cbf-8f2f-1289e5b3ed18_original.png,2026-05-23T21:23:53.890537+00:00,,,
the-plug-crown-heights,reqCe3KF1V,aa6b512a-4329-41f7-b4cf-ca0ac31f632f,Jackalope Pharms - Acapulco Gold | 2x 1.3G Pre-Rolls,Jackalope Pharms,preroll,2.6g,1800,19.2,0,sativa,TRUE,,,2026-05-23T21:23:53.890537+00:00,,,
the-plug-crown-heights,99yZaF7P9M,b54ee560-6eaf-4f8c-af77-458bcb7892ef,Revert- Pineapple Haze | 0.5g Pre-Roll,Revert,preroll,0.5g,600,26.50,00.69,sativa,TRUE,,https://storage.googleapis.com/maui-prod-hyper-media-images/product_images_03699d24-8996-4ca1-97af-1c9ce1cc8ec6_c2a54e6e-f821-431d-9217-5ddbf0468165_original.png,2026-05-23T21:23:53.890537+00:00,"Pineapple Haze combines the tropical aroma of Pineapple with the racing cerebral energy of Haze, creating a mostly sativa strain with equally enticing flavors and effects. Its tall plants bloom with large colas that look and smell much like pineapples. The Haze influence leads the charge when it comes to Pineapple Haze’s effects, lending a creative and energetic spark that can be harnessed day or night.",,
the-plug-crown-heights,mnYzyfljls,e566b232-0e9f-4934-ad58-6b6921031f7e,Electraleaf - Coffin Candy | 3.5g Flower,Electraleaf,flower,3.5g,4500,24.54,0,indica-dom,TRUE,,https://storage.googleapis.com/maui-prod-hyper-media-images/product_images_c745171c-74b9-462d-a865-bba706848519_48c11b7a-3f15-4c97-a97a-8a2677b1b21d_original.png,2026-05-23T21:23:53.890537+00:00,"Coffin Candy is a bold, flavor-driven hybrid that leans fully into its candy-inspired identity, combining the sweet, creamy richness of Runtz with the bright, fruity intensity of Strawberry Zkittlez. The result is a loud, terpene-packed cultivar that delivers a playful yet refined experience sugary, vibrant, and layered with just enough depth to keep things interesting from start to finish. The aroma opens with an immediate burst of sweet berry candy, backed by tropical fruit and a subtle creamy undertone. Breaking the buds apart reveals deeper layers of strawberry syrup, citrus zest, and a light sugary funk that adds complexity to the profile. Flavor follows through with a smooth, candy-like inhale, a juicy fruit middle, and a lingering sweet-cream finish that stays rich without becoming overwhelming.",,
the-plug-crown-heights,2T538QP7Ch,1b1d961e-906e-4737-bd8f-177724a50da2,WYLD- Grapefruit 1:1:1 CBG:CBC:THC,WYLD,edible,40g,2600,100,0,sativa,TRUE,,https://storage.googleapis.com/maui-prod-products/422821e5-fad5-4e72-8fde-dfd3c8e19d22--3516c8f6-09b9-46f7-b0d5-034d5241f5ac.jpeg,2026-05-23T21:23:53.890537+00:00,"Wyld's :1:1 THC:CBG:CBC + Sativa Enhanced Gummies offer a blissful + boosting nudge in the right direction. These gummies are a 1:1:1 ratio product featuring a balanced dose of three cannabinoids for an uplifting + energetic experience. Made sustainably using real fruit, botanical terpenes, and natural flavors.",,
the-plug-crown-heights,NwTYol3sfl,00aa2780-c531-433a-9d07-da5ba3eeed88,Golden Garden - No Cap | 1G Pre-Roll,Golden Garden,preroll,1g,1000,29.7,0,indica,TRUE,,https://storage.googleapis.com/maui-prod-hyper-media-images/product_images_98f44711-e6c7-48e7-bda2-ddf109f8d92f_9dc9733a-21d6-457d-ab5b-f7cbc55d9b20_original.png,2026-05-23T21:23:53.890537+00:00,"No Cap is a heavy indica strain. True to its name, No Cap delivers an honest, hard-hitting high that settles deep into the body with waves of calm, hazy euphoria. The flavor is earthy and gassy with a hint of sweet spice, wrapping you in a slow, tranquil fog perfect for unwinding after a long day. When it’s time to shut it all down, No Cap's got you covered.",,
the-plug-crown-heights,ehvYNtUU8e,c25a5fc1-abc0-4ba8-a005-7a509b6cf0a4,WYLD- Sour Cherry 100mg THC,WYLD,edible,40g,2600,100,0,indica,TRUE,,https://storage.googleapis.com/maui-prod-products/422821e5-fad5-4e72-8fde-dfd3c8e19d22--9d64fb88-118d-4816-b82a-36c0c2d2660b.jpeg,2026-05-23T21:23:53.890537+00:00,"Wyld's Sour Cherry Indica gummies are made with real fruit and enhanced with Indica terpenes, making them a great addition to the end of any long day. Whether eaten around a campfire, or in the comfort of your own home, these gummies are great for unwinding. --- Mellow + Carefree --- 100mg THC per package, 10mg THC per gummy.",,
the-plug-crown-heights,QR441y7i8a,b54e39bd-3a0a-4e2d-8873-05f3185e85d2,MFNY Live Resin Gummies -  Pink Lemonade x Lemon Cane (100mg),MFNY,edible,26g,2200,102.05,0,sativa,TRUE,,https://storage.googleapis.com/maui-prod-hyper-media-images/product_images_24856ed5-486f-425a-8f43-f7a3d8e8446f_99fa9f91-590c-417b-9ee1-ca76f548ed0c_original.png,2026-05-23T21:23:53.890537+00:00,"Terpene-rich edibles at an even tastier price. Introducing our live resin Pink Lemonade x Lemon Cane gummies. These vegan gummies are infused with MFNY’s single-source, in-house produced Lemon Cane live resin. We start with fresh-frozen flower buds, then use the hydrocarbon extraction method (plus years of experience and scientific precision) to deliver the purest plant extract. An extract that showcases the cultivar's naturally-produced, full-spectrum cannabinoids and remarkable natural terpenes. Lemon Cane is known for its spicy pineapple flavor. To complement the Lemon Cane cultivar, we add the minimum amount of sugar and Pink Lemonade flavors.",,
the-plug-crown-heights,cPSTQ1Xmxm,376c8824-0ddc-4f35-82e3-23e9abc5f1d1,untitled - Sour Diesel | 7G,untitled,flower,7g,4500,25.5,0,sativa,TRUE,,,2026-05-23T21:23:53.890537+00:00,,,
the-plug-crown-heights,5ghpgPCYlh,c44168d1-7a4c-48f1-acba-df2b75145efd,So Dope - Jack Fruit | 2g Live Resin Sugar,So Dope,concentrate,2g,5000,84.90,,sativa-dom,TRUE,,https://storage.googleapis.com/maui-prod-hyper-media-images/product_images_f79c68a8-ad9d-4a01-b7fe-14f38d3f14cc_093cab5b-131a-4dbe-9312-aa07641416ae_original.png,2026-05-23T21:23:53.890537+00:00,"Get ready for a truly tropical vibe with So Dope's Jack Fruit live resin sugar. This concentrate captures the essence of the sativa-dominant Jack Fruit strain at its peak, thanks to the live resin process that locks in the fresh, juicy flavors. The flavor profile is a straight-up citrus explosion, bursting with notes of sweet orange and zesty lime that make each hit a refreshing experience. The effects start with a clear-headed, energetic buzz that’s perfect for sparking creativity or just shaking off the day's stress. As a live resin sugar, you're getting a super flavorful and aromatic product that's perfect for dabbing. So Dope nailed it with this one—it’s a fantastic choice for when you want that classic sativa spark without any jitters, smoothly transitioning into a peaceful evening.",,
the-plug-crown-heights,Mex1rRmYPI,f4230c00-ea31-4bba-b4cf-073454b4362b,Camino - Chill | Wild Berry 5mg 20pk,Caminos,edible,72g,3000,100,0,indica-dom,TRUE,,https://storage.googleapis.com/maui-prod-products/422821e5-fad5-4e72-8fde-dfd3c8e19d22--0e98ed9e-ec1a-4403-9ed7-889036d50851.jpeg,2026-05-23T21:23:53.890537+00:00,"We all know what it feels like to be overwhelmed. Cramming for college exams, meeting the demands of a high-pressure work environment, keeping up with endless chores, errands, and childcare responsibilities - though the experiences might seem distinct, the feeling is much the same: overwhelming stress and tension. Wild Berry “Chill” is crafted for those moments when you need to relax and reset yourself. Each gummy offers a serene escape with THC providing a gentle euphoria to help calm both mind and body complemented by indica-like terpenes for a mellow feeling. As you indulge in the sweet, irresistible berry flavor, feel the tensions of the day melt away with Wild Berry “Chill” Camino gummies. THC interacts with the body's endocannabinoid system (ECS), influencing neurotransmitter release and binding to cannabinoid receptors, potentially contributing to feelings of relaxation. Its effects on stress response and muscle tension may also promote a sense of calmness and physical ease. Indica-like terpenes promote both relaxation and stress relief. As you indulge in the sweet, irresistible berry flavor, you’ll feel the tensions of the day melt away with Wild Berry “Chill” Camino gummies. Terpenes: Beta-Caryophyllene, Linalool, Myrcene, Humulene, Terpinolene",,
the-plug-crown-heights,PF6f4ikCQi,c4be42cc-bd94-48e3-8701-b42612303948,Revert - Pineapple Haze | 3.5G Flower,Revert,flower,3.5g,3000,26.3,0.05,sativa,TRUE,,https://storage.googleapis.com/maui-prod-hyper-media-images/product_images_2f532f7e-1179-42ce-b6ba-e7322f6eb275_b40944e7-0404-47f6-8310-78d9b2ab5d90_original.png,2026-05-23T21:23:53.890537+00:00,"Pineapple Haze combines the tropical aroma of Pineapple with the racing cerebral energy of Haze, creating a mostly sativa strain with equally enticing flavors and effects. Its tall plants bloom with large colas that look and smell much like pineapples. The Haze influence leads the charge when it comes to Pineapple Haze’s effects, lending a creative and energetic spark that can be harnessed day or night.",,
the-plug-crown-heights,2J8biJn9nb,2de85705-e0b2-43df-83ec-06e672a62a98,Ruby Farms Doobies - Blue Dream | 0.5G 7PK Pre-rolls,Ruby Farms,preroll,3.5g,3700,27.735,0.195,50/50,TRUE,,https://storage.googleapis.com/maui-prod-hyper-media-images/product_images_22c370d0-77e1-49f9-87b1-5e93aa72265f_6edbb49b-ab30-452b-b6a1-2ff13432e517_original.png,2026-05-23T21:23:53.890537+00:00,,,
the-plug-crown-heights,rf1ZObZQgB,65e70379-2129-4c16-93a9-04b87df426e0,Grön - Baja Blaze Mega,Grön,edible,20g,2000,100,0,,TRUE,,https://storage.googleapis.com/maui-prod-hyper-media-images/product_images_ab825774-f937-4021-a7a3-9dbd66cc3f61_d407a3c5-d165-4196-982e-562762269795_original.png,2026-05-23T21:23:53.890537+00:00,Ride a wave of flavor with a sun-kissed splash of sour and sweet. It’s the taste of paradise turned all the way up! Pair with tacos or chips & salsa for a taste sensation reminiscent of late-night munchie missions.,,
the-plug-crown-heights,ZkjyxUDlNj,562dd99d-3ead-479b-a914-1a7f095c76cf,Leal - Super Boof | 3.5G,LEAL,flower,3.5g,2600,29.74,0,50/50,TRUE,,,2026-05-23T21:23:53.890537+00:00,,,
the-plug-crown-heights,8JGyrqDpwZ,ed9faede-772f-411c-8df7-9a3a2eed236c,Grassroots - Foreign Kush Mints | 7g Flower,Grassroots,flower,7g,7000,33.56,0,indica,TRUE,,https://storage.googleapis.com/maui-prod-hyper-media-images/product_images_4946c608-d9aa-4573-b590-cd06fe8135b5_2f63abcb-f646-4b08-bbad-555ee6230e0e_original.png,2026-05-23T21:23:53.890537+00:00,"Bigger, bolder, and built for the night, this extra-chunky Kush Mints brings sweet, doughy richness with a cosmic-level kick so you can fade into the stars. Like a mint on your pillow, this heavy-hitting indica puts you down in delicious fashion. Foreign Kush Mints has an aroma that hits like a wave of pine and menthol, with a sweet, doughy richness underneath. The inhale is fresh and cool before settling into a creamy, nutty and earthy warmth. This heavy-hitting indica tastes as good as it feels with a quick onset and starry-eyed experience. Settle in and let the smoke take over, this sofa-tested strain tests up to 32% THC levels.",,
the-plug-crown-heights,9t7OCjK3MG,059e7bb0-a1eb-4370-b34a-856fb698fb7e,Puff - Blue Cheese | 1G PreRoll,PUFF,preroll,1g,1200,29.65,0,indica,TRUE,,https://storage.googleapis.com/maui-prod-hyper-media-images/product_images_dd765893-666a-41b7-8876-665055663bcf_a382dd7e-bbae-4f2e-9773-faee5935aa36_original.png,2026-05-23T21:23:53.890537+00:00,"Blue Cheese is known for its tangy aroma and ability to provide a euphoric high. The scent is pungent, with a hint of skunkiness and earthiness rounding out the aroma. When smoking, you can expect a smooth, flavorful hit that leaves you with a mouthful and a quick headrush . Whether you’re looking for a way to unwind after a long day or simply want to enjoy a delicious smoke, Puff Blue Cheese pre-rolls are a great choice.",,
the-plug-crown-heights,gYHPMPcWSX,e8acda84-4a81-4ce5-a12e-2a32c53d5498,Camino - Balance Yuzu Lemon 100mg 20pk,Camino,edible,72g,3000,100,0,sativa,TRUE,,https://storage.googleapis.com/maui-prod-products/422821e5-fad5-4e72-8fde-dfd3c8e19d22--3f164c83-0117-428b-abfc-8ee4a5585452.jpeg,2026-05-23T21:23:53.890537+00:00,"In the midst of life's chaos, from juggling stress at work to navigating personal relationships, it's no wonder we sometimes find ourselves feeling off-kilter and in need of grounding. When stress weighs heavy and you're yearning to reclaim your sense of equilibrium, turn to Yuzu Lemon 'Balance' Camino gummies. The harmonious combo of 5MG THC and 5MG CBD creates a welcomed shift in your perspective- almost like discovering a hidden Zen garden landscape right in your own background. THC, often associated with feelings of euphoria, plays a role in promoting balance and well-being by enhancing the activity of the Endocannabinoid System, which helps the body re-establish and maintain homeostasis. CBD, most known for its calming effects, works synergistically with THC to promote a sense of tranquility and equilibrium without overstimulating side effects. As you indulge in the sweet, exotic flavors of Yuzu, you'll feel tension melt away and a wave of serenity wash over you. Yuzu Lemon 'Balance' Camino gummies empower you to prioritize your health and well-being and embrace the journey to inner harmony. Terpenes: Limonene, Beta-Caryophyllene, Myrcene, Nerolidol, Humulene",,
the-plug-crown-heights,zfnErGkh8R,9741ac40-bf0a-4d3a-854d-87a70890c44f,Hepworth - Tahoe OG | 2x0.5G Pre-Rolls,Hepworth,preroll,1g,900,23.25,0.074,indica,TRUE,,https://storage.googleapis.com/maui-prod-hyper-media-images/product_images_e1084d95-899c-434c-9db2-ab74c919ecae_6cdbb434-8888-497d-afcc-6f5d4136acab_original.png,2026-05-23T21:23:53.890537+00:00,"Tahoe OG, also known as ""Tahoe OG Kush,"" is the perfect rainy day marijuana strain. Strong and fast-acting, you may not want to use this strain when you’re planning to leave the house. Great for those suffering from insomnia, pain, or lack of appetite, Tahoe OG has made a name for itself among other indicas. A top nighttime strain, it provides an extremely lazy, heavy body sensation. Due to superb breeding, Tahoe OG embodies all of the typical indica effects with an added euphoric, sativa-like kick. This strain features an earthy, lemon taste, and is a phenotype of OG Kush. Maturing at around 10 weeks, Tahoe OG is a must-try for those looking for a great night’s sleep.",,
the-plug-crown-heights,dik1OOhpbr,8979633b-4430-47ad-b087-b2a18d3508af,Hashtag Honey - Sours | 10MG 10pk Gummies,Hashtag Honey,edible,50.2g,1600,100,0,50/50,TRUE,,https://storage.googleapis.com/maui-prod-hyper-media-images/product_images_c50d3564-f01e-40bc-9b94-259c82b46c26_cf962e41-db55-4d29-9e42-0faeb1eeeed1_original.png,2026-05-23T21:23:53.890537+00:00,"The Hashtag Honey Live Resin Gummy – Sours delivers a tangy, mouthwatering sour flavor infused with solventless live resin for full-spectrum effects and rich terpene expression. Each gummy packs a sweet-and-tart punch, offering a clean, fruity finish with no artificial aftertaste. Because these gummies are live-resin infused, the effects feel stronger, longer-lasting, and more true to the plant, providing balanced euphoria, body relaxation, and an enjoyable mood boost.",,
the-plug-crown-heights,T6JeK7KIFC,74fb584c-c8c0-4b23-b7f9-5b330ab37969,Toast - Purple Reign | 1g Pre-Roll,Toast,preroll,1g,1200,20.64,0,50/50,TRUE,,https://storage.googleapis.com/maui-prod-hyper-media-images/product_images_a5c11cbf-a409-4bf8-b449-ec7c440d1877_10dc5083-214f-4b31-a574-df7313deca49_original.png,2026-05-23T21:23:53.890537+00:00,"Crafted from High Octane Grape, Purple Reign blends the sweetness of grape with a subtle fuel-driven edge. Rich notes of dark fruit, berry, and spice create an unmistakable terpene profile. Purple Reign nods to the city’s creative undercurrent—the late nights, the vinyl crates, the purple neon glow—where culture is made, not copied. Starring some of the most coveted varieties on the market, Toast Classic strains are thoughtfully curated by cannaseurs, emphasizing cultivars with a robust and unique terpene profile. Each of these special pre-rolls is impeccably crafted and contains 100% premium flower",,
the-plug-crown-heights,pYpIpd8ha1,9d4dbd1b-8b00-4865-bc50-cca60c1918eb,BTQ Switch V5 - Pink-Z x Dragon Fruit x Tropicana | Ind-Hyb-Sat | 2g AIO,Boutiq,other,2g,8000,82.287,0.789,,TRUE,,https://storage.googleapis.com/maui-prod-hyper-media-images/product_images_ff2a6577-f117-4dce-ba93-d54ff30abf17_40f67baa-6744-473e-bc51-c0f90dfd0179_original.png,2026-05-23T21:23:53.890537+00:00,"Immerse yourself in vibrant, fruity flavor with the Boutiq Switch V5 (2g) – Pink Z x Dragon Fruit x Tropicana. This triple-chamber disposable lets you toggle between three premium strains or blend them for a personalized session. Enjoy candy sweetness, tropical fruit notes, and bright citrus in a sleek, rechargeable device designed for smooth, potent vapor and consistent performance.",,
the-plug-crown-heights,g2kczxGwIm,39ed3d11-331f-4edf-b7a4-e757f582a78d,Untitled - Ice Cream Cake | 7G Flower Smalls,untitled,flower,7g,4500,26.92,0,indica,TRUE,,https://storage.googleapis.com/maui-prod-hyper-media-images/product_images_71f3947c-efb7-4e3b-aa1d-3244b7b0229e_aff7bc9c-b0c4-4b0b-9972-5ba710782601_original.png,2026-05-23T21:23:53.890537+00:00,,,
the-plug-crown-heights,s6eFf4NR6d,57995b29-c5d1-46bf-96db-df7f5abb7cd5,WYLD- Huckleberry 100mg THC,WYLD,edible,40g,2600,100,0,50/50,TRUE,,https://storage.googleapis.com/maui-prod-products/422821e5-fad5-4e72-8fde-dfd3c8e19d22--94a29251-f471-4388-ac5d-1f872f4c2ce7.png,2026-05-23T21:23:53.890537+00:00,"Our Huckleberry Hybrid gummies are made with real fruit and enhanced with a balanced hybrid terpene profile that may assist in creating a sense of cheerfulness and overall well being. Ideal for your day-to-day adventures! --- It’s a little like the perfect balance of wearing pajamas to work. Enjoy! --- 100mg THC per package, 10mg THC per gummy ---",,
the-plug-crown-heights,g4Aw53p299,3ca54d6c-9757-4434-b2e3-907234d18910,MFNY Live Resin Gummies - Creamsicle x Rainbow Beltz 2.0 | Live Resin Gummies,MFNY,edible,26g,2200,100,0,indica,TRUE,,https://storage.googleapis.com/maui-prod-hyper-media-images/product_images_1ebba8e6-260d-4370-a66e-beb7a9b5e500_bd40bc55-e671-430e-8a16-2d85cdce9dc0_original.png,2026-05-23T21:23:53.890537+00:00,"Terpene-rich edibles at an even tastier price. Introducing our live resin Creamsicle x Rainbow Beltz gummies. These vegan gummies are infused with MFNY’s single-source, in-house produced Rainbow Beltz live resin. We start with fresh-frozen flower buds, then use the hydrocarbon extraction method (plus years of experience and scientific precision) to deliver the purest plant extract. An extract that showcases the cultivar's naturally-produced, full-spectrum cannabinoids and remarkable natural terpenes. Rainbow Beltz is known for its tantalizing fruity aromas plus sweet candy undertones. To complement the Rainbow Beltz cultivar, we add the minimum amount of sugar and creamsicle flavors.",,
the-plug-crown-heights,AchhDIE0u0,7e29d987-fd79-40fc-acd9-e629c57939c5,Camino - Energy | Tropical Burst 2:1,Camino,edible,39g,3000,100,0,,TRUE,,https://storage.googleapis.com/maui-prod-products/422821e5-fad5-4e72-8fde-dfd3c8e19d22--53f0bacb-b422-47d4-b5d8-0dac1a2312eb.jpeg,2026-05-23T21:23:53.890537+00:00,"Have you ever dealt with a demanding schedule, approaching deadlines, and a sense of fatigue creeping in? This is precisely when Camino Sours Tropical Burst Energy gummies step in to give you just the boost you need. Packed with 10MG of THC and 5MG of THCV with sativa-like terpenes and the vitamins B6 and B12 combined with the perfect amount of caffeine, these gummies are your ticket to an enlivened experience.",,
the-plug-crown-heights,43PLsS5qro,dcc3238a-a1c8-4766-a18a-90aed4d5523d,Mini Mart - Fatso | 3.5g Flower,mini mart,flower,3.5g,2500,30.84,0,indica,TRUE,,https://storage.googleapis.com/maui-prod-hyper-media-images/product_images_dfc8a07b-c224-4bb3-a20f-c3e8a35e32d4_2fd03b50-ba85-4745-808a-cb01a422d7e2_original.png,2026-05-23T21:23:53.890537+00:00,Skunky diesel with subtle sweetness and serious potency. A heavy-hitting indica best enjoyed when you have nowhere to be and nothing but time to melt into the couch.,,
the-plug-crown-heights,KwBHyMxH9E,d7759f22-d01b-4e57-ba77-0437c5b894c4,Ayrloom UP (12oz) Beverage - Honeycrisp | 5MG 1:1 THC:CBD,Ayrloom,edible,12fl oz,250,5,0,,TRUE,,https://storage.googleapis.com/maui-prod-hyper-media-images/product_images_3dd0c7d7-7713-4cae-ae53-4a3ac4671a09_987c4ab2-f721-48a7-ae2e-be6fe21ade00_original.png,2026-05-23T21:23:53.890537+00:00,,,
the-plug-crown-heights,7YEpQTSwPI,cf766def-a161-4998-a912-b4c8273d5df3,Grassroots x Dark Heart - Foreign Kush Mints | 3.5g Flower,Grassroots,flower,3.5g,4500,36.45,0,indica-dom,TRUE,,https://storage.googleapis.com/maui-prod-hyper-media-images/product_images_67a19653-25c2-4385-ba6e-08fc7d356e85_69bccd4f-7a14-4826-8a53-bc17047fd4e4_original.png,2026-05-23T21:23:53.890537+00:00,"Bigger, bolder, and built for the night, this extra-chunky Kush Mints brings sweet, doughy richness with a cosmic-level kick so you can fade into the stars. Like a mint on your pillow, this heavy-hitting indica puts you down in delicious fashion. Foreign Kush Mints has an aroma that hits like a wave of pine and menthol, with a sweet, doughy richness underneath. The inhale is fresh and cool before settling into a creamy, nutty and earthy warmth. This heavy-hitting indica tastes as good as it feels with a quick onset and starry-eyed experience. Settle in and let the smoke take over, this sofa-tested strain tests up to 32% THC levels.",,
the-plug-crown-heights,yUUGkjDyOY,3493f358-e3c2-46c7-b0de-b279a6954fae,MFNY - Candy Rain x Candy Rain | .75g Infused 4pk,MFNY,preroll,3g,5000,31.10,0.04,indica,TRUE,,https://storage.googleapis.com/maui-prod-hyper-media-images/product_images_a9d9a6e7-ab5e-4f80-9bf8-780690ca0229_41a260a6-d626-4167-9aa5-2ec6b5eb70c2_original.png,2026-05-23T21:23:53.890537+00:00,"For our resin infused pre-rolls (four packs), we start with premium, hand-trimmed whole Candy Rain flower then infuse it with our in-house made Candy Rain live resin HTFSE (High Terpene Full Spectrum Extract from fresh frozen buds) totaling three quarters of a gram in weight. This process creates a higher potency, flavorful product, as Candy Rain recalls flavors of sweet candy and zkittles. Potent and high in THC, this product is a treat for experienced cannabis consumers. No shake, no trim. Just the very best of our craft cannabis, ready to enjoy. Exclusively single-sourced at MFNY in the Hudson Valley",,
the-plug-crown-heights,Iw4173IdeS,e6f3720b-80d9-4c91-9858-19852dcc1957,Grön - Cherry Cola Mega,Grön,edible,20g,2000,100,0,indica,TRUE,,https://storage.googleapis.com/maui-prod-hyper-media-images/product_images_7ee11262-3c48-4f2a-b768-352d0ff27d50_5d9be0d0-bbaf-47c3-8b63-46ecb5770842_original.png,2026-05-23T21:23:53.890537+00:00,,,
the-plug-crown-heights,mslnpSwS83,a17320ac-e210-486c-b7f7-dd4892d46dbb,Florist Farms - Dutch Hawaiian  | 1G Live Resin Infused Pre-Roll,florist farms,preroll,1g,1600,38.51,0,sativa,TRUE,,https://storage.googleapis.com/maui-prod-hyper-media-images/product_images_8c41dd79-85e6-4ebd-b679-d1de1dbb428d_cb3d5582-9446-4b71-b375-c2bffbc0f9cc_original.png,2026-05-23T21:23:53.890537+00:00,"This 1 gram pre-roll is made with whole flower - never trim - and infused with live resin and pure THC-A Diamonds for an extra potent, full-bodied high. Definitely a go-to for experienced smokers or anyone wanting a more powerful hit. Effect: Sativa Flavor: Tropical pineapple with gas Ingredients: Whole Cannabis Flower, Live Resin Extract, THC-A Diamonds Why We Love Florist Farms Located in Cortland, NY, Florist Farms is committed to sustainability. They practice regenerative farming by growing in living soil, using organic compost, and never using pesticides. For over a decade, they have been organic vegetable farmers and donate produce weekly to help support their community. Our friends at Florist Farms are deeply committed to quality and to delivering the cleanest cannabis products in New York State. Infused • Lab Tested • No Artificial Flavoring • No Pesticides",,
the-plug-crown-heights,xMNQExYLz0,4526fcd6-8aba-4ba8-a6a6-be9fc2594c50,MFNY - Cherry x Rainbow Beltz 2.0 | Sleepy MF-er Live Resin Gummies,MFNY,edible,20.88g,999,81.84,0,indica,TRUE,,https://storage.googleapis.com/maui-prod-hyper-media-images/product_images_e747a847-c9b5-40a7-94ff-f4e216dad01d_537af888-88bb-48bb-9798-b7931219ed5a_original.png,2026-05-23T21:23:53.890537+00:00,,,
the-plug-crown-heights,0tDNb8U0DZ,b7ed10b0-1ecc-4fa7-af31-ccb4bbdba2bb,MFNY - Sour Green Apple x Sour Diesel | Live Resin Gummies,MFNY,edible,26.1g,2200,110.30,0,sativa,TRUE,,https://storage.googleapis.com/maui-prod-hyper-media-images/product_images_035b03e7-81fa-4dfe-8882-fcd53b78b3ea_d5cfb597-35e6-4a26-8512-4da88708e27b_original.png,2026-05-23T21:23:53.890537+00:00,"The cultivar, the myth, the legend. It’s the first of the MFNY Classics that pay homage to the strains that shaped modern cannabis — and the highs they first brought us. MFNY Classics aren’t throwbacks, they’re living proof of what we can do by infusing old-school cultivars with modern processes. All to bring legendary, full-of-life flavors and effects to New Yorkers. Terpene-rich edibles at an even tastier price. Introducing our live resin Green Apple x Sour Diesel gummies. These vegan gummies are infused with MFNY’s single-source, in-house produced Sour Diesel live resin. We start with fresh-frozen flower buds, then use the hydrocarbon extraction method (plus years of experience and scientific precision) to deliver the purest plant extract. An extract that showcases the cultivar's naturally-produced, full-spectrum cannabinoids and remarkable natural terpenes. Sour Diesel is known for its deep diesel fuel and skunk with a sour cream backend. To complement the Sour Diesel cultivar, we add the minimum amount of sugar, plus green apple flavors.",,
the-plug-crown-heights,0pE2w1ydU3,9119114b-171b-4aeb-b19b-5aa36b39f54d,Ruby Farms - Super Lemon Haze| 7pk Pre-Rolls,Ruby Farms,preroll,3.5g,3700,26.621,0,sativa,TRUE,,,2026-05-23T21:23:53.890537+00:00,"Super Lemon Haze is a sativa strain, with an aroma that is zesty, citrusy, and a little sweet. This is an uplifting sativa that was bred in the 1990's by The Haze Brothers, and is of legendary Dutch lineage. This is one classic sativa that is super rare.",,
the-plug-crown-heights,Uh3S3d3OR8,511f1693-a510-46f2-a7d9-5161d075daa2,Smoke - Octane Orbit | 1G Live Resin Liquid Diamonds AIO,Smoke,other,1g,4000,79.61,0,,TRUE,,,2026-05-23T21:23:53.890537+00:00,,,
the-plug-crown-heights,S8m7CtfboJ,93dc891f-6189-400d-839d-612cb5cd37ad,untitled - Lemon Pound Cake | 3.5g Flower Smalls,untitled,flower,3.5g,2500,20.79,0,sativa,TRUE,,https://storage.googleapis.com/maui-prod-hyper-media-images/product_images_a06f67f3-159b-48d1-8e29-837558da1e34_15bb2dc6-7708-4674-b986-500384480171_original.png,2026-05-23T21:23:53.890537+00:00,,,
the-plug-crown-heights,F77uduLCWS,92842b7f-4c5d-4a1a-806a-7d28cefdc570,Pure Beauty - Hybrid Special Blend Babies | 3.5g Pre-Roll Pack,Pure Beauty,preroll,3.5g,5000,28.045,0,50/50,TRUE,,https://storage.googleapis.com/maui-prod-hyper-media-images/product_images_e0627f15-1b2b-43df-a52d-3a88712cffbd_a6fdebc9-755a-4391-8ca5-1398be751cb3_original.png,2026-05-23T21:23:53.890537+00:00,"FUN-SIZED AND READY TO GO, PURE BEAUTY'S HYBRID BABIES ARE PERFECTLY PORTABLE PREROLLS FILLED WITH BALANCED, HIGH QUALITY HYBRID FLOWER. WITH A SPICY, NUTTY, EARTHY AROMA AND TASTE, THESE BABIES MAKE FOR A CALM-BUT-EUPHORIC, HAPPY HIGH. PASS THEM OUT AT THE PARTY OR KEEP THEM ALL TO YOURSELF. EACH BOX OF BABIES CONTAINS AN EIGHTH OF WHOLE FLOWER ROLLED INTO 10 MINI JOINTS. CONTAINS 10 PREROLLS AND 3.5G TOTAL PURE BEAUTY IS A DIVERSE TEAM THAT MAKES SOCIAL JUSTICE A CORE PART OF ITS MISSION.",,
the-plug-crown-heights,u6aK49T8VS,4c241782-1924-4961-b418-7aa605f21502,Grassroots X Dark Heart - Triple Stack | 3.5G Diamond-Infused Flower,Grassroots,flower,3.5g,6000,39.54,0.12,indica-dom,TRUE,,https://storage.googleapis.com/maui-prod-hyper-media-images/product_images_eb457839-e1c1-475d-8798-f6605f6e0e9e_f0022067-268a-48a3-a8c4-8f6bba47ba28_original.png,2026-05-23T21:23:53.890537+00:00,"Triple Stack piles on the indulgence with layer after layer of sweet doughy goodness. Break apart a nug and you're hit with the smell of fresh-baked goods, toasted nuts, and warm vanilla that drifts through the air. The inhale is thick and doughy, like a stack of pancakes soaked in caramel, while the exhale smooths it out with a cool, creamy finish and a pop of berry and mint. Frosty, rich, and undeniably potent, this indica delivers flavor, feel, and a finish like a fine dessert. Clarity, rarity, and packed with an extra punch. These are the characteristics that define Diamond Infused Whole Flower by Grassroots. This premium flower is infused with a boost of power that is 10-15% stronger than your standard strain. Made with exceptional taste in mind, our Diamonds are clear, pure, and designed to let the true flower and terpene flavors shine. No shake, stems, or leaves, Diamond Infused Whole Flower are full nugs ready for joint rolling, bowls, bongs, or bubblers.",,
the-plug-crown-heights,DBkZkc708x,3641e8f0-487f-4326-998c-daa9ad2839eb,WYLD- Raspberry 100mg THC,WYLD,edible,40g,2600,100,0,sativa,TRUE,,https://storage.googleapis.com/maui-prod-products/422821e5-fad5-4e72-8fde-dfd3c8e19d22--e1edf750-1980-4afb-9a7e-ba3555eb71cf.jpeg,2026-05-23T21:23:53.890537+00:00,"Our Raspberry Sativa gummies are made with real fruit and enhanced with botanical terpenes that may assist in creating euphoric and energizing experiences. Ideal for keeping you focused on the task at hand, refining your creative endeavors, or even better, getting you out on your next expedition! --- It's a little like surfing the clouds on a surfboard made of pure energy. Enjoy!",,
the-plug-crown-heights,JDsGnFLm8F,fd940724-1219-4d33-b374-27ec931bca32,Jaunty (Fast-Acting) - Mango Sunrise (20mg),Jaunty,edible,10g,500,20,0,,TRUE,,https://storage.googleapis.com/maui-prod-products/422821e5-fad5-4e72-8fde-dfd3c8e19d22--26999a6a-c614-4d14-be66-b64bd35195fa.png,2026-05-23T21:23:53.890537+00:00,"Let’s get Jaunty. These fast-acting gummies provide just the right amount of boost thanks to the carefully crafted blend of THC, CBG, CBD, and sativa effects-based terpenes. Experience a refreshing wave of energy and creativity that helps you stay focused and uplifted throughout the day. 2pk; 20mg total.",,
the-plug-crown-heights,OOhdSf6kIs,92212119-1ed2-47ad-be69-6ba38bc563b7,Electraleaf - Coco Pina | 3.5G,Electraleaf,flower,3.5g,4500,16.88,0.088,sativa-dom,TRUE,,https://storage.googleapis.com/maui-prod-hyper-media-images/product_images_c94fa1b6-7137-4fcd-a0f6-d98c3d3450fb_c3f8ac8b-f5aa-44ef-927b-b61595d4d8b7_original.png,2026-05-23T21:23:53.890537+00:00,"Coco Pina, a captivating hybrid from Electraleaf, transports you to a tropical paradise with its enticing aroma and uplifting effects. This unique strain blends the mysterious Pina Acai with the beloved Banana Cream Jealousy, creating a delightful experience that’s both calming and euphoric. Aroma: A Tropical Medley with a Creamy Twist Imagine a vibrant blend of sweet pineapple and juicy berries, accented by a subtle hint of creamy banana. That’s the alluring aroma of Coco Pina. It’s a delightful reminder of its Pina Acai heritage, layered with the smooth, nutty notes of Banana Cream Jealousy. Flavor Profile: A Fruity & Creamy Paradise Close your eyes and take a puff of Coco Pina – you’ll be whisked away to a tropical beach! This strain offers a symphony of sweet and fruity flavors. The juicy pineapple and berry notes from Pina Acai take center stage, beautifully complemented by the creamy banana taste of Banana Cream Jealousy. Effects: Uplifting Calm & Happy Relaxation Coco Pina delivers a delightful, balanced experience. Expect a wave of euphoria and happiness to wash over you, promoting a sense of calm relaxation. It’s ideal for unwinding after a long day, spending time with friends, or simply indulging in a mood boost. While your mind experiences a gentle buzz, your body enjoys a pleasant relaxation, making it a versatile strain for a variety of occasions.",,
the-plug-crown-heights,IeLThApxZS,2894d2ba-1dc9-4c96-b95a-dbb30baf5ac4,Florist Farms - Green Crack | 1G Cart,florist farms,other,1g,4000,90,0,sativa,TRUE,,https://storage.googleapis.com/maui-prod-hyper-media-images/product_images_4fdb239e-d2cc-42fa-84e9-5bb5b0b86fa5_dcfa4ad4-9604-4516-9b88-d19f9f5952a5_original.png,2026-05-23T21:23:53.890537+00:00,,,
the-plug-crown-heights,jfbMwrnsAI,ee2b2133-c31d-4faa-9dd8-33e79e3f1f26,Anthem Bold - Acapulco Gold | Glass Tip infused Pre-Rolls 5pk,Anthem,preroll,2.5g,4000,41.47,0,sativa,TRUE,,https://storage.googleapis.com/maui-prod-hyper-media-images/product_images_d148742d-0692-41b8-a5d5-b416ed8bf9fc_47549e91-ba76-41d0-8038-53b7b92c6514_original.png,2026-05-23T21:23:53.890537+00:00,"**Acapulco Gold** This sativa features earthy tones mixed with spice, citrus, and honey-like sweetness, balanced by a smooth flavor. **ANTHEM BOLD GLASS TIPS:** Anthem Bold looks different, feels different, and hits different. Our Bold infused pre-rolls feature: * Higher potency for an elevated pre-roll experience * Iconic Strains: Blue Dream, King Louis XIII, Acapulco Gold * Glass tips to deliver a bolder strain experience",,
the-plug-crown-heights,GYhQCl2LEi,1a40ee1b-626f-42ce-9eba-803ded62f788,Adirondack Flower - Super Boof | 3.5g Flower,Adirondack Flowers,flower,3.5g,4500,33.43,0,sativa-dom,TRUE,,https://storage.googleapis.com/maui-prod-hyper-media-images/product_images_f6a7a5ea-3976-4167-82f2-2f436e887d88_ec763b9d-f831-41a5-a172-dddc93a2fa30_original.png,2026-05-23T21:23:53.890537+00:00,Super Boof is a hybrid cannabis strain most often described as a Black Cherry Punch and Tropicana Cookies cross with a cherry-and-citrus aroma and a balanced mind-and-body experience that can feel strong at higher amounts.,,
the-plug-crown-heights,4ADaHEi9NY,9bce1c0a-0e46-4cc2-9123-feafcc27905e,LEAL - Chronic Tonic | 3.5G,LEAL,flower,3.5g,2600,31.56,0,sativa-dom,TRUE,,,2026-05-23T21:23:53.890537+00:00,,,
the-plug-crown-heights,VQFxtNtJur,07aa05d7-b2aa-4310-81dc-8e9df79bec8c,PUFF - Lemon Wreck | 1G Pre-roll,PUFF,preroll,1g,1200,28.394,0,sativa,TRUE,,https://storage.googleapis.com/maui-prod-hyper-media-images/product_images_ec56fa1c-543f-461d-aef0-219586630978_00fcb0c3-154c-44f1-8ead-790fbaa93dbe_original.png,2026-05-23T21:23:53.890537+00:00,,,
the-plug-crown-heights,xvFozR6aTi,423a4a7d-184c-4f62-98cb-b8d16a532e84,MFNY - Honey Banana | 0.35G Disposable,MFNY,other,0.35g,1799,75.307,0.136,sativa,TRUE,,https://storage.googleapis.com/maui-prod-hyper-media-images/product_images_023b9fdd-cdb3-41d6-bea3-905dfae1e852_a607222c-7cb2-4b39-a726-03ade54514b3_original.png,2026-05-23T21:23:53.890537+00:00,"We've gone totally Honey Bananas: All-In-One pocket-sized plant power, now at a special price. The MFNY live resin AIO vape has a terpene rich profile of our single-source, in-house produced Honey Banana real live resin. We start with fresh-frozen flower buds, then use the hydrocarbon extraction method (plus years of experience and scientific precision) to deliver the purest plant extract. An extract that showcases the cultivar's naturally-produced, full-spectrum cannabinoids and remarkable natural terpenes. Honey Banana is known for its unmistakable banana aroma of Strawberry Banana which is well balanced with the sweet flavor of Honey Boo. Potent in THC, it has a euphoric head high. No distillates, added flavors, or alterations. Comes in a sleek rechargeable Active EZ Click Glass All-In-One vape pen, preconfigured to enjoy at the perfect temperature. Vape cartridge contains concentrated live resin oil that is heated by a battery and vaporized for inhalation. These products are very potent and are designed to be consumed in 2-3 second puffs. Exclusively single-sourced at MFNY in the Hudson Valley. Together, we can take NY and all New Yorkers Ever Upward!",,
the-plug-crown-heights,KoVZyxG6dP,8e8016a2-8a6e-4362-9336-92839e02bfb9,Zizzle - Black Magic | 3.5 Flower,Zizzle,flower,3.5g,5000,30.25,0,indica,TRUE,,https://storage.googleapis.com/maui-prod-hyper-media-images/product_images_1153caa0-2175-4dfa-a672-a722d315f87d_84c4a120-9f30-45b9-aa8c-fe8ba315ef18_original.png,2026-05-23T21:23:53.890537+00:00,"Zizzle is proud to present Black Magic. Born from the legendary lineage of LCG and GDP, crafted into a rich, flavorful experience designed to captivate the senses. Premium exotic flower featuring deep purple hues, rich terpene expression, and smooth, flavorful smoke crafted for true connoisseurs. Black Magic is more than a strain, it's an atmosphere, a feeling, a ritual. Welcome to the darker side of luxury.",,
the-plug-crown-heights,20BkQ63XXR,ed80d3c9-ad10-4344-b62c-3d4cb894c28c,Adirondack Flowers - Grape Falls Diesel | 3.5G,Adirondack Flowers,flower,3.5g,4500,29.08,0,,TRUE,,https://storage.googleapis.com/maui-prod-hyper-media-images/product_images_a3af8951-0b50-4265-baf3-f37c75d17f41_2268885d-802f-481a-8a07-3f1eddbba332_original.png,2026-05-23T21:23:53.890537+00:00,,,
the-plug-crown-heights,f2KxnFrjiK,368b9efb-0a53-43bc-9186-20075e8210a9,Smoke - Pineapple Wave | 1G Live Resin Liquid Diamonds AIO,Smoke,other,1g,4000,76.45,0,,TRUE,,,2026-05-23T21:23:53.890537+00:00,,,
the-plug-crown-heights,VzrzTAHYOE,3b418abc-4bec-4061-b80e-9e054cef8b66,Smoke - Grape Sorbet | 1G Live Resin Liquid Diamond AIO,Smoke,other,1g,4000,79.61,0,,TRUE,,,2026-05-23T21:23:53.890537+00:00,,,
the-plug-crown-heights,4VgXw4kvjM,720256d9-580e-41d6-bb9f-384b155e96bc,Purps- Blue Nerdz | 3.5G Flower,Purps,flower,3.5g,4500,22.93,0,sativa,TRUE,,https://storage.googleapis.com/maui-prod-hyper-media-images/product_images_53f1c73f-b342-4b5b-9ee7-6ad0931ca1df_04adcc4c-7588-4d66-a198-927dc2210a80_original.png,2026-05-23T21:23:53.890537+00:00,,,
the-plug-crown-heights,B2vspFCnCZ,1157905d-167f-44ad-b4b8-679286dc9e9a,Anthem Bold - Blue Dream | Glass Tip infused Pre-Rolls 5pk,Anthem,preroll,2.5g,4000,49.04,0,50/50,TRUE,,https://storage.googleapis.com/maui-prod-hyper-media-images/product_images_8b2a349b-35cb-42ba-93f8-715d2f878494_4c0a45ad-6a89-4c15-bc95-76465e61f936_original.png,2026-05-23T21:23:53.890537+00:00,A hybrid celebrated for sweet blueberry notes that blend with the richness of fresh-baked pastry. Higher potency for an elevated pre-roll experience with Glass tips to deliver a bolder strain experience.,,
the-plug-crown-heights,jJmAPMDNUE,65abbb10-d07c-48c6-932c-285df1beeef3,Heavy Hitters - Skywalker | 0.5G Ultra Extract Vape AIO,Heavy Hitters,other,0.5g,3700,86.49,0,indica-dom,TRUE,,https://storage.googleapis.com/maui-prod-hyper-media-images/product_images_898504ea-8794-4bfa-9f27-b267b836e239_12b149eb-c158-4e7c-9de0-e3abee024db6_original.png,2026-05-23T21:23:53.890537+00:00,,,
the-plug-crown-heights,L97BE1MxpO,1c25db9f-adb6-4205-b096-1ee0e9061d46,Anthem - Hybrid Blend |0.35g 10pk,Anthem,preroll,3.5g,3600,34.007,0.119,50/50,TRUE,,https://storage.googleapis.com/maui-prod-hyper-media-images/product_images_da15bd2c-c599-46d6-a946-7389be2fc475_93990543-2102-4964-be1f-bd6c353d5388_original.png,2026-05-23T21:23:53.890537+00:00,,,
the-plug-crown-heights,fEhBpzefG3,7edd2e01-7860-409e-a4e5-a9a4537d90db,Smoakland - Blueberry Gelato | 28G,Smoakland,flower,28g,10600,21.98,0.084,50/50,TRUE,,https://storage.googleapis.com/maui-prod-hyper-media-images/product_images_38364329-85d2-4d60-b5bc-91577035f0b1_93b453a1-f72b-47c2-b33d-bf9edc94bd69_original.png,2026-05-23T21:23:53.890537+00:00,,,
the-plug-crown-heights,r75ZqXYOKa,c2135f38-e9a6-4241-b2c3-0ee6324552ea,5BORO - Hood Candyz | .7G Dime Bag,5BORO,flower,0.7g,900,29,0,indica,TRUE,,https://storage.googleapis.com/maui-prod-hyper-media-images/product_images_41ef305a-0823-4380-aba8-6399b4c29763_1e28c712-bd03-4308-9491-5fd359073288_original.png,2026-05-23T21:23:53.890537+00:00,"Effects: Hood Candyz is great for unwinding at end of the day of a long day. Effects include heavy body relaxation, mental relief, and powerful munchies. Aromas/Flavors: Extremely sweet and fruity with small hints of gassy floral notes.",,
the-plug-crown-heights,S9lvzZkyH8,c8584e61-171d-4c85-91b1-37cae7b7ac64,Jaunty 1g Cart Wedding Cake,Jaunty,other,1g,4500,83.47,0,indica,TRUE,,https://storage.googleapis.com/maui-prod-hyper-media-images/product_images_c6d1740d-a81f-49ba-b716-fdd48052858b_ed5c27a2-4aa7-49b1-9f25-02cef6c111d4_original.png,2026-05-23T21:23:53.890537+00:00,"Wedding Cake | 510 | CDT Jaunty’s classic 510-thread vape cartridges combine proprietary blends of cannabis-derived terpenes with CO2-extracted cannabis oil, delivering true-to-strain flavors and effects-based profiles. Wedding Cake is a classic indica known for its sweet aromatic essence and fruity flavor. This strain makes for a delicious dessert to help relax and unwind into a peaceful slumber. Primary terpenes: Humulene, Limonene, Myrcene, Nerolidol",,
the-plug-crown-heights,MbEmDWmCJU,4891f8a1-739f-41ba-bf0d-0009489a9ee9,Smoakland - Durban Poison | 28G Flower,Smoakland,flower,28g,10600,20.8,0,sativa,TRUE,,https://storage.googleapis.com/maui-prod-hyper-media-images/product_images_80d1caac-e8d6-4486-864b-890c507b616e_2c0e02ef-0d32-4a94-a5b4-4f814ab4ba50_original.png,2026-05-23T21:23:53.890537+00:00,"Durban Poison, a pure sativa strain originating from South Africa, is renowned for its potent effects. Discovered by American cannabis activist Ed Rosenthal in the 1970s, it's become a favorite among recreational users and medical marijuana patients alike. With THC levels reaching up to 24%, Durban Poison delivers an intense head high that stimulates creativity and aids daytime tasks. However, potential side effects include paranoia and dry mouth. It serves as an effective remedy for depression, anxiety, chronic pain and nausea due to its powerful properties. The strain also lends itself well to concentrate production thanks to its oversized trichomes covering the bud surface. Its dominant flavor profile combines earthy sweetness with subtle pine undertones while presenting round chunky buds densely coated in trichomes; making it visually appealing too! Ideal for active periods or daylight chores - Durban Poison offers more than just potency but a comprehensive cannabis experience.",,
the-plug-crown-heights,5VRY2mo76R,9a422223-7228-4438-b7a3-ae5e546a78c4,Puff - Grape Drink | 1G PreRoll,PUFF,preroll,1g,1200,27.47,0.108,indica,TRUE,,https://storage.googleapis.com/maui-prod-hyper-media-images/product_images_a0fdacd4-265f-46e7-b515-513c008f2411_19c5c6db-5749-478b-99ab-e9f70d4ae63c_original.png,2026-05-23T21:23:53.890537+00:00,"The juicy and delicious Grape Drink Puff Pre Roll is a true taste sensation, delivering a sweet and fruity flavor with a hint of earthy undertones. Whether you’re looking to unwind after a long day, or simply enjoy a relaxing smoke, this strain is sure to hit the spot. The delicate balance of sweet and earthy notes makes for a smooth and satisfying smoke, with a happy and sedative high that’s perfect for chillin on the couch.",,
the-plug-crown-heights,m0CEzRb4pj,d2a676c7-e67d-45ed-b9ea-84d82d22b8b0,Jaunty- Ghost Train 1.5g AIO,Jaunty,other,1.5g,6000,82.38,0,sativa,TRUE,,https://storage.googleapis.com/maui-prod-products/422821e5-fad5-4e72-8fde-dfd3c8e19d22--dff36de3-080f-4cf9-8fab-8c7ce4c9f872.png,2026-05-23T21:23:53.890537+00:00,"Ghost Train is a hazy sativa with a sweet blend of sour, citrus, and piney aromas, known for its energizing effects and creativity-boosting qualities.",,
the-plug-crown-heights,1VA87IKH28,32b9f04e-e6fe-41e3-95c5-00e0db72797b,The Plug Pack - Blue Tropic Kush | 28G Flower,The Plug Pack,flower,28g,9900,28.29,0,sativa,TRUE,,,2026-05-23T21:23:53.890537+00:00,"A sativa flower known for fast-acting, cerebral effects that boost energy, focus, and creativity. It is generally characterized by a tropical, citrus, and sweet flavor profile, making it a popular choice for daytime use.",,
the-plug-crown-heights,Kh61I1dvLG,e854061c-3ef4-48d4-a6f1-bf19048c6dc5,High Tea Herbal Wraps - Wild honey | 5 Pack,High Tea,merch,,150,,,,TRUE,,https://storage.googleapis.com/maui-prod-hyper-media-images/product_images_936b3b7d-d593-40a3-8d7a-30fa9c621bb8_3c0ed83f-3104-4634-a311-2834e3e6a515_original.png,2026-05-23T21:23:53.890537+00:00,,,
the-plug-crown-heights,w5TQrI5WRB,87249fe2-78d4-4a68-b853-604638339bce,Untitled -  Super Boof | 7G Flower,untitled,flower,7g,4500,22.78,0,sativa,TRUE,,https://storage.googleapis.com/maui-prod-hyper-media-images/product_images_29eb5802-f289-4f62-b8d7-3b0ccc1ad887_d7177a72-e311-4512-86e9-dfc4c78bfdc6_original.png,2026-05-23T21:23:53.890537+00:00,"Super Boof brings a bright boost to your day—an indoor-grown sativa offered in a fresh 7g format. Known for its clean, energizing head high and lively flavor, it delivers a smooth, potent ride that’s perfect for daytime tasks, creative flow, or hanging with friends. Expect chunky, crystal-coated buds that carry a sweet, fruity aroma layered with gentle earthiness. The uplifting effects encourage clear focus, steady motivation, and an overall lift in mood, making it a great choice for both seasoned consumers and anyone looking to explore a stimulating sativa.",,
the-plug-crown-heights,gwtKbHN8Cf,e9489e02-a6a0-4236-b136-51b45f1c3d55,Ayrloom (5pk x 0.6g) Pre-Rolls - Key Lime,Ayrloom,preroll,3g,3800,90.55,0,50/50,TRUE,,https://storage.googleapis.com/maui-prod-products/422821e5-fad5-4e72-8fde-dfd3c8e19d22--42693667-1f21-4e24-8327-1dd3b2ab7457.png,2026-05-23T21:23:53.890537+00:00,"Get ready for a zesty, citrus-infused experience with Ayrloom’s Key Lime Pre-Roll 5 Pack. Each pre-roll is packed with 0.6 grams of high-quality, hand-selected Key Lime cannabis flower, meticulously rolled for a smooth and flavorful smoke that delivers the perfect balance of relaxation and euphoria.",,
the-plug-crown-heights,sbNXPAQNNH,6ed0b558-637b-4c2b-9d4f-a28c258910ce,WYLD- Blood Orange 1:1 CBC:THC,WYLD,edible,40g,2600,100,0,sativa,TRUE,,https://storage.googleapis.com/maui-prod-products/422821e5-fad5-4e72-8fde-dfd3c8e19d22--3a0422c7-530d-45d2-bc5b-a467113bd15c.png,2026-05-23T21:23:53.890537+00:00,"Our Blood Orange CBC gummies are made with real fruit and a Sativa enhanced botanical terpene blend, making them a great addition to a day out and about. Whether eaten for a creative boost, or prepping for a dance party, these gummies are great for carefree adventures. --- Inspired + Energetic ---",,
the-plug-crown-heights,aKGgHXjaBV,37e07219-ca9a-4df3-ad1a-8e95910ed112,Foy - Strawberry Nighttime | 1:1:1 Chews,foy,edible,70g,2800,100,0,indica,TRUE,,https://storage.googleapis.com/maui-prod-hyper-media-images/product_images_b2b41374-2156-4df9-a66f-b7b6166ae5c0_b7b089c8-eb06-4ff8-9c8f-20dc9425d3e4_original.png,2026-05-23T21:23:53.890537+00:00,"Elevate your nightly routine with a healthier alternative that surpasses the standard gummy. Foy Nighttime vegan chews are consciously formulated with authentic non-GMO fruit purées, delicately coated in powder derived from natural strawberries, and enriched with a potent adaptogen blend of USDA Certified Organic Reishi mushroom, USDA Certified Organic Valerian Root, and USDA Certified Organic Chamomile. These CO2-extracted, CBN-enriched chews are specially designed to promote optimal sleep quality and help reestablish a harmonious, restful sleep pattern. With 5mg of THC, 5mg of CBD, and 5mg of CBN per chew, Foy Nighttime Chews offer an unparalleled 300mg of total cannabinoids, elevating your nighttime routine to bring you the gift of rejuvenating slumber. Experience the Benefits: THC: Each Foy chew is crafted with premium CO2 extracted cannabis oil. CBD: Known for its calming properties, CBD helps promote relaxation, aiding in a more peaceful sleep. CBN: Renowned for its sedative effects, CBN contributes to improved sleep quality and the reestablishment of healthy sleep patterns. USDA Organic Chamomile: A natural relaxant, chamomile enhances the soothing effects, promoting a tranquil and restful night's sleep. USDA Organic Reishi Mushroom: With adaptogenic properties, Reishi supports stress reduction and contributes to a sense of calm, ideal for bedtime tranquility. USDA Organic Valerian Root: Traditionally used to alleviate sleep disorders, Valerian Root aids in achieving a deeper, more restful sleep.",,
the-plug-crown-heights,DCE13jlsxg,bbf42d31-e922-41b8-b12c-3a3e3e2300d4,Good Tide - Strawberry Kiwi | 1:1:1: THC:CBD:CBG (100MG) Rosin Gummies,WYLD,edible,40g,3000,100,0,50/50,TRUE,,https://storage.googleapis.com/maui-prod-hyper-media-images/product_images_f3f3fb0d-16aa-4701-9657-e8315cc436aa_c997356e-09ba-4b3a-96cb-8644faaedf96_original.png,2026-05-23T21:23:53.890537+00:00,Lean into relaxation and recovery with Good Tide Kiwi Strawberry THC:CBD:CBG gummies. Hybrid single-strain rosin along with an extra boost of CBG are wrapped up with juicy kiwi strawberry flavors to help you fully reset.​ Take a dip in calmer seas.,,
the-plug-crown-heights,mM3m7mW9yv,57284b67-920a-4063-83af-17609df71b50,Ayrloom (5pk x 0.6g) Pre-Rolls - Alaskan Thunder Fuck,Ayrloom,preroll,3g,4000,35,0,sativa,TRUE,,https://storage.googleapis.com/maui-prod-hyper-media-images/product_images_5f040b91-ff6c-4982-b7c9-2c19fb93a907_a4dbb054-aedb-4254-85d8-bd0349e6718c_original.png,2026-05-23T21:23:53.890537+00:00,"known for its combination of flavors + aromas, this iconic strain boasts notes of fresh pine, citrus + slightly sweet mint. expect to feel uplifted, social + relaxed all at the same time.",,
the-plug-crown-heights,T0NNoPCBu3,6b39b736-06dd-40cc-a649-61ff2c50d221,WYLD- Marionberry 100mg THC,WYLD,edible,40g,2600,100,0,indica,TRUE,,https://storage.googleapis.com/maui-prod-products/422821e5-fad5-4e72-8fde-dfd3c8e19d22--e4f89c01-397c-4fde-9845-f412142a6484.jpeg,2026-05-23T21:23:53.890537+00:00,"Our Marionberry gummies are made with real fruit and an Indica enhanced botanical terpene blend, making them a great addition to the end of any long day. Whether eaten around a campfire, or in the comfort of your own home, these gummies are great for unwinding. --- It’s a little like the soft furry slippers for your mind. Enjoy! --- 100mg THC per package, 10mg THC per gummy.",,
the-plug-crown-heights,OCzAkj0xVb,5a5a4221-c8a2-41e8-b4c0-50170ee8d736,Claybourne Co. - Fast Lane Sativa | Flyers Blends Pre-Rolls,Claybourne Co.,preroll,3.5g,4000,31.58,0,sativa,TRUE,,https://storage.googleapis.com/maui-prod-hyper-media-images/product_images_0ef2bb91-797b-4b0c-8a59-b878051470bd_7606a08a-3f12-4607-b01f-30468182359e_original.png,2026-05-23T21:23:53.890537+00:00,"‘Fast Lane’ Sativa, Indica. Blue Dream x Durban Poison Introducing Flyers Blends - A full flower fusion of the most popular strains from our Flyers Variety Packs all rolled up in (7) .5g pre-rolls, 3.5g total. Each specially crafted blend delivers a robust and complimentary flavor profile suitable for any occasion. Flyers Blends are made from premium indoor full nug flower",,
the-plug-crown-heights,qTvbMmHkKP,5e416cd8-8b44-4747-8221-59c0c87466f2,Grön 3:1 Blueberry Lemonade Pearls - Daytime Sativa - CBG/THC,Grön,edible,35g,2200,100,0,sativa,TRUE,,https://storage.googleapis.com/maui-prod-products/422821e5-fad5-4e72-8fde-dfd3c8e19d22--4f3fcb6b-44ed-4677-80a2-041abe25c925.jpeg,2026-05-23T21:23:53.890537+00:00,"Wake and bake with a burst of bright blueberry lemonade. Infused with CBG and THC in an uplifting 3:1 ratio, the daytime sativa effects will keep you lifted all day long. Made With Real Fruit • Soy-Free • Gluten-Free • Microdose Friendly • Made With Rosin",,
the-plug-crown-heights,WPIrrc1bWp,740d8297-947d-434c-a797-80620b8229cb,The Plug Cart - 1G Sweet Ceremony,The Plug Pack,other,1g,4000,81.304,0,sativa-dom,TRUE,,https://storage.googleapis.com/maui-prod-hyper-media-images/product_images_3cfe1167-a80f-4768-9f01-77ba3c6f8b42_2ea54f25-e52c-437f-98ac-7a6b78450887_original.png,2026-05-23T21:23:53.890537+00:00,"Sweet Ceremony is a sativa-dominant strain often noted for its uplifting, cerebral, and euphoric effects, making it suitable for daytime use or social activities. It frequently features a sweet, citrusy, or fruity flavor profile, delivering a mentally stimulating high that helps with creativity and mood enhancement while maintaining a, sometimes, relaxing body fee",,
the-plug-crown-heights,oyPecbHczD,569ac38d-213d-49ed-a26d-314f229ad0f1,Ruby Farms Doobies - RS-11 | 0.5g Pre-roll 7pk,Ruby Farms,preroll,3.5g,3700,25.967,0,50/50,TRUE,,https://storage.googleapis.com/maui-prod-products/422821e5-fad5-4e72-8fde-dfd3c8e19d22--eac821a4-732b-4881-bd59-8147f7afd652.png,2026-05-23T21:23:53.890537+00:00,"RS11 is a potent hybrid strain that makes sedated, but still mentally alert. The flavor profile is extra fruity with hints of sour citrus. RS11 flower provides a smooth smoke and a lingering sweet and spicy aroma.",,
the-plug-crown-heights,CJAsDz92jY,d63f8f03-74e2-4c54-bf97-00a0107b9b71,Jaunty- Mango Haze 1.5g AIO,Jaunty,other,1.5g,6000,84.04,0,sativa,TRUE,,https://storage.googleapis.com/maui-prod-products/422821e5-fad5-4e72-8fde-dfd3c8e19d22--55ae5f3f-dbdf-4de1-9679-6d380fcd39c0.png,2026-05-23T21:23:53.890537+00:00,"Mango Haze is a sativa known for its uplifting, cerebral, happy effects and a sweet mango aroma and flavor that will keep you coming back for more.",,
the-plug-crown-heights,A53MIOK2B3,29a124a8-7053-49ef-8828-f5e5983ef6fa,Grön Watermelon Pearls - 100mg,Grön,edible,35g,2300,100,0,indica,TRUE,,https://storage.googleapis.com/maui-prod-products/422821e5-fad5-4e72-8fde-dfd3c8e19d22--cf2bb208-ebb0-469c-a7a9-a737020ba7ad.jpeg,2026-05-23T21:23:53.890537+00:00,A nostalgic Spotify binge Time traveling through your photo album A night at the museum Star gazing,,
the-plug-crown-heights,GaSuipam8d,75fd7605-9a09-4a22-880b-82bef879b50e,Eaton Botanicals Little Pandas - Tropical Cooler + Mullein Leaf | 5pk Pre-Rolls,Eaton,preroll,1.75g,2800,16.2,0,50/50,TRUE,,https://storage.googleapis.com/maui-prod-hyper-media-images/product_images_d1e03cf7-ff82-42b5-be7a-97ffc888a842_d5b83042-47d2-4aa3-b3ef-25fa16d4c330_original.png,2026-05-23T21:23:53.890537+00:00,,,
the-plug-crown-heights,pnKS23ypDA,d239da1b-b83a-4b7d-8cd8-2595d7b6e362,MFNY Live Resin Gummies - Pina Colada x Strawpaya (100mg),MFNY,edible,26.1g,2200,103.61,0,sativa,TRUE,,https://storage.googleapis.com/maui-prod-products/422821e5-fad5-4e72-8fde-dfd3c8e19d22--dc1ae643-7cb9-4c68-8ee8-cddff700c822.png,2026-05-23T21:23:53.890537+00:00,"10pk; 100mg total. INDICA: Live resin Pinacolada x Strawpaya gummies. These vegan gummies are infused with MFNY’s single-source, in-house produced Strawpaya live resin. We start with fresh-frozen flower buds, then use the hydrocarbon extraction method (plus years of experience and scientific precision) to deliver the purest plant extract. An extract that showcases the cultivar's naturally-produced, full-spectrum cannabinoids and remarkable natural terpenes. Strawpaya is known for its tropical guava and strawberry flavor from one side of its cross and complemented by the notes of pepper and papaya from the other. To complement the Strawpaya cultivar, we add the minimum amount of sugar and Pinacolada flavors.",,
the-plug-crown-heights,UxQcDnAt9H,3d80ea7b-a336-4ad6-bc9b-ef77e39997da,Jaunty (Fast-Acting) - Dreamberry (20mg),Jaunty,edible,10g,500,20,0,indica,TRUE,,https://storage.googleapis.com/maui-prod-products/422821e5-fad5-4e72-8fde-dfd3c8e19d22--7a6fb275-4ee5-4581-b9ae-b059374d723e.png,2026-05-23T21:23:53.890537+00:00,"Sweet dreams, Jaunty. Our new, fast-acting Dreamberry gummies blend together THC, CBN, CBD, and indica effects-based terpenes. Sink into your couch with a full body rest and relaxation that immediately lifts the weight of the day off your shoulders. 2pk; 20mg total.",,
the-plug-crown-heights,dKLdYcVw68,b27126b4-b5cd-4916-a38e-99dcaee5905c,MFNY - Blueberry Raz X Zativa | Live Resin Gummies,MFNY,edible,26.1g,2200,95.66,0.31,sativa,TRUE,,https://storage.googleapis.com/maui-prod-hyper-media-images/product_images_dfb74081-4eff-406f-af0b-85168e0ea5e1_5fd7af0a-5fa4-46e6-b970-0b4a4ea135c2_original.png,2026-05-23T21:23:53.890537+00:00,"Terpene-rich edibles at an even tastier price. Introducing our live resin Blueberry Raspberry x Zativa gummies. These vegan gummies are infused with MFNY’s single-source, in-house produced Zativa live resin. We start with fresh-frozen flower buds, then use the hydrocarbon extraction method (plus years of experience and scientific precision) to deliver the purest plant extract. An extract that showcases the cultivar's naturally-produced, full-spectrum cannabinoids and remarkable natural terpenes. Zativa is known for its complex flavor featuring a skunky front with a candy and dough backend. To complement the Zativa cultivar, we add the minimum amount of sugar, plus blueberry raspberry flavors.",,
the-plug-crown-heights,wgqHJ16aDD,a2823757-1273-4efb-884c-63323695888e,Jaunty (Fast-Acting) - Blueberry Lemonade (20mg),Jaunty,edible,10g,500,20,0,,TRUE,,https://storage.googleapis.com/maui-prod-products/422821e5-fad5-4e72-8fde-dfd3c8e19d22--bc4eea39-2cc4-4349-bd34-da8f5e3ce9e8.png,2026-05-23T21:23:53.890537+00:00,"Jaunty knows how to put a little pep in your step, whenever you need it most. These energizing, fast-acting gummies are crafted with a blend of THC, THCv, CBC, and hybrid effects-based terpenes. This balanced profile is sure to elevate your mood, boost your energy, and enhance your focus - ideal for day-to-day adventures. 2pk; 20mg total.",,
the-plug-crown-heights,sTX7FdPAII,115b4424-471c-4679-9228-b45b29bed506,Claybourne Co. - Wedding Cake | Flyers Infused 1.5G Blunt,Claybourne Co.,preroll,1.5g,3600,86.753,0,50/50,TRUE,,https://storage.googleapis.com/maui-prod-hyper-media-images/product_images_129e6d0f-39d2-4d32-99ea-16a78bf5f275_50b42409-acea-4201-a854-d2af2c752a64_original.png,2026-05-23T21:23:53.890537+00:00,"Meet the 'Loudest on the Block': Flyers 1.5g Infused Blunt. Crafted from premium indoor, full nug flower infused with THCa & liquid diamonds, natural terpenes and wrapped in an herbal blend cone made of chamomile, cacao, & yerba maté. A badass blunt built better.",,
the-plug-crown-heights,yLC0Fcacdu,58f8f96e-edc9-4f04-acc7-0690666d60b4,WYLD- Pomegranate 1:1 CBD:THC,WYLD,edible,40g,2600,100,0,50/50,TRUE,,https://storage.googleapis.com/maui-prod-products/422821e5-fad5-4e72-8fde-dfd3c8e19d22--21696faf-cb2d-49d6-8021-44c168a9f9de.jpeg,2026-05-23T21:23:53.890537+00:00,"We’ve taken the best of both worlds with our Pomegranate 1:1 THC:CBD gummies. They are a great compliment to any adventure by providing a balanced and enjoyable high for both mind and body using a Hybrid terpene blend. If you are new or sensitive to edibles, the Pomegranate gummies are an excellent place to start. Have some before getting into your yoga routine, or climbing to the highest peak. --- It’s a little like getting a high five from your imaginary friend. Enjoy!",,
the-plug-crown-heights,7fBuDmsINO,262276ae-380f-4a67-9529-26de8d8e45bd,Budd - Permanent Marker | 3.5G Premium Smalls,Budd,flower,3.5g,3600,25.729,0,indica-dom,TRUE,,https://storage.googleapis.com/maui-prod-hyper-media-images/product_images_7aa8e682-1fc5-4933-ab2f-c7af20cb356e_5516a165-40fc-4926-8c1c-54921bfa72fb_original.png,2026-05-23T21:23:53.890537+00:00,"A modern heavy-hitter with an unmistakable presence, Permanent Marker offers a piercing aroma of soapy funk, floral candy, and sharp diesel. The buds are visually striking, featuring deep violet hues and lime green accents buried under a heavy coat of resin. This strain delivers a robust, potent experience with a complex, lingering flavor that balances sweet gas with a unique gassy bite.",,
the-plug-crown-heights,PMRtpMuKUX,4c00f9d2-a656-44b1-914e-b6724c199a7a,Untitled - Jack Herer | 7G,untitled,flower,7g,4500,26.26,0,sativa,TRUE,,,2026-05-23T21:23:53.890537+00:00,,,
the-plug-crown-heights,8XB47ftcCK,8aa08ec7-3128-462d-a719-227c9929cf4b,Ruby Farms Hash Infused - Sour Diesel | 2pk Pre-Rolls,Ruby Farms,preroll,1g,2100,43,0.246,sativa,TRUE,,https://storage.googleapis.com/maui-prod-hyper-media-images/product_images_03d11f1e-09a1-433b-b215-131704671418_3419374e-4d46-4c00-9092-a0febf7a3015_original.png,2026-05-23T21:23:53.890537+00:00,"The Ruby Farms Bubble Hash Infused Pre-Roll 2 Pack – Sour Diesel delivers a powerful, terpene-rich experience built for smokers who love classic fuel-forward strains with elevated potency. Using the legendary Sour Diesel flower as the base and boosting it with solventless bubble hash, these infused cones offer a stronger, slower-burning session that brings out the strain’s iconic flavor and energetic vibe. As soon as the joint is lit, the aroma hits with sharp diesel fuel, sour citrus, and skunky earthiness that long-time cannabis enthusiasts instantly recognize. Each pull delivers bold notes of tangy lemon, pungent gas, and a slightly herbal finish on the exhale, creating a loud terpene profile that stays consistent throughout the burn. Dominant terpenes commonly include limonene, caryophyllene, and myrcene, producing a flavor combination of sour citrus brightness, deep gassy character, and smooth earthy undertones. Because these pre-rolls are infused with bubble hash, the smoke is thicker and richer than a standard joint, producing dense clouds and a slow even burn that lets the terpene flavor fully develop from start to finish. The bubble hash also raises potency, making this two-pack ideal for experienced smokers looking for a stronger and longer-lasting effect. The vibe is classic Sour Diesel energy a fast-acting cerebral lift that boosts mood, focus, and creativity while keeping the body light and functional. Many smokers enjoy this strain during daytime sessions, social settings, or creative activities because of its uplifting and motivating high. As the session continues, a gentle body relaxation balances the head rush without slowing things down, giving it that well-known sativa-dominant feel. The two-pack format makes it perfect for sharing or spacing out sessions, while the bubble hash infusion ensures each cone delivers stronger flavor, higher potency, and a premium infused smoking experience. For cannabis enthusiasts who love loud gas terps, sour citrus flavor, and an energizing head high, the Ruby Farms Sour Diesel bubble hash infused pre-rolls bring a timeless strain to the next level with richer smoke, bigger flavor, and extra-potent effects.",,
the-plug-crown-heights,2hxkAeXYMZ,d05a96c9-41f4-42e7-a40c-8731fe4fc8c1,Grasroots - Delphi Diesel | 7G Flower,Grassroots,flower,7g,7000,28.94,0,sativa,TRUE,,https://storage.googleapis.com/maui-prod-hyper-media-images/product_images_137cd404-6568-4e41-89d9-7f8484f261ba_64eb710f-f12b-4330-9dfd-75166e639b48_original.png,2026-05-23T21:23:53.890537+00:00,"Skunky, citrusy, and smooth, this old-school diesel fuel meets sharp notes for a punchy, fast-hitting ride you won’t forget. Take yourself back to the golden days of Sour Diesel, this sativa fires up with a thick, nostril-tingling blast of straight gas. It’s raw, skunky, and carries that unmistakable Chem-D punch, but with a smoothness that cuts the kick. The inhale delivers a sharp citrus bite, like lemon zest over pungent notes. The exhale settles into a deep, earthy fuel that clings to the senses with a tingly sweetness. This sativa is a full-throttle experience perfect for those who crave bold flavor and serious lift.",,
the-plug-crown-heights,mV9fWzc4I2,7530c42b-546f-4da3-b830-de1daeca60da,Off hours - Blue Raspberry | Mellow 10:2 THC:CBD,Off hours,edible,60g,2900,100,18.71,indica-dom,TRUE,,https://storage.googleapis.com/maui-prod-hyper-media-images/product_images_89bba6c6-d1da-42e0-9c39-7fffd8218f7e_0925d60d-12f5-4c60-a359-6287dce10333_original.png,2026-05-23T21:23:53.890537+00:00,,,
the-plug-crown-heights,QOMvK0M4H6,6afea81b-5df0-4c43-8178-9c60e284c52c,Florist Farms - Mule Fuel | 1G Live Resin Infused Pre-Roll,florist farms,preroll,1g,1600,37,0,50/50,TRUE,,https://storage.googleapis.com/maui-prod-hyper-media-images/product_images_5d468f39-83bf-45b8-8006-88dffbaf6cb2_d1e3f9d9-aa8f-4049-b698-54990d9fbcdd_original.png,2026-05-23T21:23:53.890537+00:00,"This 1 gram pre-roll is made with whole flower - never trim - and infused with live resin and pure THC-A Diamonds for an extra potent, full-bodied high. Definitely a go-to for experienced smokers or anyone wanting a more powerful hit. Effect: Hybrid Flavor: Gas forward with spicy undertones Ingredients: Whole Cannabis Flower, Live Resin Extract, THC-A Diamonds",,
the-plug-crown-heights,9f3aPULYqt,6486068d-e51b-40a9-b6d5-4d0e2977533b,Florist Farms - Jet Fuel Gelato | 1G Pre-Roll,florist farms,preroll,1g,1200,21.95,0,50/50,TRUE,,https://storage.googleapis.com/maui-prod-hyper-media-images/product_images_a83c81de-dd3c-4cac-8569-b90bf95e133c_cbfd8ad5-6406-4458-9158-6ef32c3b51c2_original.png,2026-05-23T21:23:53.890537+00:00,"Each 1 gram pre-roll contains whole flower — no trim, ever. They're single-sourced, pesticide-free, and rolled right for a smooth pull and a clean burn, just how the plant intended. Effect: Hybrid Flavor: Diesel with rich floral undertones Ingredients: Whole cannabis flower",,
the-plug-crown-heights,Z4tVoSGEVT,53c3def4-8e9e-4ea0-8775-41fb428df511,Smoke - Daybreak Fuel | 1G live resin liquid diamond AIO,Smoke,other,1g,4000,75.27,0,,TRUE,,,2026-05-23T21:23:53.890537+00:00,,,
the-plug-crown-heights,6vg36QE8yM,aa194372-8c03-4391-82eb-b0f8eebe6e06,Golden Garden - London Poundcake | 1G Pre-Roll,Golden Garden,preroll,1g,1000,28.5,0.07,50/50,TRUE,,https://storage.googleapis.com/maui-prod-hyper-media-images/product_images_20c0dd39-2525-409c-bd4e-7065034fab8d_0f7f7b87-3d1b-403e-8cac-d75fb002ef22_original.png,2026-05-23T21:23:53.890537+00:00,"London Pound Cake, also known as “Pound Cake”, is an indica-dominant weed strain made from a genetic cross between Sunset Sherbert and an unknown heavy-hitting indica. London Pound Cake is a potent and delicious strain that offers a smooth and relaxing high. Bred by Cookies, London Pound Cake combines the best of both parents, delivering a sweet and spicy flavor with a diesel and nutty undertone.",,
the-plug-crown-heights,8LkVtNHNTi,728b3131-bd6b-49f4-a00b-6e535ca7c9cc,Runtz - Lemon Tree Runtz | 3.5G,Runtz,flower,3.5g,5300,30.31,0,sativa,TRUE,,,2026-05-23T21:23:53.890537+00:00,"Runtz - Lemon Tree Runtz (Indoor) - 3.5g Top-Shelf Indoor Flower | Citrus-Packed Hybrid | Potent & Flavorful Turn up the flavor with Runtz - Lemon Tree Runtz, a premium 3.5g (eighth) of indoor-grown cannabis that combines two legendary strains into one zesty, terpene-rich powerhouse. Bred from Lemon Tree x Runtz, this exotic hybrid hits with a sweet citrus blast up front and a creamy, candy-like finish, offering a truly unique smoking experience that satisfies both your palate and your mind. Expertly cultivated in a climate-controlled indoor facility, Lemon Tree Runtz delivers dense, frosty buds, bursting with bright lemon-lime aromas, gassy undertones, and smooth, uplifting effects. Whether you're kicking off the day or lighting up after hours, this versatile hybrid strain brings balanced euphoria and creative clarity without the couchlock.",,
the-plug-crown-heights,ZypFUn9jTk,80849487-ff09-46c2-a240-26019397c533,Revert - Forbidden Kush | 3.5G Flower,Revert,flower,3.5g,3000,26.4,0,indica,TRUE,,https://storage.googleapis.com/maui-prod-hyper-media-images/product_images_9d81e83c-b0ed-496e-9f34-4a7d2921a452_ae36d5d0-5c39-4c1b-9491-fd0ebfb13e18_original.png,2026-05-23T21:23:53.890537+00:00,,,
the-plug-crown-heights,7FWPW97iKG,7d38e3fb-7a2d-4831-aa51-5e36a11f64a2,PUFF - Blue Cheese | Pre-Roll 5 Pack,PUFF,preroll,2.5g,2700,28.285,0,indica,TRUE,,https://storage.googleapis.com/maui-prod-hyper-media-images/product_images_b918923b-c040-4e4f-9554-44874a2acc24_bb2202d0-3a3c-44ce-a7e6-fda4565f7152_original.png,2026-05-23T21:23:53.890537+00:00,,,
the-plug-crown-heights,z7nxrqRRWq,64eda3ee-9c5e-4814-a41c-4c73b8f11dbf,Noizey - Pink Cloud | 1G PreRoll,Noizey,preroll,1g,1500,27.35,0,,TRUE,,,2026-05-23T21:23:53.890537+00:00,,,
the-plug-crown-heights,btitWK0Dc1,19af2849-c9ee-4a47-8308-11672b5a073c,Grocery Cannabis - Triple Double OG,Grocery,flower,28g,16000,27.80,0,sativa-dom,TRUE,,https://storage.googleapis.com/maui-prod-hyper-media-images/product_images_edebf1ed-2d65-43b4-b6b8-cb501839fdec_1bc425a6-9b47-4ab7-bb1f-c2333858dc30_original.png,2026-05-23T21:23:53.890537+00:00,"Triple Double OG delivers an uplifting cerebral high with bright, citrusy flavors that keep you motivated and focused. Perfect for achieving peak performance both on and off the court.",,
the-plug-crown-heights,ixdg7TpiYN,ed566950-a47a-4776-b7f2-d358c015274a,Runtz - Lemon Candy Runtz | 3.5G,Runtz,flower,3.5g,5300,29.64,0,sativa-dom,TRUE,,https://storage.googleapis.com/maui-prod-hyper-media-images/product_images_ac9a2dfa-3c4f-4a84-b521-a266c6639a01_88099fcb-6dac-492b-8b00-2a3aaa7f85a1_original.png,2026-05-23T21:23:53.890537+00:00,,,
the-plug-crown-heights,25DbvgqIMO,cd20cc87-ed2a-4504-9c28-82b474857884,Grön - Dragon Punch Pearls - 100mg,Grön,edible,35g,2500,100,0,indica,TRUE,,https://storage.googleapis.com/maui-prod-hyper-media-images/product_images_b428cd6f-ad94-44c7-87b7-7d639fbc7bf4_b0bb746b-7c60-4f4a-bd56-d38ff2856eec_original.png,2026-05-23T21:23:53.890537+00:00,"One bite and boom—you’re down for the count (in the best way). Dragon Punch Pearls serve up tropical dragon fruit with a bold punch of chill. Sweet, a little wild, and perfect for tapping out after a long day",,
the-plug-crown-heights,wvohctic07,599d18b2-82ee-4129-a50c-d3a61f60ca24,WYLD- Sour Tangerine 100mg THC,WYLD,edible,40g,2600,100,0,50/50,TRUE,,https://storage.googleapis.com/maui-prod-products/422821e5-fad5-4e72-8fde-dfd3c8e19d22--55a22bc6-c856-48f3-a4db-543b14d46408.png,2026-05-23T21:23:53.890537+00:00,"Wyld’s Sour Tangerine Hybrid Enhanced gummies are made with real fruit and enhanced with botanical terpenes that assist in creating both euphoric and playful experiences, with a tart, punchy twist. Euphoric & Playful | Perfect for carefree adventures",,
the-plug-crown-heights,cXq7CBSW8e,7f73f708-2dfd-47eb-a4e0-09e87ae0f3a3,Grön Raspberry Lemonade Pearls 100mg,Grön,edible,35g,2300,100,0,sativa,TRUE,,https://storage.googleapis.com/maui-prod-products/422821e5-fad5-4e72-8fde-dfd3c8e19d22--a4d3c30e-d264-4394-b1c5-2bffe28e41f9.jpeg,2026-05-23T21:23:53.890537+00:00,"Bask in a splash of sunshine with our refreshing Raspberry Lemonade Pearls. Infused with THC, the sativa effects will make any day so much sweeter. Made With Real Fruit • Soy-Free • Gluten-Free • Made with Rosin",,
the-plug-crown-heights,kiebP0iVip,addcb8a0-5b04-4bde-bb35-703b706c3fdf,Pure Beauty - Indica Special Blend Babies | 3.5g Pre-Roll Pack,Pure Beauty,preroll,3.5g,5000,23.05,0,indica,TRUE,,https://storage.googleapis.com/maui-prod-hyper-media-images/product_images_638d65fa-01ee-4917-bd8f-27b3375f3004_93cdd929-3a48-4e52-9dcc-c3c79d5333e7_original.png,2026-05-23T21:23:53.890537+00:00,"FUN-SIZED AND READY TO GO, PURE BEAUTY'S INDICA BABIES ARE PERFECTLY PORTABLE PREROLLS FILLED WITH RELAXING, HIGH QUALITY INDICA FLOWER. WITH A CITRUSY AROMA AND SWEET TASTE, THESE BABIES MAKE FOR A DEEPLY RELAXING, SMILEY HIGH. PASS THEM OUT AT THE PARTY OR KEEP THEM ALL TO YOURSELF. EACH BOX OF BABIES CONTAINS AN EIGHTH OF WHOLE FLOWER ROLLED INTO 10 MINI JOINTS. CONTAINS 10 PREROLLS AND 3.5G TOTAL PURE BEAUTY IS A DIVERSE TEAM THAT MAKES SOCIAL JUSTICE A CORE PART OF ITS MISSION.",,
the-plug-crown-heights,RFCV2lDdXx,dc6752d3-a137-4845-8669-93e038173214,The Botanist - Acid | 1G PreRoll,The Botanist,preroll,1g,1200,20.9,0,sativa,TRUE,,https://storage.googleapis.com/maui-prod-hyper-media-images/product_images_b5578956-9c2f-4997-a895-52c8e52fe490_b2cc92ec-7a00-4ba2-b7f8-f9a345b50a4c_original.png,2026-05-23T21:23:53.890537+00:00,,,
the-plug-crown-heights,DFFqNe343x,1ae9ad2b-0257-4282-a24f-f1acd30d8765,Ayrloom (10mg THC|5mg CBG Gummies) - Sunny Days,Ayrloom,edible,40g,2600,100,0,,TRUE,,https://storage.googleapis.com/maui-prod-products/422821e5-fad5-4e72-8fde-dfd3c8e19d22--13b01027-5367-4335-97f1-1af6fd68a191.png,2026-05-23T21:23:53.890537+00:00,"Brighten your mood and elevate your day with Ayrloom Gummies 10pk - Sunny Days. These delicious, citrus-infused gummies combine the uplifting effects of 10mg of THC and the balancing benefits of 5mg of CBG, offering the perfect combination for a focused, euphoric experience. Whether you're tackling a busy day, fueling your creativity, or just looking for a little sunshine in your routine, these gummies are the ideal companion for positive vibes and mental clarity. 10pk; 100mg total.",,
the-plug-crown-heights,szH1DzOuLS,0424e06c-545e-424d-a3aa-06fe8a6c2b0c,Foy - Mango | 1:1:1 Daytime Chews,foy,edible,70g,2800,100,100,sativa,TRUE,,https://storage.googleapis.com/maui-prod-hyper-media-images/product_images_807b8c32-8817-4890-9ac5-8af2e3204bc4_f82be3ec-0498-4140-9b26-909e2e607586_original.png,2026-05-23T21:23:53.890537+00:00,"Elevate your daily routine with a healthier alternative that surpasses the standard gummy. Foy Daytime vegan chews are consciously formulated with pure non-GMO fruit purées, gently enveloped in powder sourced from natural mangoes, and fortified with a potent adaptogen fusion of USDA Certified Organic Lion’s Mane mushroom, USDA Certified Organic Cordyceps mushroom, and USDA Certified Organic Ginseng. These CO2-extracted THC chews are designed to invigorate and revitalize, providing a natural boost to your daily routine. Embrace the power of nature's finest ingredients in this wellness package, aimed at promoting a heightened sense of vitality and well-being throughout your day. With 5mg of THC, 5mg of CBD, and 5mg of CBG per chew, Foy Daytime Chews provide an abundant 300mg of total cannabinoids, offering you more in every chew. Experience the Benefits: THC: Each Foy chew is crafted with premium CO2 extracted cannabis oil. CBD: Known for its balancing effects, CBD promotes overall well-being and helps manage daily stress. CBG: Recognized for its energizing properties, CBG provides a natural boost, enhancing vitality and focus. USDA Organic Lion’s Mane Mushroom: Renowned for cognitive support, Lion’s Mane contributes to mental clarity and focus during your daytime activities. USDA Organic Cordyceps Mushroom: Traditionally used to combat fatigue, Cordyceps enhances endurance and supports sustained energy levels. USDA Organic Ginseng: An adaptogenic herb, Ginseng promotes resilience to stress, helping you maintain a heightened sense of well-being throughout your day.",,
the-plug-crown-heights,GOvzb5HN8Y,09625116-469b-4808-b43d-9fedabfa9817,Grassroots X Dark Heart - Moonbeam Gelato | 3.5G Flower,Grassroots,flower,3.5g,4500,25.51,0,50/50,TRUE,,https://storage.googleapis.com/maui-prod-hyper-media-images/product_images_836b04a4-5f9a-441e-b7b2-1141461242ec_94999876-a0ea-4d5f-bbb3-97a2bea3daf8_original.png,2026-05-23T21:23:53.890537+00:00,"Don’t fake the funk, go full blast with Moonbeam Gelato. When the dark-purple buds break you're hit with a wild mix: blueberry jam, overripe grape, and a whiff of funky cheese rind. This inhale is smooth and candy-like, the exhale brings out the character of rich, fermented Munster. A tart apple peel edge from the farnesene terp kicks in for a finish that’s sticky, savory, and totally unique. It’s mouthwatering, well-balanced, and a little weird in all the best ways.",,
the-plug-crown-heights,o5YD8oJgJr,85020cfe-d7c5-4c5f-9181-ef26f380a69c,Jetty - Papaya Smash | 1G Solventless Live Rosin AIO,Jetty,other,1g,9000,80.447,0,sativa-dom,TRUE,,https://storage.googleapis.com/maui-prod-hyper-media-images/product_images_4a234473-0fbc-43b7-befc-94bf7bbee2e2_38daa241-2087-4061-a1d3-60fbb2a9bfe3_original.png,2026-05-23T21:23:53.890537+00:00,"Like a tiki drink with a peppery kick, this blend mashes up Papaya’s smooth tropical vibes with Hashburger’s bold lemon-pine spice for a blissfully stoney finish.",,
the-plug-crown-heights,6eJHbjIGib,7dbd73a7-a03e-491b-9fc0-ca462ce210f7,Grön- 5mg Milk Chocolate Caramel Pips | Daytime Sativa 3:1,Grön,edible,30g,2200,100,0,sativa,TRUE,,https://storage.googleapis.com/maui-prod-hyper-media-images/product_images_b8d92715-8ea0-488a-9b5f-700cfe6f9a3e_d2c5654d-35fc-4b46-aba2-4b4180b3a1af_original.png,2026-05-23T21:23:53.890537+00:00,Round out your day with this silky smooth comfort classic. These Milk Chocolate Pips are infused with THC to make any day a little bit sweeter.,,
the-plug-crown-heights,gH0oteqV8x,7e5c525e-dd9e-4907-ab44-551f4aea49a3,untitled - Blueberry Kush | 7G,untitled,flower,7g,4500,26.74,0,indica,TRUE,,,2026-05-23T21:23:53.890537+00:00,,,
the-plug-crown-heights,FhHwt8uR6J,49a61e7a-af63-44f4-9768-e63d220eec9a,Runtz - Obama Runtz | 5 x 0.75g PreRolls,Runtz,preroll,3.75g,4500,2.84,0.055,indica-dom,TRUE,,https://storage.googleapis.com/maui-prod-hyper-media-images/product_images_cb5346bc-f339-4c33-abab-31a50498bceb_f42869bd-df74-46a0-b81a-3586bdf63c29_original.png,2026-05-23T21:23:53.890537+00:00,,,
the-plug-crown-heights,NgcL523Blf,57eb6dee-fb90-4945-8152-1b7220d999a2,Ayrloom - Alaskan Thunder Fuck | 2G AIO,Ayrloom,other,2g,7500,86.4,0,sativa,TRUE,,https://storage.googleapis.com/maui-prod-hyper-media-images/product_images_12b61482-afcb-4ba8-85b6-9acc5befb559_01126b88-487b-4fbc-b426-cf90fa5908ae_original.png,2026-05-23T21:23:53.890537+00:00,"known for its combination of flavors + aromas, this iconic strain boasts notes of fresh pine, citrus + slightly sweet mint. expect to feel uplifted, social + relaxed all at the same time.",,
the-plug-crown-heights,jOwyWKhKKx,567e4bbc-cb00-4b2a-9ba7-2d435cc9d1a6,Grön- Dark Chocolate Mini Bar (100mg)-Hybrid,Grön,edible,7g,1400,100,0,50/50,TRUE,,https://storage.googleapis.com/maui-prod-products/422821e5-fad5-4e72-8fde-dfd3c8e19d22--d0cf1dc8-8eb0-4a14-9049-4f748f97f3ab.jpeg,2026-05-23T21:23:53.890537+00:00,,,
the-plug-crown-heights,bF73fOjIWh,75db116d-9d77-48ca-ade4-e06f01142c4e,The Plug Pack - Cherry Pie (28g),The Plug Pack,flower,28g,9900,26.58,0,indica,TRUE,,https://storage.googleapis.com/maui-prod-products/422821e5-fad5-4e72-8fde-dfd3c8e19d22--06d4ee9b-186a-4c14-8da3-b618cfdadda5.png,2026-05-23T21:23:53.890537+00:00,,,
the-plug-crown-heights,MzAEA80I72,2071638c-b37d-4484-98c9-5d67200958cf,Good Tide - Guava | (100MG) Rosin Gummies,,edible,40g,3000,100,0,50/50,TRUE,,https://storage.googleapis.com/maui-prod-hyper-media-images/product_images_7d3bb54f-57fd-4c3d-8927-f39a9952c3b9_e011c85c-b749-4e31-8627-6c113a7ba761_original.png,2026-05-23T21:23:53.890537+00:00,"Take a tropical plunge with Good Tide guava gummies. Infused with rosin extracted from hybrid cannabis strains, our guava gummies offer a balanced high with true-to-plant properties. The naturally occurring terpenes and minor cannabinoids present in our solventless hash rosin combine with the real- fruit guava ingredients to create a deliciously rounded experience. Dive in— the vacation has already begun.",,
the-plug-crown-heights,b9ROQ7ksTj,885d7c0e-6ac0-460b-ae7d-9017f48ef477,Gypsy Weed - Red Velved Runtz | 28G,Gypsy Weed,flower,28g,14500,26.15,0,indica,TRUE,,,2026-05-23T21:23:53.890537+00:00,,,
the-plug-crown-heights,4wZXimvGs9,6dad6c76-1087-4dbe-baad-8f81f841afbb,MFNY - Blueberry 2.0 x Turbo Blueberry | .75g Infused Joint,MFNY,preroll,0.75g,1600,25.37,0.04,indica,TRUE,,https://storage.googleapis.com/maui-prod-hyper-media-images/product_images_739cccbc-c98f-43a2-89b6-9fc016fbc682_2dea746f-bea6-492c-b95e-ee66e1b7b55a_original.png,2026-05-23T21:23:53.890537+00:00,"For our resin infused pre-rolls, we start with premium, hand-trimmed whole Blueberry 2.0 flower then infuse it with our in-house made Honey Banana live resin HTFSE (High Terpene Full Spectrum Extract from fresh frozen buds) totaling three quarters of a gram in weight. This process creates a higher potency, flavorful product with the best of two cultivars: Both the distinctive blueberry and watermelon candy flavor from Blueberry 2.0, paired with the sweet notes of blueberry jam and undertones of citrus flavors from Turbo Blueberry. Potent and high in THC, this product is a treat for experienced cannabis consumers. No shake, no trim. Just the very best of our craft cannabis, ready to enjoy. Exclusively single-sourced at MFNY in the Hudson Valley.",,
the-plug-crown-heights,Z0dhVThgqP,629e6b7e-0a6a-4684-9cee-cf435e486267,Kickfly's - Grape Gas X Blackscotti | 3.5G Flower,Kickfly's,flower,3.5g,2500,26.47,0,50/50,TRUE,,,2026-05-23T21:23:53.890537+00:00,"Grape Gas x Blackscotti (often called Blackscotti Gas) is a potent indica-dominant hybrid, blending sweet grape-fuel intensity with creamy, cookie-dough richness. It typically produces euphoric, uplifting mental effects followed by deep body-melting relaxation, making it ideal for evening, stress-relieving sessions.",,
the-plug-crown-heights,IBWxV3OvaC,92a86690-1f33-4b56-9e4c-55943ccaf9a8,Claybourne Co. - Super Silver Haze | Classic Cuts Large Bud 3.5g Flower,Claybourne Co.,flower,3.5g,5000,26.4,0,sativa,TRUE,,https://storage.googleapis.com/maui-prod-hyper-media-images/product_images_bea6bb03-45f9-480b-95b1-d2e55ecab83a_f16c30dd-b9bd-4a08-9e7a-b92f775d5ee9_original.png,2026-05-23T21:23:53.890537+00:00,"Classic Cuts - A selection of classic and modern classic varieties curated from a lineage of tried and true genetics. Always hand-trimmed, always grown indoors",,
the-plug-crown-heights,C5iTdWzvPs,7b904072-83fe-4216-8f13-7a7e6f468b1a,untitled - Blue Dream | 28G Flower Smalls,untitled,flower,28g,14400,26.74,0,sativa,TRUE,,https://storage.googleapis.com/maui-prod-hyper-media-images/product_images_712771e5-2d92-4109-b6ed-a85241767995_59f162f0-f3f8-40bf-a88c-7659b23392d9_original.png,2026-05-23T21:23:53.890537+00:00,,,
the-plug-crown-heights,MAQMym000U,0fd437d9-2b8c-4c31-8f6d-8224bbc8ecd4,Ruby Farms Doobies (7pk pre rolls) Sour Tangie,Ruby Farms,preroll,3.5g,3700,25.584,0,sativa,TRUE,,https://storage.googleapis.com/maui-prod-hyper-media-images/product_images_71aca28d-9441-4a0e-a292-8399ef78c0f1_4111110b-84cc-45f0-80fd-a1eae8988d98_original.png,2026-05-23T21:23:53.890537+00:00,,,
the-plug-crown-heights,AgBSurHNmT,5685632b-b28b-4a13-b1e7-3cb7975b1c93,MFNY Live Resin Gummies - Peach x Oishii (100mg),MFNY,edible,26.1g,2200,100,0,indica,TRUE,,https://storage.googleapis.com/maui-prod-hyper-media-images/product_images_57bcadc9-2f8d-4ec9-b297-f2391bc610c6_b0ef6039-d741-4272-bffa-da9e60c62328_original.png,2026-05-23T21:23:53.890537+00:00,"Terpene-rich edibles at an even tastier price. Introducing our live resin Peach x Oishii gummies. These vegan gummies are infused with MFNY’s single-source, in-house produced Oishii live resin. We start with fresh-frozen flower buds, then use the hydrocarbon extraction method (plus years of experience and scientific precision) to deliver the purest plant extract. An extract that showcases the cultivar's naturally-produced, full-spectrum cannabinoids and remarkable natural terpenes. Oishii is known for its strong aromas of candy sweetness, plus gassy and Zkittles flavors. To complement the Oishii cultivar, we add the minimum amount of sugar, plus peach flavors.",,
the-plug-crown-heights,FjQgbmnETC,f579cf24-694b-4dd8-9d16-22b651ef8de1,High Scale SFV OG 3.5g Flower,High Scale,flower,3.5g,4000,26.39,0,sativa,TRUE,,,2026-05-23T21:23:53.890537+00:00,,,
the-plug-crown-heights,JkXulh3tE9,663755e3-d353-495b-8dfe-f0bf7aa8d359,Doobie Labs - Blue Dream | 3.5g Flower,doobie labs,flower,3.5g,5200,30.72,0,sativa,TRUE,,https://storage.googleapis.com/maui-prod-hyper-media-images/product_images_aa92c54e-1a6a-4ef2-ad25-7fa0ac121518_736a2412-68d5-4afb-98a3-6cd405c308e5_original.png,2026-05-23T21:23:53.890537+00:00,"A timeless classic, Blue Dream delivers a smooth blend of ripe blueberries and light herbal notes with every pull. Known for its balanced effects, this strain offers an immediate cerebral lift paired with a gentle, calming body feel. Expect clear-headed euphoria without heaviness-ideal for daytime sessions, creative flow, or staying productive while taking the edge off.",,
the-plug-crown-heights,BEk5bz07dl,7fbf9146-587f-44d9-a004-a0b1d19def48,MFNY - Chemdog |  0.5G Live Rosin Cart,MFNY,other,0.5g,5000,77.48,0,indica,TRUE,,https://storage.googleapis.com/maui-prod-hyper-media-images/product_images_feabb9b6-4d9c-40e4-81c8-d7380b63fdc1_7ec74063-ab26-44d0-9f21-2c2571f333dd_original.png,2026-05-23T21:23:53.890537+00:00,"Chemdog is one of the godfathers of modern cannabis history — the genetic backbone of Sour Diesel, OG Kush, and GMO/Garlic Cookies among others. It’s the second of the MFNY Classics that pay homage to the strains that shaped modern cannabis — and the highs they first brought us. MFNY Classics aren’t throwbacks, they’re living proof of what we can do by infusing old-school cultivars with modern processes. All to bring legendary, full-of-life flavors and effects to New Yorkers. At MFNY, we make RiverwayTM Live Rosin in a specific way that preserves powerful plant characteristics. We do this to highlight the difference between “real” live rosin and misleading alternatives on store shelves. Riverway isn’t just a name, it’s a promise to make products all New Yorkers can be proud of. The Riverway Live Rosin Vape has a high terpene profile of our single-source, in-house produced Chemdog Riverway Live Rosin. We use a proprietary cultivation, freezing, and extraction process designed to preserve flavor, maximize potency, and ensure a truly solventless experience. This solventless extract showcases the cultivar’s naturally produced full-spectrum cannabinoids and remarkable terpenes. Upon the first inhale of MFNY’s Chemdog, your pallet will be met with a striking chemical and funk taste with undertones of earthiness; known to promote an euphoric body high with long-lasting, invigorating cerebral effects that spread to your whole body. No distillates, added flavors, or alterations. Comes in a 510 Cart with recommended battery settings 2.8 - 3.3V. Do not vaporize live rosin at higher temperatures, as it can “burn off” the precious terpenes and aromas we are working hard to preserve; higher temps can also cause an undesirable “burnt” aftertaste. Vape cartridge contains concentrated live rosin oil that is heated by a battery and vaporized for inhalation. These products are very potent and are designed to be consumed in 2-3 second puffs.",,
the-plug-crown-heights,Rhr7Fvk7SW,a3e37a22-7a6c-449b-bb3f-29cb05a031a0,Jaunty 1g Cart - Blueberry Kush,Jaunty,other,1g,4500,85.81,0,indica,TRUE,,https://storage.googleapis.com/maui-prod-products/422821e5-fad5-4e72-8fde-dfd3c8e19d22--0e686e08-4e33-4428-9e10-e8fc51b6bf0a.png,2026-05-23T21:23:53.890537+00:00,Blueberry Kush is a true indica featuring an earthy flavor and aroma with notes of berries and herbs. This tasty strain is a great after-dinner treat to help relax and unwind.,,
the-plug-crown-heights,4uCjoN652r,9b96b434-0da0-44ba-bd1e-b3ed27766deb,MFNY - Sour Diesel x Sour Diesel | .75g Infused 4pk,MFNY,preroll,3g,5000,32.894,0.118,sativa,TRUE,,https://storage.googleapis.com/maui-prod-hyper-media-images/product_images_5479112c-3f9a-4548-94a7-5102233a28b0_ad08bdc7-344e-458b-8136-0f744187ff3b_original.png,2026-05-23T21:23:53.890537+00:00,"We're not just reviving the names of these influential cultivars; we've brought in revived genetics. Starting with Sour Diesel - then expanding to Chemdog, Shishkaberry, UK Cheese, Cherry Pie, and more - we're sourcing scarce heirloom cuts with restored vigor that result from cutting-edge propagation techniques. We then cultivate these vibrant genetics in precisely optimized conditions to suit each plant's needs. This way, we're preserving, honoring, and showcasing their classic characteristics; not just in pre-rolls, but vapes, gummies, concentrates. All to bring these legendary, full-of-life flavors and effects to more New Yorkers.",,
the-plug-crown-heights,YsWUruzsXD,b0698556-b7dc-4f48-b652-5a35bc5084cd,Golden Garden - Blue Zushi | 1G PreRoll,Golden Garden,preroll,1g,1000,29.5,0,indica,TRUE,,https://storage.googleapis.com/maui-prod-hyper-media-images/product_images_50de47de-ee61-4a40-b6d3-e1d1fcd43b8d_86e96f47-ffea-4dc0-b8ca-610b0b637362_original.png,2026-05-23T21:23:53.890537+00:00,"Blue Zushi is an Indica-dominant hybrid cannabis strain made by crossing Zkittlez and Kush Mints. The effects of Blue Zushi are believed to be euphoric and relaxing. The dominant terpenes are limonene and caryophyllene, creating a sweet, and slightly tropical nose that smells like the Hawaiian Islands.",,
the-plug-crown-heights,qe32tPIfpN,f8bb6a25-cdff-49b4-bd21-5d4a618e6dad,Jetpacks FJ-Mini (0.6g) Infused PreRoll - Lemon Cherry Gelato,Jetpacks,preroll,0.6g,1300,37.77,0,50/50,TRUE,,https://storage.googleapis.com/maui-prod-hyper-media-images/product_images_da40b943-6223-4eb8-8312-f472bf18a069_ba7d5e5d-e3d1-47d1-8028-3a6058c7888e_original.png,2026-05-23T21:23:53.890537+00:00,,,
the-plug-crown-heights,pLu0iDtE5n,cab58a2c-8c31-479c-9074-f1c81960617d,Jetty - El Chiveoz | 1G Solventless Live Rosin AIO,Jetty,other,1g,9000,80.126,0,indica,TRUE,,https://storage.googleapis.com/maui-prod-hyper-media-images/product_images_154913ff-57ba-4531-82ce-b50d5276e3f1_0c014707-6f58-4e5d-9174-9fad31ef8979_original.png,2026-05-23T21:23:53.890537+00:00,,,
the-plug-crown-heights,dQHL33KizG,4b06528c-940c-45e8-bfaa-230711e91a3a,Ayrloom (10 mg THC|5mg THCV Gummies) - Sol Burst,Ayrloom,edible,40g,2600,100,0,,TRUE,,https://storage.googleapis.com/maui-prod-hyper-media-images/product_images_effa9b76-4a40-41b5-a7f7-18c3c39b4836_1d000a06-0575-45b5-906a-57fc265e9a71_original.png,2026-05-23T21:23:53.890537+00:00,,,
the-plug-crown-heights,rXhnC1mPbI,bf52979c-a1fd-4489-8739-163e3b09bd56,Jaunty 1g Cart - Sour Diesel,Jaunty,other,1g,4500,82.67,0,sativa,TRUE,,https://storage.googleapis.com/maui-prod-products/422821e5-fad5-4e72-8fde-dfd3c8e19d22--859652ca-c476-48b6-a274-13b5e4d8b19f.png,2026-05-23T21:23:53.890537+00:00,"This sativa features one of the most identifiable dank-diesel aromatic profiles, delivering an invigorating cerebral high that kick-starts your creative waves with every hit.",,
the-plug-crown-heights,Vc3KIh3GaK,1d3afb3c-7a3f-437f-8132-31bf07546f8b,Ayrloom(10mg THC/ 5mg CBN Gummies)- Pillow Talk,Ayrloom,edible,40g,2600,100,0,indica,TRUE,,https://storage.googleapis.com/maui-prod-products/422821e5-fad5-4e72-8fde-dfd3c8e19d22--b3a81bd6-e8da-4db0-9833-133f7fac86d2.jpeg,2026-05-23T21:23:53.890537+00:00,"We believe that nothing beats a good night’s sleep. With flavors of just-picked blueberries and pure lavender with Melatonin, Pillow Talk is a sleep essential. Make all the zzz’s count and be ready to dream big! Fast Acting, Gluten Free, Vegan.",,
the-plug-crown-heights,1dKYVa0r9Q,34cd1d26-97fc-4618-b53f-74c94850ad11,Dank - Alien Cookies | 1G Pre-Roll,Dank,preroll,1g,1400,25.54,0.105,50/50,TRUE,,,2026-05-23T21:23:53.890537+00:00,,,
the-plug-crown-heights,uanX8avi5t,fcbbd616-73ef-415c-ad05-00bc0fc46f1a,Camino - Sleep | Midnight Blueberry 5:1 CBN 20pk,Caminos,edible,72g,3000,100,0,indica,TRUE,,https://storage.googleapis.com/maui-prod-products/422821e5-fad5-4e72-8fde-dfd3c8e19d22--c4b9396a-6dcb-4bb5-a4bc-e00da3b95117.jpeg,2026-05-23T21:23:53.890537+00:00,"Our top-selling product - and for a reason. When the day's demands set you up for a restless night, there's a perfect companion waiting for you: Midnight Blueberry Camino ‘Sleep’ Gummies, specially crafted to lull you into a deep and tranquil sleep that will leave you feeling truly refreshed. With a carefully crafted blend of 5MG THC and 1MG CBN with indica-like terpenes plus chamomile and lavender extracts, these delicious gummies settle you down into a smooth slumber as if you’re underneath the stars. THC acts on CB1 receptors in the nervous system and has been associated with greater ease of falling asleep- as well as pain management, which contributes to better sleep. CBN (aka Cannabinol) is shown in preliminary studies to have tranquil properties, particularly when paired with THC. Chamomile is widely regarded as a sleep-inducer, creating a mild effect that helps decrease anxiety. Lavender interacts with the neurotransmitter GABA to help soothe the brain and nervous system and reduce restlessness When all these synergistic components come together, the result is a restful night followed by a refreshed morning. Sweet dreams! Terpenes: Beta-Caryophyllene, Linalool, Myrcene",,
the-plug-crown-heights,RuR4N7b4Pg,0fc51f07-666a-429a-982f-49c20e2579e5,Find - Novarine | 1G PreRoll,Find.,preroll,1g,1200,33.028,0.147,sativa,TRUE,,https://storage.googleapis.com/maui-prod-hyper-media-images/product_images_d01c146d-bdd9-4fb9-b27d-d68adf9e1ed4_1275bbc8-b142-427d-8e61-0fc821c269ab_original.png,2026-05-23T21:23:53.890537+00:00,Novarine is a sativa-dominant hybrid weed strain made from a genetic cross between Caprichosa Thai and a Thai landrace line known for its richness in THCV,,
the-plug-crown-heights,3okCPHMPXv,3000b6e9-6539-443e-a30f-e7c96fbecc34,Electraleaf - Medusa | 3.5G,Electraleaf,flower,3.5g,4500,29.20,0,sativa,TRUE,,https://storage.googleapis.com/maui-prod-hyper-media-images/product_images_6ed5f232-0822-45d3-8a5e-47c7f3ff6165_2152feda-6f4c-457a-b4a8-838979e706c9_original.png,2026-05-23T21:23:53.890537+00:00,"Medusa is beauty with a bite a hypnotic hybrid born from Zangria × Sour Diesel that turns heads and melts minds. This strain slithers between fruit and fuel, blending Zangria’s candy-coated sweetness with Sour Diesel’s unmistakable gassy funk. The aroma hits first tangy berries, citrus zest, and diesel vapors that sting the senses just right. The flavor follows in waves: sweet sangria and tropical fruit upfront, chased by a sharp diesel finish that lingers on the tongue like forbidden temptation. It’s loud, alluring, and just dangerous enough to keep you coming back for another hit. Medusa strikes fast a buzzing cerebral lift that lights up your thoughts, creativity, and conversation. The high is bright, euphoric, and social at first, then slowly wraps you in a smooth, body-heavy calm. It’s a mind-expanding hybrid that feels like getting lost in a daydream and loving it. Expect clarity, laughter, and that slow-motion body float that feels both alive and grounded. Perfect for nights out, studio sessions, or getting lost in your own mythology. Visually, Medusa stuns dense, sparkling buds with hues of deep violet, emerald green, and streaks of fiery orange pistils. Each nug is glazed in a heavy frost of trichomes that shimmer under the light like crystal scales. Crack it open, and the room floods with that sweet-diesel aroma that could wake a sleeping titan.",,
the-plug-crown-heights,5PmSqUwOoM,bb04d269-2f5e-43bc-bf0d-8731c4f76101,Ayrloom (0.5g Disposable) - Alaskan Thunder Fuck,Ayrloom,other,0.5g,3000,90.55,0,,TRUE,,https://storage.googleapis.com/maui-prod-hyper-media-images/product_images_46ef4dce-2e1f-40df-8c2d-58da83d4da2f_938b4ff3-603c-4cea-9458-d89bfe786969_original.png,2026-05-23T21:23:53.890537+00:00,"known for its combination of flavors + aromas, this iconic strain boasts notes of fresh pine, citrus + slightly sweet mint. expect to feel uplifted, social + relaxed all at the same time.",,
the-plug-crown-heights,U47PExazNt,3f7ec348-aafd-44f7-860d-92e22ebd5dbb,Claybourne Co. - Mule Fuel | Classic Cuts Large Bud 3.5g Flower,Claybourne Co.,flower,3.5g,5000,35.4,0,indica,TRUE,,https://storage.googleapis.com/maui-prod-hyper-media-images/product_images_79f14b0b-03a1-4a75-aaa0-c99d36712409_8f2b2d24-27a4-40b0-ac9b-3610007f3474_original.png,2026-05-23T21:23:53.890537+00:00,"Classic Cuts - A selection of classic and modern classic varieties curated from a lineage of tried and true genetics. Always hand-trimmed, always grown indoors",,
the-plug-crown-heights,sLvo6YYO48,b4782d4e-bebf-4299-9ffc-0cae93c46e94,Claybourne Co. - Guava Gaslato | Gold Cuts Large Bud 3.5g Flower,Claybourne Co.,flower,3.5g,6000,29.5,0,50/50,TRUE,,https://storage.googleapis.com/maui-prod-hyper-media-images/product_images_a70c4195-f2f6-4f69-aab9-7f96a3cf3321_a39aebb3-e220-4992-9a54-8b684594ec8a_original.png,2026-05-23T21:23:53.890537+00:00,"Exclusive and unique genetics from Claybourne’s breeding and selection program. Gold Cuts are hand-trimmed on the stem, using minimal touch processing for maximum trichome preservation.",,
the-plug-crown-heights,KMHF935em3,50e6157e-4a24-40d1-a025-2fb84e48c004,Stone Road - Iced Lemonade | W/ Hash + THCa Diamond Pre-Ground 14G,Stone Road,flower,14g,11900,43.64,0,sativa,TRUE,,https://storage.googleapis.com/maui-prod-hyper-media-images/product_images_b7cd25e2-ac48-4f0a-9e84-55e8dd297b0d_bf460e4e-f270-441d-abe4-8160b846ba47_original.png,2026-05-23T21:23:53.890537+00:00,"A crisp and refreshing sativa with sharp lemon notes and a cool finish. Iced Lemonade provides an energizing, creative buzz paired with a clean, smooth exhale — ideal for daytime enjoyment. This sativa pre-ground pouch is 100% pre-ground flower containing no shake or trim. Infused with bubble hash and diamonds, this ultra-potent pack includes papers and filters.",,
the-plug-crown-heights,s29MDMFVxP,953d4b0b-7e9a-452b-94e3-f1ad18518b46,The Plug Pack - Lemon Berry Kush | 28g Infused Pre-Ground,The Plug Pack,other,28g,12000,33.98,0,,TRUE,,https://storage.googleapis.com/maui-prod-hyper-media-images/product_images_46185b3a-cbc6-4ee2-b7e6-ea74e570013f_1576fe6e-6216-4004-b226-52549aa308d5_original.png,2026-05-23T21:23:53.890537+00:00,"A balanced high featuring energetic, giggly, and creative effects that later settle into, deep, comfortable physical relaxation, making it popular for stress, pain, and social activity",,
the-plug-crown-heights,fUR10ry5CE,dd0a8e93-4b90-4922-8e4d-a52807497a38,High Scale - Jack Herer | 3.5g,High Scale,flower,3.5g,4000,23.43,0,sativa,TRUE,,https://storage.googleapis.com/maui-prod-products/422821e5-fad5-4e72-8fde-dfd3c8e19d22--6c74b5c4-3eab-428e-9ee2-cf2856d9fa6e.png,2026-05-23T21:23:53.890537+00:00,"Jack Herer is a renowned sativa-dominant hybrid strain celebrated for delivering an energetic, euphoric, and creatively stimulating high, making it ideal for daytime use. With typical THC levels of 18-24%, it provides a clear-headed, focused, and productive experience often described as a ""wake-and-bake"" strain. The effects are balanced, offering mental stimulation without severe, jittery, or overwhelming sensations.",,
the-plug-crown-heights,PrrZ5aI9Ih,4d335167-c976-4f13-908c-c0e5b4c25970,Hepworth - Blue Dream | 3.5G,Hepworth,flower,3.5g,3000,29.32,0,sativa,TRUE,,,2026-05-23T21:23:53.890537+00:00,,,
the-plug-crown-heights,hzvwgzXXFr,65e03243-9f20-4395-b407-3880a0fdb6ea,Nanticoke - Sour Diesel | 1G Infused Pre-roll,Nanticoke,preroll,1g,2000,43.61,0,sativa,TRUE,,https://storage.googleapis.com/maui-prod-hyper-media-images/product_images_36a5af8d-d234-4cb0-b857-4b90d7f25214_9a62ab31-0b85-4253-9dc3-b3ca64ae55ee_original.png,2026-05-23T21:23:53.890537+00:00,,,
the-plug-crown-heights,pXbsbYIYqQ,e45521c6-45be-4b6b-99e8-6d92662894b9,Ayrloom - Lychee Dream | 2G AIO,Ayrloom,other,2g,7500,86.89,0,,TRUE,,https://storage.googleapis.com/maui-prod-hyper-media-images/product_images_23689dd8-7d45-4543-827c-e0454e772080_b339641d-e9a2-40d2-9ee8-3e4e703f2a55_original.png,2026-05-23T21:23:53.890537+00:00,"the vibrant + energizing combination of juicy pear, pink florals + sweet berry will leave you feeling lifted + light.",,
the-plug-crown-heights,K0qGZoANXM,1e374350-d24a-4786-b4b3-1445bacfd224,Revert - Strawberry Amnesia | 3.5G Flower,Revert,flower,3.5g,3000,27.1,0,sativa,TRUE,,https://storage.googleapis.com/maui-prod-hyper-media-images/product_images_5ab64b04-3480-4eb3-849b-29e31ccaf832_46de94aa-159f-4ad2-b77b-25909d9f3c2c_original.png,2026-05-23T21:23:53.890537+00:00,"powerful and uplifting flower from Dinafem Seeds, Strawberry Amnesia is a strain made in sativa heaven. Bred from Strawberry Cough and Amnesia, this strain delivers the familiar sweet strawberry and earthy flavors of its parents. Having the typical energizing and euphoric effects of a sativa, Strawberry Amnesia also induces the calming body high from its distant indica relatives. The dark green buds of Strawberry Amnesia are very dense and heavily coated in resin, so this potent sativa should be handled with caution.",,
the-plug-crown-heights,neHUe9AGdq,6d248ec8-7b77-49e2-9e5b-5cca32a07975,Jaunty - Pineapple Whip | 1.5G Liquid Diamonds All-In-One,Jaunty,other,1.5g,7000,96.89,0,50/50,TRUE,,https://storage.googleapis.com/maui-prod-hyper-media-images/product_images_7c2c294c-680e-4804-b68d-f5794cf544d6_3b6a96ce-3265-47e7-b2f7-608fe33a365f_original.png,2026-05-23T21:23:53.890537+00:00,"Precision and purity meet flavor and convenience. Louder than live extract, richer than full-spectrum, Jaunty Liquid Diamonds incorporates a revolutionary high terpene extract (HTE) enhanced with natural exotic compounds to restore those lost to off-gassing, processing, and extraction. The result? Some of the best-tasting, hardest-hitting versions of cannabis’s most iconic flavor signatures. Louder than live extract, richer than full-spectrum, Jaunty Liquid Diamonds incorporates a revolutionary high terpene extract (HTE) enhanced with natural exotic volatile compounds to restore those lost to off-gassing, processing, and extraction —exotics like thiols, esters, & other high-impact volatiles. This Living Spectrum revives what time, process, and heat take away: the volatile exotics that make each plant alive with intensity, nuance, and unmistakable character. The result? Cannabis flavor as it is in the field. Tasting Notes Bright and tropical with hints of pine, pineapple, and light citrus. Premium dab aroma in a vape",,
the-plug-crown-heights,unmCChG0Ai,ccc1885a-1145-44b2-846c-cd25965da38a,Noizey - C.R.E.A.M | 4G,Noizey,flower,4g,4500,29.78,0.141,,TRUE,,https://storage.googleapis.com/maui-prod-hyper-media-images/product_images_2f2d7627-e92b-4d97-bbc9-24651f98a9c9_26302080-e007-46ae-96d4-e29918b45233_original.png,2026-05-23T21:23:53.890537+00:00,,,
the-plug-crown-heights,sYKdLZyOqp,92e67def-6650-421c-9c7d-a1aa7c9196a5,Ayrloom (10mg THC|10mg CBD|10mg CBG Gummies) - Sour Peach Hibiscus,Ayrloom,edible,47.5g,2600,100,100,50/50,TRUE,,https://storage.googleapis.com/maui-prod-products/422821e5-fad5-4e72-8fde-dfd3c8e19d22--5824bac4-b289-4986-bfba-392b49e26c92.jpeg,2026-05-23T21:23:53.890537+00:00,"all buzz, no fuzz! ripe peach + sweet hibiscus sweep you off your feet with a delightfully fruity + floral gummy.",,
the-plug-crown-heights,ngJpRdFpXS,835decd6-3459-40da-b90c-9e1751afd712,Camino - Recover | Freshly Squeezed 1:2 CBG 20pk,Caminos,edible,72g,3000,100,0,50/50,TRUE,,https://storage.googleapis.com/maui-prod-products/422821e5-fad5-4e72-8fde-dfd3c8e19d22--8c145989-fd66-40cb-9883-ddb8cacd0bd9.jpeg,2026-05-23T21:23:53.890537+00:00,"Picture this: You've just wrapped up a hectic workday, your mind is racing with thoughts, and your body is feeling tense. This is the perfect occasion to reach for Camino Freshly Squeezed Recover gummies. Each gummy contains 5MG of THC and 10MG of CBG, along with hybrid-like terpenes that work together to create a harmonious blend of relaxation and balance. CBG, known for its potential anti-inflammatory and anti-anxiety effects, helps balance out THC’s psychoactive experience. It's like having a gentle hand guiding you through, ensuring that you stay grounded and centered. Camino Freshly Squeezed Recover gummies aren't just a treat for your tastebuds; they're a ticket to a serene state of mind. Embrace the relaxation and respite they offer. Terpenes: Eucalyptol, Beta-Caryophyllene, Nerolidol, Valencene",,
the-plug-crown-heights,CHCccgwqjQ,7aa55ac7-d77b-456d-a3c3-b2c079d3c8f4,Find - Hickory Hash | 1G PreRoll,Find.,preroll,1g,1300,33.642,0.122,50/50,TRUE,,https://storage.googleapis.com/maui-prod-hyper-media-images/product_images_342a6061-291d-478d-a9df-fd94a77f5d84_ecaa3b97-faad-4458-b21b-ce99ca465c01_original.png,2026-05-23T21:23:53.890537+00:00,"Discover a smooth, balanced smoke with Find’s Hickory Hash, a 3.5g hybrid strain cultivated indoors for maximum flavor, potency, and consistency. This top-shelf flower offers a rich, earthy aroma with subtle sweet and spicy notes—perfect for those seeking a flavorful experience and a mellow, functional high.",,
the-plug-crown-heights,FMO3Kk0anA,8bc4aa72-2510-4850-bc48-f79cecee43f1,Wana - New York Sunrise | Fast Acting Gummies 100MG,Wana,edible,45g,2200,100,0,sativa,TRUE,,https://storage.googleapis.com/maui-prod-hyper-media-images/product_images_2bf3752c-3d3d-496f-a82a-6084622dcecf_cb3bc5a7-1522-4700-a099-318b6aff48e9_original.png,2026-05-23T21:23:53.890537+00:00,,,
the-plug-crown-heights,NxJf2L8tqE,d4a0fc9f-95d4-4144-a99c-35834caeed1e,Livwell - Mendo Breath | 28G Flower,LivWell,flower,28g,14000,26.62,0,indica,TRUE,,https://storage.googleapis.com/maui-prod-hyper-media-images/product_images_2c7830dc-a971-4c8a-b37c-28cbbbb802e7_76d00b45-7a12-457d-b3f1-ffdd8625eaf4_original.png,2026-05-23T21:23:53.890537+00:00,"Strain Type: Indica-Dominant Hybrid Flavor/Aroma: Creamy vanilla, caramel, and sweet earth Effects: Known for producing a deep, relaxing, and calming body high, often described as a ""couch-lock"" experience. It is popular for evening use and for unwinding.",,
the-plug-crown-heights,6oGwrg3Hm6,1075a513-9a43-4add-8248-8bf0464057fd,Camino Sours Chill Strawberry Sunset 100mg 10pk,Caminos,edible,39g,3000,100,0,sativa-dom,TRUE,,https://storage.googleapis.com/maui-prod-products/422821e5-fad5-4e72-8fde-dfd3c8e19d22--b2413c54-c56f-4356-85cb-6348f2c52215.jpeg,2026-05-23T21:23:53.890537+00:00,"Kick back dockside and relax to the rhythmic sounds of soft waves lapping against the shoreline. Indica-like terpenes meet a refreshing strawberry citrus flavor in this marvelously mellow edible. Take a deep breath in and chill out. Terpenes: Beta-Caryophyllene, Linalool, Myrcene, Humulene, Terpinolene",,
the-plug-crown-heights,G3pEVhTWkX,dbe5c441-2b1d-4ce0-bee9-7d8992d9d319,Doobie Labs - Blue Nerdz | 3.5G Flower,,flower,3.5g,5200,28.48,0,,TRUE,,https://storage.googleapis.com/maui-prod-hyper-media-images/product_images_b3afbbe1-761e-4df1-be2c-da06bf96a96c_98acaabe-d97b-4327-b439-e46c7b77c040_original.png,2026-05-23T21:23:53.890537+00:00,"Blue Nerdz hits with a loud burst of candy-sweet berry flavor layered over a subtle citrus tang, delivering a nostalgic, sugary inhale with a smooth, gassy finish. This strain leans into a balanced, feel-good high-uplifting and euphoric up front, then settling into a mellow body buzz that keeps you relaxed but still dialed in. Perfect for anytime use when you want flavor-heavy hits and a carefree vibe.",,
the-plug-crown-heights,hE9JNNXZsv,d0db32e0-fb99-452e-b3e0-998e399ea6fe,Grassroots- Orange Z | 3.5G,Grassroots,flower,3.5g,4000,29.09,0,sativa,TRUE,,https://storage.googleapis.com/maui-prod-hyper-media-images/product_images_e81c194a-4152-4bcf-abfe-e831035d1556_cf532e90-cea3-4096-ab46-f623303fd7f6_original.png,2026-05-23T21:23:53.890537+00:00,"Orange Z by Grassroots is a sativa-dominant hybrid strain, known for its citrusy aroma and flavor, and uplifting effects. It is a cross between Agent Orange and Zkittlez (often referred to as ""Original Z"").",,
the-plug-crown-heights,niuaBvUrgu,a74ad213-4de4-49bb-aecf-40aa945a4eb0,Florist Farms - Peach Gummies | 20MG x 2PK 1:1 THC:CBD,florist farms,edible,,600,20,0,,TRUE,,https://storage.googleapis.com/maui-prod-hyper-media-images/product_images_c6646216-dc18-4026-bd38-9ca5901d8df5_eda0b182-92bd-406b-9079-e30742434b64_original.png,2026-05-23T21:23:53.890537+00:00,"These vegan gummies are made with real fruit and organic ingredients. If you’re looking for a gummy that actually tastes good, these are a top pick. They are genuinely some of the best gummies we’ve tried. Perfect for when you need to just chill out. Each gummy contains 10mg THC and 10mg CBD. CBD is a natural cannabinoid found in the cannabis plant that helps with reducing stress and anxiety. Dose: 10mg THC + 10mg CBD per gummy (Easy to split in half for a 5mg dose) Quantity: 2 Gummies Flavor: Juicy, refreshing peach Effects: Chill, relaxing, stress-reducing",,
the-plug-crown-heights,pBVRhUuk7a,e7de3be7-6e8c-4fce-8630-65c122e6ca41,Off hours - Orangeade | Awaken 10:2 THC:THCV,Off hours,edible,60g,2900,100,0,sativa,TRUE,,https://storage.googleapis.com/maui-prod-hyper-media-images/product_images_a6008f9d-f122-458f-b4ad-73f7c922d92a_9517d838-8947-406e-8839-4328e3c39874_original.png,2026-05-23T21:23:53.890537+00:00,"Ready to wake up? Off Hours Awaken Orange Punch gummies are specially formulated with an eye-opening blend of terpenes, THC and THCV to energize your day.",,
the-plug-crown-heights,JETR9URwFi,7ad6cf5c-b610-434b-b18b-6d39ff1df7fe,Jaunty 1g Cart - Amnesia Haze,Jaunty,other,1g,4500,84.09,0,sativa-dom,TRUE,,https://storage.googleapis.com/maui-prod-products/422821e5-fad5-4e72-8fde-dfd3c8e19d22--ff98eae0-b21a-4152-93d9-fcc1fe19805c.png,2026-05-23T21:23:53.890537+00:00,"Amnesia Haze is a popular sativa offering uplifting and energizing effects, making it perfect for a wake-n-bake session. Each hit packs a fresh, fruity, hash-like taste coupled with a sweet, earthy aroma.",,
the-plug-crown-heights,JTKUUZnyN0,c797d8f7-6ce1-47db-b1d4-928f1e9a624d,Ruby Doobies - African Orange | 0.5G Pre-rolls 7pk,Ruby Farms,preroll,3.5g,3700,24.4,0.134,50/50,TRUE,,https://storage.googleapis.com/maui-prod-products/422821e5-fad5-4e72-8fde-dfd3c8e19d22--b6d682e2-4cf6-4f2f-af50-699c468a31d6.jpeg,2026-05-23T21:23:53.890537+00:00,"African Orange is a sativa strain. Bred from Orange Bud and African Sativa, it delivers an uplifting, creative, and euphoric high, making it great for daytime use. It's citrusy, sweet, and earthy flavor comes from its dominant terpene, limonene. Ideal for boosting mood, focus, and motivation.",,
the-plug-crown-heights,NznU2cp698,76b21cfb-69ae-49ed-96b0-60c81069429b,Ruby Farms Classics (7pk pre rolls) Purple Haze,Ruby Farms,preroll,5g,5000,24.12,0.126,sativa,TRUE,,https://storage.googleapis.com/maui-prod-hyper-media-images/product_images_270e46b2-1f80-4b67-97f3-559373c487f3_c4a158c0-9436-44f5-88f3-2c32dbc0495d_original.png,2026-05-23T21:23:53.890537+00:00,,,
the-plug-crown-heights,DYAuDfMIRW,103873c9-7f31-4b85-b33f-ab3d9ea96ae6,Mini Mart - Blue Dream x Purple Punch | Darts 7 Pack,mini mart,preroll,3.5g,3200,28,0,50/50,TRUE,,https://storage.googleapis.com/maui-prod-hyper-media-images/product_images_1c87c052-eb9c-4f04-bd3a-fca781172272_5d150a61-28fd-41e4-b967-68788bd17b61_original.png,2026-05-23T21:23:53.890537+00:00,"Blue Dream x Punch Hybrid This balanced hybrid delivers uplifting cerebral effects from Blue Dream combined with Punch's relaxing body high, creating a well-rounded experience perfect for any time of day. Expect sweet berry and vanilla flavors with earthy, fruity undertones",,
the-plug-crown-heights,mRN3UWD9rt,605cec9d-8c9b-4737-bb8c-a4481f60eccd,WYLD- Pear 1:1 CBG:THC,WYLD,edible,40g,2600,100,0,50/50,TRUE,,https://storage.googleapis.com/maui-prod-products/422821e5-fad5-4e72-8fde-dfd3c8e19d22--6ffd7fb3-f60b-4d65-aa93-124f91f1162a.jpeg,2026-05-23T21:23:53.890537+00:00,"1:1 (CBG THC) | Hybrid Perfect for balancing body and mind. Want to align from head to toe? Try Wyld Pear gummies for the restorative enjoyment of THC + CBG. CBG (Cannabigerol) is a cannabinoid, which is a compound found in the cannabis plant, just like CBD is. CBG is associated with effects which are similar to CBD, especially when used in conjunction with THC. CBG is often used as a recovery agent, allowing athletes of all kinds to help their bodies relax and recover. Great for use after a long day of training, a rewarding yoga session, or when you just want some extra support. Consumers of our products commonly point to our outstanding flavor and consistent effects as reasons they choose Wyld. All Wyld gummies are made with real fruit, high quality cannabis extract, and botanical terpenes to provide the best possible experience every time.",,
the-plug-crown-heights,UFpX7PgUUA,a3f5daf7-fadf-42ab-bad9-519333e5bb5b,Mini Mart - Donny Burger | Darts 2 Pack,mini mart,preroll,1g,1200,28.744,0,indica,TRUE,,https://storage.googleapis.com/maui-prod-hyper-media-images/product_images_f0af58c2-fd11-4578-a523-2cc8d8f4dcde_caa5fa8b-0048-45c4-8aeb-fc3607e598e3_original.png,2026-05-23T21:23:53.890537+00:00,"Donny Burger emits that classic weed aroma of savory pine followed by robust dankness. With flavors to match, pine takes center stage on the palate, delivering a fresh finish and exhale.",,
the-plug-crown-heights,X4ISwUZSHs,fbfe7855-5453-4e5d-98cb-91b4ef167260,LEAL - All Gas OG | 1G PreRoll,LEAL,preroll,1g,1100,32.31,0,indica-dom,TRUE,,https://storage.googleapis.com/maui-prod-hyper-media-images/product_images_b2875393-2bf2-411c-8217-0bd28d199aff_f90645b4-f4f7-4261-a27a-41cfec354300_original.png,2026-05-23T21:23:53.890537+00:00,,,
the-plug-crown-heights,l9ZPeBJ7yD,4bc90f19-8744-4ec1-b74d-5ef42befa2b4,Eaton Botanicals Chairlifts - Double Durban THCV  3:2:1+ Mullein Leaf | 2pk Pre-Rolls,Eaton,preroll,0.7g,1200,9,0.065,sativa,TRUE,,https://storage.googleapis.com/maui-prod-hyper-media-images/product_images_7d7f57e4-8eeb-49e2-b4aa-416c34c19985_9747883f-e904-4b26-9c27-b32b161a5346_original.png,2026-05-23T21:23:53.890537+00:00,"THC 9% : THCV 6% : CBG 3% + Mullein Leaf. Meet Double Durban, our energizing new cultivar featuring a rare 3:2:1 ratio of THC, THCV, and CBG. This exclusive cultivar is only available from Eaton Botanicals, pairing the legendary Durban profile with a cutting-edge cannabinoid stack designed to keep you sharp, focused, and feeling good. With bright, earthy notes true to a Durban strain, it delivers focus and energy while THCV helps curb cravings and CBG keeps your mind clear without the haze. Eaton Botanicals is the only brand in New York to offer mini pre-rolls pairing organically grown cannabis from our upstate farm with a touch of organic mullein leaf. Traditionally used in herbal medicine, mullein leaf helps clear congestion, support respiratory health, and ease the impact of smoke on your lungs. We pair it with thoughtfully selected blends of our sungrown organic cannabis that complement mullein’s gentle properties to deliver a calm and carefree high. Like everything we do at Eaton, these deliver: Wellness You Can Feel. Packaged in reusable designs, our glass tubes and aluminum tins are the perfect pocket-sized companion for wherever the day takes you.",,
the-plug-crown-heights,R9P9GLYvb6,240036eb-ac9f-475d-a803-a78c840f85d2,Claybourne Co. - Strawberry C.R.E.A.M | Flyers Gold Cuts Diamond Infused Pre-Rolls,Claybourne Co.,preroll,2.5g,5000,41.232,0,sativa,TRUE,,https://storage.googleapis.com/maui-prod-hyper-media-images/product_images_84abe930-52a1-46fb-8d60-bb26da96efe2_51992ea6-1936-480d-97b8-e1ae2293e36b_original.png,2026-05-23T21:23:53.890537+00:00,"Our most potent pre-rolls just got a tune-up. Introducing Flyers Diamond Infused Gold Cuts, the newest addition to our ultra-premium, Gold Cuts line. Crafted from premium indoor full-nug flower and infused with crushed pure THCa diamonds, these pre-rolls deliver an ultra potent experience with true flower flavor worthy of the Gold Cuts name.",,
the-plug-crown-heights,wlSy6T0jrY,efb2f0b3-1d5f-474f-b74e-bbe4039cf97a,Claybourne Co. - Lemon Drop Top | Flyers Gold Cuts Diamond Infused Pre-Rolls,Claybourne Co.,preroll,2.5g,5000,41.2,0,sativa,TRUE,,https://storage.googleapis.com/maui-prod-hyper-media-images/product_images_4611d8c8-0912-4e4f-9b1c-edd3843f1a9b_b3a5916a-52f2-4c16-8c6d-6a52ae69f47d_original.png,2026-05-23T21:23:53.890537+00:00,"Our most potent pre-rolls just got a tune-up. Introducing Flyers Diamond Infused Gold Cuts, the newest addition to our ultra-premium, Gold Cuts line. Crafted from premium indoor full-nug flower and infused with crushed pure THCa diamonds, these pre-rolls deliver an ultra potent experience with true flower flavor worthy of the Gold Cuts name.",,
the-plug-crown-heights,QqVinEMb6c,5bb74dbe-3ab4-4714-bdcf-a38376e63b9a,Ayrloom (10mg THC|10mg CBD|10mg CBG Gummies) - Sour Strawberry Kiwi,Ayrloom,edible,47.50g,2600,100,100,50/50,TRUE,,https://storage.googleapis.com/maui-prod-products/422821e5-fad5-4e72-8fde-dfd3c8e19d22--36d15b9e-a3aa-42b0-9dbe-1ccdd21b8a78.png,2026-05-23T21:23:53.890537+00:00,"Unlock the perfect balance of relaxation and wellness with Ayrloom’s Sour Strawberry Kiwi Gummies. Each gummy is expertly crafted to deliver 10mg of THC, 10mg of CBD, and 10mg of CBG, combining the best of all three cannabinoids for a uniquely potent and harmonious experience. Infused with the bold, mouth-puckering flavors of sour strawberry and tropical kiwi, these gummies provide a deliciously vibrant way to unwind, ease stress, and promote clarity. Whether you’re looking for relief from everyday aches or simply want to relax and enjoy the moment, the balanced ratio of THC, CBD, and CBG works synergistically to provide a soothing, full-spectrum experience. 10pk, 100mg total.",,
the-plug-crown-heights,rW1ePCBZiy,b9b21dfd-847c-4dc6-887c-cc62232c837b,Florist Farms - BCC X Jealousy | 1G Live Resin Infused Pre-Roll,florist farms,preroll,1g,1600,40.43,0,50/50,TRUE,,https://storage.googleapis.com/maui-prod-hyper-media-images/product_images_3b7f5280-ad8d-43b3-a0aa-c33cc9d38ae2_894ff9cc-d47c-4f03-8cb5-a306dc931f89_original.png,2026-05-23T21:23:53.890537+00:00,"This 1 gram pre-roll is made with whole flower - never trim - and infused with live resin and pure THC-A Diamonds for an extra potent, full-bodied high. Definitely a go-to for experienced smokers or anyone wanting a more powerful hit. Effect: Hybrid Flavor: Herbal with sweet and spicy undertones Ingredients: Whole Cannabis Flower, Live Resin Extract, THC-A Diamonds Why We Love Florist Farms Located in Cortland, NY, Florist Farms is committed to sustainability. They practice regenerative farming by growing in living soil, using organic compost, and never using pesticides. For over a decade, they have been organic vegetable farmers and donate produce weekly to help support their community. Our friends at Florist Farms are deeply committed to quality and to delivering the cleanest cannabis products in New York State.",,
the-plug-crown-heights,bQAcUaED69,f28512cf-a9c8-4e6f-a660-1b62fcbcc670,Revert - Crumble Cake | 3.5G Flower,Revert,flower,3.5g,3000,26.1,0.06,indica-dom,TRUE,,https://storage.googleapis.com/maui-prod-hyper-media-images/product_images_951900a9-d06b-4a42-8248-a563187df52c_f93197ce-85c0-4b41-8538-d9996950ffa9_original.png,2026-05-23T21:23:53.890537+00:00,,,
the-plug-crown-heights,icqPFEqcer,413b67c3-5fd2-4015-9230-08d27e0e3127,PUFF - Jet Fuel | Pre-Roll 5 Pack,PUFF,preroll,2.5g,2700,20.572,0.07,50/50,TRUE,,https://storage.googleapis.com/maui-prod-hyper-media-images/product_images_7b89197f-0f74-4d5a-9bdd-9fe874c82eda_c983c45d-dea1-4e0e-9d8d-293196f83f06_original.png,2026-05-23T21:23:53.890537+00:00,"Jet Fuel 5 pack pre roll is a super potent hybrid strain that has a pungent, fuel-like aroma with hints of citrus and pine that is sure to blast you off. The effects are immediate and powerful, delivering a boost of energy and creativity that's perfect for getting things done. It's also known for inducing a sense of euphoria and happiness, making it an excellent choice for social situations or when you need a little extra motivation. With its unique flavor profile and potent effects, it's no surprise why this strain has become so popular.",,
the-plug-crown-heights,vjIIzA44Df,5a3eb5d5-738f-4f09-96f0-9ece46b28c1a,Ruby Farms Classics (7pk pre rolls) Trop Cherry,Ruby Farms,preroll,5g,5000,25.969,0.115,50/50,TRUE,,https://storage.googleapis.com/maui-prod-hyper-media-images/product_images_62436555-6c11-470c-ac21-1e0295b52eb7_4812e83a-258d-433c-8a13-e8e4d02f6ebf_original.png,2026-05-23T21:23:53.890537+00:00,,,
the-plug-crown-heights,PB21LZHYxJ,89931fad-29d9-4063-968e-265088021d80,Grön - Orange Yuzu Pearls - 100mg,Grön,edible,35g,2500,100,0,sativa,TRUE,,https://storage.googleapis.com/maui-prod-hyper-media-images/product_images_bb34a40f-e324-4b57-ab69-20ec15026bb9_8e6cbe4a-3a16-4f04-b8d2-99e4664daa9e_original.png,2026-05-23T21:23:53.890537+00:00,"Pucker up and power through with Orange Yuzu Pearls. Bringing a big, bold flavor with a tangy twist, these Pearls will wake up your taste buds and help you seize the day with clarity and focus. It’s like a sunrise in your mouth—zesty, bright, and bursting with energy.",,
the-plug-crown-heights,BsVhvPmVjf,687df4d7-55bc-4026-a3df-027e1ae84e7f,Off hours - Cherry Berry | Offline 10:10:4 THC:CBD:CBN,Off hours,edible,60g,2900,100,0,indica,TRUE,,https://storage.googleapis.com/maui-prod-hyper-media-images/product_images_e5bf46c2-370c-4ad4-82e9-656496de890b_b393ffcc-b620-49c2-9543-c8ecd846d2f0_original.png,2026-05-23T21:23:53.890537+00:00,,,
the-plug-crown-heights,c7p6CisDSK,db4ff0ec-cb66-49ff-a45c-e5af9fe246fa,Stiiizy 40's - Cereal Milk | Infused 5pk 0.5g Pre-Rolls,STIIIZY,preroll,2.5g,4500,28.92,0,50/50,TRUE,,,2026-05-23T21:23:53.890537+00:00,"STIIIZY's 40's Cereal Milk is a potent, sativa-dominant hybrid known for its distinct sweet, creamy, and fruity flavor reminiscent of leftover cereal milk, blending notes of vanilla, berries, and sugary cereal with earthy undertones while delivering a balanced high that's uplifting, mood-enhancing, creative, and relaxing, often leading to munchies, making it great for creative sessions or unwinding",,
the-plug-crown-heights,zJccAsBzsI,8a581ba7-5bfb-45b7-a77f-8ebf6947e32e,The Plug Pack - Pressure OG | 28G Flower,The Plug Pack,flower,28g,9900,27.94,0,50/50,TRUE,,https://storage.googleapis.com/maui-prod-hyper-media-images/product_images_d651ec7d-ad7f-4652-bf51-60382b532cd7_b8998265-1639-4357-b69f-519b3bef5077_original.png,2026-05-23T21:23:53.890537+00:00,"Pressure OG by The Plug Pack is a hybrid strain. It is known for its intense, focused, and creative effects. It is often described as a balanced and calming high",,
the-plug-crown-heights,JPo1nNzTT2,602c5bd8-5a14-4499-9bd5-91a0353e5f85,Cannabals - Blue Dream | 2G Liquid Diamond All-In-One,Cannabals,other,2g,8000,90,,sativa,TRUE,,https://storage.googleapis.com/maui-prod-hyper-media-images/product_images_04c068fc-fa5b-4215-b829-6b85fd079497_f758f1cc-0455-4ac2-a6da-3c66fed19be9_original.png,2026-05-23T21:23:53.890537+00:00,"Puff the legendary effects of Cannabals Blue Dream Liquid Diamond Vape. This 2-gram sativa vape utilizes liquid diamonds to offer an exceptionally pure and potent cannabis sesh. Blue Dream is renowned for its uplifting and creative effects, making it ideal for daytime use. The vape features a delightful blend of sweet berry flavors with earthy undertones, providing a smooth and invigorating experience. Enhance your mood and creativity with the premium quality of Blue Dream and the unmatched purity of liquid diamonds. Effects: Uplifting, Creative, Energizing.",,
the-plug-crown-heights,mxc5yJV2Ug,a1a76d60-305a-4b58-9229-72051f498666,Ready 2 Roll - Hybrid Ground Flower | 7G,ready 2 roll,flower,7g,4500,29,0,50/50,TRUE,,https://storage.googleapis.com/maui-prod-hyper-media-images/product_images_f71bbb59-0f3a-4531-a103-8ea64a12c2f9_b5c7e395-e004-4ca2-a292-d83e1b27d280_original.png,2026-05-23T21:23:53.890537+00:00,"Terpenes: B-Caryophyllene, A-Humulene, Valencene, Farnesene Effects: Terp town will fill your mind with a sense of being uplifted, that quickly turns into a state of pure joy that has you feeling the happiest you've ever been. At the same time, your body will drop off into a deeply relaxed state that can be slightly sedative at times. Aromas/Flavors: This bud has a super sweet, creamy citrus-cake flavor. The aroma is of fresh cherries and sweet fuel with a hint of creaminess to it.",,
the-plug-crown-heights,PTuNNxzpn7,f88eec8f-8232-41b4-aa72-b1aa82c76e72,Old Pal - Mendo Purps | 14G Pre-Ground Flower,Old Pal,flower,14g,6000,1.281,0,indica,TRUE,,https://storage.googleapis.com/maui-prod-hyper-media-images/product_images_8bd32235-9968-4b30-bdfe-bb459ee2aaa5_945f5c80-f3a3-41ff-951a-ae21a8849822_original.png,2026-05-23T21:23:53.890537+00:00,,,
the-plug-crown-heights,fNNqxeHkzY,83027bc2-558f-498f-826a-60675e115031,Nanticoke - Coconut Cream | 1G Infused Pre-Roll,Nanticoke,preroll,1g,2000,46,0,indica,TRUE,,https://storage.googleapis.com/maui-prod-hyper-media-images/product_images_c8a27a90-ebf9-48ca-8f46-25f17f3c97c8_debb5e70-cc25-4b4b-afeb-c5d0686224e3_original.png,2026-05-23T21:23:53.890537+00:00,"Strain Type: Indica Dominant Effects: With its highly potent THC%, users can expect this buzz to come on very fast and strong, while lasting for an extended period of time. It initially produces a brief light euphoric sensation that is quickly overlaid by a powerful relaxing effect. Aromas/Flavors: Aromas and flavors are pronouncedly gassy with notes of milk, making the whole flavor a much creamier experience.",,
the-plug-crown-heights,ZU7h351c0V,3c38673c-86f1-43ba-9fef-37df01f8aa76,Ruby Farms Classics (7pk pre rolls) Strawberry Guava,Ruby Farms,preroll,5g,5000,25.517,0.12,50/50,TRUE,,https://storage.googleapis.com/maui-prod-hyper-media-images/product_images_58a9b152-e038-4e29-a499-9ea3f5ebf328_3c5a4861-649f-45e5-9a29-595b7acb7381_original.png,2026-05-23T21:23:53.890537+00:00,,,
the-plug-crown-heights,751ZWWmWNa,01f0a0a2-237e-4c6a-ad84-bab188ec1c5a,Anthem Bold - Jet Fuel | Glass Tip infused Pre-Rolls 5pk,Anthem,preroll,2.5g,4000,50.17,0,50/50,TRUE,,https://storage.googleapis.com/maui-prod-hyper-media-images/product_images_cc30835c-149f-4e9d-8bc2-c43e86cbcfbe_83e4016f-f42d-400c-a5bf-3c0b2a91a368_original.png,2026-05-23T21:23:53.890537+00:00,"A hybrid that lives up to the hype - known for its intense, industrial aromas of diesel, fuel, skunk, and citrus.",,
the-plug-crown-heights,eEtphj37mI,2c738e73-d0af-472c-a0a3-f0565be61677,Ayrloom (0.5g Disposable) - Blue Widow,Ayrloom,other,0.5g,3000,90,0,50/50,TRUE,,https://storage.googleapis.com/maui-prod-hyper-media-images/product_images_7aea8441-5e2d-4480-b821-1bc5db16bdf9_39c56ef0-6c00-43fa-bc61-a945d2ed7346_original.png,2026-05-23T21:23:53.890537+00:00,"Unleash a bold and balanced vaping experience with Ayrloom’s 0.5g Vape AIO Pen - Blue Widow. This premium disposable vape pen offers a smooth, potent hit wrapped in the unique flavor of Blue Widow — a striking blend of earthy, sweet berry notes and a subtle herbal undertone that creates a deeply satisfying, full-bodied experience with every puff.",,
the-plug-crown-heights,9Ds8Ij3NaL,64dab708-3908-41c0-a529-f409a59fc0b2,Jaunty 1g Cart - Green Crack,Jaunty,other,1g,4500,85.92,0,sativa,TRUE,,https://storage.googleapis.com/maui-prod-products/422821e5-fad5-4e72-8fde-dfd3c8e19d22--4c2f9bd4-8779-4716-8aa6-7c15e426bb50.png,2026-05-23T21:23:53.890537+00:00,"Green Crack is a heavy hitting sativa hailing a sweet flavor with tropical citrus notes. The high is heavily cerebral, spurring creativity and motivation to hit your stride and get things done.",,
the-plug-crown-heights,YOTQqUEC8z,eff1e26d-5799-4f45-9227-9068235e2fe4,Stiiizy - Pineapple Runtz | 1G Starter Pack,STIIIZY,other,1g,4500,80.79,,50/50,TRUE,,https://storage.googleapis.com/maui-prod-hyper-media-images/product_images_ac062aeb-b507-452d-bbbf-a941443eeca5_384aa72d-6bbf-435a-bd6c-393f0fb6e1ef_original.png,2026-05-23T21:23:53.890537+00:00,"Pineapple Runtz blends tropical pineapple with sweet notes, delivering euphoric relaxation and happiness. This STIIIZY Original THC Pod Starter Pack includes a sleek battery and a premium THC pod, giving you everything you need to take your first hit with ease. Our THC pods offer a discreet and effortless way to enjoy cannabis. We craft each pod using state-of-the-art extraction techniques, delivering pure, potent vapor in every hit. Take a puff, savor the flavor, and elevate your session.",,
the-plug-crown-heights,gdZMtdlvCQ,baf69ee0-9910-41bd-8da7-f4c78822c341,Claybourne Co. - Wedding Cake | Classic Cuts Large Bud 3.5g Flower,Claybourne Co.,flower,3.5g,5000,31.5,0,indica-dom,TRUE,,https://storage.googleapis.com/maui-prod-hyper-media-images/product_images_6c59581a-0f54-4299-af73-fbbe76863d38_20b65e1a-1153-4683-b84c-7095a3449c9b_original.png,2026-05-23T21:23:53.890537+00:00,"Classic Cuts - A selection of classic and modern classic varieties curated from a lineage of tried and true genetics. Always hand-trimmed, always grown indoors",,
the-plug-crown-heights,VmAEpitjpO,88042f75-e9c4-4e0f-90aa-a9a03a4544d2,Off hours - Pink Berry | Daydream 10:2:2 THC:CBG:CBC,Off hours,edible,60g,2900,100,0,sativa,TRUE,,https://storage.googleapis.com/maui-prod-hyper-media-images/product_images_1c7ee902-ad10-4425-b59b-d8243ef432eb_fa4a8da1-b0e2-4df1-ab86-8f901c3017a3_original.png,2026-05-23T21:23:53.890537+00:00,"FLAVOR: Strawberry Acai with Coconut TERPENES: SPECIAL BLEND FOR CREATIVE SIZE: 10CT STRENGTH: 100mg THC (10MG/Serving) + 20mg CBG (2mg/serving) + 20mg CBC (2mg/serving) Open your mind with Off Hours Pink Berries Daydream gummies. Uniquely formulated with a blend of uplifting CBG and dreamy CBC, these gummies are ideal for inspiring your creative spark and elevating your mood.",,
the-plug-crown-heights,QgKpbMu0qo,92d18078-75ca-4114-93a4-43317fc181aa,"Ayrloom Tincture(150mg THC, 450 CBD)- Everyday Drops",Ayrloom,tinctures,1fl oz,3000,150,0,50/50,TRUE,,https://storage.googleapis.com/maui-prod-products/422821e5-fad5-4e72-8fde-dfd3c8e19d22--018e3764-58d3-4598-a946-a1fc9d9a1d95.png,2026-05-23T21:23:53.890537+00:00,Start the day of with these everyday drops. A great combination of 150mg of THC to 450mg of CBD.,,
the-plug-crown-heights,x7r0H0bdZM,b75daa8b-14d9-48ea-95ba-95d05c4382b9,Ayrloom (1g Disposable) - Cereal Milk,Ayrloom,other,1g,4500,90.97,0,50/50,TRUE,,https://storage.googleapis.com/maui-prod-products/422821e5-fad5-4e72-8fde-dfd3c8e19d22--c9547fdc-9584-4853-b615-8aa4607a43e8.png,2026-05-23T21:23:53.890537+00:00,"Treat yourself to a nostalgic, creamy experience with Ayrloom’s 1g Vape AIO Pen - Cereal Milk. Inspired by the iconic flavor of milk left behind after a bowl of sweet, sugary cereal, this all-in-one disposable vape pen offers a smooth and indulgent flavor profile that’s both comforting and satisfying. Whether you’re relaxing at home or on-the-go, the Cereal Milk pen brings the perfect balance of sweetness, creaminess, and a hint of fruity cereal, making every puff a delicious moment of pure enjoyment.",,
the-plug-crown-heights,cCp54vqLE7,0d45c0e6-db11-4b79-a151-57c5c31dff11,Off hours - Strawberry Parfait x Strawberry Matcha | Live Rosin Gummies,Off hours,edible,60g,3500,100,0,,TRUE,,https://storage.googleapis.com/maui-prod-hyper-media-images/product_images_fa02c1d0-5d69-4e36-a7ae-28747ba72529_c4017b07-24e7-417c-afe3-6ea38607ab90_original.png,2026-05-23T21:23:53.890537+00:00,,,
the-plug-crown-heights,ln6JobQDTu,9c201b56-a657-401e-bcc6-26fefc4eb601,Jaunty 1g Cart - Jack Herer,Jaunty,other,1g,4500,87.68,0,50/50,TRUE,,https://storage.googleapis.com/maui-prod-products/422821e5-fad5-4e72-8fde-dfd3c8e19d22--2f6822fa-f7d7-459e-8d21-f3256b1c9300.png,2026-05-23T21:23:53.890537+00:00,"One of the most well-known hybrid strains, each hit of Jack is filled with fragrant citrus notes and pine overtones, delivering uplifting and euphoric effects perfect for any social setting",,
the-plug-crown-heights,4Lzf0Qrwr3,2dd59615-92af-4380-a17d-7c3fe2892482,Wyld - Kiwi 1:1 THC:THCV,WYLD,edible,1g,2600,10,0,sativa,TRUE,,https://storage.googleapis.com/maui-prod-hyper-media-images/product_images_8f168097-8050-4d30-8a94-6d0914d37dcc_d88c7b45-66e4-412b-97e7-5ac173b7661d_original.png,2026-05-23T21:23:53.890537+00:00,"Our Kiwi gummies are tailor-made with real fruit and THCv to unlock your next level. With a 1 to 1 blend of THC and THCv, these uplifting gummies open up a Sativa experience that brings a boost of energy and focus to the typical THC high. Feeling Fuzzy? Time for Wyld’s Kiwi gummies.",,
the-plug-crown-heights,i1SoNgC2pD,feb00ba7-dae3-4544-961d-258d030f51df,SunDrift - Summer Watermelon | 5pk Hard Candies,SunDrift,edible,17.5g,1000,25,0,50/50,TRUE,,https://storage.googleapis.com/maui-prod-hyper-media-images/product_images_cc041ba0-712a-45bb-b52e-9e86d4cc9088_551fdf19-7c31-43ac-92bb-02cf82efd2f2_original.png,2026-05-23T21:23:53.890537+00:00,"Sweet and refreshing, our Summer Watermelon hard-candy edibles remind you of an August picnic. * SunDrift Hard Candies offer a nostalgic nod to classic confections, crafted with care for a smooth, consistent experience. As they slowly dissolve, you’ll enjoy a clear, balanced high powered by the plant’s full-spectrum cannabinoid profile - what we call the SunDrift Effect: a naturally elevated state that feels just right.",,
the-plug-crown-heights,R7meAmjXDY,df859d75-7457-4e3b-aca7-18a3e1e0c94e,MFNY - Cherry x Candy Rain | Mellow MF-er Live Rosin Gummies,MFNY,edible,26.1g,3000,103.61,0,indica,TRUE,,https://storage.googleapis.com/maui-prod-hyper-media-images/product_images_13c934b4-56c0-4162-ba95-d7849886eea9_709b957a-19a1-4062-8bc6-1635be3bbc01_original.png,2026-05-23T21:23:53.890537+00:00,,,
the-plug-crown-heights,mL7FwFAYjK,bbbf81ab-9ad5-4e24-a780-109ac4fa2519,Miss Grass - Quiet Times - Purple Kush | 0.4G Pre-Roll,Miss Grass,preroll,0.4g,700,26.59,0.051,indica,TRUE,,https://storage.googleapis.com/maui-prod-hyper-media-images/product_images_4ceb54db-16ca-4f0f-97da-507537397a9c_cb11d477-fead-483c-bbff-b1167cd5a784_original.png,2026-05-23T21:23:53.890537+00:00,"A single .4g pre-roll in a pocket-sized packet. Indica dominant. Terpene rich. Guided by the theme of 'Anchor + Restore,' the indica-leaning Quiet Times encourages a serene sense of calm, tuning out the noise to amplify one's perception. Primary terpenes: caryophyllene, linalool, bisabolol, and myrcene. Feelings Calm, Sensual, Connected, Soothed",,
the-plug-crown-heights,4SY9tnwWTm,90430f7b-2fac-4450-82ee-7c83cbb64ddc,Florist Farms - Jack Herer | 1G Cart,florist farms,other,1g,4000,80.392,0.165,50/50,TRUE,,https://storage.googleapis.com/maui-prod-hyper-media-images/product_images_6cdeaefa-dd85-407c-8469-b98dc3993d75_bf6ddb85-b193-447d-a74f-bb7b54645ab0_original.png,2026-05-23T21:23:53.890537+00:00,"If you’re looking for a cart that actually tastes like cannabis, this is it - no added flavors, just real, pure cannabis that hits smooth every time. Effect: Sativa Flavor: Pine forward with earthy undertones Ingredients: 100% Pure Cannabis Oil and Cannabis Terpenes Why We Love Florist Farms Located in Cortland, NY, Florist Farms is committed to sustainability. They practice regenerative farming by growing in living soil, using organic compost, and never using pesticides. For over a decade, they have been organic vegetable farmers and donate produce weekly to help support their community. Our friends at Florist Farms are deeply committed to quality and to delivering the cleanest cannabis products in New York State.",,
the-plug-crown-heights,vMmDGyXAHg,509b83d4-9de0-4f65-98e9-ad450c2edfdd,Florist Farms - Grandi Guava | 7- 0.5g Pre-Rolls,florist farms,preroll,3.5g,3800,22.86,0,sativa,TRUE,,https://storage.googleapis.com/maui-prod-hyper-media-images/product_images_5c31af2c-dcc9-4e55-b61e-8454d5387cbf_3b6b8cc8-cc96-4e7b-b5fb-5a0751dde591_original.png,2026-05-23T21:23:53.890537+00:00,"Seven half-gram pre-rolls made from 100% flower - no trim, ever. They're single-sourced, pesticide-free, and rolled for a smooth, clean smoke. Plus, the pocket-sized tin makes them easy to take on the go.",,
the-plug-crown-heights,XIw1bvqOSG,6f64bf8d-dafd-44c8-83eb-420c7a2c9b26,Grön- 1:1 Strawberry lemonade Mega,Grön,edible,20g,1800,100,0,sativa,TRUE,,https://storage.googleapis.com/maui-prod-products/422821e5-fad5-4e72-8fde-dfd3c8e19d22--623125de-744e-478c-8d63-17f152eae5dd.jpeg,2026-05-23T21:23:53.890537+00:00,,,
the-plug-crown-heights,dbxIPXQQQV,9eecdd61-0528-4a23-932c-dba5d4e47d62,The Botanist - Rainbow Runtz | 3.5G Flower,The Botanist,flower,3.5g,3000,32.36,0,50/50,TRUE,,,2026-05-23T21:23:53.890537+00:00,,,
the-plug-crown-heights,Rne8Sw4haR,cae8086b-c755-4e67-8ca9-cf2125dcb6b8,The Plug Pack - Ruby Spritz | 28g Infused Pre-Ground,The Plug Pack,other,28g,12000,34.861,0,50/50,TRUE,,https://storage.googleapis.com/maui-prod-hyper-media-images/product_images_219a8909-be37-487e-8964-a1e2c7af39ba_b525d881-9a0e-43af-bfa9-eb9fac3da4b3_original.png,2026-05-23T21:23:53.890537+00:00,,,
the-plug-crown-heights,cmbrOq1Pp4,4356e162-43a4-49c8-ac7d-0c5ac3780e60,Miss Grass - Sunshine Jack | 3.5G Jar,Miss Grass,flower,3.5g,3800,34.48,0,sativa,TRUE,,https://storage.googleapis.com/maui-prod-hyper-media-images/product_images_6db71828-90ff-4b33-8259-3f36cd5a47e6_e998dabf-5a8b-4fee-a3f4-e3f87a660b90_original.png,2026-05-23T21:23:53.890537+00:00,"Full-sized, terpene-rich nugs in a standard Eighth (3.5g) jar. Like a ray of warm, giggly sunlight, this smokable mood boost can turn your day around (and make it last long into the night). Makes to-do’s a breeze, sparks new ideas, and tends to reveal a fresh perspective when you fall into tunnel vision. Feels Like: Euphoric, Social, Inspired, Free Type: Sativa. Head High > Body High. Top Terpenes: Caryophyllene, Limonene, Humulene, Pinene Flavor Notes: Lemon, Orange, Mango, Pine, Spice Ingredients: Premium cannabis flower. Sustainably grown",,
the-plug-crown-heights,ATQUNuniEY,d316cbe0-ec41-4f9e-8cff-35e90fc70c93,Smoke - Vanilla Frost | 1G Live Resin Liquid Diamonds AIO,Smoke,other,1g,4000,70.64,0,,TRUE,,,2026-05-23T21:23:53.890537+00:00,,,
the-plug-crown-heights,UXQnq31QcR,2bb69a23-6901-4d19-88ab-5af5a4abb3e1,Stiiizy - Pink Acai | 5pk Infused .5G Pre-rolls,STIIIZY,preroll,1g,4500,37.06,0,50/50,TRUE,,https://storage.googleapis.com/maui-prod-hyper-media-images/product_images_2bb69a23-6901-4d19-88ab-5af5a4abb3e1_060a8ee7-39ec-46e4-ab8a-02fb60068028_original.png,2026-05-23T21:23:53.890537+00:00,"Pink Acai is a hybrid weed strain made from a genetic cross between Pink Kush and Acai. This strain is 50% sativa and 50% indica. Pink Acai has a rare and exotic lineage, as it is the only strain cultivated by STIIIZY, an innovative, award-winning, California-based cannabis brand. Pink Acai effects include feeling relaxed, happy, and euphoric.",,
the-plug-crown-heights,f1gAW78lvI,d1ed69b7-cf0d-4f80-95a1-c1188dc9fc7b,Ruby Farms - 10 Hash Infused Pre-Rolls | Sunset Sherbert,Ruby Farms,preroll,5g,6400,41.3,0,50/50,TRUE,,https://storage.googleapis.com/maui-prod-hyper-media-images/product_images_1149a13c-2024-405a-a947-4329f6528ac0_a3e3d8cf-d0a1-4718-ba2c-aabd930da774_original.png,2026-05-23T21:23:53.890537+00:00,,,
the-plug-crown-heights,IWcSvYwZiq,af580362-ae45-4110-acf1-360011d1860b,Florette - Death Star | Pre-Roll 2 Pack,Florette,preroll,1g,1100,27.448,0,indica,TRUE,,https://storage.googleapis.com/maui-prod-hyper-media-images/product_images_a8e6d33a-49f3-4a20-a6be-fcf77d7ff6d4_007d83fb-b730-4cfc-a32d-5af7de3eea56_original.png,2026-05-23T21:23:53.890537+00:00,"Mind: Delivers a euphoric, happy, and relaxing cerebral buzz that helps melt away stress and mental chatter.Body: Provides deep, full-body relaxation that borders on sedating Two half-gram pre-rolls. Whole flower, rich in terpenes and potency, crafted to help you unwind. Florette’s indica strains are all about relaxation.",,
the-plug-crown-heights,RfSoDvnpyJ,cc3e5615-ddbe-47a0-a600-d378f203d7f8,Ruby Farms - Blue Dream | 3.5g Exotic Flower,Ruby Farms,flower,3.5g,4200,25,0,50/50,TRUE,,,2026-05-23T21:23:53.890537+00:00,,,
the-plug-crown-heights,tEFjqJekQN,5863dbc8-b5ae-43ec-83f8-c5b1e906213c,Noizey - NY Super Glue | 4G Flower,Noizey,flower,4g,4500,31.33,0.127,indica-dom,TRUE,,https://storage.googleapis.com/maui-prod-hyper-media-images/product_images_ccf11b50-49df-4801-9ab5-e3a1f6aee6d7_276cc7ca-c1c4-4067-b69e-fb13b39827b8_original.png,2026-05-23T21:23:53.890537+00:00,"New York Super Glue (often by Pollen Wizard) is a heavy-yielding, mostly indica hybrid (NYSD x Super Glue) known for dense, purple-hued, trichome-heavy flowers. It features a pungent aroma of citrus, earthy, and diesel, providing a relaxed, ""couch-lock"" high, making it ideal for treating pain, insomnia, and stress in the evening.",,
the-plug-crown-heights,45yaUuPyoI,b5807ddf-5808-41f5-891d-d03eac63dfd4,Flav Belts Live Resin 100mg - Rainbow - Hybrid,Flav,edible,40g,1800,100,0,50/50,TRUE,,https://storage.googleapis.com/maui-prod-products/422821e5-fad5-4e72-8fde-dfd3c8e19d22--5661b498-e5e3-4cb4-b9ae-cc5f117a0326.png,2026-05-23T21:23:53.890537+00:00,"Experience a burst of color and flavor with Flav Belts Live Resin 100mg - Rainbow, a premium Hybrid edible that delivers a euphoric, balanced high in every delicious bite. Infused with high-quality Live Resin extract, each Rainbow Belts gummy offers a vibrant, full-spectrum experience that captures the true essence of the cannabis plant, from its rich, complex flavors to its smooth, lasting effects. The Rainbow flavor is a sweet, tangy explosion of fruit flavors—think a mix of citrus, berry, and tropical goodness—reminiscent of your favorite childhood candy, but with a sophisticated twist. The smooth, uplifting effects of this Hybrid will leave you feeling happy, relaxed, and creatively inspired, making it ideal for both daytime adventures and laid-back evenings.",,
the-plug-crown-heights,sqImc0102Y,c6ba7a5c-38f6-4eca-98d0-ab812cbc1739,Ruby Farms Doobies - Jack Herer | 3.5g Exotic Flower,Ruby Farms,flower,3.5g,4200,23.20,0,sativa,TRUE,,https://storage.googleapis.com/maui-prod-hyper-media-images/product_images_5b8c3c62-c45d-4140-81ec-7e736cbd75ad_17018811-cef3-48d8-bbe5-98b4fa76d662_original.png,2026-05-23T21:23:53.890537+00:00,,,
the-plug-crown-heights,BVmIUVuLR3,f0861268-ef86-4295-a224-4c371ca23675,Cannabals - Tahiti Lime | 4:1 THC:CBG 1G All-in-One Vape,Cannabals,other,1g,4500,70.2,0.341,sativa,TRUE,,,2026-05-23T21:23:53.890537+00:00,"Cannabals Tahiti Lime 'Big Energy' delivers a bold and invigorating sativa experience in a one-gram all-in-one vape device. Formulated with full-spectrum cannabis oil and vibrant natural terpenes, this vape offers clean potency and flavorful consistency from start to finish. The flavor is bright and electrifying—zesty lime with tropical citrus overtones, complemented by a crisp, herbal undertone that adds depth and freshness to every draw.",,
the-plug-crown-heights,E0fRa2C0VY,d78ad48c-be2e-45a9-84e6-40671e31d92c,Jackalope Pharms - Strawberry Runtz | .7G PreRoll,Jackalope Pharms,preroll,0.7g,900,19.2,0,indica-dom,TRUE,,,2026-05-23T21:23:53.890537+00:00,,,
the-plug-crown-heights,qgtzZY9PJ3,bf11e854-b573-4848-b0dc-04f77ac8b2a2,Kickfly's - Mule Fuel | 3.5G Flower,Kickfly's,flower,3.5g,2500,26.45,0,indica-dom,TRUE,,,2026-05-23T21:23:53.890537+00:00,"Mule Fuel is a potent, indica-dominant hybrid strain, it delivers an initial euphoric rush followed by deep physical relaxation and heavy sedation, making it ideal for evening, ""couch-lock""",,
the-plug-crown-heights,dzpYqKVN3x,bd6917e6-d335-40aa-abfa-f4458ba31b4a,Ayrloom (0.5g Disposable) - Pink Rozay,Ayrloom,other,0.5g,3000,89.65,0,50/50,TRUE,,https://storage.googleapis.com/maui-prod-hyper-media-images/product_images_51056e9f-1b1b-4a5d-aaca-53bf9449f76b_1af3d9ab-09ab-4995-adc6-e0e4b2fcf9ff_original.png,2026-05-23T21:23:53.890537+00:00,"Elevate your vaping experience with Ayrloom's 0.5g Vape AIO Pen - Pink Rozay, a luxurious fusion of sweet, floral, and fruity notes designed to tantalize your senses with every puff. Inspired by the iconic Pink Rozay strain, this all-in-one disposable vape pen delivers a smooth, rich flavor profile that’s as elegant as it is potent. Whether you’re unwinding after a long day or enjoying a moment of indulgence, this vape pen offers a sophisticated experience that’s both relaxing and flavorful.",,
the-plug-crown-heights,xJ2eKQdh6k,f8ed8466-e382-4f49-a4c1-003b72bb140c,Runtz - Trump Runtz | 5 x 0.75G PreRolls,Runtz,preroll,3.75g,4500,25.25,0.056,indica-dom,TRUE,,https://storage.googleapis.com/maui-prod-hyper-media-images/product_images_5f019287-0d3b-478e-950c-57bfc950d07a_a37b7b33-ac30-43d6-91f0-2da3756e207b_original.png,2026-05-23T21:23:53.890537+00:00,,,
the-plug-crown-heights,TyZpC917DR,213a2c2d-fdfc-4670-817b-d3a71ae978cd,BTQ Switch V5 - Blue Matcha x Acai Berry x Sour Slush | Sat-Sat-Sat | 2g AIO,Boutiq,other,2g,8000,80.728,0,sativa,TRUE,,https://storage.googleapis.com/maui-prod-hyper-media-images/product_images_336c1cdb-f8a8-45c7-b31f-bc16fe2218a3_fff21a93-8cbd-4899-9205-55d20d4262e4_original.png,2026-05-23T21:23:53.890537+00:00,"Blue Matcha × Acai Berry × Sour Slush (sativa) • Blue Matcha: crisp mental alertness, smooth energy • Acai Berry: upbeat clarity, creative spark • Sour Slush: invigorating lift, expressive focus combined: refined cerebral intensity with sustained momentum",,
the-plug-crown-heights,fq7buII92F,499daa18-3600-402a-8c67-2ab743277f25,The Plug Pack - Frosted Velvet | 28G Flower,The Plug Pack,flower,28g,9900,25.56,0,indica,TRUE,,,2026-05-23T21:23:53.890537+00:00,,,
the-plug-crown-heights,VBGFKrN88U,c8c15104-63de-4ba9-9e3e-9bd1e5ecf136,BTQ 510 V1 - Cherry Gelato | 1g | Vape Cartridge,Boutiq,other,1g,4000,79.967,0,50/50,TRUE,,https://storage.googleapis.com/maui-prod-hyper-media-images/product_images_339b3ae0-25af-4082-bb43-db20f4e29463_ff46d829-ea5c-4223-a346-5825d176484c_original.png,2026-05-23T21:23:53.890537+00:00,Hybrid Sweet cherry and creamy dessert flavors with a relaxing uplifting high.,,
the-plug-crown-heights,0srSULdoUK,ecf74f73-d181-41c3-aef7-9e68d8fc7b35,Smart Bud - Dosialto | 0.75g - 10 pack Pre-Rolls,smart bud,preroll,7.5g,6800,32.92,0,50/50,TRUE,,,2026-05-23T21:23:53.890537+00:00,,,
the-plug-crown-heights,GSKtFU5LvE,8c233612-1d5a-4d3a-a047-20eaa1164eb7,Grocery Cannabis - Championship Kush | 28g Flower,Grocery,flower,28g,16000,27.51,0,indica,TRUE,,https://storage.googleapis.com/maui-prod-hyper-media-images/product_images_42bc8a02-98e3-48ac-b487-8b4ccec74f7f_f7ab969e-30ff-45be-9122-af31e0a18916_original.png,2026-05-23T21:23:53.890537+00:00,"CHAMPIONSHIP KUSH Celebrate victory with this premium indica that hits harder than a dunk. Championship Kush delivers deep, satisfying relaxation with rich, earthy flavors after putting in work all day.",,
the-plug-crown-heights,uOVPvrNU52,9687587b-f338-4d70-be48-cb21a2dd6242,MFNY - Candy rain | 1G Live Resin Badder,MFNY,concentrate,1g,6500,74.43,0.118,,TRUE,,https://storage.googleapis.com/maui-prod-hyper-media-images/product_images_03f3e1a0-1808-4859-a742-be65b339c4f6_9aa09f1d-d61c-4838-b183-14fba87ba40b_original.png,2026-05-23T21:23:53.890537+00:00,"MFNY's Candy Rain is a premium concentrate made in house, using hydrocarbon extraction method. It starts with our best, in-house grown, bred, and fresh-frozen Candy Rain buds. We flash freeze our plants right after harvest to lock in all the trichome-and-terpene-rich goodness of the plant (this is the 'Live' part of Resin). Candy Rain is known for its sweet candy aroma and flavor. Potent in THC, it's known to promote a relaxing body high. Live Resin badder concentrate has a soft, butter-like texture for an easy-to-use, super enjoyable experience. Our Live Resin concentrates are exclusively single-source and produced at the highest of standards in our state-of-art laboratory space, using scientific precision and years of experience, which we've proudly gathered together in New York's Hudson Valley.",,
the-plug-crown-heights,2zP5QwuJaI,369b7a57-e146-4894-9f8a-a1438df64fc2,Anthem Bold - Strawberry Cough | Sweet Wood Tip infused Pre-Rolls 5pk,Anthem,preroll,2.5g,4000,46.697,0,,TRUE,,https://storage.googleapis.com/maui-prod-hyper-media-images/product_images_e996d7d6-da69-466f-85e1-52a9bf171ba4_866a5395-2dcc-4873-b063-2dfb14d30c8e_original.png,2026-05-23T21:23:53.890537+00:00,"A sativa strain, straight from a ripe, floral, fresh field of strawberries. Perfect for summer. Anthem Bold looks different, feels different, and hits different. Our Bold infused pre-rolls feature: Higher potency for an elevated pre-roll experience. Sweet Wood Tips to enhance the flavor experience",,
the-plug-crown-heights,T2pguTiBNn,6c1726b9-38a0-4c8e-b1ad-13976f1bf6b3,Grön- 1:1 Blue Razzleberry Mega,Grön,edible,20g,1800,100,0,sativa-dom,TRUE,,https://storage.googleapis.com/maui-prod-products/422821e5-fad5-4e72-8fde-dfd3c8e19d22--b0c1738e-9967-43ed-b971-8361189e3c97.jpeg,2026-05-23T21:23:53.890537+00:00,,,
the-plug-crown-heights,1jDaSYiaxM,bc09d37b-743f-45ce-8b4f-965924fcf729,Eaton Botanicals - Gal Pal | Watermelon - 5mg gummies,Eaton,edible,120g,3200,100,100,50/50,TRUE,,https://storage.googleapis.com/maui-prod-hyper-media-images/product_images_50c99937-ca6c-4c5f-92f1-758e83339286_e96363bb-0bc7-4331-97be-3be29f6deb63_original.png,2026-05-23T21:23:53.890537+00:00,"Ladies, say hello to Gal Pal, your best friend for PMS, perimenopause, and any time of the month. This fast-acting blend of low-dose THC (5mg), CBD to balance the body, Lion’s Mane to clear the mind, chasteberry to regulate hormones, magnolia bark to improve mood, and B6 to boost serotonin helps turn hormonal waves into calm seas. With a refreshing watermelon flavor, Gal Pal helps you stay balanced, feel good, and go with the flow.",,
the-plug-crown-heights,VSXk7YsCJS,b9c73e81-48ea-4471-934b-1e1ac64e511b,Doobie Labs - Venom Runtz | .5g - 5pk,doobie labs,preroll,2.5g,3800,4.118,0.041,indica,TRUE,,,2026-05-23T21:23:53.890537+00:00,"Doobie Labs - (Indoor) - 5pk - .5g Step into the shadowy embrace of Venom Runtz, a potent indica-dominant hybrid with a deep, fruity aroma and earthy hints. Its dense, trichome-coated buds set the stage for a profound relaxation that melts away stress. Perfect for unwinding after a long day, Venom Runtz soothes the body and calms the mind, offering a tranquil escape to serenity. Available in 3.5G Jars. Convenient, Pre-Rolled for a hassle-free smoking experience",,
the-plug-crown-heights,RzKOpF7s05,1c978821-7150-4e37-8e92-96ddb15498ec,Mind Melters - Big Bad Wolf | 1G Cold Cure Live Rosin,Mind Melters,concentrate,1g,5000,71.99,0,,TRUE,,https://storage.googleapis.com/maui-prod-hyper-media-images/product_images_cae8051e-e9f8-406a-8b66-8322fee19c20_24274aa1-18c1-408d-ba90-27b4ac3ffd19_original.png,2026-05-23T21:23:53.890537+00:00,,,
the-plug-crown-heights,MYQvCPHBnO,089688f1-5056-46fe-8282-fd2c744fe341,Dank - Cherry Garcia | 1G PreRoll,Dank,preroll,1g,1400,26.13,0,50/50,TRUE,,,2026-05-23T21:23:53.890537+00:00,,,
the-plug-crown-heights,S8epHeCTSJ,b10660c9-992d-47f2-81ca-d5c17ff17966,Cannabals - Mimosa | 4:1 THC:THCV 1G All-in-One Vape,Cannabals,other,1g,4500,54.7,2.0,sativa,TRUE,,,2026-05-23T21:23:53.890537+00:00,"Cannabals Mimosa 'Charged Up' offers an invigorating sativa experience in a sleek one-gram all-in-one vape, crafted for those seeking clarity, energy, and elevated mood. Made with full-spectrum cannabis oil and naturally derived terpenes, this formulation emphasizes flavor integrity and smooth vapor delivery. Bright citrus zest and ripe orange notes define the flavor profile, balanced by subtle floral and herbal undertones that create a vibrant, expressive inhale with a clean finish. The effects are uplifting and focused, delivering a cerebral boost that sparks creativity and motivation without overstimulation. Ideal for daytime use, social settings, or moments that demand mental clarity, Mimosa 'Charged Up' is a refined and flavorful option for those seeking energetic, purposeful elevation.",,
the-plug-crown-heights,ZI9EIL7wnr,73cdd8ce-1a6f-409b-92b9-02ea2e282188,Grassroots X Dark Heart - Titan Express | 3.5G Flower,Grassroots,flower,3.5g,4500,30.12,0,sativa,TRUE,,https://storage.googleapis.com/maui-prod-hyper-media-images/product_images_3547b30c-0b84-4916-a77a-1e36be9d1d0f_f9b6be6c-fc92-427b-abb4-4e1533a18c07_original.png,2026-05-23T21:23:53.890537+00:00,"Clear the tracks - Titan Express from Grassroots is coming! A powerhouse of aroma, flavor and experiene await you from the very first moment you crack open the seal. Spicy earthiness of patchouli evokes memories of cannabis strains from the past before bringing you back to present with the fruity aroma of a sweet orange and dried herbs. The experience of Titan Express is in a league all of its own, with its sativa status standing firm. Reported effects have been mental and physical uplifting, with a rapid onset and prolonged duration.",,
the-plug-crown-heights,ur9c7R0xKg,a1dda269-8abd-46e4-96dc-a98dd173bac9,Find. - Hickory Hash | 3.5G Flower,Find.,flower,3.5g,3500,31.61,0,50/50,TRUE,,https://storage.googleapis.com/maui-prod-hyper-media-images/product_images_b420349e-959a-4166-98d7-1b316ce05daf_63251eb0-6018-4d7e-a5fe-b729893f65ca_original.png,2026-05-23T21:23:53.890537+00:00,"Hickory Hash is a potent, well-balanced hybrid strain. It delivers a relaxing, slightly euphoric experience with a distinct woodsy, earthy, and spicy flavor profile. it is ideal for unwinding after work or for creative, focused, yet calm activities",,
the-plug-crown-heights,PTLCdhdph5,ec6528bf-4472-4307-a08d-e43cc3f22f63,STIIIZY - Organic Hemp Papers 1 1/4,STIIIZY,merch,,200,,,,TRUE,,https://storage.googleapis.com/maui-prod-hyper-media-images/product_images_4447a550-2bc5-485a-96dc-bf3a8d95e017_3b13f9bf-fc5d-40bb-9255-94b0ae9093a9_original.png,2026-05-23T21:23:53.890537+00:00,,,
the-plug-crown-heights,Y1tOzZlcr7,43956a91-ea23-40df-bfd0-2a4ef2e8efe1,Revert - Cherry Swirl | 3.5G Flower,Revert,flower,3.5g,3000,25.6,0.05,50/50,TRUE,,https://storage.googleapis.com/maui-prod-hyper-media-images/product_images_7aa31fce-2409-4915-85cf-34ca44319b6b_36903f9a-1db7-4a57-8319-3d25ff6d9c39_original.png,2026-05-23T21:23:53.890537+00:00,,,
the-plug-crown-heights,gD4honfad0,ad9617d4-1223-44c9-9435-bc6c4d666867,Raw Tips Tin - 100ct,Raw,merch,,1000,,,,TRUE,,https://storage.googleapis.com/maui-prod-hyper-media-images/product_images_68c63b9e-7bc7-41ed-aa61-2a44f4d7720e_4509557c-bb72-44d7-8234-35cfbf8fa84d_original.png,2026-05-23T21:23:53.890537+00:00,100 Pre-Rolled Tips per tin,,
the-plug-crown-heights,zbbGC1Zabw,58d8b199-9d71-4a29-aafa-c9cba36b8787,Alien Labs - Permanent Shade | 3.5G Flower,Alien Labs,flower,3.5g,6000,29.54,0.063,indica,TRUE,,https://storage.googleapis.com/maui-prod-hyper-media-images/product_images_7192fd72-b9d3-4160-bf6b-d3ff9a455e6c_11910471-a0f2-43bd-8333-b77146418027_original.png,2026-05-23T21:23:53.890537+00:00,"Permanent Shade, a cross of Permanent Marker and Nightshade is a heavy-hitting indica with dark green, purple, tree-shaped buds absolutely drenched in trichomes. This cut is potent in every sense: high cannabinoids, loud terps, and an effect that will glue you straight to the couch. If you’re looking for real strength, don’t just chase THC percentages, look for a high mix of all cannabinoids and terpenes. The flavor is layered and connoisseur-grade, a mix of sweet top notes, nostril-stinging ethanol on the nose, and a creamy, candy-like, slightly astringent finish on the inhale. Warning: you might want to hide the snacks. This strain brings the munchies in full force.",,
the-plug-crown-heights,4chNfppqFD,bd5e994c-0168-44ab-984e-5650ccd0840b,Hashtag Honey - Grand Daddy Purp | 1G PreRoll,Hashtag Honey,preroll,1g,1000,22.4,0,,TRUE,,https://storage.googleapis.com/maui-prod-hyper-media-images/product_images_30c9a2ff-db8c-4074-b6dc-c4859ad51f32_eb92a317-2eaf-4050-8192-2f76de397751_original.png,2026-05-23T21:23:53.890537+00:00,"Take a deep breath and melt into the rich, relaxing embrace of Hashtag Honey – Grand Daddy Purp – 1g, a premium indica crafted for deep calm and gentle euphoria. With a terpene profile dominated by myrcene, pinene, and caryophyllene, this classic strain delivers a soothing body high paired with soft, grape-berry sweetness and a hint of earthiness. Ideal for winding down, easing stress, or gently drifting off into restful evening vibes.",,
the-plug-crown-heights,1PH0F8mwV4,a8245f19-ab93-468e-893e-8953178430f6,Toast - Phanta Fizz |1G Pre-Roll,Toast,preroll,1g,1200,25.567,0,sativa,TRUE,,https://storage.googleapis.com/maui-prod-hyper-media-images/product_images_c80477c4-79de-4e8b-92f2-10194282061a_c7add782-83d6-4418-af20-c39f859a559d_original.png,2026-05-23T21:23:53.890537+00:00,"Phanta Fizz pops with a bright citrus punch - carrying a sweet tropical lift balanced by grounded, peppery undertones. Effervescent and full of spark, Phanta Fizz feels like New York at the first real hint of spring—bodega doors propped open, sunlight bouncing off brownstones, energy rising from streets that refuse to stay dormant.",,
the-plug-crown-heights,eorR9KcZK2,4e40ae71-30bc-4b70-b0ca-c155ee1fa6e0,Ayrloom (5pk x 0.6g) Pre-Rolls - Cereal Milk,Ayrloom,preroll,3.5g,4000,90.55,0,50/50,TRUE,,https://storage.googleapis.com/maui-prod-products/422821e5-fad5-4e72-8fde-dfd3c8e19d22--454cfc13-800c-4ce1-8e68-c42a38ae7666.png,2026-05-23T21:23:53.890537+00:00,"Indulge in the creamy, sweet, and nostalgic flavor of Cereal Milk, now perfectly rolled and ready to enjoy with Ayrloom’s Pre-Roll 5 Pack. Each pre-roll is packed with 0.6 grams of premium, hand-selected flower, expertly rolled to provide a smooth, flavorful experience with every puff.",,
the-plug-crown-heights,hl8gPxX3cz,878d5841-5b43-4cfc-81d1-b4d1d665a442,MFNY (0.5g Live Resin Cart) - Strawpaya,MFNY,other,0.55g,4500,68.88,,50/50,TRUE,,https://storage.googleapis.com/maui-prod-products/422821e5-fad5-4e72-8fde-dfd3c8e19d22--58b9d653-1439-4ef4-a358-36f1060cf715.png,2026-05-23T21:23:53.890537+00:00,"HYBRID The MFNY live resin vape cart has a high terpene profile of our single-source, in-house produced Strawguava x Papaya real live resin. We start with fresh-frozen flower buds, then use the hydrocarbon extraction method (plus years of experience and scientific precision) to deliver the purest plant extract. An extract that showcases the strain's naturally produced full-spectrum cannabinoids and remarkable natural terpenes. The Starwguava x Papaya hybrid combines loads of sweet and fruity strawberry flavor with hints of tropical guava and the spicy, peppery taste of the Papaya strain. It will have you feeling creative and focused with a pleasant body and mind relaxation. No distillates, added flavors, or alterations. Comes in a 510 Cart with recommended battery settings 2.8 - 3.3V. Do not vaporize live resin at higher temperatures, as it can “burn off” the precious terpenes and aromas we are working hard to preserve; higher temps can also cause an undesirable “burnt” aftertaste.",,
the-plug-crown-heights,lw2iyuTJFa,0ca56548-dc3d-47d0-af28-e53c611b9915,Ayrloom | Bomb Popz | 1G AIO,Ayrloom,other,1g,4500,84.37,0,indica-dom,TRUE,,https://storage.googleapis.com/maui-prod-hyper-media-images/product_images_00684824-e7d0-46d9-a35b-955344424f25_a4f5b601-78dd-4364-8c4a-cf83f820e305_original.png,2026-05-23T21:23:53.890537+00:00,,,
the-plug-crown-heights,E5Au1pa6gi,7299877c-580e-4f5f-944b-28bdd3e7d9a0,WYLD- Strawberry 20:1 CBD:THC,WYLD,edible,40g,2600,10,200,50/50,TRUE,,https://storage.googleapis.com/maui-prod-products/422821e5-fad5-4e72-8fde-dfd3c8e19d22--cd6bdb49-d84b-458c-a4fb-a34598427422.jpeg,2026-05-23T21:23:53.890537+00:00,"Our Strawberry 20:1 CBD:THC gummies are made with real fruit, a Hybrid terpene blend, and enhanced with cannabis-derived CBD oil. Perfect for relaxing your body while keeping your mind sharp and alert. They are the go-to gummy if you are looking to decompress or take the edge off. It’s a little like a spa treatment for your body and soul. Enjoy!",,
the-plug-crown-heights,AjQeU85W21,8e0b4950-bfdd-40c3-b09d-b2132127285f,Smoke - Too Sweet Haze | 1G Live Resin Liquid Diamonds AIO,Smoke,other,1g,4000,79.06,0,,TRUE,,,2026-05-23T21:23:53.890537+00:00,,,
the-plug-crown-heights,NqU2Aem0mF,9ac74da3-56a9-4b02-87b9-3cb66cd8f941,Grön 1:1 Peach Prosecco Pearls - CBD/THC,Grön,edible,35g,2200,100,100,,TRUE,,,2026-05-23T21:23:53.890537+00:00,"You’re going to love the light, bright Peach Prosecco flavor in these Pearls. Infused with equal parts CBD and THC, the hybrid effects will leave you balanced and blissful — morning, noon, or night. Made With Real Fruit • Soy-Free • Gluten-Free • Microdose Friendly • Made With Rosin",,
the-plug-crown-heights,fI1uDKFP1e,b625f304-1e11-4e8c-b7b1-a009d11fbf5d,MFNY (0.5g Live Resin Dispo) - Honey Banana,MFNY,other,0.5g,4800,77.84,,,TRUE,,https://storage.googleapis.com/maui-prod-hyper-media-images/product_images_b81d6ee2-d9ec-499f-b0f9-0c8ec11abb0b_f0e9f429-02dd-4288-9ff6-f683d37c8db8_original.png,2026-05-23T21:23:53.890537+00:00,,,
the-plug-crown-heights,GtSD1ABO0m,d87be607-45ba-4fc6-a4a3-c9c9c976a20c,Ayrloom - Pink Rozay | 2G AIO,Aryloom,other,2g,7500,86.72,0,indica,TRUE,,https://storage.googleapis.com/maui-prod-hyper-media-images/product_images_9e656e5f-2eb8-403a-8691-e4647a297166_34fcb4a9-f1c5-474a-9ffa-39f98268dd31_original.png,2026-05-23T21:23:53.890537+00:00,"like sipping on a bright + floral glass of rosé wine, but without the hangover. unwind + reach a higher buzz with the relaxing effects ayrloom's pink rozay vape",,
the-plug-crown-heights,FqGVHLBuay,1e4063f3-10b4-4ec9-a37f-bfe54bb572f6,BTQ Switch V5 - Sour Tangie x NYC Sour x Passion Fruit | Sat-Sat-Sat | 2g AIO,Boutiq,other,2g,8000,80.941,0.483,,TRUE,,https://storage.googleapis.com/maui-prod-hyper-media-images/product_images_507287d7-231b-42fd-80d2-15597df17a68_1d55b7f6-146a-48ab-91e5-d206fb9a1267_original.png,2026-05-23T21:23:53.890537+00:00,"Sour Tangie × NYC Sour × Passion Fruit (sativa) • Sour Tangie: energetic clarity, motivating drive • NYC Sour: sharp focus, confident momentum • Passion Fruit: euphoric brightness, expressive lift combined: high-voltage daytime stimulation",,
the-plug-crown-heights,ZWHpqn1f2u,9e56c9ec-c3f2-4e0d-9d3c-9057af891c04,Claybourne Co. - Blue Dream | Classic Cuts Large Bud 3.5g Flower,Claybourne Co.,flower,3.5g,5000,25.2,0,sativa,TRUE,,https://storage.googleapis.com/maui-prod-hyper-media-images/product_images_bf239673-1511-404d-b9a5-a915c45f32c1_d49307ff-8854-46d2-98a6-bef97c540cae_original.png,2026-05-23T21:23:53.890537+00:00,"Classic Cuts - A selection of classic and modern classic varieties curated from a lineage of tried and true genetics. Always hand-trimmed, always grown indoors",,
the-plug-crown-heights,BkTfM3t6e8,5cfe900d-e7cd-4ef0-a199-7947d9fb002c,Grassroots x Dark Heart - Moonbeam Gelato | 7G Flower,Grassroots,flower,7g,7000,27.61,0,indica,TRUE,,https://storage.googleapis.com/maui-prod-hyper-media-images/product_images_e07b272a-87da-4a52-a845-ebc54ad34b69_c17c5e57-1d70-4dee-affa-d1d90e15e695_original.png,2026-05-23T21:23:53.890537+00:00,"Don’t fake the funk, go full blast with Moonbeam Gelato. When the dark-purple buds break you're hit with a wild mix: blueberry jam, overripe grape, and a whiff of funky cheese rind. This inhale is smooth and candy-like, the exhale brings out the character of rich, fermented Munster. A tart apple peel edge from the farnesene terp kicks in for a finish that’s sticky, savory, and totally unique. It’s mouthwatering, well-balanced, and a little weird in all the best ways.",,
the-plug-crown-heights,E2DEAchneY,5f392a8e-5eeb-4b10-b5fc-7df4f1a7f9c6,Flav Duos - Peach Fuzz x Frozen Lemon | 2x 7G Packs,Flav,flower,14g,9200,32.58,0,50/50,TRUE,,https://storage.googleapis.com/maui-prod-hyper-media-images/product_images_1f0f5684-cbfb-4c4d-b5c7-418ba6b87a71_25852c76-2905-4272-8026-4e78eafd62a7_original.png,2026-05-23T21:23:53.890537+00:00,"Indica 32.58% x Sativa 24.76% - Experience a dynamic pairing of premium cannabis with Flav Duos, a 14g selection of two distinct strains designed with complimentary effects and terpene profiles to elevate your senses. Featuring two standout strains Peach Fuzz(Indica), a deeply relaxing indica strain known for its sweet fruity flavor and soothing effects, and Frozen Lemon (Sativa) a vibrant sativa strain packed with zesty citrus notes and an energizing high Whether you're looking to chill or stay uplifted, Flav Duos lets you enjoy the best of both worlds. Crafted for versatility, freshness, and full-bodied flavor this is your go-to flower for any mood. Find your perfect balance with Flav Duos today.",,
the-plug-crown-heights,fPBWXkYn70,f726c761-8329-4655-8eb2-63db3d036f2f,Grön - Wildberry Pearls | 2:1 Pearls,Grön,edible,,2200,100.0,0,indica,TRUE,,https://storage.googleapis.com/maui-prod-hyper-media-images/product_images_b5c7f21a-a28e-44fb-b795-638ee5b5148f_a0249168-db4f-4081-ba15-6a12ef0f8ad3_original.png,2026-05-23T21:23:53.890537+00:00,"We are Grön, one of Oregon's largest cannabis confectioners offering a wide variety of handcrafted edibles. Our passionate team of chocolatiers, confectioners, and support staff come from all over the world and every walk of life, joining together to create something beautifully delicious for you. Our ingredients are organic, single-origin, Fair Trade Certified, and locally sourced whenever possible. We’re happy to make others happy and to make a positive difference in this world, one bite at a time.",,
the-plug-crown-heights,1AwFGN7xRP,1142686c-329a-4cd0-a617-33ead368fd4d,Smoke WRLD - Cherry Poppins | 3.5G Flower,Smoke,flower,3.5g,4000,28.40,0,indica,TRUE,,https://storage.googleapis.com/maui-prod-hyper-media-images/product_images_58b2dd5f-68c2-4ef4-90a4-0812629e9da6_13d4fd9d-9ace-4aea-94d4-05840c0f9412_original.png,2026-05-23T21:23:53.890537+00:00,,,
the-plug-crown-heights,Pf6iWIJl2x,61954e17-793b-443a-bed0-8226e646edef,Dank (7pk Pre-Rolls) - Mango Haze,Dank,preroll,3.5g,4000,24.159,0,sativa,TRUE,,https://storage.googleapis.com/maui-prod-hyper-media-images/product_images_b22037de-22f7-4bd7-b3b9-3dd8bf595676_2289ed44-5ecc-4bbf-b75a-2285fd9c22ec_original.png,2026-05-23T21:23:53.890537+00:00,,,
the-plug-crown-heights,EIuC0auAsz,39afbc03-510c-4901-ac5a-1362f8fab9da,The Plug Pack - Sapphire Haze | 28G Flower,The Plug Pack,flower,28g,9900,26.28,0,50/50,TRUE,,,2026-05-23T21:23:53.890537+00:00,,,
the-plug-crown-heights,i0AxsRMybX,e719e713-3fdc-4901-83b0-c01d596d7aad,Synergy - Sour Headband | 1g PreRoll,synergy,preroll,1g,1300,24.68,0.1,sativa-dom,TRUE,,https://storage.googleapis.com/maui-prod-hyper-media-images/product_images_fe6a6b45-0b12-46ae-ac81-309570b262a2_727f452c-afcd-431b-93df-96b4998ebdf5_original.png,2026-05-23T21:23:53.890537+00:00,,,
the-plug-crown-heights,ZYQviujVA2,5f1249d6-0245-42c8-b49e-c4bb03de84e6,Jackalope Pharms - Alien OG | Moon Rocks (Lunar Gems) | 2G,Jackalope Pharms,flower,2g,3800,71.9,0.099,50/50,TRUE,,,2026-05-23T21:23:53.890537+00:00,,,
the-plug-crown-heights,XLsvFgCvUI,b003c996-e9b5-4d91-a3e2-8dcf0e000681,Anthem Bold - Durban Poison | Glass Tip infused Pre-Rolls 5pk,Anthem,preroll,2.5g,4000,48.41,0,sativa,TRUE,,https://storage.googleapis.com/maui-prod-hyper-media-images/product_images_34de476f-63ce-4484-9d0d-7af785adfa5e_e023493a-e6be-4a24-8f64-831a918151dd_original.png,2026-05-23T21:23:53.890537+00:00,"A sativa strain that delivers sweet pine and citrus, providing a jolt of stimulation that heightens your senses. Anthem Bold looks different, feels different, and hits different. Our Bold infused pre-rolls feature: Higher potency for an elevated pre-roll experience Glass tips to deliver a bolder strain experience",,
the-plug-crown-heights,MZzfIoBoNU,c0e13abd-d753-41bd-bf6b-a4ffab9c212c,Timeless Noir - King Louie XIII  | Live Resin 1G Vape Cartridge,Timeless,other,1g,5700,86.46,,indica-dom,TRUE,,https://storage.googleapis.com/maui-prod-hyper-media-images/product_images_e268371a-4d28-40c2-9a83-5102b438ea0c_23a26174-69c9-44a1-93f0-5a8736b867a2_original.png,2026-05-23T21:23:53.890537+00:00,"70% Indica, 30% Sativa Top Notes - Fuel and Pine Bottom Notes - Sour and Herbs",,
the-plug-crown-heights,iBB70Equzo,d2586977-0c5c-42d6-94fe-56e08c8577f7,Miss Grass - Kilimanjaro | 3.5G Jar,Miss Grass,flower,3.5g,3800,25.78,0,sativa-dom,TRUE,,https://storage.googleapis.com/maui-prod-hyper-media-images/product_images_c5c0441b-c3c1-47e6-85f9-a6d7b7b56852_69f30c2e-95e9-43f9-a7a9-d9d6dca920f7_original.png,2026-05-23T21:23:53.890537+00:00,"Full-sized, terpene-rich nugs in a standard Eighth (3.5g) jar. Like a ray of warm, giggly sunlight, this smokable mood boost can turn your day around (and make it last long into the night). Makes to-do’s a breeze, sparks new ideas, and tends to reveal a fresh perspective when you fall into tunnel vision. Feels Like: Euphoric, Social, Inspired, Free Type: Sativa. Head High > Body High. Top Terpenes: Caryophyllene, Limonene, Humulene, Pinene Flavor Notes: Lemon, Orange, Mango, Pine, Spice Ingredients: Premium cannabis flower. Sustainably grown",,
the-plug-crown-heights,t9jSi1htcj,ee34f068-56c6-40d6-a6b1-19d6806371d6,Purple Punch | Infused 5pk 0.5g Pre-Rolls,STIIIZY,preroll,2.5g,4500,28.37,0,indica,TRUE,,https://storage.googleapis.com/maui-prod-hyper-media-images/product_images_ee34f068-56c6-40d6-a6b1-19d6806371d6_226deed4-b516-4044-a43d-1055c99a8a61_original.png,2026-05-23T21:23:53.890537+00:00,"Purple Punch is a delicious dessert strain that is best suited for after dinner. Its effects may help with managing nausea, stress, minor body aches, and sleeplessness.",,
the-plug-crown-heights,fVZU24qQmK,47bc7a94-32a8-4ebd-9ec8-7fb84e477719,Florist Farms - Candy Jack | 5 - 0.5G Live Resin Infused Pre-Rolls,florist farms,preroll,2.5g,4000,32.56,0,sativa,TRUE,,https://storage.googleapis.com/maui-prod-hyper-media-images/product_images_1a6869f0-e00b-4db2-95ef-a9b69d81c250_c6df98a1-fed2-452c-b8e1-311f064d37a3_original.png,2026-05-23T21:23:53.890537+00:00,"Effect: Sativa Flavor: Sweet citrus with a pine finish Ingredients: Whole Cannabis Flower, Live Resin Extract, THC-A Diamonds",,
the-plug-crown-heights,qMkx5HNy7h,5c424272-64cd-4ef1-8c6d-0266828b4e65,Dank - Girl Scout Cookies | 3.5G Flower Jar,Dank,flower,3.5g,5500,27.99,0,,TRUE,,https://storage.googleapis.com/maui-prod-hyper-media-images/product_images_3be55048-5242-49c6-87df-9ac660f7a6cb_512ea8dd-89d1-4793-8267-68b184a301b7_original.png,2026-05-23T21:23:53.890537+00:00,,,
the-plug-crown-heights,Yzuo35hTGe,a65fcaec-8ff1-4e35-8837-d046f89f8a7b,Dank - Banana Diesel | 3.5G,Dank,flower,3.5g,4500,32.40,0.132,50/50,TRUE,,https://storage.googleapis.com/maui-prod-hyper-media-images/product_images_9ce97a05-f88a-42ec-bf17-e1cd93a87cf6_3296db31-4374-4e9f-8c4c-1a2945e698fe_original.png,2026-05-23T21:23:53.890537+00:00,,,
the-plug-crown-heights,L8GYzMUDfX,54b73a90-7254-421a-bf68-11b8610fe293,Ayrloom (1g Disposable) - Lychee Dream,Ayrloom,other,0.5g,4500,88.74,0,,TRUE,,https://storage.googleapis.com/maui-prod-products/422821e5-fad5-4e72-8fde-dfd3c8e19d22--dd9e4965-70b0-4742-9e6a-e8ad11101bbe.webp,2026-05-23T21:23:53.890537+00:00,,,
the-plug-crown-heights,avM7093U3p,a7098a0f-ba2b-49b1-b24c-0b86dac873c4,Florist Farms - Permanent Marker | 1G Live Resin Infused Pre-Roll,florist farms,preroll,1g,1600,36.98,0,indica,TRUE,,https://storage.googleapis.com/maui-prod-hyper-media-images/product_images_a550eb85-e573-47e0-a18d-591a836ffd14_da45be71-8c6f-4609-b778-a1697a8ff053_original.png,2026-05-23T21:23:53.890537+00:00,"This 1 gram pre-roll is made with whole flower - never trim - and infused with live resin and pure THC-A Diamonds for an extra potent, full-bodied high. Definitely a go-to for experienced smokers or anyone wanting a more powerful hit. Effect: Indica Flavor: Earthy and herbal with hints of gas Ingredients: Whole Cannabis Flower, Live Resin Extract, THC-A Diamonds Why We Love Florist Farms Located in Cortland, NY, Florist Farms is committed to sustainability. They practice regenerative farming by growing in living soil, using organic compost, and never using pesticides. For over a decade, they have been organic vegetable farmers and donate produce weekly to help support their community. Our friends at Florist Farms are deeply committed to quality and to delivering the cleanest cannabis products in New York State. Infused • Lab Tested • No Artificial Flavoring • No Pesticides",,
the-plug-crown-heights,XrCNjCgIEJ,60a9d24d-06b3-4e91-b1bf-ea9e8d9fd0e7,puff - Gush Mintz X Ice Cream Cake Bubble Hash | Infused 1g PreRoll,PUFF,preroll,1g,1800,39.311,0.123,indica,TRUE,,https://storage.googleapis.com/maui-prod-hyper-media-images/product_images_6a84d9e6-e792-49e2-8895-205794c13632_6c1228cf-b5f1-4b22-a285-b615d316fd1f_original.png,2026-05-23T21:23:53.890537+00:00,"Gush Mintz flower rolled with Ice Cream Cake Bubble Hash: This exquisite blend marries the soothing qualities of Ice Cream Cake Bubble Hash with the calming and relaxing nature of Gush Mintz. Immerse yourself in a world of delightful flavors as the sweet notes of Ice Cream Cake harmonize with the Gush Mintz undertones, creating a truly indulgent experience.",,
the-plug-crown-heights,Brue1PN9cS,f937da86-f525-4801-a52a-59444d099357,"Jaunty - ""420 Waldos®"" . Super Boof | 1.5G Liquid Diamonds All-In-One",Jaunty,other,1.5g,7000,94.05,0,50/50,TRUE,,https://storage.googleapis.com/maui-prod-hyper-media-images/product_images_f8436e70-938e-4ad3-816c-bbea89cec354_9262204d-3efb-4af0-839e-6b90680fc090_original.png,2026-05-23T21:23:53.890537+00:00,"Old school meets new school with this highly limited-release collab with the official 420 Waldos! In case you didn’t know, in 1971 a group of friends called the Waldos met one afternoon at 4:20 in search of a secret garden. They made it a daily habit and the rest is history. Jaunty is stoked to collab with the OG creators of “420” to bring you this official blast from the past. Tasting Notes Complex, earthy, and gassy, with black pepper spice and a hint of purple fruit",,
the-plug-crown-heights,fCjjBW3TLJ,528eec23-023e-45df-bd91-674c38297616,Kushy Punch- Lemonade Gummies 100mg,Kushy Punch,edible,30g,1500,100,0,sativa,TRUE,,https://storage.googleapis.com/maui-prod-products/422821e5-fad5-4e72-8fde-dfd3c8e19d22--34ce334b-fca7-473d-abd7-5871a43be0b9.jpeg,2026-05-23T21:23:53.890537+00:00,"Like a glass of ice-cold lemonade on a hot day, our Sativa Lemonade will hit you with a burst of energy that transports you straight into summer paradise.",,
the-plug-crown-heights,qQtDyoxG2W,a87b9917-cbdf-4f7e-b5cd-a0b8380180bc,Grön - Milk Chocolate w/ Sea Salt | Daytime Sativa (3:1),Grön,edible,4.5g,2200,101,0,sativa,TRUE,,https://storage.googleapis.com/maui-prod-products/422821e5-fad5-4e72-8fde-dfd3c8e19d22--f02c8e95-704a-406c-a7a7-1755ba080453.webp,2026-05-23T21:23:53.890537+00:00,"Rise and shine with a bite of smooth Fair Trade milk chocolate dusted with Jacobsen sea salt. infused with CBG and THC in a 3:1 ratio, this bar will keep you lifted all day long. 38% Cacao • Soy-Free • Gluten-Free • Made with Rosin • Microdose Friendly",,
the-plug-crown-heights,NTQD4qBf8r,ba804785-1cf3-40d8-988f-e07bc50dff8a,MFNY Live Resin Gummies - Watermelon Lemonade x Candy Rain (100mg),MFNY,edible,26.1g,2200,108.91,0,indica,TRUE,,https://storage.googleapis.com/maui-prod-hyper-media-images/product_images_a6f7475a-4819-4692-8f10-bea393885263_84744379-a7dc-483d-94ff-83126763fc87_original.png,2026-05-23T21:23:53.890537+00:00,"Watermelon Lemonade x Candy Rain | MFNY Live Resin Gummies by MFNY terpene-rich edibles at an even tastier price. Introducing our live resin Watermelon Lemonade x Candy Rain gummies. These vegan gummies are infused with MFNY’s single-source, in-house produced Candy Rain live resin. We start with fresh-frozen flower buds, then use the hydrocarbon extraction method (plus years of experience and scientific precision) to deliver the purest plant extract. An extract that showcases the cultivar's naturally-produced, full-spectrum cannabinoids and remarkable natural terpenes. Candy Rain is known for its sweet candy flavor. To complement the Candy Rain cultivar, we add the minimum amount of sugar, plus watermelon lemonade flavors.",,
the-plug-crown-heights,TZzJuyqjKP,391f6168-6af1-4511-a8d5-f8a478278962,MFNY - Sour Fruit Punch X Lemon Sour Dawg | Live Resin Gummies,MFNY,edible,26.1g,2200,82.54,0.36,sativa,TRUE,,https://storage.googleapis.com/maui-prod-hyper-media-images/product_images_38899023-9abd-43af-94a7-d26636ac0296_d4579ccb-5d01-496b-aeef-10dd5c422c50_original.png,2026-05-23T21:23:53.890537+00:00,"Terpene-rich edibles at an even tastier price. Introducing our live resin Sour Fruit Punch x Lemon Sour Dawg gummies. These vegan gummies are infused with MFNY’s single-source, in-house produced Lemon Sour Dawg live resin. We start with fresh-frozen flower buds, then use the hydrocarbon extraction method (plus years of experience and scientific precision) to deliver the purest plant extract. An extract that showcases the cultivar's naturally-produced, full-spectrum cannabinoids and remarkable natural terpenes. Lemon Sour Dawg is known for its flavor including notes of lemon with a sweet dough backend. To complement the Lemon Sour Dawg cultivar, we add the minimum amount of sugar, plus Sour Fruit Punch flavors.",,
the-plug-crown-heights,v3kSTd2oAf,48e6af34-ffe8-46de-ad36-58fba9af9324,MFNY Live Resin Gummies - Mango x Honey Banana (100mg),MFNY,edible,26g,2200,95.52,0,sativa,TRUE,,https://storage.googleapis.com/maui-prod-hyper-media-images/product_images_404e3702-bfd9-4860-84d5-2b6c2338f747_8f5cc1f4-8b95-4fb6-a5e2-88fe7c707799_original.png,2026-05-23T21:23:53.890537+00:00,,,
the-plug-crown-heights,lznDfmP3Df,400344d9-df0e-42eb-9d13-d24534ea3637,Alchemy Pure - GMO | 0.5G PreRoll,Alchemy Pure,preroll,0.5g,600,18,0,indica-dom,TRUE,,https://storage.googleapis.com/maui-prod-hyper-media-images/product_images_b6b90fd9-e95e-474f-b370-bdeea202f84d_3bfa4b0a-1cb5-47ca-b9e6-64509365343e_original.png,2026-05-23T21:23:53.890537+00:00,"GMO is an indica dominant hybrid known for its pungent aroma and impressive effect, achieved by crossing twopowerful strains: Chemdawg and Girl Scout Cookies. GMO is also sometimes known as GMO Cookies, or GarlicCookies, due to its garlicky aroma.GMO has distinct flavor and aroma profiles, with garlic notes mixed with diesel fuel. It has been described as having asavory, almost umami flavor.Known for its potency, it typically induces strong and long-lasting euphoria that can boost creativity and uplift mood.It’s also renowned for its relaxing and sedative qualities. GMO is perfect for nighttime use, and is often sought afterfor its potential to alleviate chronic pain, muscle tension and stress.",,
the-plug-crown-heights,vNMTjzmKFT,ff63cbea-39f4-4b70-a158-7cbc85a84e26,MFNY - Blueberry x Blueberry 2.0 | Sleepy MF-er Live Rosin Gummies,MFNY,edible,26.1g,3000,100.22,0,indica,TRUE,,https://storage.googleapis.com/maui-prod-hyper-media-images/product_images_8733bc86-52e0-46a7-b417-91eccf846fc2_cd215f5d-e8a4-4204-a231-b2128a071989_original.png,2026-05-23T21:23:53.890537+00:00,"A must for edible lovers, these palate-pleasing Blueberry x Blueberry 2.0 gummies are unlike any other edibles you've tried. Our vegan, full-spectrum, cultivar-specific gummies are infused with MFNY’s premium Blueberry 2.0 live rosin extract. Superior to distillate, live rosin is made via solventless extraction from premium fresh frozen plants, preserving all the natural terpenes. We use the minimum amount of sugar to highlight the sweet notes of blueberry and watermelon candy, paired with natural flavors of blueberry.",,
the-plug-crown-heights,BvHl2OMUDn,0ecaebcc-0d77-4a97-a11f-34962226b80f,Select Flavor Series  Juicy Red Apple | 1G Briq V2,Select,other,1g,5500,86.486,0.426,sativa,TRUE,,https://storage.googleapis.com/maui-prod-hyper-media-images/product_images_095758e0-baad-4552-8537-8441f4be4266_4b5c86e8-dbcd-4a80-9346-d115a880d373_original.png,2026-05-23T21:23:53.890537+00:00,,,
the-plug-crown-heights,nHrwfVLS8R,0bc2f842-8318-4c4d-937f-2fed8d871d61,Claybourne Co. - Lemon Drop Top | Gold Cuts Large Bud 3.5g Flower,Claybourne Co.,flower,3.5g,6000,31.5,0,sativa,TRUE,,https://storage.googleapis.com/maui-prod-hyper-media-images/product_images_ca1cd8de-1408-415a-b21d-a9605bde84bf_67b0e9f0-91a4-44d2-a1de-e3b74b4fdb55_original.png,2026-05-23T21:23:53.890537+00:00,"Exclusive and unique genetics from Claybourne’s breeding and selection program. Gold Cuts are hand-trimmed on the stem, using minimal touch processing for maximum trichome preservation.",,
the-plug-crown-heights,r5ljUzO3NS,d488d4a3-5045-46ae-bf82-73ac0cc4aedf,BTQ 510 V1 - Pink-Z | 1g Vape Cartridge,Boutiq,other,1g,4000,85.21,0.577,indica,TRUE,,https://storage.googleapis.com/maui-prod-hyper-media-images/product_images_5e7aecb2-0c5f-44d5-b286-3fd5040f8532_b91e5905-b088-49f5-b96a-c36bffcfed74_original.png,2026-05-23T21:23:53.890537+00:00,"Indica Candy sweet Zkittlez lineage with happy, euphoric vibes",,
the-plug-crown-heights,jWZilcNJ7e,debeeec5-cf67-4315-aa59-a62017e3beec,Budd - Blueberry Gumbo | 1G Pre-Roll,Budd,preroll,1g,1500,21.52,0,50/50,TRUE,,https://storage.googleapis.com/maui-prod-hyper-media-images/product_images_61bb2987-a607-4ecf-85d5-7b64859218c2_e6e73bb9-eb8d-40b1-84c9-ab9d46cf63b9_original.png,2026-05-23T21:23:53.890537+00:00,"Get lost in the sauce with Blueberry Gumbo. This heavy-hitting strain combines the sweet nostalgia of sugary bubblegum with ripe blueberry jam and a sticky, gassy finish. Rolled for a smooth smoke, it delivers a potent, full-body high that locks you to the couch and melts away stress.",,
the-plug-crown-heights,Ckx8kmhIyP,291198e9-e3b5-4a8b-b8e9-24a5b38466c2,Florist Farms - Durban Poison | 1G Cart,florist farms,other,1g,4000,75.85,0,sativa,TRUE,,https://storage.googleapis.com/maui-prod-hyper-media-images/product_images_3a15270b-83f9-48d7-9baf-d7f297b0e0dd_6f05529e-87c9-45f2-8f92-dbbcfe3dfb83_original.png,2026-05-23T21:23:53.890537+00:00,,,
the-plug-crown-heights,nkLsBHngvX,dbfd0bdf-9365-491d-b7ee-7ff45cb7c1da,Stiiizy - Strawberry Cough | 5pk Infused .5G Pre-rolls,STIIIZY,preroll,2.5g,4500,35.5,0,sativa,TRUE,,https://storage.googleapis.com/maui-prod-hyper-media-images/product_images_dbfd0bdf-9365-491d-b7ee-7ff45cb7c1da_fb6dca46-0851-44e1-976a-1bfa413efd83_original.png,2026-05-23T21:23:53.890537+00:00,"Strawberry Cough is a popular sativa-dominant hybrid cannabis strain, famous for its sweet, fresh strawberry aroma and uplifting, euphoric, and energetic effects, often used for stress relief, creativity, and focus, despite its name suggesting an intense cough from its potent, berry-infused smoke.",,
the-plug-crown-heights,ysbDm4ohfq,a10d38a1-742a-45f5-8ec8-f3c706ae4c6c,Electraleaf - Cream Smoothie | 3.5G,Electraleaf,flower,3.5g,4500,22.92,0,50/50,TRUE,,https://storage.googleapis.com/maui-prod-hyper-media-images/product_images_ea236286-4859-4af5-93fd-fe600ae675fc_c9b5fd0d-97f4-4bd8-8eee-9565cdd47070_original.png,2026-05-23T21:23:53.890537+00:00,"Cream Smoothie is a flavor trip straight out of a dream — a creamy, citrus-dripped hybrid born from Gelonade × C.R.E.A.M. It blends the zesty punch of lemon gelato with the smooth vanilla luxury of a dessert bar, resulting in a high that tastes like a vacation in flavor form. The aroma hits first fresh orange zest, whipped cream, and a dash of cookie dough followed by a velvety exhale that’s equal parts citrus glaze and frosted pastry. It’s a strain that doesn’t just taste good it feels indulgent, like sneaking dessert before dinner. The high starts with a refreshing clarity bright, euphoric, and focused then drifts into a warm, body-melting calm that keeps your vibe balanced and your mind at ease. It’s a hybrid that says “I’ve got you” perfect for kicking back after long days or floating through creative nights. Expect happy energy that smooths into full-body satisfaction. Like its name, it’s creamy, steady, and never too much.Visually, Cream Smoothie is a sugar-frosted masterpiece. Dense, mint-green buds sparkle under light with thick layers of trichomes that glisten like powdered sugar on citrus tarts. Soft amber pistils weave through the surface, giving it that handcrafted, small-batch appeal. Crack open a jar and you’ll understand why it belongs in the Electraleaf hall of flavor fame it smells like success with a twist of lemon zest.",,
the-plug-crown-heights,w2tmp8Q8L0,fbbbaa96-59ff-41d9-be2e-1edf01b64667,Nanti Nitro - Cosmic Clusterz | .5G Cart,Nanticoke,other,0.5g,2100,87,,indica,TRUE,,https://storage.googleapis.com/maui-prod-hyper-media-images/product_images_2297fcea-9b04-4be4-9d48-00a668443427_6a6eb401-b964-4237-a255-de2a3105104f_original.png,2026-05-23T21:23:53.890537+00:00,,,
the-plug-crown-heights,NrN4VccInV,87a2a516-7dde-454c-b29b-6b76b18a2ab6,Florist Farms - Blueberry Gummies | 20MG x 2PK 1:1 THC:CBN,florist farms,edible,,600,20,0,,TRUE,,https://storage.googleapis.com/maui-prod-hyper-media-images/product_images_6980757b-2fab-429a-8b47-164ffc23793e_5a281292-639e-4c4e-b04b-8c429950f51b_original.png,2026-05-23T21:23:53.890537+00:00,"These vegan gummies are made with real fruit and organic ingredients. If you’re looking for a gummy that actually tastes good, these are a top pick. They are genuinely some of the best gummies we’ve tried. Perfect for taking 30 minutes before bedtime, these gummies help you fall asleep faster and stay asleep longer. Each gummy contains THC and CBN, a natural cannabinoid in the cannabis plant that promotes sleepiness. Dose: 10mg THC + 10mg CBN per gummy (Easy to split in half for a 5mg dose) Quantity: 2 Gummies Flavor: Tastes like blueberry pie Effects: Calming, fall asleep faster and stay asleep longer",,
the-plug-crown-heights,kCOf98L0yD,87217d0d-39c6-413d-8256-bde27a84b9c4,TTM Spray Can V2 - Marsmellow 3.5G,To The Moon,flower,3.5g,5000,25.30,0,indica,TRUE,,https://storage.googleapis.com/maui-prod-products/422821e5-fad5-4e72-8fde-dfd3c8e19d22--447d33ec-181c-4937-b3b9-239e5f9a65b1.png,2026-05-23T21:23:53.890537+00:00,"Genetics: Marshmallow OG x JetFuel Gelato Flavor & Aroma: Buttery, Vanilla, Candy The Stash Can V2 is more than just a product—it’s a symbol of our journey. From hustling in the streets to building a brand that inspires, we create with purpose. Every piece is a reminder that no matter where you start, with vision and grind, you can take it To The Moon",,
the-plug-crown-heights,3jThl7tsqL,f551d238-ffeb-4c3d-8572-0723393fb807,Grön- 1:1 Blackberry Mega,Grön,edible,20g,1800,100,0,indica,TRUE,,https://storage.googleapis.com/maui-prod-products/422821e5-fad5-4e72-8fde-dfd3c8e19d22--22fcd06b-5d81-4ecb-8fac-76f780707f47.jpeg,2026-05-23T21:23:53.890537+00:00,,,
the-plug-crown-heights,3R1aijAuQt,46727f86-cf38-480c-ab7a-309b986aa8b8,The Botanist - GSC | 3.5G Flower,The Botanist,flower,3.5g,3000,28.60,0,indica,TRUE,,,2026-05-23T21:23:53.890537+00:00,,,
the-plug-crown-heights,K4wBSYXuvK,3daec235-deed-454e-a8c0-826e213b7902,Find - Slingria | 1G PreRoll,Find.,preroll,1g,1200,25.358,0,sativa,TRUE,,https://storage.googleapis.com/maui-prod-hyper-media-images/product_images_704c0e7a-6080-4c0a-9457-ce756fc932c3_c2101a0f-b8ec-4e70-9391-2046f403546c_original.png,2026-05-23T21:23:53.890537+00:00,"Slingria is a vibrant sativa strain that brings bold, fruit-forward flavor with an energizing, uplifting high. A cross of Forbidden Fruit and Mendo Punch, Slingria delivers juicy notes of mixed berries, tart citrus, and a hint of grape, all wrapped in a smooth, slightly herbal finish. The effects are bright and cerebral — expect a boost in mood, mental clarity, and creative energy, making it a perfect pick for daytime adventures, social settings, or sparking inspiration without the heavy crash.",,
the-plug-crown-heights,xDyhhzg7aa,3a35c18b-c326-4f6c-bd05-fb1ec9498960,Nanticoke - Lilac Diesel | 1G Infused Pre-roll,Nanticoke,preroll,1g,2000,46.04,0,50/50,TRUE,,https://storage.googleapis.com/maui-prod-hyper-media-images/product_images_218bcf62-2399-4321-b6ad-cab81a045cbe_258146b8-baee-4cb9-9175-102a635053e7_original.png,2026-05-23T21:23:53.890537+00:00,,,
the-plug-crown-heights,ROfCAALxNT,d4300524-fa81-4bcd-b765-c3acf640839e,FLAV - Rainbow Poppers | 5mg Gummies,Flav,edible,50g,1200,100,0,50/50,TRUE,,https://storage.googleapis.com/maui-prod-hyper-media-images/product_images_07d8e53b-e3d3-4140-8614-1f4e72813c74_1daa9f0e-2715-4bb5-905c-920cad478da4_original.png,2026-05-23T21:23:53.890537+00:00,"Flav Poppers are vibrant, rainbow sour gummies infused with premium cannabis for a deliciously tart and potent experience. Each bite delivers a burst of fruity flavors, perfectly balanced with the sour kick, offering a fun and flavorful way to enjoy cannabis. Ideal for those seeking a playful edible option with consistent and enjoyable effects.",,
the-plug-crown-heights,q1tQ0P3vXH,3dd0639e-2fff-46d8-9b98-d606bdc85183,Jaunty 1g Cart - Pineapple Express,Jaunty,other,1g,4500,82.2,0,sativa-dom,TRUE,,https://storage.googleapis.com/maui-prod-products/422821e5-fad5-4e72-8fde-dfd3c8e19d22--340bba43-79c5-4752-bc19-33c2ec95bbe0.png,2026-05-23T21:23:53.890537+00:00,"This classic variety packs a punch to your pallet with bright citrus notes infused with pineapple and pine. Each hit delivers a delicious dose of euphoria and laser-focus effects, perfect for a midday pick-me-up",,
the-plug-crown-heights,YQx34cCHeZ,6558544f-5cf0-4947-9b02-aacea4163c44,Jaunty- Blackberry Kush 1.5g AIO,Jaunty,other,1.5g,6000,83.85,0,indica,TRUE,,https://storage.googleapis.com/maui-prod-products/422821e5-fad5-4e72-8fde-dfd3c8e19d22--22d6f152-fc4c-4f7e-9b1c-c9dd27f48307.png,2026-05-23T21:23:53.890537+00:00,"Blackberry Kush is a potent indica with earthy, diesel-like flavors and sweet berry notes, known for its sedating high that promotes euphoria and uplifting moods.",,
the-plug-crown-heights,ov5PW34qDW,b0c43c54-f74b-4343-acd3-d0aa51bdedee,Stiiizy - Blue Burst | 1G Disposable,STIIIZY,other,1g,4500,85.35,,50/50,TRUE,,https://storage.googleapis.com/maui-prod-variants/422821e5-fad5-4e72-8fde-dfd3c8e19d22--b0c43c54-f74b-4343-acd3-d0aa51bdedee.png,2026-05-23T21:23:53.890537+00:00,"This hybrid delivers a well-balanced mind and body high with a juicy burst of flavor. TASTE: Blue Raspberry, Citrus, Mixed Fruits",,
the-plug-crown-heights,vJfx1GPkQG,cc5f1b21-54bd-40f7-96f2-b46fd3cc725c,Human Grade - Taster Bat *color may vary*,Human Grade,merch,,500,,,,TRUE,,https://storage.googleapis.com/maui-prod-hyper-media-images/product_images_8c0b4cc5-f2e0-413c-9a38-7e2817e47a54_435a4541-7070-4ca4-aa10-039f4a8a19aa_original.png,2026-05-23T21:23:53.890537+00:00,"Experience the perfect blend of durability and functionality with Taster Bats from Human Grade. These one hitters are machined from high quality aluminum. Flat: Classic in design and straightforward in function, our regular tip aluminum bat is ideal for those who prefer traditional packing methods. These are usually used with dugouts.",,
the-plug-crown-heights,oE2KX4BW5Y,94c4cbc7-5bbd-4918-8e20-15baaa07455f,Boutiq (Snack Pack) - Cherry Lime X RZ-11 | (5 x .05g) Diamond Infused PreRolls,Boutiq,preroll,2.5g,5000,52.459,0,sativa,TRUE,,https://storage.googleapis.com/maui-prod-hyper-media-images/product_images_59e144f2-e115-42f0-84b1-2aed44380763_4325928c-d57f-42d9-b79e-db77f1981b4b_original.png,2026-05-23T21:23:53.890537+00:00,"Tart cherry and lime sparkle with sativa energy, smoothed by creamy, candy gas for a full-spectrum flavor ride and cheerful daytime buzz.",,
the-plug-crown-heights,sS3jXMXxuH,9879fb78-8774-4ee2-adf5-9d05adab6bfb,Florist Farms - Pineapple Express | 1G Vape Pen,florist farms,other,1g,5000,80.259,0,50/50,TRUE,,https://storage.googleapis.com/maui-prod-hyper-media-images/product_images_b034b96f-05b4-4df9-befb-ea9e96459160_2c1249fc-8143-4713-b840-dea919123b10_original.png,2026-05-23T21:23:53.890537+00:00,"Effect: Hybrid Flavor: Tropical with pineapple and citrus notes Ingredients: 100% Pure Cannabis Oil and Cannabis Terpenes Why We Love Florist Farms Located in Cortland, NY, Florist Farms is committed to sustainability. They practice regenerative farming by growing in living soil, using organic compost, and never using pesticides. For over a decade, they have been organic vegetable farmers and donate produce weekly to help support their community. Our friends at Florist Farms are deeply committed to quality and to delivering the cleanest cannabis products in New York State.",,
the-plug-crown-heights,90sT5JPqkI,f7c5b2a7-9cc0-4da8-9ddd-729bfcd3bae6,Florist Farms - Strawberry Gummies | 20MG x 2PK 1:1 THC:CBG,florist farms,edible,,600,20,0,,TRUE,,https://storage.googleapis.com/maui-prod-hyper-media-images/product_images_324513d8-bb14-4742-9d65-932f0af61c70_340a3015-38f0-44a4-ab12-fa815efb34f1_original.png,2026-05-23T21:23:53.890537+00:00,,,
the-plug-crown-heights,gTR6i7Peqi,57b2ec61-c75d-4672-8c86-a0868cffbb51,Stiiizy - SFV OG | .5G Pod,STIIIZY,other,1g,2300,77.32,,indica,TRUE,,,2026-05-23T21:23:53.890537+00:00,,,
the-plug-crown-heights,TtK9gnTkxu,44cb4e2e-58af-4f2a-83f3-5a26b4f4628e,MFNY Bagel Hole - Sour Diesel | 2.5G Live Resin Infused Pre-Roll,MFNY,preroll,2.5g,5500,37.72,0,sativa,TRUE,,https://storage.googleapis.com/maui-prod-hyper-media-images/product_images_26348c7f-583b-4843-9f3d-a5f62d91f81e_5aa941a3-41e7-44ca-b8a0-689692004a95_original.png,2026-05-23T21:23:53.890537+00:00,,,
the-plug-crown-heights,5D2XhT9roB,c3a47237-b332-4517-a46c-91b74f659012,Bambu Classic Small Rolling Papers,Bambu,merch,,200,,,,TRUE,,,2026-05-23T21:23:53.890537+00:00,,,
the-plug-crown-heights,QITJEfPczA,a4a3d75b-028f-482f-89a9-cf5d62726d30,Grassroots x Dark Heart - Foreign Kush Mints | 3.5G Diamond-Infused Flower,Grassroots,flower,3.5g,6000,39.75,0,indica,TRUE,,https://storage.googleapis.com/maui-prod-hyper-media-images/product_images_728928c3-b41b-4ac0-b506-b384222b3683_01911dc6-ee6f-4a88-94d2-ef85c33d966c_original.png,2026-05-23T21:23:53.890537+00:00,"Like a mint on your pillow, this heavy-hitting indica puts you down in delicious fashion. Foreign Kush Mints has an aroma that hits like a wave of pine and menthol, with a sweet, doughy richness underneath. The inhale is fresh and cool before settling into a creamy, nutty and earthy warmth. This heavy-hitting indica tastes as good as it feels with a quick onset and starry-eyed experience. Settle in and let the smoke take over, this sofa-tested strain tests up to 32% THC levels.Clarity, rarity, and packed with an extra punch. These are the characteristics that define Diamond Infused Whole Flower by Grassroots. This premium flower is infused with a boost of power that is 10-15% stronger than your standard strain. Made with exceptional taste in mind, our Diamonds are clear, pure, and designed to let the true flower and terpene flavors shine. No shake, stems, or leaves, Diamond Infused Whole Flower are full nugs ready for joint rolling, bowls, bongs, or bubblers.",,
the-plug-crown-heights,tvXnMK0BoQ,6ef7d6fa-3420-4d2d-941e-843215aaa538,Revert - Sour Tangie | 14G Flower,Revert,flower,14g,9000,27.10,0,sativa,TRUE,,https://storage.googleapis.com/maui-prod-hyper-media-images/product_images_7d3f1a22-038f-4fe5-be62-6ab97d4ca21f_4956c41f-35f2-49e1-a7e4-b2ffeafb5e02_original.png,2026-05-23T21:23:53.890537+00:00,"Sour Tangie bursts with vibrant citrus aromas and sharp sour notes, creating an energetic, mood-lifting experience. Sun-grown and carefully nurtured, it features limonene and myrcene for a bright, zesty smoke that pairs perfectly with daytime activities. This sativa-leaning strain is perfect for sparking creativity or enhancing social moments. Dominant Terpenes: Limonene, Myrcene, Caryophyllene Aroma & Flavor: Citrus, sour orange, tangy sweetness Effects: Uplifting, energizing, happy",,
the-plug-crown-heights,rmBqe7jLT5,306453ae-bdc2-45e8-b853-b2dbf7f613a5,BTQ Switch V5 - Italian Ice x Lemon Cherry x Z-Runtz | Hyb-Hyb-Ind 2g AIO,Boutiq,other,2g,8000,81.515,0,indica-dom,TRUE,,https://storage.googleapis.com/maui-prod-hyper-media-images/product_images_98835849-60b1-4f2a-86c3-567feb3b8c94_447558fc-80f4-45ae-8aa2-a58d36387f81_original.png,2026-05-23T21:23:53.890537+00:00,"Frulty gelato and berry notes from Italian Ice, tart citrus-cherry from Lemon Cherry, and candy- lke Zkittlez sweetness from Z-Runtz blend into a smaoth, flavorful hybrid-indica mix.",,
the-plug-crown-heights,FmTg6K93we,c477ae09-743c-4601-8929-2094ebbaaff0,Budd - Lemon Cherry Gelato | 1G Pre-Roll,Budd,preroll,1g,1500,14.49,0,50/50,TRUE,,https://storage.googleapis.com/maui-prod-hyper-media-images/product_images_edd16b4d-fea3-4a62-a800-343433be3b10_e0fedb70-3f28-4ad5-bc99-c858ef230f28_original.png,2026-05-23T21:23:53.890537+00:00,"Taste the hype with Lemon Cherry Gelato. This heavy-hitting hybrid serves up a mouthwatering mix of sour lemon, ripe cherry, and sweet fuel. Rolled and ready to go, it offers a blissed-out, relaxing vibe that hits hard and lingers long.",,
the-plug-crown-heights,y5nJIpJuBw,8f7c0bd4-ee62-48aa-b0af-14758faf7357,Golden Garden - Buckin Runtz | 1G PreRoll,Golden Garden,preroll,1g,1000,29.2,0.055,50/50,TRUE,,https://storage.googleapis.com/maui-prod-hyper-media-images/product_images_c1f45592-4f15-4bf8-b250-daabc48eda7a_7091b266-a960-4201-afd6-82ff5ca39037_original.png,2026-05-23T21:23:53.890537+00:00,"Buckin Runtz is a hybrid weed strain made from a genetic cross between Jet-A and Runtz. This strain is 50% sativa and 50% indica. Buckin Runtz is known to have a THC content of around 20%, making this strain a versatile choice suitable for both beginners and experienced cannabis consumers.",,
the-plug-crown-heights,yf5THkt9pt,2a1ab4c6-8f8f-4350-b3e1-293586672e2e,Find. - True OG | 3.5G,Find.,flower,3.5g,3500,27.21,0,indica,TRUE,,,2026-05-23T21:23:53.890537+00:00,"True OG is an inviting and indulgent indica-dominant strain of cannabis, resulting from a cross of OG Kush and another, unknown parent from the SoCal area.",,
the-plug-crown-heights,CW8r4eHVYZ,4c15cd4d-1d00-41fe-8cb6-f2adacf65e3c,Raw Classic Black 1 1/4 Rolling Papers,,merch,,250,,,,TRUE,,https://storage.googleapis.com/maui-prod-hyper-media-images/product_images_b6d9b069-0338-44a6-ae92-4d6ba180d505_8c757d71-5a3f-4f7a-82e4-1d3ba0c9b69a_original.png,2026-05-23T21:23:53.890537+00:00,50 Leaves per Booklet,,
the-plug-crown-heights,y5XZzWvQFF,56401d24-4ade-4f89-a2a7-97c7875e9afe,Jackalope Pharms - Northern Lights | 2x 1.3G Pre-Rolls,Jackalope Pharms,preroll,2.6g,1800,19.2,0,indica,TRUE,,,2026-05-23T21:23:53.890537+00:00,,,
the-plug-crown-heights,tHsyCoxAlB,58213bf0-8500-4b68-956a-f57458b84ea3,Adirondack Flowers - Garlic Mountain Slurry | 3.5G,Adirondack Flowers,flower,3.5g,4500,29.09,0,,TRUE,,https://storage.googleapis.com/maui-prod-hyper-media-images/product_images_35ddf654-5726-4cfe-b1b1-d50230fe4755_c31564b4-73b6-4d6f-a5fb-3932ad68ed4b_original.png,2026-05-23T21:23:53.890537+00:00,,,
the-plug-crown-heights,V2IkjvlQzj,f90e4461-dd99-451b-8997-6a4bb60adf3b,Grön 4:1 Pomegranate Pearls - CBD/THC,Grön,edible,35g,2200,100,0,50/50,TRUE,,https://storage.googleapis.com/maui-prod-products/422821e5-fad5-4e72-8fde-dfd3c8e19d22--8fbd2a1d-46d5-4df2-9135-b9257fe4ac4e.jpeg,2026-05-23T21:23:53.890537+00:00,cozy up & wind down HYBRID EFFECTS PERFECT FOR: A home spa day Long walks on the beach Après ski snacking Soothing the Sunday scaries Made with Real Fruit Full-Spectrum Extract,,
the-plug-crown-heights,DCGrpfy5P4,bf011d72-52ba-4dc2-bcc4-1dc9aa134d1f,Smoke - OG Fumes | 1G Live Resin Liquid Diamonds AIO,Smoke,other,1g,4000,72.23,0,,TRUE,,,2026-05-23T21:23:53.890537+00:00,,,
the-plug-crown-heights,HLZnmzxf74,d07a04d4-6fa7-49ac-bc40-d185fa0ab8ef,Find. - Cap Junky | 3.5G Flower,Find.,flower,3.5g,3500,32.88,0.144,indica,TRUE,,https://storage.googleapis.com/maui-prod-hyper-media-images/product_images_8846bffd-9893-4a8e-873b-2c662c6241ee_86ab6ae1-d68a-4224-8c47-f7fe21cc2ce2_original.png,2026-05-23T21:23:53.890537+00:00,"Cap Junky is an inviting and indulgent indica-dominant strain of cannabis. It exudes scents of herbs, hops, and citrus.",,
the-plug-crown-heights,AImqLU7TPD,2faca2c9-0573-41b5-9612-7b4678f02b9f,Toast - Royal Rntz | 7G Infused Pre-Ground Hybrid Flower,Toast,other,7g,6800,41.96,00.19,50/50,TRUE,,https://storage.googleapis.com/maui-prod-hyper-media-images/product_images_05e4a2af-4cf1-4063-bfea-77d2a8b506d1_abcede99-eb74-4e39-b89a-13d5591ac8f1_original.png,2026-05-23T21:23:53.890537+00:00,"Behold, the crown jewel of your stash. With a vibrant candy-like sweetness, Royal Rntz sparks your creative mind while gently relaxing your body—the perfect balance, whether you're hitting the town or just lounging around your palace. We’ve done the hard work for you - expertly infusing premium concentrate with 100% top-shelf, coarse-ground nug… ready for you to craft your own experience. Whether using it to top a bowl, vape, enhance your favorite smoke, or simply roll your own - let your imagination fly high",,
the-plug-crown-heights,aSdsExAwMy,28f03939-b0c0-4892-86d2-70fce9f1bb50,Dank (7pk Pre-Rolls) - Jelly Donutz,Dank,preroll,3.5g,4000,26.20,0,50/50,TRUE,,https://storage.googleapis.com/maui-prod-hyper-media-images/product_images_8a48896d-e9c0-41b7-b3b6-42db63f75bc2_91285305-a942-48d6-a96e-936e826c5d18_original.png,2026-05-23T21:23:53.890537+00:00,,,
the-plug-crown-heights,5WDjQg03Ug,b7d85634-2811-4537-b6c0-4565854676ef,Electraleaf- Sour Joker 3.5g,Electraleaf,flower,3.5g,4400,24.83,0,sativa,TRUE,,https://storage.googleapis.com/maui-prod-hyper-media-images/product_images_57a16699-15c0-4653-ba6e-a71c213c83fa_efab58e9-e473-457a-8266-adee7bf42b34_original.png,2026-05-23T21:23:53.890537+00:00,,,
the-plug-crown-heights,CesojbNQb1,cc3d95ce-faeb-4562-ae60-daae468c2bf5,Dank - Fire OG | 1G PreRoll,Dank,preroll,1g,1400,27.713,0,indica-dom,TRUE,,https://storage.googleapis.com/maui-prod-hyper-media-images/product_images_3d76051c-7711-459e-a219-4fabb292beb3_0f128d2c-36db-4344-9642-d1dc960accd3_original.png,2026-05-23T21:23:53.890537+00:00,,,
the-plug-crown-heights,aen7x1YbnU,af7bbdfc-d5af-4fc6-916d-eda19cc171fc,Budd - Apple Fritter | 1G Pre-Roll,Budd,preroll,1g,1500,17.80,0,50/50,TRUE,,https://storage.googleapis.com/maui-prod-hyper-media-images/product_images_3a4c9329-edc0-425e-b77d-9b1f7e822025_986710b9-43c3-4064-bb51-7f0aa551e85c_original.png,2026-05-23T21:23:53.890537+00:00,"Bite into the bakery-fresh flavor of Apple Fritter. A powerhouse cross of Sour Apple and Animal Cookies, this joint is packed with notes of sweet tart apple, savory cake batter, and earthy cheese. It hits hard and fast, delivering a potent, stoney euphoria that leaves you feeling creative, giggly, and totally at ease.",,
the-plug-crown-heights,Mv28MhtNyS,653998b9-c6a5-4b02-93e8-8acf6958d0fc,Stiiizy 40's - King Louis XIII | Infused 5pk 0.5g Pre-Rolls,STIIIZY,preroll,2.5g,4500,37.75,0,indica,TRUE,,https://storage.googleapis.com/maui-prod-hyper-media-images/product_images_b54da432-9fdc-43d8-8ac8-28949eb6c96d_0143da20-dad7-403e-836b-7138027d03a9_original.png,2026-05-23T21:23:53.890537+00:00,"Overview: King Louis XIII (often just called King Louis or “King Louie”) is a highly regarded Indica-dominant cannabis strain with classic OG characteristics. Appearance: Its buds are dense and pine-cone shaped, lime-green in color with a yellowish-gold hue at first glance. You’ll notice vibrant orange pistils and a frosty coat of milky-white trichomes that make the nugs very sticky to the touch. Aroma & First Impressions: Even before you smoke it, King Louis XIII weed announces itself with a strong piney smell and earthy musk. This pungent aroma can fill a room quickly, hinting at the powerful experience to come. It’s an evening favorite for many.",,
the-plug-crown-heights,0e3VcXZX0x,b862a018-3955-475c-95a8-45af8ce5bb7a,Stone Road - Melon Tangie | W/ Hash + THCa Diamonds 1G Joint,Stone Road,preroll,1g,2000,36.294,0,sativa,TRUE,,https://storage.googleapis.com/maui-prod-hyper-media-images/product_images_41db85f2-0428-49e9-bbda-0c18edb5d9cf_be7b8100-5fd6-42a1-ae64-07c480742122_original.png,2026-05-23T21:23:53.890537+00:00,"Melon Tangie is a vibrant, sativa-leaning hybrid known for its bright citrus punch layered with juicy melon sweetness. This strain delivers a refreshing flavor profile that blends tangy orange zest with hints of ripe cantaloupe and tropical fruit, making it a standout for flavor-driven consumers.",,
the-plug-crown-heights,hIR8FBj6rk,aecf7d0e-941f-47b3-8bac-872e799c3bff,Ayrloom (0.5g Disposable) - Lychee Dream,Ayrloom,other,0.5g,3000,84.07,0,,TRUE,,https://storage.googleapis.com/maui-prod-hyper-media-images/product_images_bb453352-71ea-46e9-b854-f631043b3c77_76b1f955-8347-4920-bb63-eaeefbbcbe2a_original.png,2026-05-23T21:23:53.890537+00:00,,,
the-plug-crown-heights,FHqH0bIRUA,c426389c-d1ab-4e8a-8900-213fdc09991a,Jaunty 1G Cart - Fire OG,Jaunty,other,1g,4500,92.2,0,50/50,TRUE,,https://storage.googleapis.com/maui-prod-hyper-media-images/product_images_df7e282b-d4b5-4f75-b37f-6c532575d9c6_56d29611-53de-490f-ac42-4fe61a53a79a_original.png,2026-05-23T21:23:53.890537+00:00,"This hybrid OG brings the fire with its signature citrus-kush flavor and sweet gas finish. Its balanced high lifts your spirits while relaxing your body, making Fire OG a feel-good classic any time of day. potency 90% THC Common Effects relaxed, happy, tingly tasting notes citrus, pine, sweet fuel primary Terpenes caryophyllene, limonene, myrcene, terpinolene, terpineol",,
the-plug-crown-heights,j5AAaGjyam,ec62d854-fcf3-494f-bdbd-99ce1652beff,Cannabals - White Widow | 2G Liquid Diamond All-In-One,Cannabals,other,2g,8000,90,,50/50,TRUE,,,2026-05-23T21:23:53.890537+00:00,"Step into the classic with White Widow, a legendary hybrid that pairs timeless genetics with modern liquid diamond purity. This 2-gram vape delivers the strain’s signature blend of woody, spicy, and earthy notes, followed by a crisp, energizing finish. Expect an uplifting burst of euphoria and creativity that sparks conversation and focus, balanced by a smooth, grounded calm. Perfect for daytime sessions, social hangs, or getting inspired without losing your chill.",,
the-plug-crown-heights,KgXLbsHC2N,74328545-717d-4205-ba8b-9ff66ba84c8c,Dank - Crunch Berries | 3.5G,Dank,flower,3.5g,4500,33,0,indica-dom,TRUE,,,2026-05-23T21:23:53.890537+00:00,,,
the-plug-crown-heights,lCUk8srmxn,a65c4138-cb3e-470f-bde9-852f3b949004,The Plug Pack - Scarlet Gelato | 28g Flower,The Plug Pack,flower,28g,9900,24.7,0,sativa-dom,TRUE,,,2026-05-23T21:23:53.890537+00:00,,,
the-plug-crown-heights,j5wOem9ux5,126e6731-9d0c-4274-a5e7-8d37c8f3ce40,Nanti Nitro - Rocket Pop | .5G Cart,Nanticoke,other,0.5g,2100,85,,50/50,TRUE,,https://storage.googleapis.com/maui-prod-hyper-media-images/product_images_259e4b0d-9d6e-49ae-b29a-a1ccc8168dc0_07e06636-a16d-4ab6-8611-72725ea41698_original.png,2026-05-23T21:23:53.890537+00:00,,,
the-plug-crown-heights,2Obxe3YR7I,e57ffe07-61fb-4abe-bb1e-37116e960d82,Untitled - Jack Herer | 28G Flower Smalls,untitled,flower,28g,14500,26.51,0,sativa,TRUE,,https://storage.googleapis.com/maui-prod-hyper-media-images/product_images_3157a5b3-baac-415f-804d-56b1baac5ab5_a44c9a2d-3978-446d-8681-400024adf2d7_original.png,2026-05-23T21:23:53.890537+00:00,,,
the-plug-crown-heights,2i57DvDTl9,73af9121-6667-4312-931d-377b8db2ebd6,Ruby Farms - Durban P | 7pk Pre-Rolls,Ruby Farms,preroll,3.5g,3700,21.5,0,sativa,TRUE,,https://storage.googleapis.com/maui-prod-hyper-media-images/product_images_9879c52f-0fb6-489e-af5d-54aa8aa48eb6_665d5897-371a-4873-8538-194c247743c0_original.png,2026-05-23T21:23:53.890537+00:00,,,
the-plug-crown-heights,APpZE22yVV,347c15a5-befb-4f3e-9967-2ba354205e43,Noizey - Dumbo Gumbo | 4G Flower,Noizey,flower,4g,4500,31.17,0.163,,TRUE,,https://storage.googleapis.com/maui-prod-hyper-media-images/product_images_d44e8f9a-f48b-483f-9381-8d12f79345e4_c0d8f7f0-e994-442c-a4a6-d80813f931ca_original.png,2026-05-23T21:23:53.890537+00:00,"Bold, funky, and full of Brooklyn flavor — Dumbo Gumbo is a vibrant hybrid crafted from premium indoor flower and slow-cured for maximum terpene expression. Each jar bursts with sweet candy gas and tropical fruit notes layered over a smooth, earthy base. The high hits with an initial rush of euphoria that mellows into an easy, balanced calm — perfect for creative sessions or unwinding after the grind.",,
the-plug-crown-heights,813Pd1jDVe,25701816-9cdc-4481-88e1-40d234c38c80,The Botanist - Londyn Blue | 1G PreRoll,The Botanist,preroll,1g,1200,25.102,0,50/50,TRUE,,https://storage.googleapis.com/maui-prod-hyper-media-images/product_images_65789add-5d68-476c-87a7-a383e8c24fba_696b80d7-1430-4a10-9794-e1758430c576_original.png,2026-05-23T21:23:53.890537+00:00,,,
the-plug-crown-heights,7psmO7vtQV,b61faefe-eabe-4904-8e52-a4acd331d556,PUFF - Grape Drink | Pre-roll 5 Pack,PUFF,preroll,2.5g,2700,31.229,0,indica,TRUE,,,2026-05-23T21:23:53.890537+00:00,,,
the-plug-crown-heights,DEWakjdSxg,5e6a0609-dc5b-4fd2-bcdb-52e95e86c718,Grocery Cannabis - Astro GMO | 28G Premium Flower,Grocery,flower,28g,22000,29.93,0,,TRUE,,https://storage.googleapis.com/maui-prod-hyper-media-images/product_images_bda79512-ca6d-4886-a94f-96e8c608de50_e755d326-a8bf-4c9f-a11e-b0f20f03bc4a_original.png,2026-05-23T21:23:53.890537+00:00,"Astro GMO Pungent garlic, earth, and fuel dominate the nose of this heavy hitter. Astro GMO brings deep, full-body relaxation paired with a hazy, euphoric calm that’s perfect for unwinding at the end of the day.",,
the-plug-crown-heights,VQbCqfuWJg,d46f536a-bed6-4758-b512-983b6daeec79,Stiiizy - Watermelon Z | 1G Starter Pack,STIIIZY,other,1g,4500,80.85,,indica,TRUE,,https://storage.googleapis.com/maui-prod-hyper-media-images/product_images_5e59d544-c71e-4858-936d-d0096940146c_16ffc508-c114-471d-b1c4-ca147d4ea1dd_original.png,2026-05-23T21:23:53.890537+00:00,"Watermelon Z strain is a flavorful hybrid with a juicy watermelon and berry aroma, delivering a smooth and fruity experience with every puff. This STIIIZY Original THC Pod Starter Pack includes a sleek battery and a premium THC pod, giving you everything you need to take your first hit with ease. THC pods offer a discreet and effortless way to enjoy cannabis. STIIIZY’s Watermelon Z Original THC Pod is designed for smooth pulls and flavorful hits, ensuring a consistently satisfying draw every time you take a puff. STIIIZY is renowned for its dedication to premium cannabis products, and the Watermelon Z Original THC Pod Starter Pack is a prime example.",,
the-plug-crown-heights,lAI0fdSyZ8,8a797f50-1e13-463b-8a6e-c41c970150ce,Stiiizy - Purple punch | 1G Disposable,,other,1g,4500,81.99,,indica,TRUE,,,2026-05-23T21:23:53.890537+00:00,,,
the-plug-crown-heights,LU9Uqye4Le,f9f5d183-234b-41e6-bb61-c39b8f60552a,Kickfly's - Cake Code | 14G Flower,Kickfly's,flower,14g,9000,24.89,0,50/50,TRUE,,,2026-05-23T21:23:53.890537+00:00,"With high THC potential, Cake Code opens with focused, creative, and uplifted effects before easing into a gentle body relaxation that settles in naturally.",,
the-plug-crown-heights,bXPxh5ZFUk,3b388351-ec95-4206-99e6-f227ccd21d31,Noizey - The OG | 4G Flower,Noizey,flower,4g,4500,29.76,0.148,indica,TRUE,,https://storage.googleapis.com/maui-prod-hyper-media-images/product_images_0a6e98e2-09af-4a48-b0e9-e5e39b3dad3b_5098f004-82e0-4fd3-864c-b36bf2449200_original.png,2026-05-23T21:23:53.890537+00:00,"The original ""OG"" strain is defined by potent, heavy-hitting effects that balance intense cerebral euphoria with deep physical relaxation. It is characterized by a pungent piney/earthy aroma, high THC, and a ""calmly focused,"" ""in-the-zone"" high",,
the-plug-crown-heights,7AYNfQpxgF,e052ad43-4905-4069-89d8-3c7f9123b6c8,Mind Melters - OG Kush | 1G Cold Cure Live Rosin,Mind Melters,concentrate,1g,5000,75.82,0,,TRUE,,https://storage.googleapis.com/maui-prod-hyper-media-images/product_images_0fc33d40-2ecd-4b55-be1e-88a925f06d77_9b5c788d-f89b-47d3-9945-a4021c091b4a_original.png,2026-05-23T21:23:53.890537+00:00,,,
the-plug-crown-heights,s6K8ZHTtEx,957a2754-f82a-4406-a2b4-61dbf6a81561,Cannabals BRICK - Strawberry Lemonade,Cannabals,edible,15g,1900,100,0,50/50,TRUE,,https://storage.googleapis.com/maui-prod-products/422821e5-fad5-4e72-8fde-dfd3c8e19d22--5032fa2d-b6af-4d71-982d-4e4d7d9172b1.jpeg,2026-05-23T21:23:53.890537+00:00,"Enjoy the perfect blend of sweet and tart flavors with Cannabals Strawberry Lemonade Brick Gummies. Each brick is segmented into 10 pieces, offering 10mg of pure THC per serving and 100mg per brick. Made with Liver Resin, extracted from freshly harvested cannabis plants that have been flash-frozen, these vegan gummies provide a uplifting experience, ideal for when you want to be your most creative. The Strawberry Lemonade flavor is a harmonious fusion of ripe strawberries and zesty lemon, creating a mouthwatering sensation that lingers on your palate. Effects: Uplifting, Energizing, Creativity",,
the-plug-crown-heights,QHYAvsszbL,b69a8a41-280e-4772-bfa5-7aa2af62c808,Söze - Forbidden Fruit | 2pk Live Resin PreRolls,Söze,preroll,1.5g,2850,42,0,indica-dom,TRUE,,https://storage.googleapis.com/maui-prod-hyper-media-images/product_images_6644a0c2-d887-414d-b966-6b2b49bbb43f_9647fff5-0ad7-4a74-bc76-5af41b7704b9_original.png,2026-05-23T21:23:53.890537+00:00,"Forbidden Fruit is a lush indica-hybrid that captures the essence of tropical indulgence. Sweet cherry and mango notes meet tangy citrus and pine, creating a smooth, slow burn that relaxes without sedating. Each preroll is infused with premium live resin oil and finished with a ceramic tip for a cool, flavorful draw and elevated experience.",,
the-plug-crown-heights,ED1k6hNou8,3f4f1e20-68fb-4182-8586-27ea80a45c2c,Gypsy Weed  - Gelato Cake | 28G,Gypsy Weed,flower,28g,14500,24.54,0,indica-dom,TRUE,,,2026-05-23T21:23:53.890537+00:00,,,
the-plug-crown-heights,V4XoRlI38u,a548ff68-7ab7-445e-a0d7-86502ca504b5,Heavy Hitters - Blackberry Kush | 2G Ultra Pure AIO,Heavy Hitters,other,2g,10000,84.511,0,indica,TRUE,,https://storage.googleapis.com/maui-prod-hyper-media-images/product_images_e6395087-ff5f-4d00-8bc1-b200db26ab4a_415082b4-b689-474e-94e3-0ac511284b37_original.png,2026-05-23T21:23:53.890537+00:00,"Heavy Hitters' Blackberry Kush is known for its strong relaxing and euphoric effects, this is the perfect strain for those looking to be couchlocked, in a happy, dream-like state. It has a sweet and full-bodied Blackberry flavor that leaves the lingering taste of cream and berries.",,
the-plug-crown-heights,OAnNY3BDsC,a19e8033-8d8f-4545-bf25-a1cc9bcca947,Dank - Cake Crasher | 3.5G Flower Jar,Dank,flower,3.5g,5500,32.80,0,sativa-dom,TRUE,,https://storage.googleapis.com/maui-prod-hyper-media-images/product_images_a3c66fac-2007-479f-ac5c-92556a6e0e66_c63a3db1-9e87-47ac-84c2-b51604d97879_original.png,2026-05-23T21:23:53.890537+00:00,,,
the-plug-crown-heights,0hdHspRAie,1e33b6e7-d70e-40c5-9971-14493d6c69bb,Stiiizy - Biscotti | 5pk Infused .5G Pre-rolls,STIIIZY,preroll,2.5g,4500,35.33,0,indica,TRUE,,https://storage.googleapis.com/maui-prod-hyper-media-images/product_images_1e33b6e7-d70e-40c5-9971-14493d6c69bb_449f7993-48ef-4cf3-9dfd-43caa772e0f3_original.png,2026-05-23T21:23:53.890537+00:00,"This strain produces a cerebral high that leave consumers feeling relaxed, creative, and buzzy from head-to-toe.",,
the-plug-crown-heights,veYxtqmnFm,9e7b72ea-4142-4d26-be6a-1f15731125e6,MFNY - Cherry x Lemon Cane | Live Rosin Gummies,MFNY,edible,26.1g,3000,105.50,0,sativa,TRUE,,https://storage.googleapis.com/maui-prod-hyper-media-images/product_images_79228d3f-df01-404d-85ec-dd06f1554556_23d52cb8-24cc-453f-9e92-ab67519e8d93_original.png,2026-05-23T21:23:53.890537+00:00,"A must for edible lovers, these palate-pleasing Cherry x Lemon Cane gummies are unlike any other edibles you've tried. Our vegan, full-spectrum, cultivar-specific gummies are infused with MFNY’s premium Lemon Cane live rosin extract. Superior to distillate, live rosin is made via solventless extraction from premium fresh frozen plants. We use the minimum amount of sugar to highlight all the sweet citrus flavors of the Lemon Cane cultivar, paired with the natural flavor of cherry.",,
the-plug-crown-heights,2DhZCxLfEG,ef8a2a41-24b0-4084-b296-c534dd534f55,Wana - Lemoncello | Fast Acting Gummies 100MG,Wana,edible,45g,2800,100,0,50/50,TRUE,,https://storage.googleapis.com/maui-prod-hyper-media-images/product_images_108ab453-caf9-4682-b1b3-8f4120ede747_bd298350-d016-4341-8067-f7400612f007_original.png,2026-05-23T21:23:53.890537+00:00,,,
the-plug-crown-heights,qAxsYBKsie,d491381f-08a5-4279-acf6-1b68d8c5e3f3,Alien Labs - Xeno | 3.5G Flower,Alien Labs,flower,3.5g,6000,0.02,0.083,50/50,TRUE,,https://storage.googleapis.com/maui-prod-hyper-media-images/product_images_a3768851-40e4-4a32-9863-87dab4a7e8f8_4bb39159-b58c-43a9-9266-63d767f2d0fe_original.png,2026-05-23T21:23:53.890537+00:00,"Xeno is the perfect combination of the sweetness you love from the Z with just the right amount of diesel from the Kush Mints, giving it a trix cereal taste like. Just a few hits and you'll find yourself drifting off into space.",,
the-plug-crown-heights,kwcgKWBfQW,b666eb87-6571-4113-8811-5b2fc596d821,MFNY - Chemdog | 2g Live Resin Badder,MFNY,concentrate,2g,10000,39.33,0.144,,TRUE,,https://storage.googleapis.com/maui-prod-hyper-media-images/product_images_d0dfe810-ad79-4f92-98ed-609467a554f9_cae0ede0-c08d-460c-bbe0-4f60b96332c7_original.png,2026-05-23T21:23:53.890537+00:00,"Chemdog is one of the godfathers of modern cannabis history — the genetic backbone of Sour Diesel, OG Kush, and GMO/Garlic Cookies among others. It’s the second of the MFNY Classics that pay homage to the strains that shaped modern cannabis — and the highs they first brought us. MFNY Classics aren’t throwbacks, they’re living proof of what we can do by infusing old-school cultivars with modern processes. All to bring legendary, full-of-life flavors and effects to New Yorkers. MFNY’s Chemdog badder is a premium concentrate made in house, using hydrocarbon extraction method. It starts with our best, in-house grown, bred, and fresh-frozen Chemdog buds. We flash freeze our plants right after harvest to lock in all the trichome-and-terpene-rich goodness of the plant (this is the “Live” part of Resin). Upon the first inhale of MFNY’s Chemdog, your pallet will be met with a striking chemical and funk taste with undertones of earthiness; known to promote an euphoric body high with long-lasting, invigorating cerebral effects that spread to your whole body. Live Resin badder concentrate has a soft, butter-like texture for an easy-to-use, super enjoyable experience. Our Live Resin concentrates are exclusively single-source and produced at the highest of standards in our state-of-art laboratory space, using scientific precision and years of experience, which we’ve proudly gathered together in New York's Hudson Valley.",,
the-plug-crown-heights,pRFGbHqmIe,14f54433-f555-4bc1-9d4b-3d9547e4d2ad,Jaunty - Super Lemon Haze | 1G Cart,Jaunty,other,1g,4500,84.51,0,sativa,TRUE,,https://storage.googleapis.com/maui-prod-hyper-media-images/product_images_baa458af-1f6d-4476-9c76-ae2a2075d040_7e76149f-1e55-40bc-a404-aef37f18ec3d_original.png,2026-05-23T21:23:53.890537+00:00,"Refresh your mind and energize your day with the Super Lemon Haze 1g Vape Cartridge from Jaunty. This pure sativa vape delivers a clean, zesty burst of lemon-citrus flavor with every draw, paired with uplifting, clear-headed effects that are perfect for staying focused, creative, and motivated.",,
the-plug-crown-heights,WBv3RdRsj2,b7216304-614b-4315-bf31-86e144e52417,Umamii - Indica Micro Dots | Variety Pack (33pk),Umamii,edible,,1600,100,0,indica,TRUE,,https://storage.googleapis.com/maui-prod-hyper-media-images/product_images_c3fd9455-ac50-480f-b259-d176e67a6d14_07b27ff8-edae-4546-abe7-cc7ae8d4bc68_original.png,2026-05-23T21:23:53.890537+00:00,"3mg per gummy! No Additives. No Distillate. Just Pure Plant Power. Discover the next level of edible precision with Umamii MiCRO DOTS — chef-crafted microdose edibles made from premium flower grown by our Cultivation team in Wyoming, NY. Each dot is expertly formulated by our in-house Chef Bobby using 3mg of full-spectrum cured resin, delivering all the natural benefits of the plant — without any additives or distillate. Designed for flexible dosing, MiCRO DOTS let you dial in the perfect experience: take one for a subtle shift, or stack them to suit your mood. No more splitting gummies — just consistent, clean effects all the time. Flavor Profile: Watermelon, Mixed Berry, Pink Lemonade",,
the-plug-crown-heights,tW9nZxluHe,bf29eb2f-9524-414e-916d-d0aaffe90fe2,Kushy Punch - 1g Apple Fritter 510 Thread,Kushy Punch,other,1g,4500,92.72,,50/50,TRUE,,https://storage.googleapis.com/maui-prod-products/422821e5-fad5-4e72-8fde-dfd3c8e19d22--01e4db54-74e2-4a54-a274-c5b8557ec175.png,2026-05-23T21:23:53.890537+00:00,"Get ready to elevate your vaping experience with our game-changing postless vape cartridges! Feel the power of the PUNCH like never before. Crafted with premium cannabis oil, each smooth hit bursts with mouth-watering flavor. Our unique, juicy, all-natural blends make sure one puff is never enough. Plus, our long-lasting, rechargeable battery lets you savor every drop. Dive into our collection of 12 incredible flavors and find your new favorite today!",,
the-plug-crown-heights,D88iC1FBMK,aa2a874d-da07-4429-b2ae-9f4f889bfe4d,Revert - Spritzer | 3.5G Flower,,flower,3.5g,3000,26.20,0.055,sativa-dom,TRUE,,https://storage.googleapis.com/maui-prod-hyper-media-images/product_images_9e20e6b2-7f82-4919-a0dd-6a07f899c185_7c903f8d-eeb0-42ce-a282-1761add35479_original.png,2026-05-23T21:23:53.890537+00:00,,,
the-plug-crown-heights,8ZIc0RC1xG,57eeef1e-b828-4c63-ba04-089b9af34b31,Electraleaf - Bubble Bath | 3.5G,Electraleaf,flower,3.5g,4500,25.45,0,indica,TRUE,,https://storage.googleapis.com/maui-prod-products/422821e5-fad5-4e72-8fde-dfd3c8e19d22--cdf82787-376b-4ba5-b571-03ff568b85a2.jpeg,2026-05-23T21:23:53.890537+00:00,"THE SOAP X PROJECT 4516 Bred by LIT FARMS Fans of this mysterious strain describe it as a balanced hybrid that is energizing and relaxing. They mention an immediate head buzz that is blissful and mood-enhancing. As the effects progress, they report feeling a wash of relaxation that slows everything down and alleviates tension. They describe an all-around calming and buzzing journey",,
the-plug-crown-heights,cBonSEQ8pk,a2c054b1-09de-4ddd-bf62-17788ab06812,Jaunty (Fast-Acting) - Blueberry Lemonade (100mg),Jaunty,edible,50g,2400,100,0,50/50,TRUE,,https://storage.googleapis.com/maui-prod-products/422821e5-fad5-4e72-8fde-dfd3c8e19d22--81589de6-d062-4c19-84d7-d14af82ea822.png,2026-05-23T21:23:53.890537+00:00,"Jaunty knows how to put a little pep in your step, whenever you need it most. These energizing, fast-acting gummies are crafted with a blend of THC, THCv, CBC, and hybrid effects-based terpenes. This balanced profile is sure to elevate your mood, boost your energy, and enhance your focus - ideal for day-to-day adventures. 10pk;100mg total.",,
the-plug-crown-heights,9GUjnoAvf1,862f0530-f58f-4a11-8424-8cd4527e88d5,Ruby Farms Classics (7pk pre rolls) Tangie,Ruby Farms,preroll,5g,5000,21.164,0,sativa,TRUE,,https://storage.googleapis.com/maui-prod-hyper-media-images/product_images_3b45951d-6d36-407f-9172-e5544fbb84d7_ebb309d7-cd39-4602-9f08-fc8ff67d25b1_original.png,2026-05-23T21:23:53.890537+00:00,,,
the-plug-crown-heights,GEVMcLfS3b,1cb5d8ad-98fc-47ce-82f4-4a42471d460e,Cheevo - Blue Dream | 7G Ground Flower,Cheevo,flower,7g,3600,26.77,0,sativa,TRUE,,https://storage.googleapis.com/maui-prod-hyper-media-images/product_images_f35bd589-35a2-4972-8978-1f8045e74977_db126310-f236-487c-af76-e341ec79a9c4_original.png,2026-05-23T21:23:53.890537+00:00,"Hey, I’m Cheevo’s Ground Flower. STRAIN : Blue Dream A cross between Blueberry and Haze, it is famous for its delicious sweet berry aroma, balanced effects, and approachable nature. 7 grams of bright terpene rich Sativa evenly milled and sealed fresh. Clean grind. Easy pack. Consistent burn. Momentum without the mess. Open and move.",,
the-plug-crown-heights,kJp0Gpq7v8,1f33da99-826b-4df6-9380-6c3f219bd034,BTQ Switch V5 - Grape Soda x Glowberry x Cherry Pie | Ind-Ind-Ind 2g AIO,Boutiq,other,2g,8000,81.296,0.688,indica,TRUE,,https://storage.googleapis.com/maui-prod-hyper-media-images/product_images_b049e912-91e8-486c-8883-95935552f24e_49d85206-6651-4628-a78c-04c9fc95ec04_original.png,2026-05-23T21:23:53.890537+00:00,"Fizzy grape soda, glowing mixed berries, and tart cherry pie blend into a rich, dessert-Ike Indica that's smooth, fruity, and deeply relaxing.",,
the-plug-crown-heights,3c7Lp96wsT,39814d67-e469-4c37-af1b-330b1ed0af54,Untitled - Green Crack | 3.5G Flower,untitled,flower,3.5g,2500,26.26,0,sativa,TRUE,,https://storage.googleapis.com/maui-prod-hyper-media-images/product_images_dd347552-3cfa-4754-b5dd-681c3500968b_46aca3bd-91ee-4881-b4d1-ef05471d8d83_original.png,2026-05-23T21:23:53.890537+00:00,"Green Crack is a sativa-dominant hybrid known for its energizing and uplifting effects, making it ideal for daytime use or creative endeavors. The buds are dense and frosty, showcasing a vibrant green hue with orange pistils. The aroma is a sharp citrus blend with sweet mango notes and earthy undertones, delivering a crisp and smooth finish.",,
the-plug-crown-heights,T1PRNISNA1,15ef5b39-9136-403a-babd-83eacf964fa4,Mind Melters - Ritz Carlton | 1G Cold Cure Live Rosin,Mind Melters,concentrate,1g,5000,72.40,0,,TRUE,,https://storage.googleapis.com/maui-prod-hyper-media-images/product_images_19a5a717-90c1-4379-8b04-05698f14cc4d_7568ee7a-033e-41a0-8aa1-c2c6a88b72ed_original.png,2026-05-23T21:23:53.890537+00:00,,,
the-plug-crown-heights,AwcBwOCm9l,bdf5aa3a-fde6-4075-987c-9ec766a8cd4b,Budd - Lemon Cherry Gelato | 3.5G Premium Smalls,Budd,flower,3.5g,3600,22.375,0,50/50,TRUE,,https://storage.googleapis.com/maui-prod-hyper-media-images/product_images_1ffbcfbf-1fc0-4b45-8416-6351740afb40_83367289-2f00-44c2-93b5-cdd61322cd1d_original.png,2026-05-23T21:23:53.890537+00:00,"Taste the hype with Budd NY Lemon Cherry Gelato. A standout in the New York market, this heavy-hitting hybrid serves up a mouthwatering mix of sour lemon, ripe cherry, and sweet fuel. Whether you’re uptown or downtown, it offers a blissed-out, relaxing vibe that hits hard and lingers long. Flavor Profile: Citrus, Berry, Creamy Vibe: Relaxed, Euphoric, Happy",,
the-plug-crown-heights,oMaeaPkRPg,d971983a-ed10-4834-9aee-cc60126eb330,Ruby Farms Hash Infused - Tangerine Dream| 2pk Pre-Rolls,Ruby Farms,preroll,1g,2100,41.5,0.223,50/50,TRUE,,https://storage.googleapis.com/maui-prod-hyper-media-images/product_images_0f2f8497-5226-47b4-b624-fa4307aa3fb0_321f1143-4e41-4f2f-b076-5726b872ac7d_original.png,2026-05-23T21:23:53.890537+00:00,"The Ruby Farms Hash Infused Pre-Roll 2 Pack – Tangerine Dream is designed for smokers looking for a flavorful, extra-potent hybrid session. These infused cones take the classic Tangerine Dream strain and elevate it with rich hash concentrate, boosting both terpene intensity and THC potency for a stronger, slower-burning experience. From the first spark, the aroma bursts with bright citrus notes reminiscent of freshly peeled tangerines and sweet orange zest, followed by subtle earthy haze undertones and a light peppery spice on the finish. The terpene profile, commonly driven by limonene, myrcene, and caryophyllene, creates a flavorful balance of sweet citrus, smooth herbal depth, and a slightly creamy smoke that stays consistent through the entire burn. Because of the hash infusion, the joint produces thicker clouds and burns slower and more evenly, delivering a rich terp ring and dense smoke that seasoned cannabis enthusiasts appreciate. The vibe starts with an uplifting cerebral rush that boosts mood, creativity, and social energy, making it great for daytime or early evening sessions. As the high settles in, a relaxing body warmth follows without becoming overly sedating, giving Tangerine Dream its signature balanced hybrid feel. The two-pack format makes it perfect for sharing or saving one for later, while the infused potency ensures each cone hits harder than a traditional pre-roll. For smokers who enjoy bold citrus terpene strains with a smooth burn and elevated hybrid effects, the Ruby Farms Tangerine Dream hash infused pre-rolls deliver a flavorful, powerful session that stands out in any rotation.",,
the-plug-crown-heights,ipVoMI4W3x,9321c35d-6597-4932-bbc9-441326be8c0b,Puff - Balance | Hybrid 1G PreRoll,PUFF,preroll,1g,1200,21.413,0,50/50,TRUE,,https://storage.googleapis.com/maui-prod-hyper-media-images/product_images_11f77991-90bd-46b4-9f4d-50667a776946_e9732d47-e5d9-4a32-a45b-11a44de9f4b2_original.png,2026-05-23T21:23:53.890537+00:00,,,
the-plug-crown-heights,3on2nMM3IR,88f2b229-0914-4a46-9a2c-9fe3858aebca,Good Tide - Mango | (100MG) Rosin Gummies,,edible,40g,3000,100,0,indica-dom,TRUE,,https://storage.googleapis.com/maui-prod-hyper-media-images/product_images_7710441f-50d3-4a7e-b4ed-7beb869c0c26_ef18dc8b-7c6c-4486-9952-98c42717dcac_original.png,2026-05-23T21:23:53.890537+00:00,"Vibe out poolside with Good Tide mango gummies. Naturally rich in myrcene, real mango makes an ideal match for our indica-leaning rosin. With naturally occurring terpenes and minor cannabinoids present in our solventless hash rosin, our mango gummies are dripping with relaxing plant properties to produce a mellow, laid back high. Unwind and drift into a tropical state of mind.",,
the-plug-crown-heights,RQZk9DRXRM,50213d21-5634-4b5a-a218-2047b3d43278,Anthem Bold - Watermelon Z | 1G Sweet Wood Tip infused Pre-Roll,Anthem,preroll,1g,2000,49.81,0,50/50,TRUE,,https://storage.googleapis.com/maui-prod-hyper-media-images/product_images_168e2fc7-2597-42ce-b9c6-b1dbb566349d_45bd388a-f9d9-4932-8594-360b619f08ab_original.png,2026-05-23T21:23:53.890537+00:00,"ANTHEM BOLD WOOD TIPS: Anthem Bold looks different, feels different, and hits different. Our Bold infused pre-rolls feature: Higher potency for an elevated pre-roll experience. Sweet Wood Tips to enhance the flavor experience Watermelon Z An indica-dominant hybrid with juicy fruit aroma, blending watermelon sweetness and confectionery richness.",,
the-plug-crown-heights,cUpYmAxzAM,2c4f1276-7add-403d-9af8-e54d436c2f1e,Jaunty - Alien OG | 1.5G AIO,Jaunty,other,1.5g,6000,90,,50/50,TRUE,,https://storage.googleapis.com/maui-prod-hyper-media-images/product_images_0625a266-ef7e-47af-a8a8-068c1a1320f0_92cf9b89-3604-46ef-8fe1-2c34631e5c9c_original.png,2026-05-23T21:23:53.890537+00:00,"Alien OG is a balanced hybrid known for its head-to-toe body high and mellow, euphoric lift. Gassy and herbal on the nose, it finishes with a sweet lemon-citrus zest that intensifies with each hit.",,
the-plug-crown-heights,p3cql46QHJ,fc2e86c6-1689-464a-b854-2e0bdddfee19,Connected -  Ghost OG | 3.5G Flower,Connected Cannabis Co.,flower,3.5g,6000,35.31,0.074,sativa-dom,TRUE,,https://storage.googleapis.com/maui-prod-hyper-media-images/product_images_48ccb089-1fc8-4fdc-a80c-44ce19c104e8_556559bf-76dc-49eb-8011-f4070e94ce1e_original.png,2026-05-23T21:23:53.890537+00:00,"Like taking a punch from a poltergeist. Ghost OG envelopes you in resiny pine and petrol, slightly sweet on the pull, then knocking your wind with its cocoa-hazelnut exhale. A buzzy hybrid of cerebral mystery, perfect for focused relaxation and unlocking creative energy. Even the most timid souls will find themselves chasing shadows after a little time with this one. Named after the elusive OG who brought it into this world, and now Connected across California.",,
the-plug-crown-heights,3ndo0uXeqU,7c495eb4-5bb9-422a-b116-f81d6737afa0,Foy - Strawberry Nighttime | 1:1:1 Chews | 4pk,foy,edible,14g,700,20,0,indica,TRUE,,,2026-05-23T21:23:53.890537+00:00,,,
the-plug-crown-heights,kfaqpyWshp,76ffec7f-9028-42d4-a1c1-423e7cb6b48c,Ruby Farms Hash Infused - Biscotti Jealousy | 2pk Pre-Rolls,ruby,preroll,1g,2100,42.086,0.25,50/50,TRUE,,https://storage.googleapis.com/maui-prod-hyper-media-images/product_images_bf88cd3b-051a-4975-8fb4-4d826dad6dac_bddfd574-b748-4797-a3eb-3766f4ecbf6d_original.png,2026-05-23T21:23:53.890537+00:00,"Biscotti Jealousy is a potent indica-dominant hybrid perfect for evening use. Known for its deep body relaxation and couch-lock effects. Expect sweet, dessert-like flavors with notes of biscuit and sherbet—a delicious way to unwind at the end of the day",,
the-plug-crown-heights,Sk5szrc9B7,0464514c-4017-4d62-9171-7b18c789a97e,Sugar Treez - Lemon Cherry Poppers | 28G,Sugar Treez,flower,28g,15000,27,0,,TRUE,,,2026-05-23T21:23:53.890537+00:00,,,
the-plug-crown-heights,fNeGr7uFCf,329d9b97-c295-4185-96f0-7e6ff119e850,Grassroots - Papaya Drip | 3.5g Flower,Grassroots,flower,3.5g,4000,27.67,0,indica-dom,TRUE,,https://storage.googleapis.com/maui-prod-hyper-media-images/product_images_f9a2b0fe-011e-4bde-b032-2edeeb47d20c_02934347-6271-4814-91ec-93c20b1eaec7_original.png,2026-05-23T21:23:53.890537+00:00,"Papaya Drip is an indica-leaning hybrid (Papaya x Strawnana) known for its intense fruity, citrus, and herbal aroma, providing a mix of relaxing body effects and creative, uplifting mental stimulation. It is highly regarded for treating insomnia, stress, and loss of appetite, often delivering a ""stoney"" yet, at times, surprisingly active",,
the-plug-crown-heights,p0g8d6W8p6,6a07c5eb-5589-4bf4-ad63-4c1ac6de6010,Camino Chews - Boysenberry | 2:1:1 THC:CBN:CBG (100MG),Camino,edible,46g,3000,100,0,,TRUE,,https://storage.googleapis.com/maui-prod-hyper-media-images/product_images_0da91932-1a21-485d-ad41-384773549e60_d2a95224-0b0c-4f94-9e9c-167db54c7fe4_original.png,2026-05-23T21:23:53.890537+00:00,"Imagine slipping into a peaceful evening, where the stresses of the day gradually fade away, and the rising moon gently ushers you toward restful sleep. This is the perfect time to reach for Camino Chews Boysenberry ‘Sleep’, crafted to help you unwind and drift off effortlessly. Each sweet fruit chew is infused with a soothing blend of 10MG THC and 5MG CBN enhanced by chamomile and lavender extracts plus indica-like terpenes. THC sets the stage by promoting relaxation- many people turn to it for its mellowing effects. CBN, especially when combined with THC, is often appreciated for its ability to create a sense of calm and tranquility. Chamomile has been cherished for generations as part of a nighttime routine. Lavender is known for its calming, soothing properties. As the lightly tart boysenberry flavor dances on your tastebuds, you'll feel the day's tensions melt away, supporting you into a serene, dream-like state. Boysenberry ‘Sleep’ Camino Chews are your perfect companion for nights when you need to relax and let go- then wake up feeling refreshed and rejuvenated.",,
the-plug-crown-heights,HRubNhw76i,99a67eb2-0e4e-44d6-ab91-668d09190a55,MFNY - Lemon Cane | 2G Live Resin Badder,MFNY,concentrate,2g,10000,59.63,0.163,,TRUE,,https://storage.googleapis.com/maui-prod-hyper-media-images/product_images_3f6c47bb-197a-4008-bc92-67469e234b67_4849878d-cbc9-4cba-8b2f-9c04cd7594ef_original.png,2026-05-23T21:23:53.890537+00:00,"We're now offering two grams of premium quality badder in one jar for an even better price. MFNY’s Lemon Cane Live Resin badder is a premium concentrate made in house, using hydrocarbon extraction method. It starts with our best, in-house grown and fresh-frozen Lemon Cane buds. We flash freeze our plants right after harvest to lock in all the trichome-and-terpene-rich goodness of the plant (this is the “Live” part of Resin). Lemon Cane was phenohunted for its lemon peel zest flavor that is finished off with a touch of gas that leaves your head feeling euphoric. Live Resin badder concentrate has a soft, butter-like texture for an easy-to-use, super enjoyable experience. Our Live Resin concentrates are exclusively single-source and produced at the highest of standards in our state-of-art laboratory space, using scientific precision and years of experience, which we’ve proudly gathered together in New York's Hudson Valley.",,
the-plug-crown-heights,9nEJFpYKQ2,d7c5c101-c33b-4e65-a30f-f44973cbeb06,Revert - Bubba Kush | 14G Kief Infused Ground Flower,Revert,flower,14g,7000,30.7,0,indica,TRUE,,https://storage.googleapis.com/maui-prod-hyper-media-images/product_images_93c19f28-65f2-4948-845f-1281949ef315_c7c8b37c-a1ff-4b7b-b46a-c15c2f88ed74_original.png,2026-05-23T21:23:53.890537+00:00,"Bubba Kush delivers rich, earthy flavors with hints of sweetness. This kief-infused ground flower offers a calming, relaxing experience and is perfect for easy packing and rolling.",,
the-plug-crown-heights,fp3KXTPFLb,02675cdc-6be3-4563-9718-e9fac2198bdb,Kushy Punch- Peach Mango Gummies 100mg,Kushy Punch,edible,30g,1500,100,0,indica,TRUE,,https://storage.googleapis.com/maui-prod-products/422821e5-fad5-4e72-8fde-dfd3c8e19d22--29a7257f-6dc9-4427-bb7b-21fd20fd1702.jpeg,2026-05-23T21:23:53.890537+00:00,"Peach Mango is like a one-way ticket to a sunny paradise. The succulent, tangy taste of peach blends perfectly with the sweet, tropical flavor of mango, creating a calming and soothing high that feels just like a tropical vacation.",,
the-plug-crown-heights,irEMXrf3ni,e27f2869-ee84-490a-ae24-44efc96b6115,Hepworth - GMO Rootbeer | 3.5G Flower,Hepworth,flower,3.5g,3000,27.87,0,indica,TRUE,,,2026-05-23T21:23:53.890537+00:00,"Hepworth's GMO Rootbeer is an indica-dominant hybrid strain known for its unique, savory, and sweet flavor profile. It is a cross between the potent GMO (Garlic Cookies) and Vanilla Crème strains. Cannabis Central Cannabis Central +2 Key Details for Hepworth GMO Rootbeer: Strain Type: Indica-Dominant Hybrid (approx. 70% indica/30% sativa). Aroma & Flavor: Described as having a distinct root beer scent with notes of sweet, creamy vanilla, savory spices, and hops. Effects: Known for producing a relaxing, ""stoney"" sedation that is well-suited for winding down or bedtime. It provides a mix of drowsy euphoria and physical relaxation.",,
the-plug-crown-heights,pRTy02SiKv,241e2b3f-0981-44da-849f-0fb2d9e79b6d,Jetpacks - Citrus Rush | 1G Sativa Badder,Jetpacks,concentrate,1g,4000,81.15,0,,TRUE,,https://storage.googleapis.com/maui-prod-hyper-media-images/product_images_93ee7c2f-5d95-49c6-af5c-52f0a246bac8_145fc778-a5b5-4241-87e1-272d56766445_original.png,2026-05-23T21:23:53.890537+00:00,"Citrus Rush is a sativa-leaning cannabis strain known for its bright, energizing effects and zesty aroma. It typically delivers flavors of sweet orange, lemon, and a hint of tropical fruit, giving it a refreshing, tangy profile. Often used during the day, it may promote an uplifted mood, mental clarity, and a burst of creative energy.",,
the-plug-crown-heights,YSKr1ndAAW,ae05b71b-46b6-4b1b-acdd-c8182af6bde0,Kickfly's - Fumez | 14G Flower,Kickfly's,flower,14g,9000,29.30,0,,TRUE,,https://storage.googleapis.com/maui-prod-hyper-media-images/product_images_0f0dbf62-ccbd-4cc1-b328-90a638226cde_d80c2d3e-f769-488d-ac25-130fbb3ee5b6_original.png,2026-05-23T21:23:53.890537+00:00,"Candy Fumez is a potent 60/40 indica-dominant hybrid known for deeply relaxing, sedative, and euphoric effects. It commonly produces a ""dream state"" or ""couch-lock"" experience, making it ideal for evening use to relieve stress, insomnia, and chronic pain while offering a sweet, fruity, and gassy flavor.",,
the-plug-crown-heights,lx61WoSqic,9c53a461-7208-4fce-8244-e2285def7b23,Dank - Apricot Oreoz | 1G PreRoll,Dank,preroll,1g,1400,27.871,0,50/50,TRUE,,,2026-05-23T21:23:53.890537+00:00,,,
the-plug-crown-heights,4n5Rs16TY2,9dd5628e-5313-448b-b295-28ae28d63683,MFNY - Strawpaya | 1g Live Resin Badder,MFNY,concentrate,1g,6500,69.70,0.181,sativa,TRUE,,https://storage.googleapis.com/maui-prod-hyper-media-images/product_images_318080b0-80ee-40f7-a6c6-71a2cb7cdb50_9e4cfdfd-ac0c-4002-bb0c-1dc808ba5711_original.png,2026-05-23T21:23:53.890537+00:00,,,
the-plug-crown-heights,nb6BPgwMBf,af039ff1-caa4-402b-92b2-ab5fca02d318,Grassroots - Atomic Breath | 3.5G Flower,Grassroots,flower,3.5g,4000,31.14,0,50/50,TRUE,,https://storage.googleapis.com/maui-prod-hyper-media-images/product_images_c4ed4189-cc0b-4490-b2c0-535d6af8c6aa_c894c083-9d62-4d5d-866b-5e3fe9ca61a3_original.png,2026-05-23T21:23:53.890537+00:00,,,
the-plug-crown-heights,6XNhekBfgb,2d6a6ac7-5c64-4344-8c84-0e347e8c0d89,Anthem Bold - Pineapple Haze | Sweet Wood Tip Infused Pre-Roll 5pk,Anthem,preroll,2.5g,4000,44.374,0.112,sativa,TRUE,,https://storage.googleapis.com/maui-prod-hyper-media-images/product_images_42404a99-7cea-4821-8fb2-98ad1922a32f_e91e036e-a92b-4050-adcb-170806b25e4b_original.png,2026-05-23T21:23:53.890537+00:00,"ANTHEM BOLD WOOD TIPS: Anthem Bold looks different, feels different, and hits different. Our Bold infused pre-rolls feature: Higher potency for an elevated pre-roll experience. Sweet Wood Tips to enhance the flavor experience Pineapple Haze A sativa-leaning strain with bright citrus notes, combining sweet pineapple and earthy pine.",,
the-plug-crown-heights,HtONAKMv9b,822726be-347c-4525-95fb-a0a759a56663,Jaunty 1G Cart - Strawberry Cough,Jaunty,other,1g,4500,84,0,sativa,TRUE,,https://storage.googleapis.com/maui-prod-products/422821e5-fad5-4e72-8fde-dfd3c8e19d22--fbc5031e-d505-4d01-99fe-540b980aa356.jpeg,2026-05-23T21:23:53.890537+00:00,"The Strawberry Cough strain is known for its uplifting, energetic, and cerebral effects, often described as a happy and focused high, making it ideal for daytime use due to its sativa-dominant nature; users commonly report increased creativity, productivity, and a mild body relaxation while remaining alert and active",,
the-plug-crown-heights,O9Nlnd0XTM,0369052b-0444-4d42-8fdc-a1801f99b201,MFNY (0.5g Live Resin Dispo) - Gelonade,MFNY,other,0.5g,4800,72.78,,sativa,TRUE,,https://storage.googleapis.com/maui-prod-hyper-media-images/product_images_da6321bd-2143-4b1d-86aa-0c8da5f9ec90_607ac325-af06-40ea-a16c-affd8fad4db2_original.png,2026-05-23T21:23:53.890537+00:00,,,
the-plug-crown-heights,Tu6rtlIFj6,ab5e6d6b-b435-4b53-a816-8257dd4e7301,Revert Pre-Ground Sativa Flower | Hawaiian Haze,Revert,flower,14g,7000,31.8,0.13,sativa,TRUE,,https://storage.googleapis.com/maui-prod-hyper-media-images/product_images_c4155043-fa2e-4d10-ada0-0bcaa01a0b78_baff437f-548f-4906-8571-b2160102319a_original.png,2026-05-23T21:23:53.890537+00:00,,,
the-plug-crown-heights,vkovPcz05s,421ab35c-20b3-4aa1-8dee-a7cc4afb8213,Stone Road - Sweet Banana Haze | W/ Hash + THCa Diamond 1G PreRoll,Stone Road,preroll,1g,2000,40.01,0,sativa,TRUE,,https://storage.googleapis.com/maui-prod-hyper-media-images/product_images_2a376397-67a8-4d67-b4cd-fc8fa4342817_f6bee6e0-bcd9-4832-9b73-08d464001e06_original.png,2026-05-23T21:23:53.890537+00:00,"Sweet Banana Haze has a bright and sweet banana flavor with subtle earthy undertones accented by a smooth, creamy finish. The aroma is just as enticing, with ripe banana notes layered over gentle earth and a hint of natural sweetness. This sativa varietal is infused with bubble hash and THCa diamonds, enhancing its potency and flavor profile. Every single joint is triple-checked so that we get to feel good and you get to feel even better. Enjoy delicious, sustainably grown flower wrapped in French papers for a price everyone can enjoy.",,
the-plug-crown-heights,ztLIlhjVno,0824c774-b931-491a-9634-c5e688d38f8d,Heavy Hitters - Hindu Kush | 1G Ultra AIO,Heavy Hitters,other,1g,7000,93.41,0.21,indica,TRUE,,https://storage.googleapis.com/maui-prod-hyper-media-images/product_images_b361e4a6-a898-4aef-bb13-7333fbcb107e_fa4741d6-6bba-4c29-953d-2833dc6698d0_original.png,2026-05-23T21:23:53.890537+00:00,,,
the-plug-crown-heights,YfFjoDAXIc,b42453f7-7d23-4068-947a-5d1a85cdca0f,Lowell Smokes - Subway Sesh | 1G Pre-Roll + Matches,lowell smokes,preroll,1g,1400,30.47,0,sativa,TRUE,,https://storage.googleapis.com/maui-prod-hyper-media-images/product_images_d7648d6d-cd85-4d5f-b352-3623904bdd4a_c482df0f-c247-42e2-bb73-4a008f7c3353_original.png,2026-05-23T21:23:53.890537+00:00,"Step into the rhythm of the city with Subway Sesh, a bright and fast-moving Sativa blend built for those in between moments—headed somewhere, not quite there yet. Sharp citrus and light diesel cut through clean, delivering a clear-headed focus and forward momentum that keeps pace with the day. It’s the perfect companion for navigating the rush, catching the next stop, and staying locked into the flow from platform to street.",,
the-plug-crown-heights,ChSiE8u31Z,7d7e9f7c-7a26-4081-a58b-2dd93321836d,Good Tide - Grapefruit | 1:1:1: THC:CBD:CBC (100MG) Rosin Gummies,WYLD,edible,40g,3200,100,0,sativa,TRUE,,https://storage.googleapis.com/maui-prod-hyper-media-images/product_images_1d70376f-a2a3-43d5-b60a-5940da476137_3baedbc7-786c-4828-9f9d-8017e5f1dc43_original.png,2026-05-23T21:23:53.890537+00:00,"Good Tide Grapefruit THC:CBD:CBC gummies pair a Sativa single-strain rosin with the mood-boosting effects of CBC for citrusy, decadent treat that will have you feeling your very best with every bite. Get a front row seat to bliss.",,
the-plug-crown-heights,BXELcBVFYv,7eb06b7a-0a1b-4785-a370-617f70966868,MyHi - Super Sativa Tangerine | 2:1 THC:CBD Gummies,MyHi,edible,26g,2200,100,50,sativa,TRUE,,https://storage.googleapis.com/maui-prod-hyper-media-images/product_images_1f7d5bc5-46a2-4735-ad9f-e307d99d5e13_935213d2-21ff-4663-a08c-9fd6ada74910_original.png,2026-05-23T21:23:53.890537+00:00,"Super Sativa Tangerine (2:1 THC:CBD + THCv & CBC) - Waterless Live Rosin, Fast Acting Gummies - 10 pieces (100mg) 10mg THC and 5mg CBD per gummy, 100mg THC and 50mg CBD per pack MyHi Waterless Live Rosin Gummies hit different: Fast-Acting with no bitter after taste. Made with Waterless Live Rosin for a clean, delicious taste. Proprietary fast-acting formula activates in 15 minutes or less. Formulated with propriatery blend of 2:1 THC:CBD plus THCv, CBC, our Super Sativa Tangerine is the perfect social, energetic high.",,
the-plug-crown-heights,cmsi0b50Ax,d2d2ff85-53c0-45b0-b33f-6ca86e7aa0a6,BTQ Switch V5 - Arctic Frost x Rocket Pop x Tropic Haze | Hyb-Hyb-Sat 2g AIO,Boutiq,other,2g,8000,79.217,0.891,sativa-dom,TRUE,,https://storage.googleapis.com/maui-prod-hyper-media-images/product_images_219465a1-9a67-4013-a3d1-04a42b6aa334_0248bf04-d319-4e4a-96f1-fe754123c46e_original.png,2026-05-23T21:23:53.890537+00:00,"Cool mint and pine from Arctic Frast, sweet berry-citrus from Rocket Pop, and tropical fruit haze combine for a vibrant, refreshing hybrid-sativa fusion.",,
the-plug-crown-heights,KrJ08nvfs2,4623703e-b84b-4c8c-9a44-f57534242ff8,Grön PIXLZ - Blue Razzberry | SATIVA 3:1 300mg CBG / 100mg THC,Grön,edible,84g,2600,100,0,,TRUE,,https://storage.googleapis.com/maui-prod-hyper-media-images/product_images_18dc1620-087d-43bc-a8b5-89f8b84ac3e3_8d8bf59c-d1de-4bb3-93c3-e4349405295f_original.png,2026-05-23T21:23:53.890537+00:00,"Cannabis-infused gummy clusterz bursting with bold blue razzberry and coated in crunchy chaos. Sweet, tangy, and unapologetically extra. Each bite delivers a sour spark, a crisp crunch, and a clean jolt of energy coded straight into your tastebuds.",,
the-plug-crown-heights,QbAqMziy5T,1f94da04-0c93-4aab-b19b-95cd1a7c0b65,Kushy Punch- Pineapple Gummies 100mg,Kushy Punch,edible,30g,1600,100,0,50/50,TRUE,,https://storage.googleapis.com/maui-prod-products/422821e5-fad5-4e72-8fde-dfd3c8e19d22--22ed46bc-1049-4107-861f-01776b013bc0.jpeg,2026-05-23T21:23:53.890537+00:00,Get lost in hours of tropical paradise with our Pineapple Hybrid. Species / Type Hybrid THC 100mg,,
the-plug-crown-heights,OTyOKQbVcd,a661003a-4cd0-440e-9788-fe03b38edec9,Boutiq (Snack Pack) - Purple Papaya x Purple Papaya |(5 x .05g) Diamond Infused PreRolls,Boutiq,preroll,2.5g,5000,53.856,0,indica,TRUE,,https://storage.googleapis.com/maui-prod-hyper-media-images/product_images_ffe19eea-4986-4a17-bf22-01b7a9ad58cc_1e69db1d-d88e-40cc-b34d-dfdc0a6b8273_original.png,2026-05-23T21:23:53.890537+00:00,"Layered with juicy papaya sweetness and subtle citrus undertones, Purple Papaya offers a vibrant, fruit-forward profile with a smooth, slightly creamy finish. The diamond infusion elevates both flavor intensity and overall effect, creating a powerful yet clean-smoking experience.",,
the-plug-crown-heights,90JwBYNxPw,eb3a2b91-2607-4107-8e0b-10f89a86b0eb,Munchkins - Strawberry Cheesecake | 28g Flower,Munchkins,flower,28g,12000,15.50,0,indica,TRUE,,https://storage.googleapis.com/maui-prod-hyper-media-images/product_images_e39492b7-97a6-42b7-8185-43903a4d24da_24d76435-67f9-4f9c-90a8-7133f26635f2_original.png,2026-05-23T21:23:53.890537+00:00,Strawberry Cheesecake is an indica-dominant marijuana strain made by generations of backcrossing Purple Panty Dropper and a Forum cut of GSC. Strawberry Cheesecake delivers effects that melt away physical pain while allowing the mind to soar with creative energy. This strain tastes like its namesake suggests —sweet and creamy with undertones of berry.,,
the-plug-crown-heights,IwNUQF8UeW,c7752c39-b0d5-4d02-9fc2-0a76b44ca6a7,Bambu Organic Hemp King Size Rolling Paper,Bambu,merch,,300,,,,TRUE,,https://storage.googleapis.com/maui-prod-hyper-media-images/product_images_ad0585f8-ef1f-4765-aea9-ad8a99d50b0a_0f0d97bb-c49d-4c1d-bcaa-dbbefe5269d3_original.png,2026-05-23T21:23:53.890537+00:00,,,
the-plug-crown-heights,JqrKYIzdq0,ef935726-aff4-4ef0-a218-4c55f900104b,MFNY - Chemdog | 1g Live Rosin Badder,MFNY,concentrate,1g,7500,36.15,0.185,,TRUE,,https://storage.googleapis.com/maui-prod-hyper-media-images/product_images_9f4caf12-cf83-4f77-9c4e-a98fd3a8430e_5681d85f-7946-44a6-b1c4-26fd1c50a324_original.png,2026-05-23T21:23:53.890537+00:00,"Chemdog is one of the godfathers of modern cannabis history — the genetic backbone of Sour Diesel, OG Kush, and GMO/Garlic Cookies among others. It’s the second of the MFNY Classics that pay homage to the strains that shaped modern cannabis — and the highs they first brought us. MFNY Classics aren’t throwbacks, they’re living proof of what we can do by infusing old-school cultivars with modern processes. All to bring legendary, full-of-life flavors and effects to New Yorkers. At MFNY, we make RiverwayTM Live Rosin in a specific way that preserves powerful plant characteristics. We do this to highlight the difference between “real” live rosin and misleading alternatives on store shelves. Riverway isn’t just a name, it’s a promise to make products all New Yorkers can be proud of. Chemdog Riverway Live Rosin badder is a premium concentrate that is created with a proprietary cultivation, freezing, and extraction process designed to preserve flavor, maximize potency, and ensure a truly solventless experience. It starts with our best, in-house grown, bred, and fresh-frozen Chemdog buds. We flash freeze our plants right after meticulous harvest preparation to lock in all the trichome-and-terpene-rich goodness of the plant (this is the “Live” part of Resin), and pull from only the best micron range. Upon the first inhale of MFNY’s Chemdog, your pallet will be met with a striking chemical and funk taste with undertones of earthiness; known to promote an euphoric body high with long-lasting, invigorating cerebral effects that spread to your whole body. Riverway Live Rosin badder concentrate has a soft, butter-like texture for an easy-to-use, super enjoyable experience. Our Riverway Live Rosin concentrates are exclusively single-source and produced at the highest of standards in our next generation laboratory space, using scientific precision and years of experience, which we’ve proudly gathered together in New York's Hudson Valley.",,
the-plug-crown-heights,dXgTwHoaVq,8b7f90ee-23b9-4b4c-a2a3-e2fcae47eae7,binske - Simple Syrup | 3.5G,Binske,flower,3.5g,4500,26.91,0,,TRUE,,https://storage.googleapis.com/maui-prod-hyper-media-images/product_images_acec2cec-0230-4fe8-92ff-a85a884c2a15_bf00ae6f-6650-40fa-ad95-483d3b814f29_original.png,2026-05-23T21:23:53.890537+00:00,,,
the-plug-crown-heights,ZbwjiplmPp,844a5392-81be-438f-9e8d-0c770817361d,Golden Garden - Project Lato | 1G Pre-Roll,Golden Garden,preroll,1g,1000,28.4,0.06,50/50,TRUE,,https://storage.googleapis.com/maui-prod-hyper-media-images/product_images_cba5f509-8590-41c0-8e6a-521fa1744c4e_6dbbbf26-2f2d-4b8c-9b52-07089c71176b_original.png,2026-05-23T21:23:53.890537+00:00,"Project Lato is an evenly balanced hybrid strain (50% indica/50% sativa), known for its sleek, futuristic vibe. Project Lato launches users into a clear-headed, creative orbit before gently easing them into a calm, weightless body high. Smooth, cerebral, and quietly powerful, this strain feels like stepping into a lucid dream designed by scientists and artists working side by side.",,
the-plug-crown-heights,hDW98dYcIh,2b69f6fd-111f-4031-a1aa-23efc2f66855,Cannabals - Cookies and Cream | 10mg Cones,Cannabals,edible,135g,3000,100,0,50/50,TRUE,,https://storage.googleapis.com/maui-prod-hyper-media-images/product_images_9227372e-d840-4bd8-87df-912d26b7733e_b4755d4c-07c2-4e91-b518-7cef19213852_original.png,2026-05-23T21:23:53.890537+00:00,,,
the-plug-crown-heights,RqhZTULp36,7783ea9c-4137-4581-b7ac-2a73785804b8,The Botanist - Orange Slice Nebula | 3.5G,The Botanist,flower,3.5g,3000,23.54,0,50/50,TRUE,,,2026-05-23T21:23:53.890537+00:00,,,
the-plug-crown-heights,9bdbfZpPns,784bedd1-34d1-4c2c-bee8-93d4b2b71cf3,Timeless Noir - 707 Headband | Live Resin 1G Vape Cartridge,Timeless,other,1g,5700,85.10,0.20,50/50,TRUE,,https://storage.googleapis.com/maui-prod-hyper-media-images/product_images_eb85de9f-c412-4efc-9d56-7322e61db7dc_50384999-ebb3-4008-846e-3633dd5a2496_original.png,2026-05-23T21:23:53.890537+00:00,"50% Indica, 50% Sativa Top Notes - Lime and Skunk Bottom Notes - Pine and Earth",,
the-plug-crown-heights,o0zyRCuWvi,7829a847-4897-4eac-ad41-d9eeeb71eef1,Find. - Agent Z | 14g Flower,Find.,flower,14g,11000,25.06,0,sativa,TRUE,,https://storage.googleapis.com/maui-prod-hyper-media-images/product_images_4ffd54ec-1ec9-4434-ad8f-b6c4f8cef0ad_ce0573a9-d94f-479d-a9d1-5713ae3cf8b8_original.png,2026-05-23T21:23:53.890537+00:00,"Agent X and Orange Z Dominance: Sativa Exudes pungent whiffs of citrus, skunk, and mint. Potential uplifting effects to aid in mood, levity, and refreshment.",,
the-plug-crown-heights,EQV5EKs5AB,084a1177-e058-4813-94e4-c2dda196e995,Eaton - Serenity Now | Lemon Lavender - 2.5mg Gummies,Eaton,edible,120g,3200,50,200,indica-dom,TRUE,,https://storage.googleapis.com/maui-prod-hyper-media-images/product_images_3a0f6668-f7e5-4768-8f2c-900860756145_9f060eba-74ef-41de-b6b8-7851c9fa17bf_original.png,2026-05-23T21:23:53.890537+00:00,"Calm your mind and feel grounded with Serenity Now, a microdosed blend of low-dose THC (2.5mg), CBD (10mg) for balance, Lion’s Mane for mental clarity, L-theanine for relaxation, magnolia bark for improved mood and magnesium to ease stress. With a soothing lemon lavender flavor, this peaceful blend helps you unwind without feeling weighed down. 2.5mg THC 10mg CBD Lion’s Mane L-Theanine Magnolia Bark Lavender Magnesium Fast-acting nano technology Vegan & gluten-free Real fruit puree No artificial flavors or dyes Calm Your Mind",,
the-plug-crown-heights,exCShDjuy8,5343049d-f488-4f41-9609-aac3a3489b16,The Botanist - LA Pop Rocks | 3.5G,The Botanist,flower,3.5g,3000,29.36,0,50/50,TRUE,,https://storage.googleapis.com/maui-prod-hyper-media-images/product_images_cd1f9f5a-4538-4767-8aef-91645cfa6fed_5c84df4b-984c-4d26-b995-69d783425afe_original.png,2026-05-23T21:23:53.890537+00:00,,,
the-plug-crown-heights,gmIkaERFxF,861b388c-519b-4774-9204-9e825bddcb7f,Cheevo - Leo Stone's Tourbillon | 1G Pre-Rolls,Cheevo,preroll,1g,900,18.3,0.064,sativa,TRUE,,,2026-05-23T21:23:53.890537+00:00,"Hey, I’m Cheevo’s 1G Pre-roll STRAIN: Leo Stone's Tourbillon Provides a strong, euphoric, and cerebral ""headband"" style high. It is highly energizing and focuses-enhancing, making it an ideal choice for daytime productivity and creative pursuits. One clean burning 1 gram Sativa pre-roll. Bright profile. Easy pull. Ready when you are. Quick spark. Clear lift.",,
the-plug-crown-heights,MwpxsIsVZj,872a8b95-0b7f-4bb3-8b94-ed097f094fee,Stiiizy - Skywalker OG | 5pk Infused .5G Pre-rolls,STIIIZY,preroll,2.5g,4500,24.4,0,indica,TRUE,,https://storage.googleapis.com/maui-prod-hyper-media-images/product_images_872a8b95-0b7f-4bb3-8b94-ed097f094fee_d1e28308-b4d6-4b1c-9cdd-15a56d2434f5_original.png,2026-05-23T21:23:53.890537+00:00,,,
the-plug-crown-heights,6uLVs1dC6w,3ddb01c8-f807-487d-a9ee-d5ed7d137bba,LivWell - Cookie Kush | 14G Flower,LivWell,flower,14g,9000,25.91,0,indica,TRUE,,https://storage.googleapis.com/maui-prod-hyper-media-images/product_images_dc27197c-b8ee-48dc-8b30-32a9177f510a_bc808c70-2a22-477c-8a87-e5e7bab30cb3_original.png,2026-05-23T21:23:53.890537+00:00,"So much can be said about this indica-dominant hybrid, starting with its famous parentage: a cross between GSC and OG Kush. An award-winning strain, Cookie Kush offers moderate THC levels to create a balanced experience. Pungent limes dominate the flavor of Cookie Kush, a nod to its OG Kush breeding, while the aroma of sweet and tangy apples leans more toward GSC.",,
the-plug-crown-heights,B49XEZMBiF,8e866109-b2a9-4437-98b9-e78af50e65fe,Claybourne Co. - Blue Dream | Gassers All-In-One 1G Liquid Diamonds Vape,Claybourne Co.,other,1g,6000,91.04,0,sativa,TRUE,,https://storage.googleapis.com/maui-prod-hyper-media-images/product_images_696e4e1a-44ad-4bac-875b-553b2f4ec07d_73372c8d-8182-42cc-adce-af3098fe098f_original.png,2026-05-23T21:23:53.890537+00:00,"Blue Dream - sativa Flavor Profile - Berry, Blueberry, Sweet Meet the cleanest and the meanest, Gassers All-In-One Vape. Powered by 100%, uncut liquid diamonds delivering next-level potency & flavor in a personalized, pocket-ready device. Built tough, tuned for performance, and certified clean so you can stay always on the gas.",,
the-plug-crown-heights,lFs4jr1mal,635e10af-5bac-4589-adc0-b74781cf7f65,Wana - Peach Bellini | Fast Acting Gummies 100MG,Wana,edible,45g,2800,10,0,,TRUE,,https://storage.googleapis.com/maui-prod-products/422821e5-fad5-4e72-8fde-dfd3c8e19d22--b29f84bf-c7ff-41d2-9c69-17e5c87229cb.png,2026-05-23T21:23:53.890537+00:00,These fast-acting peach gummies will add some zip to your day with their bubbly blend of 30+ uplifting terpenes.,,
the-plug-crown-heights,YX70mTaHct,04dbf5e0-4bc7-412e-9f68-2a089a1080dd,Brass Knuckles - Bubba Kush | 1G AIO,Brass Knuckles,other,1g,7000,89.73,,indica,TRUE,,https://storage.googleapis.com/maui-prod-hyper-media-images/product_images_73f390b1-ad3f-45ac-aa05-a10b5dea1115_c947a344-a829-4c0f-9968-8594b41c2d53_original.png,2026-05-23T21:23:53.890537+00:00,,,
the-plug-crown-heights,ngnU46x4Jo,cd11f466-0551-4c7c-9442-3722e22e500a,Jaunty - Cherry AK | 1.5G AIO,Jaunty,other,1.5g,6000,79.73,0,sativa-dom,TRUE,,https://storage.googleapis.com/maui-prod-hyper-media-images/product_images_809f452d-fed8-490b-b8ac-db01c8366eb8_c8aaa827-9caa-4be4-99b2-197de06908f2_original.png,2026-05-23T21:23:53.890537+00:00,"Cherry AK is a heady sativa-leaning hybrid that hits with euphoric, psychoactive energy and a mellow body buzz. Its smooth cherry flavor is rounded out by a creamy sandalwood finish.",,
the-plug-crown-heights,QV12VP5JEY,faafe13c-dc67-4afc-ac85-d504eac908ca,Jive - Apple Fritter | 3.5G,Jive,flower,3.5g,4000,24.57,0,indica-dom,TRUE,,https://storage.googleapis.com/maui-prod-hyper-media-images/product_images_9c590691-41ec-4705-ba32-3e2dd57ed279_8b453d3a-3823-4172-ad36-a551b19e8c2d_original.png,2026-05-23T21:23:53.890537+00:00,"Apple Fritter is a potent indica-dominant hybrid (25% THC) that delivers a deeply relaxing, body-melting high, perfect for stress relief and cozy evenings. Smoking this strain brings sweet, baked-apple flavors with hints of buttery cookies and a touch of tartness, reminiscent of the classic dessert. Smooth, flavorful, and indulgent, Apple Fritter is all about comfort and relaxation.",,
the-plug-crown-heights,mqM0vV9Jc7,560eba42-8b3b-4fc9-826b-d90dc93ec4c3,Hyer Kind - Tropical Treats | Infused PreRoll ( 0.5G 5PK),Hyer Kind,preroll,2.5g,4500,40.09,0,,TRUE,,https://storage.googleapis.com/maui-prod-hyper-media-images/product_images_9e149de6-ec5b-4e2e-adab-ca2e5a20221d_6c9ff94e-c731-4a57-9530-5b250c2b9cae_original.png,2026-05-23T21:23:53.890537+00:00,,,
the-plug-crown-heights,D1GG2mUdmV,855cbfc4-63e1-44c8-bd40-48f161170670,To The Moon - Grape Ape | 1G Live Resin Liquid Diamonds Disposable,To The Moon,other,1g,5300,94.87,0,indica,TRUE,,https://storage.googleapis.com/maui-prod-hyper-media-images/product_images_11eea14b-db8e-4b56-98f4-49825bae370e_bb0d0b0f-6a38-40c2-a0b7-ee1c5427acc8_original.png,2026-05-23T21:23:53.890537+00:00,Live Resin + Liquid Diamond Aluminum Vape delivering true plant terpene flavor and powerful potency in every pull. The combo of live resin and liquid diamonds creates a highly desirable full spectrum high with rich flavor and elevated strength. Finished in a 100 percent recyclable aluminum body built for premium performance and sustainability,,
the-plug-crown-heights,zzu9Lb2e0D,9072049a-5afe-45d5-b0fe-6dc4fa538eff,Kushy Punch- Strawberry Gummies 100mg,Kushy Punch,edible,30g,1500,100,0,sativa,TRUE,,https://storage.googleapis.com/maui-prod-hyper-media-images/product_images_20610004-b32e-4c68-a6a5-f40bded9ef77_fb3189db-e24d-4223-8585-e3b495c46eb3_original.png,2026-05-23T21:23:53.890537+00:00,"Blast off through the clouds with a burst of fresh-picked flavor with our award-winning Sativa Strawberry. Each bite will make your taste buds do a happy dance with naturally luscious, ripe strawberry blended with our earthy, potent full-spectrum oil for a rich, full body high that will power you with euphoric energy.",,
the-plug-crown-heights,T35sbYCbui,01a590a9-f5f2-4022-97f5-e05158952ea0,Puff - Mule Fuel x Acapulco Gold Bubble Hash | Infused Pre-Roll Multipack,PUFF,preroll,2.5g,4000,42.075,0.122,sativa,TRUE,,https://storage.googleapis.com/maui-prod-hyper-media-images/product_images_c8d03bc4-44d2-4ff5-bd0f-8c94a946a6ad_29cc4ba0-604e-4435-9799-7a71514104e0_original.png,2026-05-23T21:23:53.890537+00:00,"Mule Fuel Flower rolled with Acapulco Gold Bubble Hash: This dynamic combination merges the invigorating qualities of Mule Fuel with the legendary euphoria of Acapulco Gold Bubble Hash. Prepare for a sensory journey as the zesty essence of Mule Fuel entwines with the earthy notes of Acapulco Gold, creating a truly exhilarating experience.",,
the-plug-crown-heights,GvxHBJtd62,d401bfbd-1def-4a5b-8089-18df44ef4ded,Revert - Blue Dream | 14G Flower,Revert,flower,14g,9000,26.70,0,50/50,TRUE,,https://storage.googleapis.com/maui-prod-hyper-media-images/product_images_46374b60-ebcd-490e-adbd-5f1fc151ad56_bb039295-f65f-4f72-954f-56d4d9f4d60a_original.png,2026-05-23T21:23:53.890537+00:00,"Discover the legendary Blue Dream strain from Revert, now available in a generous 14g (half-ounce) package. This hybrid strain blends the best of both worlds, offering uplifting cerebral effects paired with soothing body relaxation — perfect for daytime creativity or evening calm. Grown with precision and care, Revert’s Blue Dream features a sweet berry aroma with earthy undertones, delivering a smooth, flavorful smoke every time. Loved by both new and experienced cannabis consumers, this hybrid provides a balanced high that’s ideal for stress relief, mood elevation, and mild physical discomfort.",,
the-plug-crown-heights,bNmMhpld2R,4d87f74b-5063-43ef-b218-05cff81d1993,Revert - Maui Wowie | 14G Pre-Ground Kief Infused Flower,Revert,other,14g,7000,31.3,0,sativa,TRUE,,https://storage.googleapis.com/maui-prod-hyper-media-images/product_images_5ef5ac33-8602-4a56-af17-dd68ca6e9150_870bee0f-3926-4ef3-a4fd-9d117af61190_original.png,2026-05-23T21:23:53.890537+00:00,"Maui Wowie, also known as ""Maui Waui"" and ""Mowie Wowie,"" is a classic sativa marijuana strain made from a cross of Hawaiian and another strain that remains unknown. This strain features tropical flavors and stress-relieving qualities that will float you straight to the shores of Hawaii where this strain originally comes from. Since its beginnings in the island’s volcanic soil, Maui Wowie has spread across the world to bless us with its sweet pineapple flavors and high-energy euphoria. Lightweight effects allow your mind to drift away to creative escapes, while Maui Wowie’s motivating, active effects may be all you need to get outside and enjoy the sun. Elevate your experience with Revert Preground Flower Bags, our high-quality preground flower crafted from the finest strains and infused with 4 grams of kief per bag for enhanced potency and flavor. Perfect for on-the-go use or quick sessions, our convenient and eco-friendly packaging ensures you get the best without the hassle. Discover the Revert difference and transform your routine with premium preground flower designed for ease and excellence.",,
the-plug-crown-heights,c7xJYh5eBW,9c7188c9-c05f-4237-bc6c-baac4790910b,Eaton Botanicals - Apple-A-Day | Apple - 2.5mg gummies,Eaton,edible,120g,3200,50,200,50/50,TRUE,,https://storage.googleapis.com/maui-prod-hyper-media-images/product_images_2dc026bf-2eae-4e4e-ac6c-c0d35314cf15_6e112b6d-8ad2-4db1-910a-92a3899ec699_original.png,2026-05-23T21:23:53.890537+00:00,"Keep the doc away with Apple-A-Day, an antioxidant packed edible with immunity boosting elderberry, echinacea, zinc and astragalus along with turkey tail mushrooms to keep your body’s natural defense systems on high alert. With a microdose of THC (2.5mg) for a light lift and a healthy amount of calming CBD (10mg) this daily dose of apple supports calm, balance, and everyday vitality.",,
the-plug-crown-heights,FzslDZBM7G,e2e7fde4-3fbb-408f-875f-4b4d4a4ee057,Heavy Hitters - Gods Gift | 1G Cart,Heavy Hitters,other,1g,6500,84.96,0.197,indica,TRUE,,https://storage.googleapis.com/maui-prod-hyper-media-images/product_images_b45c3168-3bef-4219-87fe-db489b665fd3_d455da9c-0db0-4d83-bf6c-fa39dc7828c7_original.png,2026-05-23T21:23:53.890537+00:00,"With a heavenly high and an earthy bouquet, God’s Gift is a divinely inspired indica - perfect for getting you in a relaxed and creative state of mind. Be advised: This strain packs a fair amount of sleepiness, so God’s Gift is best enjoyed in evenings and nights, preferably in a comfortable spot where you can really relax and touch the sky.",,
the-plug-crown-heights,MHrNL7XnQZ,cccebdee-6996-48e1-b2df-a251a6a62218,Zizzle - Lemon Cherry Gelato | 3pk Pre-Rolls,Zizzle,preroll,1.5g,2800,24.24,0,50/50,TRUE,,https://storage.googleapis.com/maui-prod-hyper-media-images/product_images_a0bccfbe-fc61-4846-9054-c1032989cccf_9af52bf6-b7ef-460d-a447-7e9aab96ed46_original.png,2026-05-23T21:23:53.890537+00:00,"Zizzle’s Zzz Lato is a balanced Hybrid that blends relaxing body effects with a calm, clear-headed high. This thoughtfully cultivated strain showcases finely manicured buds with a rich, layered aroma that leans into creamy, herbal, and slightly peppery territory. Designed for versatile use, Zzz Lato offers a steady, even experience whether you're unwinding at home or staying present and creative through the day. Light, burn, and inhale to enjoy a smooth draw with a mellow, flavorful profile. Each puff brings a velvety herbal sweetness, followed by a grounding finish that gently relaxes without overpowering. The hybrid genetics offer a harmonious blend of head and body effects, making this strain ideal for balanced elevation and ease. Key Features: Balanced Hybrid for calm clarity and body relaxation Creamy, herbal flavor profile with subtle spice Versatile effects suited for day or night use Carefully cured and hand-trimmed by Zizzle",,
the-plug-crown-heights,omZDj8kA3y,b3551bc5-b7ee-4030-aa19-3197a471ff72,Timeless - Panamango | Live Resin 1G Rechargeable Vape,Timeless,other,1g,6700,83.06,,sativa,TRUE,,https://storage.googleapis.com/maui-prod-hyper-media-images/product_images_ccc2d6e9-17fb-4eb5-9d49-609e1e9b6d83_5f9c5d33-839f-4d3c-82d6-053d19d8fd77_original.png,2026-05-23T21:23:53.890537+00:00,"30% Indica, 70% Sativa Top Notes - Mango and Citrus Bottom Notes - Gas and Tropical Fruit",,
the-plug-crown-heights,F778oiMU0u,03d64875-3574-4621-8100-13cd4ac1f552,Gentlemen Smugglers - Cherry Pie | 1G Pre-Roll,Barrys reserve,preroll,1g,1400,31.12,0,50/50,TRUE,,https://storage.googleapis.com/maui-prod-hyper-media-images/product_images_69292abc-d9ec-4077-b847-c7810e466e35_ec08163e-27d1-43b9-b088-0e407c2ca745_original.png,2026-05-23T21:23:53.890537+00:00,,,
the-plug-crown-heights,iCBJYzTqic,0526aef9-66fa-4e85-8078-017ee7757b1d,Jaunty (Fast-Acting) - Dreamberry (100mg),Jaunty,edible,50g,2400,100,0,indica,TRUE,,https://storage.googleapis.com/maui-prod-products/422821e5-fad5-4e72-8fde-dfd3c8e19d22--c2e50183-3b8f-454f-8c3a-c62a79fa722c.png,2026-05-23T21:23:53.890537+00:00,"Sweet dreams, Jaunty. Our new, fast-acting Dreamberry gummies blend together THC, CBN, CBD, and indica effects-based terpenes. Sink into your couch with a full body rest and relaxation that immediately lifts the weight of the day off your shoulders. 10pk; 100mg total.",,
the-plug-crown-heights,k8NFS07k8K,657f6d63-a2c0-4310-9e43-c00cae82ca97,Mind Melters - Permanent Marker | 1G Cold Cure Live Rosin,Mind Melters,concentrate,1g,5000,68.50,0,,TRUE,,https://storage.googleapis.com/maui-prod-hyper-media-images/product_images_03b3a995-6667-4c83-a4a7-d75008649945_055dec8e-cbb7-4ad2-bbf4-50a2026fe3a3_original.png,2026-05-23T21:23:53.890537+00:00,,,
the-plug-crown-heights,tLYYOU1iLW,44f80415-5178-426d-9413-8ddfb9fbebd5,Cam - Permanent Marker | 14G Flower,CAM,flower,14g,11000,23.82,0,indica,TRUE,,https://storage.googleapis.com/maui-prod-hyper-media-images/product_images_b3119537-ebda-48ab-908b-ec42e0356640_6ff7d14b-0fdd-4b60-9808-c57833b2c826_original.png,2026-05-23T21:23:53.890537+00:00,"CAM's Permanent Marker (14g) is a premium, indica-dominant hybrid cannabis flower recognized for its high potency, unique aroma, and premium cultivation by California Artisanal Medicine (CAM). It is widely regarded as a 2023 ""Strain of the Year"" contender, known for its distinct scent that mimics a sharpie marker combined with sweet and gassy undertones",,
the-plug-crown-heights,RAK8z01N3k,70ead89c-498e-44f8-9512-be6ed9ded7cd,Noizey - Candy Zerberts | 4G Flower,Noizey,flower,4g,4500,28.73,0.164,indica-dom,TRUE,,,2026-05-23T21:23:53.890537+00:00,"Effects: – Euphoric – Relaxed – Uplifted – Happy Aroma: Sweet and sour blueberry candy with citrus and earthy undertones Taste: Blueberry candy with hints of citrus and earthy sweetness Notes: Noizey’s Candy Zerberts is a slightly indica-dominant hybrid strain resulting from the cross between Blue Sherbet and Zkittlez. This strain typically contains around 28–32% THC, offering a potent experience for both novice and seasoned users. Users often report feelings of euphoria, relaxation, and uplifted mood. The aroma and flavor profile features sweet and sour blueberry candy with citrus and earthy undertones, providing a delightful sensory experience. Ideal for evening use, this strain offers a balanced high that can enhance social interactions or personal relaxation.",,
the-plug-crown-heights,0LdKtD6ZwT,21cfd509-a254-4f78-bf8a-7fdcbb17922f,MFNY - Candy Rain | 2G Live Resin Badder,MFNY,concentrate,2g,10000,63.88,0,,TRUE,,https://storage.googleapis.com/maui-prod-hyper-media-images/product_images_ff6d1764-c1f4-4c9b-b4a3-0c04d4626f10_5e3d591d-ebef-49fd-afc8-f01015a7ae85_original.png,2026-05-23T21:23:53.890537+00:00,"We're now offering two grams of premium quality badder in one jar for an even better price. MFNY’s Candy Rain is a premium concentrate made in house, using a hydrocarbon extraction method. It starts with our best, in-house grown, bred, and fresh-frozen Candy Rain buds. We flash freeze our plants right after harvest to lock in all the trichome-and-terpene-rich goodness of the plant (this is the “Live” part of Resin). Candy Rain is known for its sweet candy aroma and flavor. Potent in THC, it's known to promote a relaxing body high. Live Resin badder concentrate has a soft, butter-like texture for an easy-to-use, super enjoyable experience. Our Live Resin concentrates are exclusively single-source and produced at the highest of standards in our state-of-art laboratory space, using scientific precision and years of experience, which we’ve proudly gathered together in New York's Hudson Valley",,
the-plug-crown-heights,qKKhBxlZvt,b0354776-6c4d-4784-93b5-fe417c36aa62,Smoke WRLD - Blue Zushi | 3.5G Flower,Smoke,flower,3.5g,4000,26.91,0,50/50,TRUE,,https://storage.googleapis.com/maui-prod-hyper-media-images/product_images_11423302-b997-44ac-ad59-147a079d1338_9c4925f7-bee7-428c-9a72-eb1912d98a43_original.png,2026-05-23T21:23:53.890537+00:00,,,
the-plug-crown-heights,2tMf22NNDs,b67f3599-f4e7-4426-b3cb-e89fba8fb5c0,Claybourne Co. - King Louis OG| Diamond Frosted Flyers Pre-Roll 5 Pack,Claybourne Co.,preroll,2.5g,5000,47.414,0,indica,TRUE,,https://storage.googleapis.com/maui-prod-hyper-media-images/product_images_9a7df340-b320-49ee-b9c5-463ec1455d7c_de79f898-ef05-4a01-b9d4-858d8d850d79_original.png,2026-05-23T21:23:53.890537+00:00,"Tried & True Cultivation, Breeding & Genetics. Home of ultra premium indoor flower and infused pre-rolls. Try our newest line of THCa coated Frosted Flyers.",,
the-plug-crown-heights,qCY5Mqjqtm,f87e48d3-f663-4004-81d5-09e782c0a135,Florist Farms - Jack Herer | 1G Rechargeable OVL,florist farms,other,1g,5000,80.392,0.165,sativa,TRUE,,https://storage.googleapis.com/maui-prod-hyper-media-images/product_images_d350b691-39d2-421d-b55f-8088b7c2be4d_171ac6d6-da09-4720-8c71-c879e39737fa_original.png,2026-05-23T21:23:53.890537+00:00,"If you’re looking for a vape that actually tastes like cannabis, this is it - no fake flavors, just real, pure cannabis that hits smooth every time. Effect: Sativa Flavor: Sweet and piney with a berry finish Ingredients: 100% Pure Cannabis Oil and Cannabis Terpenes Why We Love Florist Farms Located in Cortland, NY, Florist Farms is committed to sustainability. They practice regenerative farming by growing in living soil, using organic compost, and never using pesticides. For over a decade, they have been organic vegetable farmers and donate produce weekly to help support their community. Our friends at Florist Farms are deeply committed to quality and to delivering the cleanest cannabis products in New York State. 100% Pure Cannabis • No Artificial Flavoring • No Botanical Terpenes • Zero Cutting Agents • USB-C Rechargeable",,
the-plug-crown-heights,bFzk53o2Wg,dedef8aa-b71f-4322-a226-4c7773995b06,Hudson Cannabis - Half Moon | 1G Hash Coin,Hudson Cannabis,concentrate,1g,4900,58,,,TRUE,,https://storage.googleapis.com/maui-prod-hyper-media-images/product_images_22d2eeaf-e905-4ebb-aeff-3b51448c3ddb_b71762c1-3ece-41f9-9931-d6f06936cd72_original.png,2026-05-23T21:23:53.890537+00:00,,,
the-plug-crown-heights,ZPyP7LQXAF,70e6b244-6c88-4fc6-8c55-28e1ae4a5860,Off hours - Blueberry Pie | Live Resin Rope,Off hours,edible,30g,2300,100,0,,TRUE,,https://storage.googleapis.com/maui-prod-hyper-media-images/product_images_c9e74eb5-398c-4421-94cf-f12eb4441a21_2c17f2a2-0102-4e5d-8ce3-aa96647cfe4a_original.png,2026-05-23T21:23:53.890537+00:00,,,
the-plug-crown-heights,CSmm2s6ALB,a2325bf0-e233-4641-b2fc-6ddd67245c9d,Puff - Rainbow Cookies x LA Kush Cake Bubble Hash | Infused Pre-Roll Pack,PUFF,preroll,2.5g,4000,41.11,0.117,50/50,TRUE,,https://storage.googleapis.com/maui-prod-hyper-media-images/product_images_f29b2afb-7d9c-443d-a173-284a2f0874b8_8185d846-d6b6-4314-a6f1-54abe8761757_original.png,2026-05-23T21:23:53.890537+00:00,Rainbow Cookies rolled with LA Kush Cake: This unique fusion blends the sweet and fruity notes of Rainbow Cookies with the earthy and decadent flavors of LA Kush Cake. The result is a harmonious symphony of tastes that tantalizes the taste buds.,,
the-plug-crown-heights,9ih2mH6o46,e06ea9e1-3774-4bb2-8330-bc0f6c693362,Foy - Mango Daytime | 1:1:1 Chews | 4pk,foy,edible,14g,700,20,0,sativa,TRUE,,,2026-05-23T21:23:53.890537+00:00,"mango-flavored with a 1:1:1 ratio of THC:CBG:CBD, designed to provide a natural boost of energy and vitality.",,
the-plug-crown-heights,GGOpxFObEr,0e732c16-3ab5-45b3-9f8d-331aae899352,Kickfly's - Blackscotti | 14G Flower,Kickfly's,flower,14g,9000,31.02,0,indica-dom,TRUE,,,2026-05-23T21:23:53.890537+00:00,"Black Scotti (often referred to as Blackscotti or simply Scotti) is a popular indica-leaning hybrid strain known for its potent, calming effects and dessert-gas aroma. Key Effects of Black Scotti: Relaxation & Calm: Users frequently report a strong sense of relaxation and a calm,, mellowing high, making it suitable for afternoon or evening use. Physical Effects: It is often described as creating a ""body-melting"" or deeply relaxing sensation, which may be helpful for stress reduction. Mental State: The high typically induces a blissful, happy, and sometimes creative state of mind.",,
the-plug-crown-heights,1z9ToPkh3o,dd9e96c4-7932-4574-8c4b-06e06cc57d8e,Grassroots - Blue Lobster | 3.5G Flower,Grassroots,flower,3.5g,4000,25.87,0,50/50,TRUE,,https://storage.googleapis.com/maui-prod-hyper-media-images/product_images_eb8e8aee-0e75-4f09-94db-96115e55bf27_40ec6a4b-22d3-4756-9a47-1f83d75be2b1_original.png,2026-05-23T21:23:53.890537+00:00,"Blue Lobster is a rare and striking indica-leaning hybrid that delivers both visual appeal and a powerful experience. Born from the flavorful cross of Apples & Bananas x Eye Candy, this cultivar brings forward a complex flavor profile of sweet fruit, creamy candy, and subtle earthy undertones. Its dense, resinous buds showcase deep blues and purples accented by fiery orange hairs, giving it the unique lobster shell look that inspired its name",,
the-plug-crown-heights,CeTL6BM3Al,dbcc1f24-728e-45c5-880a-9ecda6157b62,Stiiizy - Blue Dream | Infused 5pk 0.5g Pre-Rolls,STIIIZY,preroll,2.5g,4500,36.98,0,sativa,TRUE,,https://storage.googleapis.com/maui-prod-hyper-media-images/product_images_08582dd8-cb89-41f6-8c05-198b2b5419b6_b66c4346-8b62-4ab0-9ee1-c95e870bcce9_original.png,2026-05-23T21:23:53.890537+00:00,"Blue Dream is a sativa-dominant marijuana strain made by crossing Blueberry with Haze. This strain produces a balanced high, along with effects such as cerebral stimulation and full-body relaxation.",,
the-plug-crown-heights,xI4JMXLO99,3cc7525b-2dc6-41c7-a77e-51c28051460c,Kushy Punch- Blueberry Gummies 100mg,Kushy Punch,edible,30g,1500,100,0,indica,TRUE,,https://storage.googleapis.com/maui-prod-hyper-media-images/product_images_f818998e-6f62-4f9e-9b32-a178e71626ea_c569efb0-31f8-46a2-b428-3840b030817e_original.png,2026-05-23T21:23:53.890537+00:00,"Ease your mind into a relaxed, tranquil buzz with our Indica Blueberry blend. Savor each bite of sweet, juicy fresh-picked blueberries as our full spectrum oil quickly pulls you into an all encompassing body high.",,
the-plug-crown-heights,ODsoFSSJdq,6d68d6c9-abe1-4afd-8dc3-4aae30b96965,MicroBar - Blackberry Slush (Sativa) - 1g AIO,Micro Bar,other,1g,5700,85.98,0.21,sativa,TRUE,,https://storage.googleapis.com/maui-prod-hyper-media-images/product_images_70c56478-dd1f-4e56-9fb9-190ab2548d77_a99adfa1-e403-46e5-b217-8d9df9e2266f_original.png,2026-05-23T21:23:53.890537+00:00,"Introducing ""Blackberry Slush,"" a new Quickstrike from Micro Bar that's sure to tantalize your taste buds with its irresistible combination of sweetness and subtle tartness. With every puff, you'll be transported to a world of pure delight, as the luscious taste of ripe blackberries washes over your palate. The initial burst of sweetness is perfectly balanced by a hint of tartness, creating a harmonious symphony of flavors that dance on your tongue.",,
the-plug-crown-heights,oiRWZizWzC,3857a135-8005-4e95-a866-15008c4518ce,Anthem Bold - Berry Gelato | Sweet Wood Tip infused Pre-Rolls 5pk,Anthem,preroll,2.5g,4000,46.28,0,indica,TRUE,,https://storage.googleapis.com/maui-prod-hyper-media-images/product_images_a1f93987-22e5-4c7d-bd8c-01e658379008_f7759f12-90be-4f7e-bae6-f3dac1442f91_original.png,2026-05-23T21:23:53.890537+00:00,"This indica strain offers tantalizingly sweet berry notes with the first hit, finishing with a floral tang. Anthem Bold looks different, feels different, and hits different. Our Bold infused pre-rolls feature: Higher potency for an elevated pre-roll experience. Sweet Wood Tips to enhance the flavor experience",,
the-plug-crown-heights,YE9phjPEDx,b691bfd0-5f5d-4f0d-855b-d883e92302f1,Grön 1:1:1 Blackberry Lemonade Pearls -  CBD/CBN/THC,Grön,edible,35g,2300,100,0,indica,TRUE,,https://storage.googleapis.com/maui-prod-products/422821e5-fad5-4e72-8fde-dfd3c8e19d22--ab3bbc8d-bae7-4cdb-95ba-b23cb86a0925.jpeg,2026-05-23T21:23:53.890537+00:00,"Cozy up and wind down with our 1:1:1 Blackberry Lemonade Pearls. Infused with equal parts CBD, CBN, and THC in a 1:1:1 ratio, the sleepy indica effects will keep you dreaming all night long. Made With Real Fruit • Soy-Free • Gluten-Free • Microdose Friendly • Made with Rosin",,
the-plug-crown-heights,b6oAq4XlbO,84d89c2b-db09-4673-b98e-069427d9c587,Ayrloom (10 mg THC|5mg CBD Gummies) - Island Time,Ayrloom,edible,40g,2600,100,0,,TRUE,,https://storage.googleapis.com/maui-prod-hyper-media-images/product_images_0d3cade1-1353-43c2-ae16-659de7b95fa3_9701b4b5-97dc-410b-b99e-70bb14a6dde6_original.png,2026-05-23T21:23:53.890537+00:00,"just like your suitcase, this pineapple mango flavor is packed! take your mind + taste buds on a trip to the tropics for a well-deserved getaway. make sure to adjust your clocks, as you will soon be on island time!",,
the-plug-crown-heights,2wGzWXQnXq,16620bde-1388-4050-be35-8618d5ae328f,MicroBar -  Rocket Popz (Indica) - 1g AIO,Micro Bar,other,1g,5700,74.30,,indica,TRUE,,https://storage.googleapis.com/maui-prod-hyper-media-images/product_images_239545c6-2da3-4245-be5b-7b92adc10610_d38580dc-993f-4ff6-b337-6e04c328e851_original.png,2026-05-23T21:23:53.890537+00:00,"Introducing Micro Bar's new summer banger: Rocket Popz. This delightful treat brings the nostalgia of classic popsicles to your taste buds with a refreshing blend of cherry, lime, and blue raspberry flavors. Each puff offers a sweet, tangy burst that cools you down on even the hottest summer days. Rocket Popz is your ultimate summer refresher, capturing the joy of childhood memories in every delicious drop. Don't miss out on this limited-edition sensation—it's the perfect way to beat the heat and savor the season.",,
the-plug-crown-heights,TwONrdMITX,420c5442-070e-4212-ada0-db7c9981702b,Find - Pomme Jelly | 3.5g Flower,Find.,flower,3.5g,3500,25.09,0,sativa,TRUE,,https://storage.googleapis.com/maui-prod-hyper-media-images/product_images_38f15218-18f0-4fb7-af26-28d81f3d8ef4_1f466b92-6cfb-4f76-a8ae-67523673b3bc_original.png,2026-05-23T21:23:53.890537+00:00,"Pomme Jelly is a stellar and satisfying sativa-dominant strain of cannabis. It exudes alluring aromas of sweetness, skunk, and funk that stimulate and elate. Consumers who prefer this cut appreciate its potential complement to creativity, drive, and engaging moments. - Our Whole Flower offers consumers premium cannabis for a truly top-tier experience. With our unique genetics and diverse terpene profile, our Whole Flower comes in a range of strains to explore. From deliciously dank indicas to tangy citrus sativas and all the funky sweet n' sours in between- there's a strain for every palate. - They say it all comes back to your roots, right? Our roots have always been premium, craft cannabis products. From our top-shelf flower to our fine-ground, whole flower pre-rolls and variety of tasty concentrates, we're here to celebrate cannabis and community in their most honest forms that nature and authenticity inspire.",,
the-plug-crown-heights,LKj31GieLV,f3b32371-a271-4e02-9b78-e58c67f757f8,Puff - Gush Mintz x Ice Cream Cake Bubble Hash | Infused PreRoll Multi Pack,PUFF,preroll,2.5g,4000,39.62,0.107,indica,TRUE,,https://storage.googleapis.com/maui-prod-hyper-media-images/product_images_9ce69c91-08fd-4294-86c4-78110b31593c_5e4e1892-1eb6-4db0-b971-51153207dd35_original.png,2026-05-23T21:23:53.890537+00:00,,,
the-plug-crown-heights,sEA0w5KKL4,351a88f3-0e8c-443d-8b30-97ec273391b1,Grön- 5mg Milk Chocolate Pips | Sativa,Grön,edible,,2200,100,0,sativa,TRUE,,https://storage.googleapis.com/maui-prod-hyper-media-images/product_images_a4b58563-18a5-49ad-96b9-6ecf835b2400_cc9c0a15-7c15-40c3-8fe5-53cefaafb9f7_original.png,2026-05-23T21:23:53.890537+00:00,Round out your day with this silky smooth comfort classic. These Milk Chocolate Pips are infused with THC to make any day a little bit sweeter.,,
the-plug-crown-heights,rgwkvbxoSz,603c82ba-ccbd-4a54-8294-f7480140e634,Jaunty 1g Cart - Durban Poison,Jaunty,other,1g,4500,90,,sativa,TRUE,,https://storage.googleapis.com/maui-prod-hyper-media-images/product_images_e254d72e-189d-4179-a4a2-66e619a6db72_4988f466-8e14-4db4-9c9e-dc5d219844e7_original.png,2026-05-23T21:23:53.890537+00:00,"A legendary sativa with an earthy-sweet flavor accented by hints of pine. Its uplifting head high sparks focus, creativity, and motivation – the perfect daytime companion for errands, projects, or outdoor adventures.",,
the-plug-crown-heights,5b1wnXCRmG,470f079d-ca0a-4c9a-a4c0-6ab34dffa5f1,Raw - Glass Mason Jar | 6oz,Raw,merch,,700,,,,TRUE,,https://storage.googleapis.com/maui-prod-hyper-media-images/product_images_f6843c2b-1642-4ede-9bd6-dbc5f8ce712b_1de0e35d-f23d-4ce3-988b-39e6284cf80a_original.png,2026-05-23T21:23:53.890537+00:00,,,
the-plug-crown-heights,H1VCme3Ann,c90ef5e7-131b-4a67-af77-b8369c9c2abf,MicroBar - Golden Dragon Fruit (Hybrid) - 1g AIO,Micro Bar,other,1g,5700,74.9,,50/50,TRUE,,https://storage.googleapis.com/maui-prod-hyper-media-images/product_images_f5e0ec8a-77c8-4bce-9d35-4dae71a4a66c_397c2557-a5e3-4c43-9961-074b10f6ced5_original.png,2026-05-23T21:23:53.890537+00:00,"Due to the overwhelming popularity of the ""Year of the DRAGON FRUIT"" Quickstrike released in celebration of the 2024 Chinese New Year, we’ve brought it back with a twist in the form of Golden Dragon Fruit for our Mainline collection. This unique blend of sweet and tangy golden dragon fruit, complemented by an array of succulent fruits, continues to embody the power, luck, and strength of the dragon, delivering an exciting and bold taste experience.",,
the-plug-crown-heights,eqhvgc8Yby,8bc717ea-da91-4fa6-96af-e0eb34c2c88c,Jaunty (Fast-Acting) - Sour Watermelon (100mg),Jaunty,edible,50g,2400,100,0,50/50,TRUE,,https://storage.googleapis.com/maui-prod-products/422821e5-fad5-4e72-8fde-dfd3c8e19d22--6d9a79b2-5a7d-4b4d-bcf4-1d89da6e324b.png,2026-05-23T21:23:53.890537+00:00,"Jaunty says relaaax. These relaxing, fast-acting gummies are enhanced with a blend of high CBD, THC, and hybrid effects-based terpenes. This formulation is designed to melt away stress, ease tension, and promote a sense of calm and tranquility. Perfect for finding your zen during a hectic week! 10pk; 100mg total.",,
the-plug-crown-heights,QfsZWHkn0P,5a64eb9e-0165-44ed-957f-b7d1382570bc,Stiiizy- Hardcore OG | 1G Disposable,STIIIZY,other,1g,4500,82.26,,indica,TRUE,,,2026-05-23T21:23:53.890537+00:00,,,
the-plug-crown-heights,3LYPYp4liu,0635c899-37e8-4769-bc5a-c31929c170fb,Cannabals BRICK - Lychee,Cannabals,edible,15g,1900,100,0,50/50,TRUE,,https://storage.googleapis.com/maui-prod-products/422821e5-fad5-4e72-8fde-dfd3c8e19d22--6680791e-431b-471f-9903-78eb2b28dff9.jpeg,2026-05-23T21:23:53.890537+00:00,,,
the-plug-crown-heights,UTPiboM4D5,3135b387-1852-47cd-85de-b794f0282b84,Purps - Purple Gushers | 3.5G,Purps,flower,3.5g,4500,22.03,0.046,50/50,TRUE,,https://storage.googleapis.com/maui-prod-hyper-media-images/product_images_bb1fc586-a5fe-4bc3-8bae-324042ee5743_12be2d7a-0c51-4146-9eee-36d5443fbfd9_original.png,2026-05-23T21:23:53.890537+00:00,,,
the-plug-crown-heights,VAHkhgSsWU,ce8ad7e2-4c8c-44c6-a8b8-ef68f35e6190,MFNY - Rainbow Driver,MFNY,tinctures,15,4800,372.60,0,indica,TRUE,,https://storage.googleapis.com/maui-prod-hyper-media-images/product_images_cd26872c-0b05-437f-8617-040b4a7c5e90_4d5bf8de-0094-42a6-9b91-3abbfccf61ce_original.png,2026-05-23T21:23:53.890537+00:00,,,
the-plug-crown-heights,xkHxqmzya5,82d91abe-7a35-4c94-b549-b75cb4837003,Kushy Punch (Connect) - Blue Raspberry | 1G Live Resin AIO,Kushy Punch,other,1g,7000,85.08,,50/50,TRUE,,https://storage.googleapis.com/maui-prod-hyper-media-images/product_images_41b47f16-b6e7-4143-b405-0bfca62803e1_e83aa8cd-ef07-464d-9df8-56355660f036_original.png,2026-05-23T21:23:53.890537+00:00,,,
the-plug-crown-heights,0eekW7SkUj,79244aab-737d-4fae-81ba-6a3a5d8865a4,Lost Farms Gummies- Juicy Peach x Mimosa Resin 100mg,Kiva,edible,39g,3000,100,0,sativa-dom,TRUE,,https://storage.googleapis.com/maui-prod-products/422821e5-fad5-4e72-8fde-dfd3c8e19d22--98588c3d-a363-40a1-a943-af8296bc1661.jpeg,2026-05-23T21:23:53.890537+00:00,"Infused with Mimosa Live Resin Strain Notes A sativa-dominant hybrid strain that blends Clementine with Purple Punch, Mimosa is praised for its citrus rind fragrance a sweet tropical flavor reminiscent of its namesake cocktail. Flavor Notes The Mimosa strain’s bright, sweet, and sour citrus flavors are perfectly paired with the tastes of ripe, juicy peach rounded out with a creamy, tart pineapple background.",,
the-plug-crown-heights,MbcNMiAY1x,6a125ec4-c810-499f-8ab7-df53ce90087b,Grön 2:1:1 Tangelo Pearls - THC/CBC/CBG,Grön,edible,35g,2200,100,0,sativa,TRUE,,https://storage.googleapis.com/maui-prod-products/422821e5-fad5-4e72-8fde-dfd3c8e19d22--b82c09e0-1b99-42ec-8b16-28c71fc49916.jpeg,2026-05-23T21:23:53.890537+00:00,"Enjoy a bright taste of citrus and seize the day with our 2:1:1 Tangelo Pearls. Infused with THC, CBC, and CBG, the uplifting sativa effects will help you feel alert and stay active throughout the day. Soy-Free • Gluten-Free • Microdose Friendly • Made with Rosin",,
the-plug-crown-heights,rgqmAXXFAt,73777d0d-3a11-435d-96f1-f9fc8c0d0a49,Jaunty - Granddaddy Purple | 1G Cart,Jaunty,other,1g,4500,83.28,0,,TRUE,,https://storage.googleapis.com/maui-prod-hyper-media-images/product_images_187017bf-1d7f-43f8-888e-c0ecc5846f01_d63f81fa-bc26-4ade-8541-665a0e93a474_original.png,2026-05-23T21:23:53.890537+00:00,"Sink into deep relaxation with the rich, soothing flavor of Granddaddy Purple (GDP) in this 1g vape cartridge by Jaunty. This classic indica strain delivers bold grape and berry notes with a smooth, full-bodied vapor that’s ideal for winding down, relieving stress, and promoting restful sleep.",,
the-plug-crown-heights,wTfxjz1UsR,305a670f-e477-4d75-b1f7-9d3145dc7472,Umamii - Now and Laterz | Full Melt Bubble Hash infused 5 Pack Pre-Rolls,Umamii,preroll,2.5g,4500,26.60,0.0,50/50,TRUE,,https://storage.googleapis.com/maui-prod-hyper-media-images/product_images_1f880c50-b468-475c-930f-476f5359262e_0e9e7905-abdf-4bc6-894f-9c613d0aaac5_original.png,2026-05-23T21:23:53.890537+00:00,"Satisfy your sweet tooth and elevate your high with Now & Laterz Full Melt Bubble Hash 5-Pack Joints--infused with our top-grade full melt bubble hash, these joints are crafted from the vibrant Now & Laterz strain—a hybrid gem known for its sugary, fruit-forward profile and perfectly balanced effects. Bursting with a juicy explosion of tropical fruit candy, think sweet mango, ripe berry, and a touch of zesty citrus that mimics your favorite chewy treats. Each smooth puff delivers a mouthwatering, nostalgic finish that keeps you coming back for more.",,
the-plug-crown-heights,L40Jvvu69g,cc5112dc-ce26-475b-bbde-caa6066515f4,Claybourne Co. - Black Triangle OG | Diamond Infused Flyers Pre-Rolls,Claybourne Co.,preroll,2.5g,5000,35.004,0,indica,TRUE,,https://storage.googleapis.com/maui-prod-hyper-media-images/product_images_723d6c21-569d-43f3-a400-ddd2ee48962d_8e727b09-bc30-48a8-b458-72053167cf70_original.png,2026-05-23T21:23:53.890537+00:00,"Diamond Infused Flyers from Claybourne will take you higher than any other. These ultra potent Flyers are made from Premium Indoor Full Nug Flower and infused with crushed, pure THCa diamonds and rolled in a Half Gram pre-roll. Experience the ultra potency of Claybourne Diamond Infused Flyers. Available In: (1g) 2-Packs & (2.5g) 5-Packs _____ Crossing Florida’s famous Triangle Kush with an ‘88 G13 Hash Plant, Black Triangle is a balanced hybrid. Its buds come packed with terpenes and notes of citrus, pine, earth, and hash spice, making for a refreshing flavor profile that comes on thick. The potent high make this great for an evening with good company and quality conversation.",,
the-plug-crown-heights,18TLdo4VDp,eaa38dbf-5725-46ab-a771-6f633b6432f1,Revert - Golden Pineapple  14G Flower,Revert,flower,14g,9000,25.3,0,50/50,TRUE,,,2026-05-23T21:23:53.890537+00:00,"Golden Pineapple (Hybrid) – 14 gram bag crafted from sun-grown flower. Bright tropical fruit leads the profile with notes of ripe pineapple and citrus, supported by a subtle sweetness, while a terpene-rich aroma of fresh-cut fruit, light earth, and soft herbal tones rounds it out with a clean finish. Expect an easygoing balance that begins with a lifted, clear-headed mood before settling into a gentle body calm. It’s well-suited for daytime or early evening use when you want to stay engaged without feeling overstimulated. Produced from carefully handled outdoor material, it reflects a consistent, terpene-forward approach to everyday flower",,
the-plug-crown-heights,aNwrhKy5NZ,604bd365-242b-417b-92a3-d3cdd4cb2d7f,Sugar Treez - Pineapple Runtz | 3.5g Flower,Sugar Treez,flower,3.5g,3000,23.03,0,sativa-dom,TRUE,,https://storage.googleapis.com/maui-prod-hyper-media-images/product_images_8710a5ce-2bfc-4671-864a-e2baeab99e2a_a05e84db-105c-4d0d-bf5f-3b0518232d16_original.png,2026-05-23T21:23:53.890537+00:00,,,
the-plug-crown-heights,Z3YAPbjkv4,d41486ef-48c3-460e-9040-aee66db715ef,Watermelon Z | Infused 5pk 0.5g Pre-Rolls,STIIIZY,preroll,2.5g,4500,29.85,0,indica,TRUE,,,2026-05-23T21:23:53.890537+00:00,,,
the-plug-crown-heights,MF9TXxkTyX,62fc58cc-65ff-4cae-bfbc-bba4146cbd3a,Toast - C Train Express | 10x .35g Pre-Rolls,Toast,flower,3.5g,5000,26.71,0,sativa,TRUE,,https://storage.googleapis.com/maui-prod-hyper-media-images/product_images_46d3c8a3-f3fc-4c68-a594-b2751870b5af_583c496b-0d8e-4076-8183-fd1a2f24a254_original.png,2026-05-23T21:23:53.890537+00:00,"Toast C Train Express is a sativa-dominant cannabis strain available in pre-roll packs, featuring a blend of bright citrus, sweet cherry, and herbal notes. These 0.35g ""Classic Minis"" (10-pack, 3.5g total) are high-THC (often 20%+), designed for an uplifting, fast-acting experience",,
the-plug-crown-heights,Ddd51YporD,592eaf8b-e9ff-4a8a-883c-7b6c4597b6b0,Pure Beauty - Sativa Special Blend Babies | 3.5g Pre-Roll Pack,Pure Beauty,preroll,3.5g,5000,28.066,0,sativa,TRUE,,https://storage.googleapis.com/maui-prod-hyper-media-images/product_images_73cd649f-ab44-403f-8075-a7f8cc2b4542_1ef33ec4-1054-4442-950f-c97171214f89_original.png,2026-05-23T21:23:53.890537+00:00,"FUN-SIZED AND READY TO GO, PURE BEAUTY'S SATIVA BABIES ARE PERFECTLY PORTABLE PREROLLS FILLED WITH UPLIFTING, HIGH QUALITY SATIVA FLOWER. WITH A TROPICAL, SWEET, EARTHY AROMA AND TASTE, THESE BABIES MAKE FOR AN UPLIFTED, EUPHORIC, HAPPY HIGH. PASS THEM OUT AT THE PARTY OR KEEP THEM ALL TO YOURSELF. EACH BOX OF BABIES CONTAINS AN EIGHTH OF WHOLE FLOWER ROLLED INTO 10 MINI JOINTS. CONTAINS 10 PREROLLS AND 3.5G TOTAL PURE BEAUTY IS A DIVERSE TEAM THAT MAKES SOCIAL JUSTICE A CORE PART OF ITS MISSION.",,
the-plug-crown-heights,zibUWMpp74,e2e99d6d-72fb-41c0-9578-5c5ee11ee43b,Puff - Jet Fuel | 1G PreRoll,PUFF,preroll,1g,1200,22.60,0.051,50/50,TRUE,,https://storage.googleapis.com/maui-prod-hyper-media-images/product_images_64a0ab62-28d4-4b6b-b5b6-c407d5f7a904_7e2d5ae5-aab9-471c-807e-9ffd28f4cdd0_original.png,2026-05-23T21:23:53.890537+00:00,"Is a super potent hybrid strain that has a pungent, fuel-like aroma with hints of citrus and pine that is sure to blast you off. The effects are immediate and powerful, delivering a boost of energy and creativity that’s perfect for getting things done. It’s also known for inducing a sense of euphoria and happiness, making it an excellent choice for social situations or when you need a little extra motivation. With its unique flavor profile and potent effects, it’s no surprise why this strain has become so popular.",,
the-plug-crown-heights,L1Kb7pz8ab,0635a631-41f9-4e22-8aaf-09ab18872040,Hudson Cannabis - NYC Diesel | 1G SHO Syringe,Hudson Cannabis,concentrate,1g,7700,68,0,,TRUE,,,2026-05-23T21:23:53.890537+00:00,"Introducing Activated SHO. The Most Versatile Rosin on the Market. Hudson’s Activated Solventless Hash Oil is here and it’s redefining what a rosin product can be. Crafted from single-origin, single-strain flower, our solventless hash rosin is decarbed, liquified, and transformed into a clean, powerful oil that’s ready the moment your customers are. No tools, no hassle, no learning curve. One product. Endless possibilities. - Dab it for instant, potent effects - Boost a bowl or joint with a smooth, flavorful drizzle - Eat it as an edible, it’s already activated - Take it anywhere thanks to the sleek, pocket-friendly dispenser",,
the-plug-crown-heights,wu0T73UMN3,020896ae-47f5-45ce-93ba-8c6928165f04,Revert - Galactic Jack | 14G Kief Infused Ground Flower,Revert,other,14g,7000,30.8,0.05,sativa,TRUE,,https://storage.googleapis.com/maui-prod-hyper-media-images/product_images_c9b33448-a355-471b-ba01-4b98d054939a_8634c064-fef8-42ae-993b-51ed86dc1387_original.png,2026-05-23T21:23:53.890537+00:00,"Galactic Jack is a vibrant sativa known for its uplifting effects and bright, citrus-forward flavor. This preground flower is infused with kief to enhance potency and deliver a smooth, energizing smoke. Ready to roll, pack, or load straight from the bag, this 14g option is built for convenience without sacrificing strength. Expect a clear-headed, creative buzz that keeps the energy moving.",,
the-plug-crown-heights,DA5J3CfCJu,4c542640-2451-4734-9234-f0d259fa9649,BTQ Switch V5 - Maui Wowie x Gelato 41 x Mango Melon | Sat-Hyb-Ind | 2g AIO,Boutiq,other,2g,8000,80.079,0,,TRUE,,https://storage.googleapis.com/maui-prod-hyper-media-images/product_images_af7e933b-70cf-4d6b-bdd5-6fe7bb48504d_bdfbabf9-de94-4dbf-9d8b-6f012110da6a_original.png,2026-05-23T21:23:53.890537+00:00,"Maui Wowie × Gelato 41 × Mango Melon (sativa / hybrid / indica) • Maui Wowie: bright uplift, tropical motivation • Gelato 41: composed equilibrium, relaxed clarity • Mango Melon: soothing body tone, mellow depth combined: polished balance — energetic onset with a grounded finish",,
the-plug-crown-heights,TOvrgewV3P,218a08c6-5c92-4670-a9f8-93c2204f1aa4,Select Flavor Series - Grape Ape | 1G Briq V2,Select,other,1g,5500,86.334,0.434,,TRUE,,https://storage.googleapis.com/maui-prod-hyper-media-images/product_images_8512ec49-9454-44f9-86e1-13730f6733a5_517711e0-cfe8-4b1b-8aea-120de63102a4_original.png,2026-05-23T21:23:53.890537+00:00,"**Grape Ape** Concord grape sweetness defines this indica, layered with subtle berry and woody notes. The profile is rich and smooth, delivering classic grape flavor with earthy depth.",,
the-plug-crown-heights,nTllZxxzZe,1129aaa2-53f9-45bf-b668-3c19c97365e8,Heavy Hitters - Melon Kush | .5G 5PK Diamond Infused PreRolls,Heavy Hitters,preroll,2.5g,6500,81.7,0,indica,TRUE,,,2026-05-23T21:23:53.890537+00:00,"MELON KUSH IS A SOOTHING INDICA THAT PAIRS LUSH MELON SWEETNESS WITH CLASSIC KUSH EARTHINESS, CREATING A SMOOTH PROFILE THAT FEELS BOTH FRUITY AND GROUNDED. THE EXPERIENCE TYPICALLY EASES IN WITH A SOFT EUPHORIC GLOW BEFORE SPREADING INTO STEADY, MUSCLE‑LOOSENING RELAXATION, MAKING IT A DEPENDABLE OPTION FOR SLOWING THE PACE AND SETTLING INTO A CALM EVENING.",,
the-plug-crown-heights,BSKmMRWGEX,bef00155-dea3-4726-851f-44c94d6cb4bb,Dank - Biscotti | 1G PreRoll,,preroll,1g,1400,26.96,0,indica-dom,TRUE,,,2026-05-23T21:23:53.890537+00:00,,,
the-plug-crown-heights,LuLOjQy70w,41a5ab89-ef25-4029-97f6-2955f87cad1d,Jaunty - Strawnana | 1.5G AIO,Jaunty,other,1.5g,6000,0,0.61,50/50,TRUE,,https://storage.googleapis.com/maui-prod-hyper-media-images/product_images_8a13dad7-e3c7-44a0-a78c-264a489dde7d_8463fc3e-9bc6-4e87-b50a-f3117e7e34fa_original.png,2026-05-23T21:23:53.890537+00:00,"Strawnana is an indica-leaning hybrid that delivers a happy, mentally lifted high with a heavy body melt. Expect sweet strawberry flavors with hints of banana and bubblegum on the exhale.",,
the-plug-crown-heights,ILYRr1y7MY,f7e18a7e-2151-4a5e-bff7-9d343d617f6a,Grön 10:1 Tart Cherry Pearls- CBN/THC,Grön,edible,35g,2300,25,0,indica,TRUE,,https://storage.googleapis.com/maui-prod-products/422821e5-fad5-4e72-8fde-dfd3c8e19d22--f0c76fb1-c1f3-4da9-a512-490d24b230a7.jpeg,2026-05-23T21:23:53.890537+00:00,"The perfect bedtime edible and the first of its kind, our Tart Cherry Pearls are infused with a 10:1 ratio of CBN to THC. Each Pearl contains 25mg CBN and 2.5mg THC to promote restful sleep with minimal psychoactive effects. Sweet dreams.",,
the-plug-crown-heights,7uBCPWfJpS,dbf4a1a1-2d51-4fbb-b1ca-afaaaed95666,Ayrloom - Rest | 1G Disposable,Ayrloom,other,1g,5000,75,,,TRUE,,https://storage.googleapis.com/maui-prod-hyper-media-images/product_images_b8be19e7-b7b9-4ccf-b657-37fb174af417_e3d10b6e-d3f8-44dd-b909-0fd69e5cfb04_original.png,2026-05-23T21:23:53.890537+00:00,,,
the-plug-crown-heights,PnxsYwrQf2,bb5fbee2-a1b8-497d-83f0-129a6198812c,Revert - Sour Blue Diesel | 14G Pre-Ground Kief Infused Flower,Revert,other,14g,7000,31.1,0.06,50/50,TRUE,,https://storage.googleapis.com/maui-prod-hyper-media-images/product_images_481f61cf-b71a-4c37-ac80-1ee4750be68c_bbf1c426-46ef-4917-8faf-a63b2a40b37a_original.png,2026-05-23T21:23:53.890537+00:00,"Sour Blue Diesel – 14g kief infused ground flower crafted from sungrown hybrid flower, bred from Sour Diesel × Blueberry lineage, offering notes of tart berry and bright citrus with a terpene-rich aroma of fuel and sweet earth. The profile balances sharp freshness with grounded depth. The experience brings an energizing mental lift that transitions into relaxed physical comfort, making it well suited for creative work or easy daytime focus. Sour Blue Diesel delivers a steady, terpene-forward expression shaped by consistent sungrown cultivation.",,
the-plug-crown-heights,jEsDJpuM28,3c3436ea-024c-4d64-b0ea-dd4e7b4f16e1,Mini Mart - Black Diesel | Darts 7 Pack,mini mart,preroll,3.5g,3200,26.722,0,sativa,TRUE,,https://storage.googleapis.com/maui-prod-hyper-media-images/product_images_843e6862-b7db-4395-a61b-1bcfba2bb3e3_93ab4070-5511-4b1b-93d8-2e2e65c9966c_original.png,2026-05-23T21:23:53.890537+00:00,"Sativa Bursting with bold, ripe grapefruit flavor, Black Diesel is a bright and invigorating sativa that elevates both mood and mind. Its euphoric, energizing effects make it a favorite for those looking to spark creativity or enhance social interactions.",,
the-plug-crown-heights,AxK7N1mgjG,517d2a61-3c92-4820-83ee-11439436e16a,Dank - Green Crack | 3.5G,Dank,flower,3.5g,4500,30.50,0.118,sativa,TRUE,,https://storage.googleapis.com/maui-prod-hyper-media-images/product_images_00597c69-c7ed-47bb-91f8-79b67cee53b5_3fab396d-a434-48cd-9578-480db771a753_original.png,2026-05-23T21:23:53.890537+00:00,,,
the-plug-crown-heights,lSTKUEDOGq,b758189a-0f6d-4a6a-bc25-790a9f416daa,RAW Classic Cones - 1 1/4 6 Pack,,merch,,500,,,,TRUE,,https://storage.googleapis.com/maui-prod-hyper-media-images/product_images_cb6f4f9a-c21b-4c4d-a8df-3f5bcd99f316_ebf4846e-f4b2-40af-b0cd-e68c2b2c2367_original.png,2026-05-23T21:23:53.890537+00:00,,,
the-plug-crown-heights,H3JmMwMPBC,042f2f49-dfc1-470c-ad0c-1bf89762ac85,MFNY - MFNY Skunk | 2G Live Resin Badder,MFNY,concentrate,2g,10000,77.39,0,,TRUE,,https://storage.googleapis.com/maui-prod-hyper-media-images/product_images_af66c0c4-68a0-4d63-928e-60f1e32e183d_b503acf7-b891-41b8-ba40-8af997b41efc_original.png,2026-05-23T21:23:53.890537+00:00,"We're now offering two grams of premium quality badder in one jar for an even better price. MFNY’s Skunk is a premium concentrate made in house, using a hydrocarbon extraction method. It starts with our best, in-house grown, bred, and fresh-frozen MFNY Skunk buds. We flash freeze our plants right after harvest to lock in all the trichome-and-terpene-rich goodness of the plant (this is the “Live” part of Resin). Potent in THC, it's known to promote a euphoric body high. Live Resin badder concentrate has a soft, butter-like texture for an easy-to-use, super enjoyable experience. Our Live Resin concentrates are exclusively single-source and produced at the highest of standards in our state-of-art laboratory space, using scientific precision and years of experience, which we’ve proudly gathered together in New York's Hudson Valley",,
the-plug-crown-heights,RSQSqLj1ip,f1988ce6-ff4c-4774-ba5f-9b5030c96d9f,Ayrloom (1g Disposable) - Honeycrisp,Aryloom,other,1g,4500,90,0,50/50,TRUE,,https://storage.googleapis.com/maui-prod-hyper-media-images/product_images_693f484b-b286-4c25-87aa-274843c3a840_b984f4fc-06c2-4cee-ad37-48eebc60a43d_original.png,2026-05-23T21:23:53.890537+00:00,"Get a taste of a 5th generation family orchard with the juicy + sweet flavors of the fan-favorite honeycrisp apple. naturally sweet, but never heavy.",,
the-plug-crown-heights,lOlvfnLtFX,55fdb755-7c85-444b-8475-89f39d53261e,Connected - Bad Apple | 3.5G Flower,Connected Cannabis Co.,flower,3.5g,6000,30.27,0.082,50/50,TRUE,,https://storage.googleapis.com/maui-prod-hyper-media-images/product_images_5335a1b2-fc19-4359-b05c-3a3a6c936f3b_0dc9c5c7-30e5-4145-ac08-9088dfa47977_original.png,2026-05-23T21:23:53.890537+00:00,"Bad Apple is a versatile hybrid strain bred by crossing Atomic Apple with Xeno #10. The vibrant lime-colored buds of this high-quality cultivar are covered with burnt-orange hairs and break apart to reveal purple hues hiding under a thick coating of crystals. In addition to being visually appealing, Bad Apple offers cannabis enthusiasts an immaculate terpene profile that, as the name implies, influences a distinctive aroma redolent of sour apples, Flintstones vitamins, sweet vanilla, and gas. This heavy-hitter tastes like watermelon rind on the exhale and instantly encourages a heady stoniness that settles behind the eyes - pairing perfectly with a chill night in. In smaller doses, Bad Apple has been reported to produce a giggly and creative high accompanied by a dose of full-bodied relaxation that develops during longer sessions. However, novice users should be warned, this potent phenotype has the potential to creep up on you with an intensity that can surprise even the most seasoned stoners. ----- Hybrid Lineage: Atomic Apple x Xeno #10 ----- Prominent terpenes: D-Limonene, β-Myrcene, β-Caryophyllene",,
the-plug-crown-heights,o68VBkNqp5,edb6379e-8fd8-45e3-8ca5-9ca10fb457c0,Kickfly's - Cake Code | 3.5G Flower,Kickfly's,flower,3.5g,2500,20.76,0,50/50,TRUE,,,2026-05-23T21:23:53.890537+00:00,"Cake Code by Kickfly's is a 50/50 balanced hybrid cannabis strain derived from Kush and Runtz, designed to provide a smooth, earthy, and spicy smoke. It is known for producing focused, creative, and relaxing effects, making it suitable for managing stress while staying productive.",,
the-plug-crown-heights,istnUJORav,0bec98f2-77c2-4de5-9e6f-3be38e2b4b05,Timeless Noir - Panamango | Live Resin 1G Vape Cartridge,Timeless,other,1g,5700,87.19,0.178,sativa-dom,TRUE,,https://storage.googleapis.com/maui-prod-hyper-media-images/product_images_a2d47070-2fdb-43c2-9940-5ed5f50350fd_e7e54068-fe4b-4d77-8323-7a1a3a290d68_original.png,2026-05-23T21:23:53.890537+00:00,"30% Indica, 70% Sativa Top Notes - Mango and Citrus Bottom Notes - Gas and Tropical Fruit",,
the-plug-crown-heights,wDGzXmzGrl,7beacef7-89f7-4cb3-b512-c5099dbab36f,Find - Cherry Patties |1G Pre-Roll,Find.,preroll,1g,1100,30.679,0,indica,TRUE,,https://storage.googleapis.com/maui-prod-hyper-media-images/product_images_3c02d6d4-6f6f-45de-8361-932619343df3_ca669b9c-f15a-4b14-8692-962d48f029fe_original.png,2026-05-23T21:23:53.890537+00:00,"This strain delivers a bold burst of sweet-tart cherry flavors layered with earthy undertones and creamy vanilla. Offering a rich, candy-like aroma, it settles you into a state of comforting relaxation with a potent punch.",,
the-plug-crown-heights,FR3aUWU3at,84072be4-9972-40b7-a202-f745752f9483,Alibi - Caramel Cream & Cherry Diesel | 4G Variety PreRoll Pack (4 x 1G),alibi,preroll,4g,4500,25.59,0,,TRUE,,https://storage.googleapis.com/maui-prod-hyper-media-images/product_images_1a5f5a27-60b2-4d6d-9b2b-546fddf312e1_532813ed-dd96-42a4-b846-d75db33f828c_original.png,2026-05-23T21:23:53.890537+00:00,,,
the-plug-crown-heights,UYsEVj8gDD,0143a686-bcfc-45d2-b543-a4b0e5dd204f,Runtz - Sher Banger | 1.5G PreRolls,Runtz,preroll,1.5g,1800,30.787,0,50/50,TRUE,,,2026-05-23T21:23:53.890537+00:00,"Runtz Sherbanger Indoor Pre-Rolls! Delivering a sweet, fruity, and creamy profile this hybrid blends the candy-like sweetness of Runtz with the smooth, gelato-inspired depth of Sherbanger, providing a balanced high that’s both uplifting and relaxing.",,
the-plug-crown-heights,oFzOtXHj02,c0664398-c6e2-4b7e-8f1c-ecd423d3f249,The Botanist - Grapple Pie | 3.5G Flower,The Botanist,flower,3.5g,3000,30.39,0,50/50,TRUE,,,2026-05-23T21:23:53.890537+00:00,"This purple-tinged Compound Genetics strain blends fruity funk with great bag appeal. A flavorful standout for any occasion – with its significant ocimene content, it is one of our most aromatic and complex-smelling flowers. Top Terpenes: β-Caryophyllene, Limonene, Ocimene",,
the-plug-crown-heights,kAbLJzuggu,1df41ac2-e6d0-4c6d-b7b8-9bd5a75cf681,Florette - 1996 Sour Diesel | 3.5g Jar,Florette,flower,3.5g,4000,28.45,0.116,sativa,TRUE,,https://storage.googleapis.com/maui-prod-hyper-media-images/product_images_4885af82-edfc-47eb-bf09-6911f83f2c1b_73141ada-dc2a-4651-a40c-c8bbca1f4cf8_original.png,2026-05-23T21:23:53.890537+00:00,"Bold, Unapologetic and AKA Albany Sour, This flower carries the legacy of 90s New York cannabis culture. Its sour musk and skunky gas aroma are unmistakable, and its energizing effects make it a perfect companion for outdoor adventures or urban explorations.",,
the-plug-crown-heights,9BG6VK2NhS,5261215a-72e9-4e3e-8bbd-3e881c5cff61,Revert - Purple Gorilla | 14G Flower,Revert,flower,14g,9000,26.20,0,50/50,TRUE,,https://storage.googleapis.com/maui-prod-hyper-media-images/product_images_896ae9cf-5428-490b-9f39-11311d18440e_f7a20c86-eb28-4375-834d-61dc449a2e0e_original.png,2026-05-23T21:23:53.890537+00:00,"The exact lineage of Purple Gorilla is unclear, but some sources speculated that it could contain some Mendo Purps or Purple Rain Forest genetics. Said to originate from the San Francisco Bay Area, Purple Gorilla is often described as being a highly aromatic strain that evokes a fruity scent and earthy, peppery flavor profile.",,
the-plug-crown-heights,CuAtwXuSCD,a940cf7e-9438-4404-a642-ef27ba898958,Gypsy Weed - Amnesia 28g,Gypsy Weed,flower,28g,14500,18.15,3.75,sativa,TRUE,,https://storage.googleapis.com/maui-prod-products/422821e5-fad5-4e72-8fde-dfd3c8e19d22--c8dce87e-d81f-4a1b-9d02-5b63d8ecd611.png,2026-05-23T21:23:53.890537+00:00,"Amnesia is a highly regarded Sativa-dominant strain known for its impressive THC content, reaching up to 24%. This strain boasts genetics from Cinderella 99, Jack Herer, and Skunk, as well as Jamaican Landrace and South Asian strains. The strain features earthy flavors and citrusy aromas, particularly lemon and orange, delivering an energetic and uplifting high that enhances mood. Its attractive appearance includes a mix of lime and dark green colors, with numerous hairs and crystals. The strain is effective in combating lethargy and is beneficial for alleviating depression, anxiety, stress, nausea, and migraines, making it suitable for medical users.",,
the-plug-crown-heights,kyxJFH0FAD,64871744-af69-4464-9fe2-34e884eaa654,BTQ Switch V5 - Cherry Lime x Crunch Berry x Orange Mochi | Sat-Ind-Hyb | 2g AIO,Boutiq,other,2g,8000,82.638,0.808,,TRUE,,https://storage.googleapis.com/maui-prod-hyper-media-images/product_images_4eb9f6bd-e8e4-44aa-b49a-f611ddafdbf4_a3e4d099-18fb-452f-a40d-4900be3fe88b_original.png,2026-05-23T21:23:53.890537+00:00,"Cherry Lime × Crunch Berry × Orange Mochi (sativa / indica / hybrid) • Cherry Lime: bright focus, energetic tone • Crunch Berry: steady relaxation, softened tension • Orange Mochi: balanced clarity, light euphoria combined: adaptable balance suited for any shift in mood",,
the-plug-crown-heights,h6BzmZjePC,d9cba999-0da7-4528-88e5-078eab55e2aa,Heavy Hitters | Ultra Gummy Pack - Holy Grape,Heavy Hitters,edible,21g,2600,100,0,indica,TRUE,,https://storage.googleapis.com/maui-prod-products/422821e5-fad5-4e72-8fde-dfd3c8e19d22--2352aa53-ef4e-4177-a8b3-93468fc730f1.png,2026-05-23T21:23:53.890537+00:00,Rich and juicy grapes come together with a divinely inspired indica to bring you a heavily relaxed effect for your entire body and a creatively inspiring high for your mind. 20MG THC / Piece (2 Servings / Piece) Gluten-Free | Dairy Free | Nut Free,,
the-plug-crown-heights,MyvHbGBqBl,96e28b96-1e11-4a6e-b907-db440092214f,1906 Sleep Drops Tin - 20 Plant Based Pills,1906,edible,13.7g,3400,100,0,,TRUE,,https://storage.googleapis.com/maui-prod-products/422821e5-fad5-4e72-8fde-dfd3c8e19d22--1e49d16e-2dc9-4bb4-8630-aa9bfa28d557.jpeg,2026-05-23T21:23:53.890537+00:00,"Drift into deeper, fuller sleep with a thoughtful blend of THC, CBD, and CBN. Formulated with three cannabinoids for a trifecta of mind relaxation, body calmness, and drowsiness to fall asleep and stay asleep.",,
the-plug-crown-heights,fBobT1dyxu,be5b5c92-1cf9-40a0-9104-1555110ec6bf,Ayrloom | Mood Recover | AIO | 1g | THC : CBD : CBG,Ayrloom,other,1g,5000,60,0,sativa,TRUE,,https://storage.googleapis.com/maui-prod-hyper-media-images/product_images_2132c695-7f4a-436b-9ed8-ebd61d539555_22e55548-4d2c-464f-8846-e3fcc78d2117_original.png,2026-05-23T21:23:53.890537+00:00,"ayrloom operates from a 5th generation family's commitment to innovation, the preservation of our 1,000-acre farm, and a passion for cannabis. for 110+ years, we have created unique experiences, developed exciting new product line ups, given back to the communities in which we operate, and ensured that we leave our multi-generational company better than when we found it. our great-great grandfathers would be proud. we are a New York company with deep roots in the community and a desire to push the culture forward. we believe in developing a sustainable supply chain across the state and look forward to being a force for good in the industry. from the beginning, we have challenged the status quo and taken risks to further the cannabis movement in our home state of New York. we are not a large multi-state operator–we're a family business with homes in the communities in which we grow and process. the profits stay in state, helping to create jobs, stimulate our local economy and educate people on the benefits of cannabis. the Beak & Skiff and 1911 Established brands are both known for beverages, and ayrloom brings our 50+ years of manufacturing experience to the cannabis industry. our deep knowledge of flavor, consistency, and quality separates us from the rest. we are passionate about developing delicious and efficacious products to incorporate into daily routines, and we invite you to ADJUST YOUR ALTITUDE WITH US..",,
the-plug-crown-heights,FKP2qBGqUS,849783cf-738c-4af4-8506-c3653d39771f,Jetpacks - Wedding Cake | 1G Hybrid Diamonds,Jetpacks,concentrate,1g,5000,91.59,0,,TRUE,,https://storage.googleapis.com/maui-prod-hyper-media-images/product_images_cf379d33-4a34-477f-98e4-a3af17180f03_5af5d727-6fa2-4570-a140-658a81c6cf69_original.png,2026-05-23T21:23:53.890537+00:00,"JETPACKS presents Wedding Cake Diamonds, a premium 1g hybrid extract that delivers a blissful combination of calm, happy, and relaxed effects. This crystalline concentrate showcases the celebrated Wedding Cake strain in its purest form, featuring potent cannabinoid crystals that capture the essence of this beloved hybrid. Known for inducing a balanced experience, Wedding Cake offers a serene sense of tranquility paired with uplifting euphoria, making it perfect for unwinding after a long day or enjoying quality moments with friends. The extract's high potency and clarity deliver smooth, flavorful dabs that honor the strain's reputation. Whether you're a seasoned concentrate enthusiast or exploring premium extracts, JETPACKS Wedding Cake Diamonds provide a sophisticated and satisfying experience that exemplifies craft cannabis at its finest.",,
the-plug-crown-heights,iQBMyau5yI,372b604f-bed0-4f17-bf38-e68489daa101,"MFNY (1g Live Resin Badder) - The "" Belafonte """,MFNY,concentrate,1g,6500,66.74,0.15,,TRUE,,https://storage.googleapis.com/maui-prod-hyper-media-images/product_images_5f1326cb-c76a-426f-b1b8-a41f460dc59f_c1c5d51d-a5dc-456c-92c7-42ab95d1312a_original.png,2026-05-23T21:23:53.890537+00:00,"“Jump in the line!” Belafonte’s premium structure and versatility make it a standout addition to the MFNY lineup. This cultivar comes to us via a collaboration between Masonic Seeds and Dammit Bobby, crossing Grape Tallyman with Honey Banana. Its development reflects a dedication to breeding precision and innovation. Belafonte features a dynamic flavor interplay, switching seamlessly between grape and banana notes on the inhale and exhale. This unique balance creates a playfully complex sensory experience that keeps people coming back for more. Its effects are balanced, offering a euphoric and relaxing high that resonates with recreational or medicinal benefits. Belafonte stands out for its structurally beautiful and robust plant form. Its dense buds display rich hues of purple and green, creating a striking visual appeal. This plant performs exceptionally both in cultivation and extraction, making for impressive weight and resin production. While its oil proved a bit too chunky for batter form, its debut in a 510 cart has quickly become a staff favorite, earning praise for its smooth, flavorful profile and unparalleled quality.",,
the-plug-crown-heights,5mDPIVojXg,ae53656e-3162-464f-b6e8-73266ab411b7,PUFF - Alien OG | Pre-roll 5 Pack,PUFF,preroll,2.5g,2700,28.69,0,50/50,TRUE,,https://storage.googleapis.com/maui-prod-hyper-media-images/product_images_65b9b580-88e6-4258-ad49-78b0eaa5811f_7f6cf436-d6ef-4abe-b52c-4043f60b97b7_original.png,2026-05-23T21:23:53.890537+00:00,,,
the-plug-crown-heights,ZgJyafvCE8,89c74dbb-a61a-4059-b8e4-2b54da727f45,Runtz - Trump Runtz | 3.5G,Runtz,flower,3.5g,5300,28.30,0,indica,TRUE,,https://storage.googleapis.com/maui-prod-hyper-media-images/product_images_9d225492-03f4-4305-9c6f-92efa5716555_0da53b7b-6c3c-48a0-a9a7-e7b798d6fee7_original.png,2026-05-23T21:23:53.890537+00:00,,,
the-plug-crown-heights,cyfQ3YNQwN,08d87928-4d9b-44d8-9164-04ab580dc8f7,Eaton Botanicals - Fixer Upper | Mango Ginger - 5mg gummies,Eaton,edible,120g,3200,100,100,50/50,TRUE,,https://storage.googleapis.com/maui-prod-hyper-media-images/product_images_a8f25a91-6dd6-4ae8-b25a-cb5fc37f08d4_58f65602-153a-4a16-a767-47193d7054f8_original.png,2026-05-23T21:23:53.890537+00:00,"Tune in and tune up with Fixer Upper. A fast-acting blend of low-dose THC (5mg), CBD to balance the body, chaga mushrooms to reduce inflammation, turmeric for natural pain relief and ginger to help ease discomfort. With a zesty flavor, this plant-powered remedy helps you feel the heal, your go-to for daily recovery and long-term wellness.",,
the-plug-crown-heights,7wUVI1dx8b,2f04afb7-8d56-4c6b-bd2e-14b40818b754,Stone Road - Northern Lights | W/ Hash + THCa Diamond Pre-Ground 14G,Stone Road,flower,14g,11900,37.65,0,indica,TRUE,,https://storage.googleapis.com/maui-prod-hyper-media-images/product_images_bfefb2c7-465b-4012-9714-78248f8e8291_9efc8f81-5053-4aa6-aec3-99e58ee429f5_original.png,2026-05-23T21:23:53.890537+00:00,"Northern Lights is a world-famous indica strain known for its euphoric effects. This delicious flower has a sweet and woody flavor that is smooth and creamy. This indica pre-ground pouch is 100% pre-ground flower containing no shake or trim. Infused with bubble hash and diamonds, this ultra-potent pack includes papers and filters.",,
the-plug-crown-heights,lQa1azW42Z,e464af8e-9e17-4f7c-a149-c9e18af81226,Jetpacks - Donny Burger | 1G Indica Diamonds,Jetpacks,concentrate,1g,5000,91.32,0,indica,TRUE,,https://storage.googleapis.com/maui-prod-hyper-media-images/product_images_da6ea004-6184-4b2e-95fb-93a4f009d0c6_364f9b93-1788-4258-90ba-835d1eb5c11f_original.png,2026-05-23T21:23:53.890537+00:00,"The Jetpacks Donny Burger 1g Diamonds deliver heavy potency, loud funky terps, and that signature Jetpacks clarity in pure crystalline form. Donny Burger is known for its savory, diesel‑cheese funk layered with earthy kush and a hint of herbal spice, and the diamonds format amplifies both the flavor and the punch.",,
the-plug-crown-heights,apb11x57Ea,9df393ca-b4e1-4b39-bf83-f004e34ab0c0,Ayrloom UP (12oz) Beverage - Half & Half,Ayrloom,edible,12fl oz,400,10,5,,TRUE,,https://storage.googleapis.com/maui-prod-products/422821e5-fad5-4e72-8fde-dfd3c8e19d22--b95e16fd-969e-44e3-b22b-d46d38896e9f.jpeg,2026-05-23T21:23:53.890537+00:00,"Refreshment meets relaxation with Ayrloom’s Half & Half Lemonade Tea—an expertly crafted beverage that perfectly blends the tart, citrusy zing of lemonade with the smooth, soothing notes of iced tea. Infused with 10mg of THC and 5mg of CBD, this 12oz can offers the ultimate balance of uplifting euphoria and calming relief, creating a harmonious experience that refreshes your body and mind. The bold, tangy lemonade cuts through with its bright, zesty flavor, while the smooth, slightly sweet iced tea adds depth and a satisfying finish. This classic, crowd-pleasing combination gets an elevated twist with cannabinoids that offer a gentle, balanced buzz. The 10mg of THC provides a mild, mood-lifting euphoria, while the 5mg of CBD helps to soothe and relax, promoting a sense of well-being that’s perfect for unwinding after a busy day or enhancing a leisurely moment. (10mg THC; 5mg CBD)",,
the-plug-crown-heights,IKXOS1NBEP,7867e8e0-99bd-43de-b8dd-26e57fe17330,MicroBar - Melon Bar (Sativa) - 1g AIO,Micro Bar,other,1g,5700,85.90,,sativa,TRUE,,https://storage.googleapis.com/maui-prod-hyper-media-images/product_images_bb06b9cd-a4f9-4f2c-a3d8-09702a072a7a_ac5db163-aec2-4d21-a579-5237de8ba0d5_original.png,2026-05-23T21:23:53.890537+00:00,,,
the-plug-crown-heights,wJWMtlVlPi,91413165-6230-40c3-a9be-d48b4313a01b,Golden Garden - Dantes Inferno | 1G Pre-Roll,Golden Garden,preroll,1g,1000,28.6,0.05,50/50,TRUE,,https://storage.googleapis.com/maui-prod-hyper-media-images/product_images_e463fc21-9854-4cae-bbd8-c335b030af2a_2238d812-7cb8-4206-882c-8f4ddce83d70_original.png,2026-05-23T21:23:53.890537+00:00,"Dante’s Inferno is an evenly balanced hybrid strain (50% indica/50% sativa). True to its name, Dante’s Inferno delivers a slow-building, blazing high that pulls you deeper with each hit, igniting the mind with creative euphoria before melting the body into warm, hazy relaxation. It’s a favorite for those seeking a trip through the flames (without ever leaving the couch).",,
the-plug-crown-heights,0jOlvszc4a,4c8130d0-862a-45ee-a377-dcac5fbba9e8,Muha Meds Mate - Morning Glory | 3.5g 5pk Infused Joints,Muha Meds,preroll,3.5g,5000,42.813,0.118,sativa,TRUE,,https://storage.googleapis.com/maui-prod-hyper-media-images/product_images_ae478b89-0413-4737-9055-623a72eb48da_128bbd28-e0b1-4c57-9586-bed81c56cc4c_original.png,2026-05-23T21:23:53.890537+00:00,"Morning Glory features a lively sativa strain prized for its bright, clear-headed effects and refreshing notes of sweet citrus with a hint of floral spice. Crafted with premium flower, THCA diamonds and golden keif, these pre-rolls offer a smooth, invigorating smoke that’s perfect for starting your day on a high note.",,
the-plug-crown-heights,6azKr5yzBT,d5a5910b-c0e4-49ab-a72c-640cc0e4ab98,Stone Road - Rainbow Pound Cake  | W/ Hash + THCa Diamond Pre-Ground 14G,Stone Road,flower,14g,11900,38.36,0,50/50,TRUE,,,2026-05-23T21:23:53.890537+00:00,,,
the-plug-crown-heights,9pSwicH4bY,4fc2437c-7c57-49d5-b230-30c153c782c5,Umamii - Ice Cream Cake | 3.5g Flower,Umamii,flower,3.5g,3800,24,0,indica,TRUE,,https://storage.googleapis.com/maui-prod-hyper-media-images/product_images_23700925-68c3-47b5-beb4-7d84f9f37010_7dbb5374-786e-48fa-a3a1-7b78c20aa6a2_original.png,2026-05-23T21:23:53.890537+00:00,"Ice Cream Cake is a rare indica dominant hybrid strain (75% indica/25% sativa) created through a cross of the Gelato 33 X Wedding Cake strains. With this bud, the name says it all in the flavor department. Ice Cream Cake packs a super delicious cheesy creamy flavor with a sweet nuttiness that lingers long after you finish your final toke. The aroma is of the same nature, with a light pungent effect to it that's released as the nugs are burned. The Ice Cream Cake high is just as beautiful as the flavor, with lifted and relaxing effects that will have you kicking back in no time flat. The high starts with a rush of cerebral effects that lift your mind into a state of pure happiness and ease, pushing out any negative or racing thoughts immediately. Soon after, a relaxing body high will start to creep into your physical form, leaving you falling deeper and deeper into a couch-locked state of sedation before you eventually begin to drift away.",,
the-plug-crown-heights,WrpHbytPmT,b9e768b0-db07-42e4-9c90-15ab2f918e25,Super Dope - Cherry Poppers | 7 Grams,Super Dope,flower,7g,11800,30.36,0,50/50,TRUE,,https://storage.googleapis.com/maui-prod-products/422821e5-fad5-4e72-8fde-dfd3c8e19d22--004c6669-0116-4947-b695-14613b636d1e.png,2026-05-23T21:23:53.890537+00:00,"Cherry Popperz is the perfect cherry forward cut of LCG. It leans in on the ""Cherry"" notes giving it a complex blend of cherry pits and the classic LCG profile. Ranging from rare (green) to well done (purple), Cherry Popperz can express a wide range of colors and textures.",,
the-plug-crown-heights,LEBfbarzr0,174e5761-605d-41d4-8b4b-d07580811744,Revert - Cherry Amnesia | 14G Kief Infused Ground Flower,Revert,other,14g,7000,30.7,0.06,sativa,TRUE,,https://storage.googleapis.com/maui-prod-hyper-media-images/product_images_e3c5c793-7eaa-4760-80f0-af54a834e922_472ca6b3-4ca2-49c7-a6f6-0f2a2c1adbe8_original.png,2026-05-23T21:23:53.890537+00:00,"Cherry Amnesia – 14g kief infused ground flower crafted from sungrown sativa flower, bred from Cherry AK × Amnesia Haze, featuring notes of tart cherry and soft citrus with a terpene-rich aroma of herbal sweetness and light spice. Its character feels lively yet balanced. The effects offer mental clarity and uplifting momentum alongside a light physical ease, making it a strong fit for creative or active moments. Cherry Amnesia reflects a polished, consistent finish from sungrown material.",,
the-plug-crown-heights,ocynZI2SAI,d2dd3afa-44b3-4ded-a008-543e74317a50,Söze - Melon Collie | 2pk Live Resin PreRolls,Söze,preroll,1.5g,2850,38,0,sativa-dom,TRUE,,https://storage.googleapis.com/maui-prod-hyper-media-images/product_images_f7bed2cb-253a-409d-b237-9afe72e6c0d2_5e93f75a-e58b-475a-be3c-671e66d6b2bd_original.png,2026-05-23T21:23:53.890537+00:00,"Melon Collie is a sativa-hybrid crafted for clarity and creativity. Its flavor opens with bright melon and citrus notes layered over light earth and cream, producing a crisp, energetic high that keeps the mind lifted and the body at ease. Finished with live resin infusion and a ceramic tip, it’s designed for smooth, balanced sessions from first spark to last pull.",,
the-plug-crown-heights,pSgoFGbChn,90058b2e-2391-449a-adc6-5b795eb69abc,Boutiq (Snack Pack) - Blue Matcha x Dragon Fruit |(5 x .05g) Diamond Infused PreRolls,Boutiq,preroll,2.5g,5000,50.1,0,sativa,TRUE,,https://storage.googleapis.com/maui-prod-hyper-media-images/product_images_acaa5e07-dcce-4f94-9fcc-7635dfddf95a_49f21568-2fab-4386-bf1a-1bfe8e3208f0_original.png,2026-05-23T21:23:53.890537+00:00,"Blue Matcha + Dragon Fruit blends smooth, earthy sweetness with a burst of tropical fruit for a refreshing and flavorful smoke. These live diamond-infused sativa pre-rolls come in a five-pack, delivering an energizing, euphoric high that enhances focus and creativity while keeping the vibe upbeat. The best part is this exotic flavor combo and lively buzz make it perfect for daytime adventures, social moments, or anytime you want to stay lifted and inspired.",,
the-plug-crown-heights,xw8283U3yK,201ab4ec-0dc6-4f2d-af8b-1e209b46ba96,Lost Farms Gummies- Strawberry Lemonade x Napa Resin 100mg,Kiva,edible,36g,3000,100,0,,TRUE,,https://storage.googleapis.com/maui-prod-hyper-media-images/product_images_c19e1e5b-1d1e-4c85-9f29-22c0ad164a45_4770bb0d-7c93-42ea-b708-1334d4bd70b0_original.png,2026-05-23T21:23:53.890537+00:00,,,
the-plug-crown-heights,7PQ6TL8g50,b1c9cf5b-f1aa-42d5-b9db-daffda02ee12,TTM Essentials - Unicorn Milk | 3.5G Flower Bag,To The Moon,flower,3.5g,3500,29.04,0,50/50,TRUE,,https://storage.googleapis.com/maui-prod-hyper-media-images/product_images_60f70b90-4b61-4c99-9e1a-9a07cea8ae1b_c8407fe9-473c-4ca4-a056-1885745fcda3_original.png,2026-05-23T21:23:53.890537+00:00,,,
the-plug-crown-heights,h9UYEhKS0b,78c275a3-2fd1-4149-9871-0bf613162e45,Revert - Purple Gorilla | 10 Pack 1G Pre-Rolls,Revert,preroll,10g,7500,25.7,0.057,50/50,TRUE,,https://storage.googleapis.com/maui-prod-hyper-media-images/product_images_4920c261-4dc5-4a3f-8a38-33400c3cabd9_3bfbeffa-e385-4587-b934-75460a7befac_original.png,2026-05-23T21:23:53.890537+00:00,"Purple Gorilla is a balanced hybrid strain. Its dense buds glisten with milky trichomes and release a sweet, fruity aroma with notes of berry, earth, and a hint of grape candy. The flavor follows suit: smooth, sugary, and slightly herbal. Purple Gorilla delivers a mellow, full-bodied high that starts with an uplifting cerebral buzz before melting into deep relaxation. Perfect for unwinding without total sedation, this hybrid offers a calm, comforting vibe that sticks around long after the exhale.",,
the-plug-crown-heights,aIluKvDetA,9e3aa3d0-dd1a-4a60-b87e-baa0422dde56,Pineapple Express | Infused 5pk 0.5g Pre- Rolls,STIIIZY,preroll,2.5g,4500,36.64,0,50/50,TRUE,,https://storage.googleapis.com/maui-prod-hyper-media-images/product_images_9e3aa3d0-dd1a-4a60-b87e-baa0422dde56_9de76d03-7a53-42b7-a7ba-c11058e7cb46_original.png,2026-05-23T21:23:53.890537+00:00,"Pineapple Express is a popular sativa-dominant hybrid cannabis strain, famous from the movie, known for its uplifting, energetic, and creative effects, with a tropical aroma of pineapple, citrus, and pine from Trainwreck and Hawaiian genetics. It offers a balanced head-and-body high, making it great for daytime use, social events, or fighting fatigue and depression, featuring flavors of sweet fruit, citrus, and earthy pine",,
the-plug-crown-heights,lii3LmTd4o,ad65359f-b20e-4d5c-8516-1ae60c089f34,Stiiizy - Purple Zlushie | 1G Live Resin Liquid Diamonds Disposable,STIIIZY,other,1g,4900,84.65,0,50/50,TRUE,,,2026-05-23T21:23:53.890537+00:00,,,
the-plug-crown-heights,hBSveLCa2c,3359fe62-0c9e-4501-ac7d-d9448f398c12,Grön- 5mg Dark Chocolate Pips | Indica,Grön,edible,30g,2200,100,0,indica,TRUE,,https://storage.googleapis.com/maui-prod-hyper-media-images/product_images_5129ba26-6929-40cd-9714-508fd5d35c9b_968ee031-30ed-4e60-a408-41c0884ef1c0_original.png,2026-05-23T21:23:53.890537+00:00,,,
the-plug-crown-heights,pUIVEPiuMN,5eb9771d-17a3-48e6-b420-c6cbe653765f,CRU - Tropicana Cookies | 1G Infused PreRoll,CRU,preroll,1g,1600,29.91,0,sativa-dom,TRUE,,,2026-05-23T21:23:53.890537+00:00,,,
the-plug-crown-heights,nPCbSeFC7g,c20a2f1e-8fc3-4f58-9a76-3b33f12857c3,Adirondack Flowers - Mellon Collie | 3.5G,Adirondack Flowers,flower,3.5g,4500,29.08,0,,TRUE,,https://storage.googleapis.com/maui-prod-hyper-media-images/product_images_b7e567a0-d611-48f0-a572-812f8370c242_154104f5-5651-4f96-92a7-e32817ab8557_original.png,2026-05-23T21:23:53.890537+00:00,,,
the-plug-crown-heights,jZ5jP93nQo,c4231a6c-c629-415b-973d-a77b55c20a70,Ruby Farms Rose Joint - Grand Daddy Purple | 1.5G Hash Infused Joint,Ruby Farms,preroll,1.5g,3000,42.4,0,indica,TRUE,,,2026-05-23T21:23:53.890537+00:00,"Ruby Farms’ Grand Daddy Purple “Ruby Rose” pairs signature berry and grape sweetness with soothing indica calm, hand-rolled in natural rose petals for a truly elevated experience. Infused with premium hash, this 1.5g pre-roll offers rich flavor, smooth smoke, and deeply relaxing effects—perfect for serene evenings or moments of quiet indulgence.",,
the-plug-crown-heights,IHy8aByado,281260a8-eaac-4034-a202-a1116fb767c8,Anthem Bold - King Louis XIII | Glass Tip infused Pre-Rolls 5pk,Anthem,preroll,2.5g,4000,41.608,0,indica,TRUE,,https://storage.googleapis.com/maui-prod-hyper-media-images/product_images_34627a74-4061-4cf9-97fd-24e9a60db9c1_6f381bb0-ac76-47f9-b348-7643f10b26ef_original.png,2026-05-23T21:23:53.890537+00:00,"**ANTHEM BOLD GLASS TIPS:** Anthem Bold looks different, feels different, and hits different. Our Bold infused pre-rolls feature: * Higher potency for an elevated pre-roll experience * Glass tips to deliver a bolder strain experience **King Louis XIII** A classic indica that carries sharp pine and earthy musk, accented by spicy OG Kush lineage.",,
the-plug-crown-heights,lyO7MRMAwc,98b60977-7b68-4095-9f5d-196af775396f,To The Moon - Blue Moon Dream | 1G Live Resin Liquid Diamonds Disposable,To The Moon,other,1g,5300,93.82,0,sativa,TRUE,,https://storage.googleapis.com/maui-prod-hyper-media-images/product_images_90fa0175-4931-4c36-b4cd-a76480004c72_23b0b791-bb2f-4e5c-9318-7e55020afab0_original.png,2026-05-23T21:23:53.890537+00:00,Live Resin + Liquid Diamond Vape delivering true plant terpene flavor and powerful potency in every pull. The combo of live resin and liquid diamonds creates a highly desirable full spectrum high with rich flavor and elevated strength. Finished in a 100 percent recyclable aluminum body built for premium performance and sustainability,,
the-plug-crown-heights,g8E6EvUex0,27bddf91-7fdc-42ac-8856-c827d544450d,Anthem Bold - Watermelon Z | Sweet Wood Tip infused Pre-Rolls 5pk,Anthem,preroll,2.5g,4000,41.032,0,50/50,TRUE,,https://storage.googleapis.com/maui-prod-hyper-media-images/product_images_e68d6a85-0206-4b0b-a5de-a2e6632546dd_6ab8fd50-eff3-478b-90f9-0ee28e28e161_original.png,2026-05-23T21:23:53.890537+00:00,"ANTHEM BOLD WOOD TIPS: Anthem Bold looks different, feels different, and hits different. Our Bold infused pre-rolls feature: Higher potency for an elevated pre-roll experience. Sweet Wood Tips to enhance the flavor experience Watermelon Z An indica-dominant hybrid with juicy fruit aroma, blending watermelon sweetness and confectionery richness.",,
the-plug-crown-heights,I8KxNdj7rQ,c3728155-27f4-4e5c-a149-1c024597861d,Budd - Permanent Marker | 1G Pre-Roll,Budd,preroll,1g,1500,20.163,0,50/50,TRUE,,https://storage.googleapis.com/maui-prod-hyper-media-images/product_images_8c1dccbd-5378-47ea-8ad7-ae96b83c97c0_b9d564d4-c5a1-474d-b915-69da6e904752_original.png,2026-05-23T21:23:53.890537+00:00,"Uncap the funk with Permanent Marker. This award-winning strain hits with an intense, unmistakable aroma of floral soap, sweet candy, and sharp diesel fumes. A potent cross of Biscotti, Jealousy, and Sherb Bx, this joint offers a heavy, creative high that lingers for hours—perfect for daytime chilling or artistic sessions.",,
the-plug-crown-heights,l1UZRbAVpF,ae618b5e-dc1d-4de5-aed5-949fd0b513ee,Revert - Lemonade | 100mg Scored Gummy,Revert,edible,,1800,100,0,50/50,TRUE,,https://storage.googleapis.com/maui-prod-hyper-media-images/product_images_0eaa1370-6506-4454-bd26-6ab8040d4147_41cccefb-ebc0-4d4d-a293-0eb807f7f12d_original.png,2026-05-23T21:23:53.890537+00:00,"Revert Lemonade 100mg Gummy Pack Revert THC Gummies are crafted for consistency, convenience, and a clean edible experience. Each package contains 10 easily separable 10mg portions (100mg total) for simple, precise dosing. Made with cannabis distillate and a pectin-based (gelatin-free) formula, these gummies offer a smooth, reliable effect and a soft, chewy texture, and are vegan-made. Lemonade offers a zesty citrus flavor with a lightly sweet, refreshing finish.",,
the-plug-crown-heights,QHY6JO3zyf,244c4c21-0efd-4803-b9b9-09146ac38a22,Grön- Sour Grape Mega,Grön,edible,20g,1800,100,0,indica,TRUE,,https://storage.googleapis.com/maui-prod-products/422821e5-fad5-4e72-8fde-dfd3c8e19d22--dd84cdb8-b80d-46f9-961e-c85cb8501dd5.jpeg,2026-05-23T21:23:53.890537+00:00,,,
the-plug-crown-heights,8jeiHQp17Z,d8b60ad9-5bbf-4642-922e-7e207ad3c23e,Claybourne Co. - Peach Pie | Flyers Infused 1.5G Blunt,Claybourne Co.,preroll,1.5g,3600,47.3,0,sativa,TRUE,,https://storage.googleapis.com/maui-prod-hyper-media-images/product_images_5b87fb98-1789-4310-b1e0-722950d6ae8d_069ae51d-dc3e-4c5d-9388-f794422c97e7_original.png,2026-05-23T21:23:53.890537+00:00,"Meet the 'Loudest on the Block': Flyers 1.5g Infused Blunt. Crafted from premium indoor, full nug flower infused with THCa & liquid diamonds, natural terpenes and wrapped in an herbal blend cone made of chamomile, cacao, & yerba maté. A badass blunt built better.",,
the-plug-crown-heights,zEHe42zzZi,7e5df444-d3da-4728-9374-58ade72a1641,Camino Chews - Pineapple Paradise | 1:1 THC:CBC (100MG),Camino,edible,46g,3000,100,0,50/50,TRUE,,https://storage.googleapis.com/maui-prod-hyper-media-images/product_images_9e622764-cf64-4c8b-ba85-ec771f2dbfe7_08f24333-44eb-4a1b-97ce-a1273ef9f978_original.png,2026-05-23T21:23:53.890537+00:00,"Picture yourself on a tranquil seaside trail, the gentle breeze carrying the scent of fresh pineapples and the rhythmic sound of waves lapping at the shore. This is the feeling Pineapple Paradise ‘Bliss’ Camino Chews bring- a state of pure euphoria and contentment. Each sweet, tropical fruit chew is infused with 10MG THC and 10MG CBC plus hybrid-like terpenes carefully crafted to elevate your mood into a realm of blissful relaxation. THC provides a gentle uplift, while CBC supports natural mood enhancement. Hybrid-like terpenes promote harmony from within for those times your body needs some extra TLC. The tangy sweetness of pineapple pairs perfectly with this uplifting formula, making each bite a moment of pure paradise. Like a mini vacation for your mind, Pineapple Paradise ‘Bliss’ Camino Chews are your go-to treat when you want to escape to an inner oasis, leaving your worries behind and embracing an experience of tropical tranquility.",,
the-plug-crown-heights,NdH9lwPUqh,559df2e9-369d-40de-9369-43eb37587bca,Hudson Cannabis - Baked Apple |1G Cart,Hudson Cannabis,other,1g,5500,91,.14,,TRUE,,https://storage.googleapis.com/maui-prod-hyper-media-images/product_images_6734833d-a0c3-40d1-b4e5-8689486c1ea9_74617526-4f48-4749-98b6-918472dc693f_original.png,2026-05-23T21:23:53.890537+00:00,,,
the-plug-crown-heights,O5kL0wmKCm,e65845ff-1a0c-41f0-a663-b137bcb8cf6d,Mind Melters - Green Crack | 1G Cold Cure Live Rosin,Mind Melters,concentrate,1g,6000,70.23,,,TRUE,,,2026-05-23T21:23:53.890537+00:00,,,
the-plug-crown-heights,GoccqQhyVf,4243c60f-d7b8-41bb-baf0-0d2c6a8f286f,Gypsy Weed - Kombucha Oreo 28g,Gypsy Weed,flower,28g,14500,24.19,0,50/50,TRUE,,https://storage.googleapis.com/maui-prod-products/422821e5-fad5-4e72-8fde-dfd3c8e19d22--de285207-a28f-4bea-a34e-a4c45b981171.png,2026-05-23T21:23:53.890537+00:00,,,
the-plug-crown-heights,qzSlZLvSZC,6adfaab3-81a3-4078-ac51-f1049a2d9d43,Stiiizy - White Raspberry | 1G Disposable,STIIIZY,other,1g,4500,79.12,,indica,TRUE,,,2026-05-23T21:23:53.890537+00:00,,,
the-plug-crown-heights,dPywAr9OQD,0fa26206-01b0-49f6-bfba-06964d79f04f,Off Hours - Overglow : Tangerine Sunrise | 10:4 Sour Rope 100mg,Off hours,edible,30g,2400,10,0,sativa,TRUE,,https://storage.googleapis.com/maui-prod-hyper-media-images/product_images_593b1a36-577a-425a-acaf-a58c76630f05_48988fea-12cd-43bb-8541-fb6d80c673b5_original.png,2026-05-23T21:23:53.890537+00:00,"Off Hours Tangerine Sunrise Overglow ropes are the perfect pick me up throughout your day. Specially formulated with an energizing blend of THC and CBG for a happy, uplifting high. FLAVOR: Tangerine Sunrise (sour) SIZE: 1ct STRENGTH: 100mg THC (10mg/serving) | 40mg CBG (4mg/serving) Effect: Energy SUGGESTED USE: Start with 1/2 of a section. Wait 1 full hour before increasing dose. INGREDIENTS: Organic Cane Sugar, Reverse Osmosis Water, Organic Tapioca Syrup, Organic Fruit Juice From Concentrate, Fruit Pectin, Organic Fruit Flavoring, Natural Food Coloring, MCT Oil, Cannabis Extract, Soy Extract, Malic Acid, Terpenes",,
the-plug-crown-heights,XGWAk6AAEz,4d4942c2-9e90-4f7b-a14b-763454393c08,MFNY - Yellow Beltz | Live Resin Tincture,MFNY,tinctures,15,4800,393.30,0.97,sativa,TRUE,,https://storage.googleapis.com/maui-prod-hyper-media-images/product_images_e72e8a4a-78b3-4a31-852b-f33c375d1427_0da353d6-edbd-4f45-afd0-16a5f68de86e_original.png,2026-05-23T21:23:53.890537+00:00,,,
the-plug-crown-heights,x7CNTcSQ09,5264b673-15fa-4134-be5b-761c7c872278,Claybourne Co. - Lemon Cherry Gelato | Flyers Infused 1.5G Blunt,Claybourne Co.,preroll,1.5g,3600,86.774,0,50/50,TRUE,,https://storage.googleapis.com/maui-prod-hyper-media-images/product_images_c5651c35-099d-43d7-b2ad-611659738c8a_c5aa4db8-4852-4a04-8181-4383cf9a1bca_original.png,2026-05-23T21:23:53.890537+00:00,"Meet the 'Loudest on the Block': Flyers 1.5g Infused Blunt. Crafted from premium indoor, full nug flower infused with THCa & liquid diamonds, natural terpenes and wrapped in an herbal blend cone made of chamomile, cacao, & yerba maté. A badass blunt built better.",,
the-plug-crown-heights,MzUv8cZAps,17e29aae-f3d9-469b-929d-58d15ce77a90,MFNY - Chemdog | 1g Live Resin Badder,MFNY,concentrate,1g,6500,35.14,0.134,,TRUE,,https://storage.googleapis.com/maui-prod-hyper-media-images/product_images_9b057221-b2c9-45b8-b38a-c9d62f6286fa_f32a0098-bbeb-443f-84cd-62c1236578de_original.png,2026-05-23T21:23:53.890537+00:00,"Chemdog is one of the godfathers of modern cannabis history — the genetic backbone of Sour Diesel, OG Kush, and GMO/Garlic Cookies among others. It’s the second of the MFNY Classics that pay homage to the strains that shaped modern cannabis — and the highs they first brought us. MFNY Classics aren’t throwbacks, they’re living proof of what we can do by infusing old-school cultivars with modern processes. All to bring legendary, full-of-life flavors and effects to New Yorkers. MFNY’s Chemdog badder is a premium concentrate made in house, using hydrocarbon extraction method. It starts with our best, in-house grown, bred, and fresh-frozen Chemdog buds. We flash freeze our plants right after harvest to lock in all the trichome-and-terpene-rich goodness of the plant (this is the “Live” part of Resin). Upon the first inhale of MFNY’s Chemdog, your pallet will be met with a striking chemical and funk taste with undertones of earthiness; known to promote an euphoric body high with long-lasting, invigorating cerebral effects that spread to your whole body. Live Resin badder concentrate has a soft, butter-like texture for an easy-to-use, super enjoyable experience. Our Live Resin concentrates are exclusively single-source and produced at the highest of standards in our state-of-art laboratory space, using scientific precision and years of experience, which we’ve proudly gathered together in New York's Hudson Valley.",,
the-plug-crown-heights,uZH0yzaS0p,29faa7dd-5d86-4e8a-8a5c-5a1d51866c48,Stiiizy- Sour Tangie | 1g Disposable,STIIIZY,other,1g,4500,85.77,0,sativa,TRUE,,,2026-05-23T21:23:53.890537+00:00,,,
the-plug-crown-heights,Wn9RhuUAnO,0c17a015-084f-4b9f-ab28-11d48c88f6f4,Zizzle - Silver Haze (3.5g),Zizzle,flower,3.5g,5000,26.7,0,sativa,TRUE,,https://storage.googleapis.com/maui-prod-hyper-media-images/product_images_714f8668-fd99-4aeb-a973-25c3e8824c4d_83f436a5-c907-4592-bf76-1688eb26a8b6_original.png,2026-05-23T21:23:53.890537+00:00,"Silver Haze is a classic and well-known sativa-dominant hybrid cannabis strain. It was first bred by the legendary breeder Sensi Seeds in the 1980s, and if is believed to be a cross between Haze, Northern Lights, and Skunk The strain is known for its strong and uplifting effects, making it a popu- lar choice among recreational and medical users alike. It typically has a high THC content, ranging from 18% to 24%, and produces a potent cerebral high that can induce creativity, euphoria, and a sense of focus. Silver Haze has a distinctive aroma and flavor, with notes of citrus, pine, and spice. Its buds are long and slender, with a bright green color and adsense coating of trichomes.",,
the-plug-crown-heights,RvBX2CWSkb,4ff475ad-692b-4037-888e-d225ddfd9c80,Timeless T2 - ATF |  Energy - 2G Rechargeable Vaporizer,Timeless,other,2g,7900,85.27,0,sativa,TRUE,,https://storage.googleapis.com/maui-prod-hyper-media-images/product_images_78c14400-0e78-4d4c-9050-ed684b2d2fbd_9d266b8a-511e-4f55-bbb0-ec70ef5d162c_original.png,2026-05-23T21:23:53.890537+00:00,"Ignite your creativity with ATF, a strain that fuels the senses with its captivating aroma and effects. This strain, known for its distinctive and energizing profile, envelopes you in a cloud of pungent fuel, earthy undertones, and a burst of cerebral stimulation. ATF, a creatively inspiring strain, serves as an aromatic fuel for the creative soul, capturing the essence of creative stimulation and fueling your imagination. It unlocks new realms of inspiration with each use of the strain. Whether you desire a taste of bold aromas, a burst of mental clarity, or a harmonious blend of stimulation and relaxation, the ATF strain promises to deliver an extraordinary and creatively inspiring experience. Let this strain fuel your creative fire and propel you to new heights of imagination.",,
the-plug-crown-heights,WAOTof6fGQ,610d57d6-87d2-49cb-9d0a-31bf3ee6a9e4,MFNY - Sour Diesel | 1G Live Resin Badder,MFNY,concentrate,1g,6500,63.45,0.137,,TRUE,,https://storage.googleapis.com/maui-prod-hyper-media-images/product_images_58604de5-bee7-4563-bf17-fe872283e1fe_812e74bc-f01d-4bf5-8207-e8ecc6bf0e4d_original.png,2026-05-23T21:23:53.890537+00:00,,,
the-plug-crown-heights,9xrX3m3uYS,c97f7f94-d192-4cf0-b4f3-f6181dfb401d,Grön- 5mg Dark Chocolate Pips | Sleepy Indica 1:1:1,Grön,edible,30g,2200,100,0,indica,TRUE,,https://storage.googleapis.com/maui-prod-hyper-media-images/product_images_d97d30da-0681-44eb-aa14-a5a81ee42ed5_f049d80c-d6db-467a-a15f-5c1b228d8482_original.png,2026-05-23T21:23:53.890537+00:00,"A tiny treat to toast the twilight. These Dark Chocolate Pips are infused with a 1:1:1 ratio of CBD, CBN, and THC, so you can relax a little or a whole lot.",,
the-plug-crown-heights,P6az9FTNko,3b0c8e07-6bc6-4328-b8f5-fbb40bd6a3bd,matter - Grape Gas - | 3.5G Flower,matter.,flower,3.5g,3600,28.83,0,indica,TRUE,,https://storage.googleapis.com/maui-prod-hyper-media-images/product_images_c6fae27d-11e6-4d98-8961-c22430c732d4_8841d8fe-685a-4a3e-a7ec-3b366cc04032_original.png,2026-05-23T21:23:53.890537+00:00,,,
the-plug-crown-heights,rCFDScyaIP,0e3d809b-6e4c-473a-a520-735f560cc68e,Grocery Cannabis - Golden GMO | 28G Flower,Grocery,flower,28g,16000,26.18,0,50/50,TRUE,,https://storage.googleapis.com/maui-prod-hyper-media-images/product_images_03115cdc-4bd3-4b9f-b14a-5cd0c9c8f6c3_b0f69327-c63c-4610-b093-a5e1acb4034f_original.png,2026-05-23T21:23:53.890537+00:00,,,
the-plug-crown-heights,ju5f7xZb4H,95e91372-03c2-4beb-b25d-2c8d98dfec48,Jaunty - Heir Heads | 1G Live Resin Vape Cart,Jaunty,other,1g,6500,74.93,0,indica,TRUE,,https://storage.googleapis.com/maui-prod-hyper-media-images/product_images_d97feb92-1a52-4e73-9986-cb8c732a88b4_4fab6172-73d3-42b3-864e-1d3d27919ba1_original.png,2026-05-23T21:23:53.890537+00:00,,,
the-plug-crown-heights,OF68uEHmUn,7edf13e7-3e83-4487-be1a-3216e3736e59,Jaunty 1G Cart - White Widow,Jaunty,other,1g,4500,90,,50/50,TRUE,,https://storage.googleapis.com/maui-prod-products/422821e5-fad5-4e72-8fde-dfd3c8e19d22--99bcee4e-383c-411a-ab1e-5bec7cd9f254.jpeg,2026-05-23T21:23:53.890537+00:00,"White Widow is a legendary hybrid with origins dating back to the ‘90s. Known for its distinctive peppery citrus aroma, it delivers a mentally stimulating high balanced by a calming, relaxing undertone.",,
the-plug-crown-heights,Kwnv2gZzHc,01a10c82-599f-4acb-aa74-c26dba71f05d,Untitled - Super Lemon Haze | 28g Flower Smalls,untitled,flower,28g,14500,21.9,0,sativa,TRUE,,https://storage.googleapis.com/maui-prod-hyper-media-images/product_images_43640055-cdec-47cb-bc2b-59861754bb01_f8d4b09c-18d5-47b1-8032-627acc3005d8_original.png,2026-05-23T21:23:53.890537+00:00,,,
the-plug-crown-heights,BK3m9ZGVT8,3b4d6981-3044-4d8d-85f8-8e0b5ce955b1,Hudson Cannabis - Grape Pie | 1G Rosin Jar,Hudson Cannabis,concentrate,1g,6500,70,,,TRUE,,,2026-05-23T21:23:53.890537+00:00,,,
the-plug-crown-heights,09F5ikvsW3,99a1c82a-d189-4fa0-a09f-a1d43e413267,Hudson Cannabis - Super Lemon Haze | 0.5G Vape Cart,Hudson Cannabis,other,0.5g,2500,85,.2,sativa,TRUE,,https://storage.googleapis.com/maui-prod-hyper-media-images/product_images_b646f698-4348-4d86-9a6e-fb749ec7f86a_cfe81de6-103f-49c6-af98-1cc1237ef8cd_original.png,2026-05-23T21:23:53.890537+00:00,"Serotonin-Targeted for Happy Days. Super Lemon Haze has a zesty citrus scent, with tart lemon and sweet candy flavors. It’s a cerebral sativa-dominant, with terpenes that amplify energetic effects. Find your creative state of bliss. Our cannabis is processed onsite using gentle, cold-and-slow extraction. The full benefits of the plant are maintained, resulting in the highest-quality THC distillate.",,
the-plug-crown-heights,cJzVq9ltpy,dd22720a-b44c-4438-bbfc-9d421115613c,Ruby Farms Hash Infused - Blueberry DJ Cut | 2pk Pre-Rolls,Ruby Farms,preroll,1g,2100,45.6,0.159,indica,TRUE,,https://storage.googleapis.com/maui-prod-hyper-media-images/product_images_246515e7-6c90-4d18-9ee0-13b8c5fc48a5_2ee43fe7-8651-4f0d-b9a1-187a96c8e50b_original.png,2026-05-23T21:23:53.890537+00:00,"Each expertly hand-rolled joint is infused with premium hash, creating a smooth, rich smoke that enhances the natural flavors of the high-quality indica flower. Wrapped in natural, unbleached hemp, these pre-rolls bring a burst of sweet, fruity blueberry notes balanced by the earthy richness of the hash infusion. This indica-dominant strain delivers deep, full-body relaxation and calming euphoria, making it perfect for unwinding after a busy day or setting the mood for a peaceful evening. The Blueberry DJ Cut Hash Infused 2PK is the ultimate choice for those seeking a premium, soothing experience with every puff.",,
the-plug-crown-heights,H4brdrc8Wn,ea239464-d90e-4338-9f67-0853abb73cd1,butter - Zushi | .5G PreRoll 10PK,,preroll,5g,6000,20.1,0.054,,TRUE,,,2026-05-23T21:23:53.890537+00:00,,,
the-plug-crown-heights,OU0vv0i9WF,3c64a696-f975-4c47-b048-6a9e13634992,Camino Sours Balance Orchard Peach CBD 100mg 10pk,Caminos,edible,39g,3000,100,100,50/50,TRUE,,https://storage.googleapis.com/maui-prod-products/422821e5-fad5-4e72-8fde-dfd3c8e19d22--2842dbe3-07b6-410c-a5da-258706ec4ada.png,2026-05-23T21:23:53.890537+00:00,"Come back to center with notes of lush, ripe peach in a balancing blend of CBD and THC with indica and sativa-like terpenes. Terpenes: Limonene, Beta-Caryophyllene, Myrcene, Nerolidol, Humulene",,
the-plug-crown-heights,jUaErc3yRj,d5cfc4c3-6c1a-4c6e-9228-4109c9382cdd,B Noble - Boogie Wuggie | 3.5G Flower,B Noble,flower,3.5g,4000,28.59,0,indica,TRUE,,https://storage.googleapis.com/maui-prod-hyper-media-images/product_images_87f62499-d66b-471a-a7fe-975c611d92b2_a07fc247-bdd8-478a-ace1-002f05964d1c_original.png,2026-05-23T21:23:53.890537+00:00,,,
the-plug-crown-heights,zbShcwyxoE,c165bab7-1107-438d-a7d4-bd7e2ff51065,Claybourne Co. - Banana OG | Flyers Infused 1.5G Blunt,Claybourne Co.,preroll,1.5g,3600,43.5,0,indica,TRUE,,https://storage.googleapis.com/maui-prod-hyper-media-images/product_images_26189a9f-0813-4482-b58d-2230d84952e9_3e833c3e-384f-42ec-9354-ac4d109bae35_original.png,2026-05-23T21:23:53.890537+00:00,"Meet the 'Loudest on the Block': Flyers 1.5g Infused Blunt. Crafted from premium indoor, full nug flower infused with THCa & liquid diamonds, natural terpenes and wrapped in an herbal blend cone made of chamomile, cacao, & yerba maté. A badass blunt built better.",,
the-plug-crown-heights,shhy4zp9GC,823ab729-a57d-4f0c-b1d5-45154e3fae72,Timeless - Bruce Banner | Live Resin 1G Vape Cartridge,Timeless,other,1g,5500,81.4,0,indica-dom,TRUE,,https://storage.googleapis.com/maui-prod-hyper-media-images/product_images_bb1f62a0-ea5c-45ff-a69e-c8589f78c4a0_fc68f7e8-bd3f-42b9-be20-6a82ef900871_original.png,2026-05-23T21:23:53.890537+00:00,"Bruce Banner brings serious flavor with a balanced punch. A 60% Indica / 40% Sativa hybrid, this strain blends sweet berry citrus with bold diesel and soft floral notes for a profile that hits strong but stays smooth. It’s layered, expressive, and built for moments when you want power without losing control. Known for its bold personality and balanced effects, Bruce Banner delivers an experience that feels energized yet grounded—perfect for staying engaged while keeping things easy.",,
the-plug-crown-heights,xNjGKOJgXJ,d7b523b1-8601-4d25-b801-4051bd603532,Mini Mart - Donny Burger | Darts 7 Pack,mini mart,preroll,3.5g,3200,28.68,0,,TRUE,,https://storage.googleapis.com/maui-prod-hyper-media-images/product_images_74fc5c04-d2d8-44ef-84a2-54c04de75929_2bea293d-f390-4173-9d2c-9c7c6275bd84_original.png,2026-05-23T21:23:53.890537+00:00,"Donny Burger Indica Donny Burger emits that classic weed aroma of savory pine followed by robust dankness. With flavors to match, pine takes center stage on the palate, delivering a fresh finish and exhale.",,
the-plug-crown-heights,2gtUlnyszU,14482af6-d41c-4ffc-b7d2-f10196aebf32,Mind Melters - Sherbanger | 1G Cold Cure Live Rosin,Mind Melters,concentrate,1g,5000,72.06,0,,TRUE,,https://storage.googleapis.com/maui-prod-hyper-media-images/product_images_12b162ce-444f-4468-8f57-60888c7e4e8d_3d3a03cc-65d9-46ce-ae1c-c055d341c8ff_original.png,2026-05-23T21:23:53.890537+00:00,,,
the-plug-crown-heights,Fl1bQVf1ND,f809e503-491a-48e6-aa78-5c0c8d385f5e,Claybourne Co. - Grape Gasolina | Flyers Infused 1.5G Blunt,Claybourne Co.,preroll,1.5g,3600,86.774,0,indica,TRUE,,https://storage.googleapis.com/maui-prod-hyper-media-images/product_images_00d8dbe5-d5ca-4688-8686-1a2e1431705e_901151ec-78f4-44c7-9f33-d6b17de6c11a_original.png,2026-05-23T21:23:53.890537+00:00,"Meet the 'Loudest on the Block': Flyers 1.5g Infused Blunt. Crafted from premium indoor, full nug flower infused with THCa & liquid diamonds, natural terpenes and wrapped in an herbal blend cone made of chamomile, cacao, & yerba maté. A badass blunt built better.",,
the-plug-crown-heights,9URXNQrOJE,e822b00d-bb92-43d2-a666-0679627ce2b4,Revert - Blue Razz | 100mg Scored Gummy,Revert,edible,,1800,100,0,50/50,TRUE,,https://storage.googleapis.com/maui-prod-hyper-media-images/product_images_8150b131-6820-42cf-9eef-97863af094df_6f5714f5-0c6d-4561-9435-eae52a4085f8_original.png,2026-05-23T21:23:53.890537+00:00,"Revert Blue Razz 100mg Gummy Pack Revert THC Gummies are crafted for consistency, convenience, and a clean edible experience. Each package contains 10 easily separable 10mg portions (100mg total) for simple, precise dosing. Made with cannabis distillate and a pectin-based (gelatin-free) formula, these gummies offer a smooth, reliable effect and a soft, chewy texture, and are vegan-made. Blue Razz delivers a bold, tangy-sweet flavor with a bright, candy-like finish.",,
the-plug-crown-heights,pva6ww8eEF,61f74bb1-3199-4854-a5db-b07df5bae3fe,Ruby Farms Classics (7pk pre rolls) Grand Daddy Purp,Ruby Farms,preroll,5g,4700,25.3,0,indica,TRUE,,,2026-05-23T21:23:53.890537+00:00,,,
the-plug-crown-heights,5ku6ObzHJi,d42c30f6-562f-40fe-85f3-aa27d2fb1933,Revert - Paris OG | 14G Kief Infused Ground Flower,Revert,other,14g,7000,24.661,0,indica,TRUE,,https://storage.googleapis.com/maui-prod-hyper-media-images/product_images_3f2793fe-d5f9-4ea9-a0f5-ab4dde4c3cac_2d64f702-53fa-4375-abce-9dcf0feefdb1_original.png,2026-05-23T21:23:53.890537+00:00,"Paris OG brings a classic indica experience with deep relaxation and smooth, earthy flavor. This preground flower is infused with kief to elevate potency and deliver a stronger, more consistent smoke. Ready to roll, pack, or load straight from the bag, this 14g option is built for convenience without sacrificing quality. Expect calming effects that make it perfect for unwinding at the end of the day.",,
the-plug-crown-heights,2ZD6joDFe6,c5fb4f07-9560-4b40-ba9d-fdc227537eaa,untitled - Lemon Pound Cake | 7G,untitled,flower,7g,4500,21.50,0,sativa,TRUE,,https://storage.googleapis.com/maui-prod-hyper-media-images/product_images_97401a6f-5829-4406-a4f7-edf035497b5c_9ae4817d-3d86-4007-be83-c967af708e72_original.png,2026-05-23T21:23:53.890537+00:00,"Bright and zesty with sweet, citrusy cake notes, Lemon Pound Cake delivers an uplifting Sativa high that sparks creativity and keeps energy flowing. A perfect daytime strain for focus, mood boost, and motivation.",,
the-plug-crown-heights,QfmDXHsLTm,7003cba2-5a3e-4194-a72c-9bbbf24b9086,Off Hours - Mystery Flavor X Ice Cream Zundae | Live Rosin Gummies,Off hours,edible,60g,3600,100,0,50/50,TRUE,,https://storage.googleapis.com/maui-prod-hyper-media-images/product_images_bb6bbea7-36d5-4c4f-bb62-ba7cdfbbecd1_566e8d6a-9aea-4fe4-8d65-73e85b2843eb_original.png,2026-05-23T21:23:53.890537+00:00,"FLAVOR: Mystery SIZE: 10CT STRENGTH: 100MG THC (10MG/SERVING) LOOKING FOR A CLUE? NICE TRY. OFF HOURS “MYSTERY FLAVOR” LIVE ROSIN GUMMIES ARE DESIGNED TO KEEP YOU GUESSING. PAIRED WITH ICE CREAM ZUNDAE’S DESSERT AND CANDY NOTES, THEY DELIVER A CREATIVE AND CALMING HIGH THAT MIGHT JUST HELP YOU SOLVE THE MYSTERY... OR NOT. SUGGESTED USE: Start with 1/2 of a gummy. Wait 1 full hour before increasing dose. INGREDIENTS: Organic Cane Sugar, Reverse Osmosis Water, Organic Tapioca Syrup, Organic Fruit Juice from Concentrate, Fruit Pectin, Organic Fruit Flavoring, Natural Food Coloring, MCT Oil, Cannabis Extract, Malic Acid, Sunflower Lecithin",,
the-plug-crown-heights,EhFWrranlM,05e4c2a0-1001-4b51-89ee-7cf7edea53d1,Purps- Crypto Cherries | 3.5G Flower,Purps,flower,3.5g,4500,24.16,0,50/50,TRUE,,https://storage.googleapis.com/maui-prod-hyper-media-images/product_images_9e668c51-0bd5-4c57-bae9-af650507c6ec_30d21b85-f9cd-4e65-b9c1-6a45a982b6c7_original.png,2026-05-23T21:23:53.890537+00:00,"Crypto Cherries is a premium hybrid. it offers a rich, complex aroma that blends sweet dark cherries, tart berries, and earthy spice. It delivers a well-balanced experience, starting with a cerebral euphoria that boosts the mood before settling into a smooth, relaxing body high—perfect for unwinding after a long day.",,
the-plug-crown-heights,rUZ6cUkJ94,ce33a758-28c4-46f0-88ab-4e37af16a521,Jetpacks FJ-Mini (0.6g) Infused PreRoll - Pink Lemonade,Jetpacks,preroll,0.6g,1300,41.54,0,sativa,TRUE,,https://storage.googleapis.com/maui-prod-hyper-media-images/product_images_afae1ae0-656e-493b-9d88-b499f63fbc85_ec8ec1a2-3936-4b9c-803e-e710ebc0c06d_original.png,2026-05-23T21:23:53.890537+00:00,,,
the-plug-crown-heights,6K3c72NlUF,d1c8b40d-eb6b-465c-81ff-b9a8624c3045,MyHi - Super Sativa Berry | 2:1 THC:CBD Gummies,MyHi,edible,26g,2200,100,50,sativa,TRUE,,https://storage.googleapis.com/maui-prod-hyper-media-images/product_images_d8e1e962-0c5a-40aa-bd4d-dbafedca38bf_a45afca5-c121-472b-b6c9-6e3b1890f3dc_original.png,2026-05-23T21:23:53.890537+00:00,"Super Sativa Berry (2:1 THC:CBD + THCv & CBC) - Waterless Live Rosin, Fast Acting Gummies - 10 pieces (100mg) 10mg THC and 5mg CBD per gummy; 100mg THC + 50mg CBD per pack MyHi Solventless Live Rosin Gummies hit different: Fast-Acting with no bitter after taste. Made with Waterless Live Rosin for a clean, delicious taste. Proprietary fast-acting formula activates in 15 minutes or less. Formulated with proprietary blend of 2:1 THC:CBD plus THCv and CBC, our Super Sativa Berry is the perfect social, energetic high.",,
the-plug-crown-heights,OkM3rZUfve,eadc418c-d411-465b-9e6b-0ae961bcdf66,Kushy Punch - 1g Lemon Runtz 510 Thread Vape,Kushy Punch,other,1g,4500,93.96,,50/50,TRUE,,https://storage.googleapis.com/maui-prod-products/422821e5-fad5-4e72-8fde-dfd3c8e19d22--6003c643-68fd-4444-b2d4-a18d98a0433b.png,2026-05-23T21:23:53.890537+00:00,"Get ready to elevate your vaping experience with our game-changing postless vape cartridges! Feel the power of the PUNCH like never before. Crafted with premium cannabis oil, each smooth hit bursts with mouth-watering flavor. Our unique, juicy, all-natural blends make sure one puff is never enough. Plus, our long-lasting, rechargeable battery lets you savor every drop. Dive into our collection of 12 incredible flavors and find your new favorite today!",,
the-plug-crown-heights,ywK0sCLemW,b5256cc0-fc68-47c4-8d2e-2e98d53435bd,Florist Farms - Green Crack | 1G Vape Pen,florist farms,other,1g,5000,84.402,0.18,sativa,TRUE,,https://storage.googleapis.com/maui-prod-hyper-media-images/product_images_2689e195-0f00-45c6-aabd-2b3957f38e02_45b5a52d-0e34-47c2-8caf-3dc3727dba55_original.png,2026-05-23T21:23:53.890537+00:00,"Effect: Sativa Flavor: Citrus forward with floral undertones Ingredients: 100% Pure Cannabis Oil and Cannabis Terpenes Why We Love Florist Farms Located in Cortland, NY, Florist Farms is committed to sustainability. They practice regenerative farming by growing in living soil, using organic compost, and never using pesticides. For over a decade, they have been organic vegetable farmers and donate produce weekly to help support their community. Our friends at Florist Farms are deeply committed to quality and to delivering the cleanest cannabis products in New York State.",,
the-plug-crown-heights,BC5pUbz17M,f3c37138-d02a-40d3-b4d4-5b24ca935646,Florist Farms - Granddaddy Purple | 1G Vape Pen,florist farms,other,1g,5000,80.124,0,indica,TRUE,,https://storage.googleapis.com/maui-prod-hyper-media-images/product_images_8191d3c9-1b3e-4a78-8d60-ad8e8290ccf4_1026c9b1-b32a-4b33-b8c0-b190052839a9_original.png,2026-05-23T21:23:53.890537+00:00,"Effect: Indica Flavor: Creamy sweet with earthy undertones Ingredients: 100% Pure Cannabis Oil and Cannabis Terpenes Why We Love Florist Farms Located in Cortland, NY, Florist Farms is committed to sustainability. They practice regenerative farming by growing in living soil, using organic compost, and never using pesticides. For over a decade, they have been organic vegetable farmers and donate produce weekly to help support their community. Our friends at Florist Farms are deeply committed to quality and to delivering the cleanest cannabis products in New York State.",,
the-plug-crown-heights,6E8cbdXdSR,9db0db19-143a-471f-9e3f-239c0c09197c,Revert - Sour Tangie | 10 Pack 1G Pre-Rolls,Revert,preroll,10g,7500,26.4,0,sativa,TRUE,,https://storage.googleapis.com/maui-prod-hyper-media-images/product_images_b301415b-5578-4d2c-878a-24eb9e8cd3bb_359272af-b61e-4b87-b5c8-631b6822589c_original.png,2026-05-23T21:23:53.890537+00:00,"Sour Tangie is a vibrant sativa strain. This citrus-forward powerhouse bursts with tangy orange zest and diesel funk, delivering an aroma that’s both sharp and refreshing. Its bright, frosted buds radiate with sticky resin and a lively, citrus-pine scent. Sour Tangie hits with an energetic, euphoric rush that boosts mood and focus, making it a go-to for creativity and daytime motivation. The flavor is bold and zesty on the inhale with a smooth, sour finish, pure sunshine in smoke form.",,
the-plug-crown-heights,Yir5tbZ2mg,10f828ce-34bb-4bb2-ad01-c8a22f37da1f,Jetpacks - Key Lime Gelato | 1G Indica Badder,Jetpacks,concentrate,1g,4000,81.73,0,indica,TRUE,,https://storage.googleapis.com/maui-prod-hyper-media-images/product_images_302ccd67-250b-4602-886b-fa06158ce39a_246ca841-f1ad-4197-bcad-9624d7daef08_original.png,2026-05-23T21:23:53.890537+00:00,"JETPACKS KEY LIME GELATO Badder delivers a premium indica concentrate experience in a convenient 1g format. This smooth, whipped extract showcases bright citrus and tropical flavors with fruity undertones that dance across the palate. Each dab melts effortlessly, releasing Key Lime Gelato's signature tart-meets-sweet profile that's both refreshing and indulgent. The indica classification provides deeply relaxing effects perfect for unwinding after a long day, promoting a happy, chill state of mind that eases tension throughout body and spirit. Badder's creamy, spreadable consistency makes it ideal for dabbing, offering potent cannabinoid delivery with exceptional flavor preservation. Whether you're seeking relief from daily stress or simply craving a flavorful concentrate that promotes relaxation, this tropical-inspired extract combines JETPACKS' quality craftsmanship with Key Lime Gelato's beloved genetics for a truly satisfying session.",,
the-plug-crown-heights,sGLuUGLe0a,4c8e4c6b-f86e-47f8-a42e-d98d960f69b5,Ruby Farms - 10 Hash Infused Pre-Rolls | Maui Waui,Ruby Farms,preroll,5g,6400,43.426,0.227,sativa,TRUE,,https://storage.googleapis.com/maui-prod-hyper-media-images/product_images_5960d896-026a-46c5-9a1b-d3b5d6b0acdb_320d64cd-81d6-4dd7-9f3e-4600d866b04c_original.png,2026-05-23T21:23:53.890537+00:00,"Sativa Ruby Farms’ Hash-Infused Maui Waui Doobies pack 5g of tropical sunshine into a 10-pack of 0.5g rolls. Expertly infused with high-quality hash, these prerolls deliver a powerful and clear-headed sativa experience—great for boosting creativity or social hangs. Expect classic Maui Waui vibes of juicy tropical fruit, pineapple, and subtle spicy undertones.",,
the-plug-crown-heights,xbGuz4rah6,1f01ef26-7dc3-4b55-a8e1-62f2c415b54c,Grön - Dark Chocolate |  Indica 100MG Full bar,Grön,edible,3.5g,2200,100,0,indica,TRUE,,https://storage.googleapis.com/maui-prod-hyper-media-images/product_images_638b5889-e496-4290-a72a-6a452694131c_858b0fb3-5bf2-4767-a6f3-a8addd530d70_original.png,2026-05-23T21:23:53.890537+00:00,"Rich and refined, this handcrafted dark chocolate bar is infused with THC to help you settle gently into a very sweet place.",,
the-plug-crown-heights,LlaVpRGmxA,bb4197c4-43e3-4aa5-846f-210dfde0a94f,WYLD- Peach 2:1 CBD:THC,WYLD,edible,40g,2600,50,0,50/50,TRUE,,https://storage.googleapis.com/maui-prod-products/422821e5-fad5-4e72-8fde-dfd3c8e19d22--4750d76b-73f3-40e9-a866-260af0341527.jpeg,2026-05-23T21:23:53.890537+00:00,"New to edibles? Our Peach 2:1 CBD:THC gummies are made with more CBD than THC, making them a great option for easing into edibles. They are made with real fruit and enhanced with a balanced Hybrid terpene profile that may assist in creating a sense of ease and overall well being. --- It’s a little like a vacation for your body. Enjoy! ---",,
the-plug-crown-heights,XhVuHMVeP8,838e87ef-9d0f-46d8-b2fa-e10fb3c92014,Puff - Mule Fuel x Acapulco Gold Bubble Hash | Infused 1G Pre-Roll,PUFF,preroll,1g,1800,44.53,0.12,sativa,TRUE,,https://storage.googleapis.com/maui-prod-hyper-media-images/product_images_bdbd4712-b21e-4f2b-9cba-f3cfae035dda_2e4f0d7c-cef1-4a1e-9e00-f19bb2b405d4_original.png,2026-05-23T21:23:53.890537+00:00,"Mule Fuel Flower rolled with Acapulco Gold Bubble Hash: This dynamic combination merges the invigorating qualities of Mule Fuel with the legendary euphoria of Acapulco Gold Bubble Hash. Prepare for a sensory journey as the zesty essence of Mule Fuel entwines with the earthy notes of Acapulco Gold, creating a truly exhilarating experience.",,
the-plug-crown-heights,632LmOuWcM,ad2bb3c4-e27e-460f-a7bd-624d532704b0,Kushy Punch - Pineapple Jealousy |1G 510 Thread,Kushy Punch,other,1g,4500,90.51,,,TRUE,,https://storage.googleapis.com/maui-prod-hyper-media-images/product_images_32f99e3a-1843-4563-8761-fd542dc702e4_20be63ab-c27a-4866-886f-820a8c843545_original.png,2026-05-23T21:23:53.890537+00:00,,,
the-plug-crown-heights,OJ7qIQxA1Y,b4e60e94-04f2-4f22-9729-37ba88706dcb,Heavy Hitters - Super Lemon Haze | 1G AIO,Heavy Hitters,other,1g,7000,93.41,0.21,sativa,TRUE,,https://storage.googleapis.com/maui-prod-hyper-media-images/product_images_bfb889ab-bd65-499b-aa7d-1b8c5a8ce655_45a3a470-2f31-49ec-a76e-743105f181af_original.png,2026-05-23T21:23:53.890537+00:00,,,
the-plug-crown-heights,E789meIuzE,85a570be-c08f-4db7-885e-4eee89fcd5ef,SunDrift - Strawberry Cream | Dreamy Hard Candies 20pk,SunDrift,edible,70g,3000,50,0,indica,TRUE,,https://storage.googleapis.com/maui-prod-hyper-media-images/product_images_996e9e86-a0bc-4fc8-8819-73025de210f0_63e8bc94-27f0-4823-b0be-0aa6f2567782_original.png,2026-05-23T21:23:53.890537+00:00,"STRAWBERRY CREAM- SunDrift…to Sleep! Our dreamy Strawberry Cream formulation uses full-spectrum cannabis concentrate, and contains 2.5mg of THC, 5mg of CBN and 10mg of CBD for the perfect bedtime treat. This ratio of 4:2:1 will give you sweet dreams while satisfying your sweet tooth.",,
the-plug-crown-heights,c5k9XHCflD,2bc4c1b2-9023-490d-805d-8346e439a87a,Dank - Hawaiian Thunderfuck | Infused Pre-Roll 5 Pack,Dank,preroll,2.75g,5000,38.70,0,sativa-dom,TRUE,,https://storage.googleapis.com/maui-prod-hyper-media-images/product_images_b9ab343a-a8d9-431c-a674-666580f62d79_55328bb7-da66-45e0-8c02-17590cfe07d0_original.png,2026-05-23T21:23:53.890537+00:00,"Hawaiian ThunderfuckIs a sativa-dominant strain that offers much more than its famous mellow high. It delivers a delightful blend of bubblegum and grapefruit flavors, with surprisingly smooth smoke. As a daytime strain, Hawaiian Thunderfuck lives up to its reputation. It provides an instant energy boost, no matter how tired or down you might feel. The uplifting effects create a euphoric, happy, and highly social experience. Just remember to be mindful of your dosage with this potent strain.Feelings: Giggly, Happy, Relaxed",,
the-plug-crown-heights,5oglNoh1UM,a87d6903-0bef-400a-845f-7ac5931e4e39,Hepworth - Bubble Gum x Sherbert | 3.5G Live Resin,Hepworth,concentrate,3.5g,12500,76.03,0,,TRUE,,,2026-05-23T21:23:53.890537+00:00,,,
the-plug-crown-heights,csrPOuOlTe,6bb211ab-a442-4eec-9a44-0d404c6105eb,Kushy Punch - Blue Raspberry Gummies 100mg,Kushy Punch,edible,30g,1600,97.7,0,50/50,TRUE,,https://storage.googleapis.com/maui-prod-products/422821e5-fad5-4e72-8fde-dfd3c8e19d22--192155fc-0184-44bd-8fd1-fa3bc5cf6022.png,2026-05-23T21:23:53.890537+00:00,The new Kushy Experience is here! Fast-Acting individual gummies have arrived! – Each pack contains 200mg THC – Each pack contains 10 individual gummies – Fast-Acting 15 Minute activation – Full-Spectrum Formula,,
the-plug-crown-heights,3GVfVqbQrr,79719c32-a6c7-4dec-9496-ff794d9bb10d,Ayrloom Tincture(300mg THC/ 300mg CBN)- Pillow Talk Drops,Ayrloom,tinctures,1fl oz,5100,300,0,indica,TRUE,,https://storage.googleapis.com/maui-prod-products/422821e5-fad5-4e72-8fde-dfd3c8e19d22--81c64608-a9d2-4fd6-89f0-80088adbc7f3.jpeg,2026-05-23T21:23:53.890537+00:00,,,
the-plug-crown-heights,bFxyAIKkzL,769db002-3770-4a14-a7e4-b9c39552f6cb,"Off hours - ""Banjerine"" Tangerine Sunrise | Live Resin Rope",Off hours,edible,30g,2300,100,0,,TRUE,,https://storage.googleapis.com/maui-prod-hyper-media-images/product_images_c4177893-a288-4061-b4e2-d3db59939f9a_859fd9fc-e58b-41b0-94bf-586bb09539ce_original.png,2026-05-23T21:23:53.890537+00:00,,,
the-plug-crown-heights,Eob4vUX4Bd,5f6e00aa-b828-46a8-b2e2-d579e26b8b64,Jetpacks FJ-Mini (0.6g) Infused PreRoll - Strawberry Sour Diesel,Jetpacks,preroll,0.6g,1300,37.20,0,sativa,TRUE,,https://storage.googleapis.com/maui-prod-hyper-media-images/product_images_6be8b832-e2be-4f63-97b7-7ab121d68c85_246c700f-2bd8-4b85-8ba8-b2c1df6be1a0_original.png,2026-05-23T21:23:53.890537+00:00,,,
the-plug-crown-heights,AQX2e8cOZe,8281a808-1868-409a-af3e-d23b84a3fa7f,LEAL - Stank Breath | 5x 1G PreRolls,LEAL,preroll,5g,4500,29.38,0,indica-dom,TRUE,,,2026-05-23T21:23:53.890537+00:00,,,
the-plug-crown-heights,vHGKgLzfI6,3ea5f9ab-8935-4dc6-8c9c-c9db8b9cf634,Livwell - Strawberry OG Cookies | 28G Flower,LivWell,flower,28g,14000,22.63,0,indica,TRUE,,https://storage.googleapis.com/maui-prod-hyper-media-images/product_images_c11f1878-d98f-4fed-9e3c-719173450e6e_3f116837-040b-4491-88f5-29004a662e7c_original.png,2026-05-23T21:23:53.890537+00:00,"Strawberry OG Cookies Strain is a hybrid strain cross between Strawberry OG strain and Ethos Cookies strain1. It yields a musky incense flavor with a nose of sweet strawberries, dry grapes, and a hint of gas. Strawberry Cookies OG R1, a variation of the strain, has very high cannabinoid levels, which can reach or even exceed 30%, mostly THC. It produces particularly powerful effects, so this strain should be discouraged for less experienced users or those looking for a more mellow experience. The sensations are intense, relaxing and euphoric",,
the-plug-crown-heights,o8L4wYT0c9,082e9e30-e62a-45f4-81dc-314a58503951,Holiday - Night Cap | 0.5G Disposable,HOLIDAY,other,0.5g,2500,61.55,0,indica,TRUE,,https://storage.googleapis.com/maui-prod-hyper-media-images/product_images_78bee54b-fc4c-4484-82b4-f498674fc68a_46798fc5-ee66-4fbd-96d6-c43cb7c4637f_original.png,2026-05-23T21:23:53.890537+00:00,"TYPE/ EFFECT: INDICA 2:1 THC:CBN DESCRIPTION: “Nightcap was inspired by that amazing night that you’ll never forget. It’s the aperitif. It’s the last ritual you do before calling it a night on a new favorite memory. A great night deserves a great nightcap, and with the addition of CBN, you’ll drift off to dreamland in no time. ABOUT THE HARDWARE: The H-bar hardware is USB-C rechargeable and has a window for oil visibility. The compact design of the H-bar fits in the palm of your hand and can be comfortably placed in your pocket. Holiday distillate vapes are flavored with high-quality botanical terpenes.”",,
the-plug-crown-heights,hMePeYGUuq,90c17a28-4d31-489d-ac8f-8d40fb721e16,Florist Farms - Permanent Marker | 5 - 0.5G Live Resin Infused Pre-Rolls,florist farms,preroll,2.5g,4000,34.26,0,indica,TRUE,,https://storage.googleapis.com/maui-prod-hyper-media-images/product_images_ee9010db-caf7-4730-87f7-b8f67b9cf505_97a318cf-67d7-417e-8f7d-15b69fb85c50_original.png,2026-05-23T21:23:53.890537+00:00,,,
the-plug-crown-heights,Jkojkcj2eE,02204991-8ccf-473c-b46a-7c52ef9a41cf,MFNY (0.5g Live Resin Cart) - Rainbow Beltz 2.0,MFNY,other,0.55g,4500,83.96,,50/50,TRUE,,https://storage.googleapis.com/maui-prod-products/422821e5-fad5-4e72-8fde-dfd3c8e19d22--bf9479bb-c771-411d-b20a-4f684100a66d.png,2026-05-23T21:23:53.890537+00:00,"INDICA The MFNY live resin vape cart has a terpene-rich profile of our single-source, in-house produced Rainbow Beltz 2.0 real live resin. We start with fresh-frozen flower buds, then use the hydrocarbon extraction method (plus years of experience and scientific precision) to deliver the purest plant extract. An extract that showcases the cultivar's naturally-produced, full-spectrum cannabinoids and remarkable natural terpenes. Rainbow Beltz 2.0 is known for its tantalizing fruity aromas plus sweet candy undertones. No distillates, added flavors, or alterations. Comes in a 510 Cart with recommended battery settings 2.8 - 3.3V. Do not vaporize live resin at higher temperatures, as it can “burn off” the precious terpenes and aromas we are working hard to preserve; higher temps can also cause an undesirable “burnt” aftertaste.",,
the-plug-crown-heights,yXjShhB58M,2208a00e-26aa-4a35-b3f5-99a337901974,Golden Garden - Bananaconda | 3.5G Flower,Golden Garden,flower,3.5g,4000,28.5,0.05,sativa,TRUE,,https://storage.googleapis.com/maui-prod-hyper-media-images/product_images_9a61d521-52c0-4755-be92-5bd85cc4e410_3f83181d-9f62-41c1-8cb9-a0915028529b_original.png,2026-05-23T21:23:53.890537+00:00,"Bananaconda, also known as “Banana Conda,” is an evenly balanced hybrid strain (50% indica/50% sativa) created through crossing the potent Snake Cake X Dual OG #4 strains. Silly name aside, Bananaconda is a favorite among hybrid lovers for its soothing, stoney high and long-lasting effects that will have you settled down and ready to get to sleep in no time.",,
the-plug-crown-heights,H8184DB3hz,e97212fd-ce63-43df-aaee-36bc3205543d,Florist Farms - Witches Brew | 5 - 0.5G Live Resin Infused Pre-Rolls,florist farms,preroll,2.5g,4000,41,0,indica,TRUE,,https://storage.googleapis.com/maui-prod-hyper-media-images/product_images_df4af918-9f26-4847-81d2-c497e2b16a9f_19e70dd0-026a-4d34-9d89-b04a33237c58_original.png,2026-05-23T21:23:53.890537+00:00,"Effect: Indica Flavor: Sweet and sour with herbal undertones Ingredients: Whole Cannabis Flower, Live Resin Extract, THC-A Diamonds",,
the-plug-crown-heights,ahBNNIebDk,1301d62b-915d-40ef-868c-e62298869c87,Noizey - Sour Cheesecake | 4G Flower,Noizey,flower,4g,4500,28.10,0.139,sativa-dom,TRUE,,https://storage.googleapis.com/maui-prod-hyper-media-images/product_images_63b4e431-5314-481c-8843-8b32abac4f32_65a55ba3-4058-45cc-90fd-2c9985746605_original.png,2026-05-23T21:23:53.890537+00:00,Sour Cheese is a slightly sativa dominant hybrid strain created by breeders at the infamous Devil's Harvest Seed Company as a potent cross between the hugely popular Cheese X Strawberry Diesel strains. Sour Cheese has an infamous taste of pungent earthy cheese with a potent diesel aftertaste and an aroma of cheesy diesel spice. Sour Cheese buds have huge oversized musty green spade-shaped nugs that are covered with dark olive green leaves and rich amber undertones. These nugs are spattered with thin amber hairs and a frosty layer of thick white trichomes and resin.,,
the-plug-crown-heights,MyWxbydnbH,8ee2e525-7301-4b2e-bf93-c02f21a95aa5,Revert - Monster Cookies | 14G Pre-Ground Kief Infused Flower,Revert,other,14g,7000,28.075,0,indica,TRUE,,https://storage.googleapis.com/maui-prod-hyper-media-images/product_images_4bdbc777-a1f0-4a7b-b833-b898ce14c5b8_90d5a141-b669-44bb-b8c9-973a140ed9f6_original.png,2026-05-23T21:23:53.890537+00:00,"Monster Cookies – 14g kief infused ground flower crafted from sungrown indica flower, bred from Girl Scout Cookies × Granddaddy Purple, highlighting sweet vanilla and light herbal tones with a terpene-rich aroma of earth and soft spice. Its character feels rich yet composed. Expect a calming body presence paired with a quiet, settled mindset that fits evening unwinding or slower moments at home. Monster Cookies offers a smooth, dependable finish supported by thoughtful cultivation and infusion.",,
the-plug-crown-heights,B0aePaIAM6,91960893-ede4-4b93-afed-432ee3eb141c,Cannabals - Milk Chocolate Cones | 100mg 10ct,Cannabals,edible,135g,3000,100,0,50/50,TRUE,,https://storage.googleapis.com/maui-prod-hyper-media-images/product_images_7e37be6a-1322-4730-9c53-aa591092f288_98d5c3c9-f11e-455c-8725-93460ed4b8ce_original.png,2026-05-23T21:23:53.890537+00:00,"Crunchy, creamy, and oh-so-dreamy. Cannabals Milk Chocolate Cones bring the ultimate treat in every bite—crispy sugar cones packed with smooth, decadent Belgian milk chocolate infused with 10 mg of cannabis. Rich, satisfying, and dangerously snackable. Each bag comes with 10 cones, but let’s be real—stopping at just one is the real challenge.",,
the-plug-crown-heights,o6Bw7kxEtd,03f34274-7f9c-4b0c-87dc-d1976d4ec9b4,High Peaks - Frodo Squeeze | 1.5G Pre-Roll Pack,High Peaks,preroll,1.5g,1600,22,0,50/50,TRUE,,,2026-05-23T21:23:53.890537+00:00,"Frodo Squeeze is a delightful Hybrid that combines the best of both worlds with its balanced effects and rich flavor profile. This Vibrant and fruity strain is derived from a cross between Fro’Do x Alaskan Yeti. This strain's earthy taste and fruity aromas will have you feeling Uplifted, and relaxed.",,
the-plug-crown-heights,kTQeQgPiEU,eec8206c-71f3-4ca0-a7f1-f2488ec15a00,Ruby Farms - Tangerine Dreams | 10 Hash Infused Pre-Rolls,Ruby Farms,preroll,5g,6400,41.9,0.167,50/50,TRUE,,https://storage.googleapis.com/maui-prod-hyper-media-images/product_images_f05a2a04-886d-4977-95a2-0eae19b6cac4_60f11e6c-2365-4334-95f7-d3ef68394cb8_original.png,2026-05-23T21:23:53.890537+00:00,"Feelings: Uplifted, energetic, happy, and focused. Physical: Provides a balanced body relaxation that is soothing but not intensely sedative in moderate doses.",,
the-plug-crown-heights,IzB1QO00pY,0b48f01b-844d-40e7-b97a-df5e7358a41e,Jaunty - Ruby Red Diesel | 1.5G Liquid Diamonds All-In-One,Jaunty,other,1.5g,7000,95.52,0,sativa,TRUE,,https://storage.googleapis.com/maui-prod-hyper-media-images/product_images_957cecb1-8fb7-431f-bfa6-5144d4391e62_e04b2c5d-68e3-42d4-9bb6-62bcf68c75b1_original.png,2026-05-23T21:23:53.890537+00:00,"Precision and purity meet flavor and convenience. Louder than live extract, richer than full-spectrum, Jaunty Liquid Diamonds incorporates a revolutionary high terpene extract (HTE) enhanced with natural exotic compounds to restore those lost to off-gassing, processing, and extraction. The result? Some of the best-tasting, hardest-hitting versions of cannabis’s most iconic flavor signatures. Louder than live extract, richer than full-spectrum, Jaunty Liquid Diamonds incorporates a revolutionary high terpene extract (HTE) enhanced with natural exotic volatile compounds to restore those lost to off-gassing, processing, and extraction —exotics like thiols, esters, & other high-impact volatiles. This Living Spectrum revives what time, process, and heat take away: the volatile exotics that make each plant alive with intensity, nuance, and unmistakable character. The result? Cannabis flavor as it is in the field. Tasting Notes Pungent and fuel-forward, with plenty of bright, tangy grapefruit funk",,
the-plug-crown-heights,32WZ6K3yYS,756f9cbf-cfeb-460f-bd20-52f78b15ce9e,Heavy Hitters - Gelato | 1g Ultra AIO,Heavy Hitters,other,1g,7000,86.91,0.187,50/50,TRUE,,https://storage.googleapis.com/maui-prod-hyper-media-images/product_images_e6c7ad4a-bcf6-4e0e-b127-0dce93e4e591_cc55bb6d-ca64-4d55-ac75-ca52c0c38464_original.png,2026-05-23T21:23:53.890537+00:00,,,
the-plug-crown-heights,1gV8Uk4p2D,949ff508-a4e9-439e-bb21-c13c18f1bb2e,Lost Farms Gummies- Thorny Berry x OG Kush CBN 10:10 Resin 100mg,Kiva,edible,39g,3000,100,0,indica,TRUE,,https://storage.googleapis.com/maui-prod-products/422821e5-fad5-4e72-8fde-dfd3c8e19d22--f05c414e-64f0-418a-b40b-295ea15c3f96.jpeg,2026-05-23T21:23:53.890537+00:00,"Infused with OG Kush Live Resin Strain Notes OG Kush is an indica-dominant hybrid that's great for supporting sleep due to its relaxing, sedative effects- which are boosted by CBN. It's defined by complex aromas of earthy wood and skunky fuel on a sour citrus pine background. Flavor Notes Dominated by the distinct flavors of black raspberry, this bright, crisp chew also features a sharp gooseberry finish to balance out the savory scents of OG Kush live resin.",,
the-plug-crown-heights,0Jduutu2wj,88867182-3f83-4ea2-a053-6b3efb9b9765,Ayrloom - Bliss | 1G AIO,Ayrloom,other,1g,5000,75,0,,TRUE,,https://storage.googleapis.com/maui-prod-hyper-media-images/product_images_c58d7cf8-96fc-472e-9101-9a6f6efb1ed8_e27a9b0b-1eef-4119-9db9-b8cf23b46fe4_original.png,2026-05-23T21:23:53.890537+00:00,,,
the-plug-crown-heights,2R6Scoslr0,15dbbf89-02f8-490d-950a-b98c9576c017,B Noble - Singapore Sling | 3.5G,B Noble,flower,3.5g,4000,28.51,0,sativa,TRUE,,https://storage.googleapis.com/maui-prod-hyper-media-images/product_images_1a455a2b-7c93-46d1-acb9-ac596259cdf1_3b659f7f-0420-4dc7-a685-a3621ef663df_original.png,2026-05-23T21:23:53.890537+00:00,"Singapore Sling is a sativa-dominant weed strain made from a genetic cross between Creamsicle and Tiki Cookies. This strain is a tropical delight that offers a refreshing and uplifting high. If you’re looking for a strain that can transport you to a sunny island paradise, look no further than Singapore Sling.",,
the-plug-crown-heights,xjmYOOCQbq,a0cf5959-4493-4c1a-bc31-1edde8d3a86c,To The Moon - Rocket Pop | 1G Live Resin Liquid Diamonds Disposable,To The Moon,other,1g,5300,94.78,0,50/50,TRUE,,https://storage.googleapis.com/maui-prod-hyper-media-images/product_images_ca69548d-9fd6-4009-9dff-a89cfca99dbf_fb5e5f65-17b3-41a2-8e82-a182671f45a4_original.png,2026-05-23T21:23:53.890537+00:00,Live Resin + Liquid Diamond Vape delivering true plant terpene flavor and powerful potency in every pull. The combo of live resin and liquid diamonds creates a highly desirable full spectrum high with rich flavor and elevated strength. Finished in a 100 percent recyclable aluminum body built for premium performance and sustainability,,
the-plug-crown-heights,RjdMA9hhq5,f6fa5e95-00d9-42a2-8765-3ab20aef9fc9,Cheevo - Baby Yoda | 7 x 1G Pre-Rolls,Cheevo,preroll,7g,6000,27.59,0,indica-dom,TRUE,,,2026-05-23T21:23:53.890537+00:00,"Hey, I’m Cheevo’s 7 Pack. Strain : Baby Yoda Relaxing body-tingle and calming mental focus Seven individually rolled 1 gram Indica joints. Premium flower. Clean burning paper. Even pulls all the way through. Long week. Long night. Long exhale. Bring the pack.",,
the-plug-crown-heights,pEoyp4gCzu,a2b67c47-12a3-45f4-b7a4-2229f91f4dee,Kickfly's - Cookie Dream |14G Flower,Kickfly's,flower,14g,9000,25.83,0,indica-dom,TRUE,,,2026-05-23T21:23:53.890537+00:00,"An Indica Dominant Hybrid known for providing a cerebral, euphoric, and uplifting high combined with a mellow, functional body relaxation.",,
the-plug-crown-heights,IvtPBWXHHZ,808619ab-8eff-455e-a265-ad143f6be3e9,Florette - Leo Stone's Tourbillon | 3.5g Jar,Florette,flower,3.5g,4000,28.14,0,sativa,TRUE,,https://storage.googleapis.com/maui-prod-hyper-media-images/product_images_737c0c16-161d-4817-84aa-d451f91c23fa_fd150dd6-b597-4b6a-b773-83d6756c52ed_original.png,2026-05-23T21:23:53.890537+00:00,"Provides a strong, euphoric, and cerebral ""headband"" style high. It is highly energizing and focuses-enhancing, making it an ideal choice for daytime productivity and creative pursuits. Whole flower, packed with uplifting natural terpenes and vibrant effects. Florette’s sativa strains are made to energize and inspire.",,
the-plug-crown-heights,VWIpzh3p32,52384b4a-f7a6-4e14-8a70-328623fb9c0b,Alien Labs - Brain Wash | 3.5G Flower,Alien Labs,flower,3.5g,6000,27.03,0,50/50,TRUE,,https://storage.googleapis.com/maui-prod-hyper-media-images/product_images_7df818ff-1525-4903-a249-a33f4f17e9e3_0ebf39ce-68ad-44a3-83ac-0842504b6b6c_original.png,2026-05-23T21:23:53.890537+00:00,"Your favorite celestial cultivators at Alien Labs met the deep forest dwellers at Talking Terps within an astral glade—Brainwash is the result of years of carefully considered deep tissue mind massages for your cerebral cortex. The smell places you in a spice market at noontime, seeking shade under the eaves of a hookah joint—herbal, sweet, citrusy, and minty in the slow swirl of heat. Densely enfolding verdant pyramids, tinted with purple, hide peaks and valleys with fractal dimension above 3.6 and spiritual dimensions only the 4th eye can comprehend. Spicy and buttery on pull, with a sweetness that sits on the tongue and gives way to herbal, earthy, slightly tangy notes on the exhale. A very potent hybrid—sedating, calming, and mind-wandering, without overwhelming distraction. Perfect for a Friday slide into the weekend or a mellow ramp up to a more charged evening outing.",,
the-plug-crown-heights,FrtTRt3xQ6,128e9b2b-000b-47b1-b630-668c91e07b69,Connected - Gascotti | 3.5G Flower,Connected Cannabis Co.,flower,3.5g,6000,26.77,0.075,indica,TRUE,,https://storage.googleapis.com/maui-prod-hyper-media-images/product_images_0cddb186-98ef-45fe-ae30-ce1d99cf1c58_07a99ae4-bf72-4ba8-8f54-77d3d9678f47_original.png,2026-05-23T21:23:53.890537+00:00,"Lineage: (SFV OG x RC14) x Biscotti Gascotti comes through loud and unmistakable. Dense, spongey buds shine with a silvery, wet frost over layers of lime and forest green, threaded with rusty orange pistils. The jar opens with a sharp rush of mentholated gas. Crack a nug and it only gets louder, coating the senses with fuel-forward funk and a subtle creamy sweetness underneath. On the inhale, pine and kerosene hit fast with immediate lung expansion. The exhale softens into floral lavender and a light powdered sugar finish, where the Biscotti influence lingers. Heavy, wave-like effects follow. A euphoric head change lifts the mood before melting into deep, full body relaxation, making Gascotti an ideal end of day smoke for experienced consumers.",,
the-plug-crown-heights,Um6h26C6c9,9f47665e-9829-4262-a748-67eca4070267,Find. - Martian mints | - | 1g Pre-Roll,Find.,flower,1g,1100,35.30,0.115,indica,TRUE,,,2026-05-23T21:23:53.890537+00:00,"Unwind into deep space with Find – Martian Mints (Indoor) – 3.5g, a premium indica flower cultivated indoors for maximum purity, potency, and flavor. This cosmic strain features dense, frosty buds and a rich terpene profile that blends cool mint, earthy herbs, and subtle diesel notes—perfect for evening sessions and relaxation rituals. Martian Mints delivers calming, full-body effects that soothe the muscles and quiet the mind, making it ideal for winding down, stress relief, or setting the mood for deep rest.",,
the-plug-crown-heights,NAkzCn7Dnt,ce360291-f51d-4063-be19-4422b6f1081f,5BORO - Blue Hawaiian | 3.5G,5BORO,flower,3.5g,4200,22,0.068,sativa,TRUE,,https://storage.googleapis.com/maui-prod-hyper-media-images/product_images_9526d3a9-38de-4f1a-8831-08c1afbc3326_c265e4a5-e6ee-46a6-b6b4-6aface5b48fc_original.png,2026-05-23T21:23:53.890537+00:00,,,
the-plug-crown-heights,vBIno1F10i,af6a09d0-3372-43f2-bdc9-8e7a1d3ace95,STIIIZY - Unbleached Papers 1 1/4,STIIIZY,merch,,200,,,,TRUE,,https://storage.googleapis.com/maui-prod-hyper-media-images/product_images_c5706238-4480-4d84-979e-c2f0fa1daf18_1ec660ab-cbe9-478d-a3c9-74e2063ec08e_original.png,2026-05-23T21:23:53.890537+00:00,,,
the-plug-crown-heights,BQe5EKJmN0,9eff24f0-50b1-4780-97a0-ebf069e877ad,Sugar Treez - Lemon Cherry Beltz | 3.5g Flower,Sugar Treez,flower,3.5g,3000,22.68,0,sativa-dom,TRUE,,https://storage.googleapis.com/maui-prod-hyper-media-images/product_images_363d23d6-e016-4627-9b29-0331a02bafd3_20af91a9-3304-4050-82f3-5430a1b2bb3b_original.png,2026-05-23T21:23:53.890537+00:00,,,
the-plug-crown-heights,AXWHVbsn8g,0d69ba4f-5ab1-4ae9-9559-fe07db2c2f01,Claybourne Co. - Watermelon Z  | Gassers All-In-One 1G Liquid Diamonds Vape,Claybourne Co.,other,1g,6000,89.23,0,indica,TRUE,,https://storage.googleapis.com/maui-prod-hyper-media-images/product_images_4c8b2e5c-bf06-40e1-a622-d5d304fba23a_f19d1eff-1682-497c-8345-8d8eb0dbf54a_original.png,2026-05-23T21:23:53.890537+00:00,"Watermelon Z - Indica Flavor profile Fruity, Earthy, Sour, Sweet. Meet the cleanest and the meanest, Gassers All-In-One Vape. Powered by 100%, uncut liquid diamonds delivering next-level potency & flavor in a personalized, pocket-ready device. Built tough, tuned for performance, and certified clean so you can stay always on the gas.",,
the-plug-crown-heights,7BrW8fb0Yu,358eac80-1c09-4b7f-8b96-65a6007c59dc,Claybourne Co. - Mango Machine | Gassers All-In-One 1G Liquid Diamonds Vape,Claybourne Co.,other,1g,6000,90.2,0,50/50,TRUE,,https://storage.googleapis.com/maui-prod-hyper-media-images/product_images_d9f7f187-3008-416f-ab0f-3286e8b97037_546426ad-060c-4a34-8064-28705ca81a16_original.png,2026-05-23T21:23:53.890537+00:00,"Mango Machine - Hybrid Flavor Profile - Tropical, Fruit, Sweet Meet the cleanest and the meanest, Gassers All-In-One Vape. Powered by 100%, uncut liquid diamonds delivering next-level potency & flavor in a personalized, pocket-ready device. Built tough, tuned for performance, and certified clean so you can stay always on the gas.",,
the-plug-crown-heights,rC7NzIsgXC,5c14a745-30c6-4340-90f6-184fadcbc8bc,STIIIZY - King Size Classic Papers,STIIIZY,merch,,200,,,,TRUE,,https://storage.googleapis.com/maui-prod-hyper-media-images/product_images_9db3ceba-ca7e-4818-bde2-75132cbf0f6d_ba09006c-e836-4747-82b6-929a6cf9224c_original.png,2026-05-23T21:23:53.890537+00:00,"Discover the rich heritage of smoking with STIIIZY's Classic King Size Rolling Papers. These premium rolling papers blend traditional craftsmanship with modern quality, offering a superior smoking experience. Ideal for enthusiasts who value both classic and contemporary features, STIIIZY's Classic Rolling Papers provide a smooth, consistent burn every time.",,
the-plug-crown-heights,Dhyz0udZGg,2b22d1a4-80b5-45fe-9ce2-18258aa962f1,Lost Farms Gummies- Raspberry x Wedding Cake Resin 100mg,Kiva,edible,39g,3000,100,0,indica-dom,TRUE,,https://storage.googleapis.com/maui-prod-products/422821e5-fad5-4e72-8fde-dfd3c8e19d22--a8aa171d-987c-4089-8830-fdee5ee9c45c.jpeg,2026-05-23T21:23:53.890537+00:00,"Infused with Wedding Cake Live Resin Strain Notes Boasting the tart fruitiness of Cherry Pie and the creamy vanilla sweetness of GSC, this potent indica-dominant hybrid strain is accented by a background of earthy, peppery flavors. Flavor Notes The tart, fruity and vanilla aromas of the Wedding Cake strain give character to this gummy’s sweet, bright berry flavors.",,
the-plug-crown-heights,aZoe73Isrf,b29c9444-f136-47af-8897-3912cbd9e0ed,Smoakland - Jack The Ripper | 28G,Smoakland,flower,28g,10600,22.8,0,sativa,TRUE,,https://storage.googleapis.com/maui-prod-hyper-media-images/product_images_25f78b52-296b-497e-b852-742a5dedd669_7a0c2677-ba7b-4ef0-99a6-c40475fd4074_original.png,2026-05-23T21:23:53.890537+00:00,,,
the-plug-crown-heights,laNFP8WMd9,83420648-a107-4556-855d-e8b5ac0f546f,Jaunty (Fast-Acting) - Mango Sunrise (100mg),Jaunty,edible,50g,2400,100,0,sativa,TRUE,,https://storage.googleapis.com/maui-prod-products/422821e5-fad5-4e72-8fde-dfd3c8e19d22--3ee2ed43-d47b-4b03-bc55-a541100722ba.png,2026-05-23T21:23:53.890537+00:00,"Let’s get Jaunty. These fast-acting gummies provide just the right amount of boost thanks to the carefully crafted blend of THC, CBG, CBD, and sativa effects-based terpenes. Experience a refreshing wave of energy and creativity that helps you stay focused and uplifted throughout the day. 10pk; 100mg total.",,
the-plug-crown-heights,IFmOCxKrJF,3fe7c264-97d7-428a-b747-c4725be9b67b,Florist Farms - Sour Green Apple Gummies | 20MG x 2PK,florist farms,edible,,600,20,0,,TRUE,,https://storage.googleapis.com/maui-prod-hyper-media-images/product_images_11ad601f-e11a-4bce-b422-6a640dbbc328_c3c54835-046e-4bc5-b9e8-7b4c843e1c20_original.png,2026-05-23T21:23:53.890537+00:00,"These vegan gummies are made with real fruit and organic ingredients. If you’re looking for a gummy that actually tastes good, these are a top pick. They are genuinely some of the best gummies we’ve tried. Experience the perfect high with Florist Farms' Sour Green Apple gummy. Made with real apple juice, this gummy blends tangy flavor with 10mg of THC, delivering a euphoric experience. Dose: 10mg THC per gummy (Easy to split in half for a 5mg dose) Quantity: 2 Gummies Flavor: Tart and tangy sour apple Effects: Balanced, easy, euphoric high",,
the-plug-crown-heights,gavOdppsJJ,c17a7a4f-272a-4f39-93fd-0497ef277ce1,Grön - Peach Mango Mega,Grön,edible,20g,2000,100,0,,TRUE,,https://storage.googleapis.com/maui-prod-hyper-media-images/product_images_60e66488-831c-4c7f-89a5-5fe5419766a1_67b1b94e-4dc6-4be5-82b9-374ce7eeba2e_original.png,2026-05-23T21:23:53.890537+00:00,"Let this one teleport your tastebuds. Peach Mango MEGA bursts with sun-drenched peach and lush mango, finished with a tart snap that keeps you coming back. Smooth, bright, and built for feel-good escapes, whether you’re on a beach or just pretending to be.",,
the-plug-crown-heights,n7kXGnqYvS,c5f68b64-24a1-41fc-a8c6-a9fb989c6ca7,Synergy - Blue Gushers | 1G PreRoll,synergy,preroll,1g,1300,25.6,0,,TRUE,,,2026-05-23T21:23:53.890537+00:00,,,
the-plug-crown-heights,Q32iAnylUh,4da37a36-8c69-406b-bbd8-60daaa72fe53,Wana - Stay Asleep 4:1:1: 2| Dream Berry 10MG,,edible,45g,2500,10,20,indica,TRUE,,https://storage.googleapis.com/maui-prod-products/422821e5-fad5-4e72-8fde-dfd3c8e19d22--2a302c03-3ccb-4310-bb75-fec1c5d00cb1.png,2026-05-23T21:23:53.890537+00:00,"These tasty Dream Berry gummies offer a gentle, calibrated solution to the root causes of sleeplessness – including stress and physical tension. Their custom blend of CBD, CBN, CBG, THC, and more than 30 specialized terpenes deliver restful, long-lasting sleep with no next-day grogginess.",,
the-plug-crown-heights,PV6u1WofBC,5483922c-9909-4ac1-b523-92f4e64d94b4,Magnitude - White Widow | 1G 510 Vape,magnitude,other,1g,4000,88.326,0,sativa,TRUE,,https://storage.googleapis.com/maui-prod-hyper-media-images/product_images_fca547b1-2bef-4f57-8ca8-abb817f44cb1_2025ea3e-d6c5-496a-89f8-0b8d30c89f54_original.png,2026-05-23T21:23:53.890537+00:00,"White Widow from Magnitude is a vape cartridge featuring hemp-derived terpenes. This sativa-dominant hybrid is the perfect addition to your morning or afternoon routine. Boasting strong, sweet but zesty flavors and aromas throughout each session, this terpene-rich vape cartridge is sure to be your new favorite.",,
the-plug-crown-heights,SJpdE4CCvO,279fa332-9bed-461b-b0d9-eff67ddf665d,MFNy - Sour Peach x Rainbow Beltz 2.0 | Sleepy MF-er Live Rosin Gummies,MFNY,edible,26.1g,3000,100.22,0,indica,TRUE,,https://storage.googleapis.com/maui-prod-hyper-media-images/product_images_e59dcaa4-33c4-4bb7-9f79-3d30b1e8c630_259d134c-3a72-404a-b08e-25fd20b97064_original.png,2026-05-23T21:23:53.890537+00:00,"A must for edible lovers, these palate-pleasing Sour Peach x Rainbow Beltz gummies are unlike any other edibles you've tried. Our vegan, full-spectrum, cultivar-specific gummies are infused with MFNY’s premium Rainbow Beltz live rosin extract. Superior to distillate, live rosin is made via solventless extraction from premium fresh frozen plants, preserving all the natural terpenes. We use the minimum amount of sugar to highlight the fruity and candy flavors of the Rainbow Beltz, paired with natural flavors of sour peaches.",,
the-plug-crown-heights,BNW6Qf8toE,4dffd77e-b55b-45fe-9c09-88328d2317b6,Stiiizy- OG Kush | 1g Disposable,STIIIZY,other,1g,4500,81.51,0,indica,TRUE,,,2026-05-23T21:23:53.890537+00:00,,,
the-plug-crown-heights,UMQeZDDu85,0b0789a9-5190-4c5e-9d68-394782b28301,Miss Grass - Sour Sherbert | 1G Solventless Infused Pre-Roll,Miss Grass,preroll,1g,2400,42.221,0.121,sativa,TRUE,,https://storage.googleapis.com/maui-prod-hyper-media-images/product_images_d7b9d536-585a-45a6-9ea8-c0bf7ce9b437_268db617-ccea-479e-bb0d-1a98c9557138_original.png,2026-05-23T21:23:53.890537+00:00,"A single 1g *solventless ice water hash infused* pre-roll in a glass tube. Sativa dominant. Our solventless ice water hash starts with freshly harvested, hand-trimmed buds that have been frozen to preserve maximum flavor and potency. Then, ice water is used to separate the gooey good stuff from the plant material, revealing super pure and super delicious full melt hash. This juicy, flavorful live extract is then infused in premium, terpene-rich flower for a full-bodied high with every puff. Feelings Sunny, Bright, Creative, Uplifted, Alert, Inspired, Free",,
the-plug-crown-heights,b5fUD3UJOM,05745321-edc6-4336-bece-3c9c148352f6,Magnitude - Kush Cake | 1G Cart,magnitude,other,1g,4000,85.41,,indica-dom,TRUE,,https://storage.googleapis.com/maui-prod-hyper-media-images/product_images_62d1406a-36b9-4db0-ace2-204f28d962c2_bb40784b-e748-432b-bb95-588cfdd72e5f_original.png,2026-05-23T21:23:53.890537+00:00,,,
the-plug-crown-heights,IRUUxHHFGg,7c4e17cf-75d0-4d00-b877-b13123a8e360,Revert - Watermelon | 100mg Scored Gummy,Revert,edible,,1800,100,0,,TRUE,,https://storage.googleapis.com/maui-prod-hyper-media-images/product_images_db188120-f989-437f-aa38-6503cd8ee6b2_2c607d90-9668-4fe0-b615-ce1f253112fb_original.png,2026-05-23T21:23:53.890537+00:00,"Revert Watermelon 100mg Gummy Pack Revert THC Gummies are crafted for consistency, convenience, and a clean edible experience. Each package contains 10 easily separable 10mg portions (100mg total) for simple, precise dosing. Made with cannabis distillate and a pectin-based (gelatin-free) formula, these gummies offer a smooth, reliable effect and a soft, chewy texture, and are vegan-made. Watermelon provides a light, refreshing flavor with a clean, subtly sweet finish.",,
the-plug-crown-heights,MOktp83ipF,5c64fc4c-d3ca-48c8-9e36-0c902b2e621b,Hepworth - Gorilla Glue x Purple Punch + Alien Rock Candy Bubble Hash | .5G PreRoll 2pk,Hepworth,preroll,1g,1900,31.34,0,50/50,TRUE,,https://storage.googleapis.com/maui-prod-hyper-media-images/product_images_ef7fcaad-157f-4291-8a6e-b4b516126108_acd94afb-caea-467c-bd47-95e99c64098b_original.png,2026-05-23T21:23:53.890537+00:00,"An exquisite combination of Gorilla Glue and Purple Punch. This hybrid strain inherits the best attributes from both parents, as users can expect a blissful experience characterized by a euphoric uplift that gradually transitions into a serene state of relaxation. This strain is ideal for those seeking a potent and flavorful journey that promotes both mental and physical tranquility.",,
the-plug-crown-heights,ek4ZaIrPsg,c125f7f3-bd94-4394-9770-b506de753c00,Revert - King Louis | 14G Homie Pack,,flower,14g,8100,27.8,0.05,indica,TRUE,,https://storage.googleapis.com/maui-prod-hyper-media-images/product_images_da2c8b86-ae4b-44d5-b8e5-b4d26ad62efb_a5661455-d482-43d2-a546-d1e3e0dc1013_original.png,2026-05-23T21:23:53.890537+00:00,"A classic, heavy-hitting indica known for its deep relaxation and grounded effects. King Louis delivers rich, earthy aromas with notes of pine and citrus, creating a smooth, calming experience that’s ideal for unwinding at the end of the day. Best suited for evening use when rest and reset are the goal.",,
the-plug-crown-heights,J0EbSTgybT,87f479f0-9cc9-4685-88ac-777671fa650f,Camino Chews - Forest Berry | 2:1:1 THC:THCV:CBC (100MG),Camino,edible,46g,3000,100,0,,TRUE,,https://storage.googleapis.com/maui-prod-hyper-media-images/product_images_0d2344be-643c-4ed2-bc58-4d7fc88cb031_2b59b069-5677-4748-904b-56d24557df51_original.png,2026-05-23T21:23:53.890537+00:00,"You know those mornings when the snooze button feels more tempting than ever, and your tank is somehow already running on empty? That’s when Forest Berry ‘Energy’ Camino Chews come into play, giving you the push you need to rise and shine with purpose. Each vibrant fruit chew is packed with 10MG THC and 10MG THCV, paired with uplifting sativa-like terpenes designed to fuel your day with energy and enthusiasm. THC provides a gentle buzz and plays a role in promoting balance and well-being. THCV, your motivational sidekick, delivers a boost in mental clarity and energy, making it the perfect companion for tackling everything from morning workouts to creative projects. Sativa-like terpenes add a bright and lively touch, ensuring your senses stay sharp and your spirits high. Forest Berry ‘Energy’ Camino Chews combine the deliciousness of freshly-picked wild berries with an uplifting boost to power through your day with clarity and enthusiasm.",,
the-plug-crown-heights,f6XYSP6cwt,45fc216a-b895-4646-a151-e89d853da9a4,Head & Heal - Full Spectrum RSO | 1G Dablicator,Head & Heal,concentrate,1g,7000,69.74,0.125,,TRUE,,https://storage.googleapis.com/maui-prod-hyper-media-images/product_images_5ce3d0d4-80d8-4333-901c-e994d87ec48a_fcc46e26-627e-4bfb-a22e-73826b001f58_original.png,2026-05-23T21:23:53.890537+00:00,"What is RSO? RSO is one of the most potent and natural cannabis extracts available. Unlike refined oils, RSO keeps the full spectrum of compounds from the plant– THC, CBD, cannabinoids, terpenes, and flavinoids all working together for stronger, longer-lasting effects. Many people choose RSO for help with sleep, pain relief, and overall wellness. How to Use RSO With the Dablicator pen, using RSO has never been easier. Just twist and click to dispense a rice-grain-sized drop - no mess, no syringes, no guesswork. You can dispense directly onto a spoon to injest, add it to a smoothie or warm beverage, or add it to foods (like a cookie or cracker). It can also be disolved into butter or oil for cooking. How do I use Dablicator? Dablicator is easy to use! First, take the green cap off the tip. Then, holding the oil tank with one hand, twist the body of the dablicator– as the device twists, a dispensor button will extend from the bottom. There will be black lines at .025ml intervals and one red line at a .15ml interval. Each batch of RSO will have a different potency, so it is important to review the information on your product's label for exact dosing information. Once you’ve twisted to your desired dose, press the button to dispense the oil. When you’re done dispensing oil, just twist back on the body to stop the flow of oil. When you first use a new Dablicator, you will need to prime it by going through the above steps to use the device and push any residual air pockets out. Once you’ve cleared this air pocket, you’ll be able to use the Dablicator as described above. Visit headandhealthc.com for further instruction on how to use your Dablicator.",,
the-plug-crown-heights,hCDMwUE6FM,93b773a8-9910-4fd7-b733-a75e5eab7481,Wana - Fast Asleep 5:1:1: 1 | Dream Berry,Wana,edible,45g,2500,20,0,indica,TRUE,,,2026-05-23T21:23:53.890537+00:00,"Feel sleepy in just 5-15 minutes... with no next-day grogginess. These revolutionary nighttime gummies deliver a sweet mixed berry flavor, along with a custom blend of CBD, THC, CBG, CBN, and melatonin. They’re also enhanced with more than 30 specialized terpenes, curated based on AI-generated data from thousands of consumer experiences — and all delivered via fast-acting molecular encapsulation technology.",,
the-plug-crown-heights,mw1nFe9juh,fb257d83-8b58-4da6-a331-2942fbb7277f,Boutiq (Snack Pack) - Lime Haze X Pink-Z | (5 x .05g) Diamond Infused PreRolls,Boutiq,preroll,2.5g,5000,41.893,0,sativa,TRUE,,https://storage.googleapis.com/maui-prod-hyper-media-images/product_images_c3d7084a-ab47-4797-8be6-ef86c0cf4424_d200946a-6907-4e3e-8be2-777b46e42c90_original.png,2026-05-23T21:23:53.890537+00:00,"Sharp lime and haze meet sweet candy and berry from Pink-Z delivers a well-rounded flavor experience with balanced, full-body effects.",,
the-plug-crown-heights,tf2rgqJk6Z,98261616-4513-4751-aba0-b5d0bc4750d3,Timeless x Ces - Flip case x 510 Battery,Timeless,merch,,1800,,,,TRUE,,https://storage.googleapis.com/maui-prod-hyper-media-images/product_images_1e3a1c19-2cac-438f-8a84-1049514b4853_50998298-5652-4d6d-946e-50ee8781d16c_original.png,2026-05-23T21:23:53.890537+00:00,,,
the-plug-crown-heights,Ox6X7yMXwA,4fdac0be-14e7-4e62-aea6-ec1f5b016ace,Alibi - Dream Star & Cherry Diesel | 4G Variety PreRoll Pack (4 x 1G),alibi,preroll,4g,4500,25.81,0,,TRUE,,https://storage.googleapis.com/maui-prod-hyper-media-images/product_images_c912ac73-7648-4bc3-ad02-73ec2c606e72_45f09087-4028-4a55-9a74-51fde7140354_original.png,2026-05-23T21:23:53.890537+00:00,"Effects: A combination of 2 Sativa prerolls and 2 Hybrid prerolls to match your mood Aromas/Flavors: Dream Star- Sweet Berries & Cherry Diesel - Notes of citrus, berries, earthy pine",,
the-plug-crown-heights,tTEjEqxpgr,53e74ba7-9d49-48f6-825c-880b417000ed,Flav Belts - Watermelon | Live Resin 100mg 10pk,Flav,edible,40g,1800,100,0,50/50,TRUE,,https://storage.googleapis.com/maui-prod-hyper-media-images/product_images_a132523a-b355-43af-b558-9f1fcc493f43_08ecd8c3-e237-4da7-b536-bbce3b020602_original.png,2026-05-23T21:23:53.890537+00:00,,,
the-plug-crown-heights,dkpkCcEMK6,bd4f8216-80f0-4152-81a9-89204772d4ab,Select Flavor Series - Unicorn Piss | 1G Briq V2,Select,other,1g,5500,84.104,0,50/50,TRUE,,https://storage.googleapis.com/maui-prod-hyper-media-images/product_images_ac5f706e-1aa6-4367-b1fe-2b50c92dcd25_46612e28-d5de-47db-9c5b-4fc8c99e3039_original.png,2026-05-23T21:23:53.890537+00:00,"**Unicorn Piss** An expressive fruit-forward profile built on tropical intensity, Unicorn Piss opens with pineapple, mango, and guava before unfolding into peach, berry, and citrus. Subtle coconut and warm spice linger beneath the sweet, exotic fruit layers.",,
the-plug-crown-heights,REdNAn2AUI,c0ef2146-0a2c-4fe5-8579-1189d4a36d8f,Umamii - GMO | 1g Live Rosin,Umamii,concentrate,1g,7200,77.70,0,indica,TRUE,,https://storage.googleapis.com/maui-prod-hyper-media-images/product_images_84da798c-8c29-4f4f-9ba3-d26c8149023a_994110f6-e2bd-4eee-be05-b04196d754a9_original.png,2026-05-23T21:23:53.890537+00:00,"GMO full spectrum cold-cured live rosin delivers a bold, unmistakable solventless experience prized by true connoisseurs. Crafted from fresh-frozen flower and carefully cold cured to preserve the plant’s complete cannabinoid and terpene profile, this rosin showcases intense savory aromas of garlic, diesel, and earthy funk, balanced by subtle notes of spice and sweetness. The cold-cure process results in a rich, buttery texture and a terpene-forward nose that fills the room as soon as the jar is opened. Each dab offers deep, long-lasting effects, beginning with a euphoric mental haze that quickly settles into heavy, full-body relaxation—making GMO a go-to for evening use and seasoned consumers.",,
the-plug-crown-heights,FJMVfNcUKF,d75d76e6-66a6-491e-8f5e-cf514d4e59a4,Heavy Hitters - Blackberry Lemon | Live Rosin Gummy Pack,Heavy Hitters,edible,21g,3200,100,0,indica,TRUE,,https://storage.googleapis.com/maui-prod-hyper-media-images/product_images_52667120-531a-4a35-8ae1-0cf2b0ff70d2_c057bf36-a40c-4a5f-a609-0d94339d05f3_original.png,2026-05-23T21:23:53.890537+00:00,,,
the-plug-crown-heights,OEBw1Udd8t,74bbaed4-d735-4ca6-b00b-494512888adb,Papa & Barkley - 1:3 Releaf Balm - | 50ml,Papa and Barkley,topical,15,9000,300,00,50/50,TRUE,,https://storage.googleapis.com/maui-prod-hyper-media-images/product_images_453fecd7-e726-4b38-80a1-5c89219e5b99_3c75fe39-d6c5-4202-bf7f-53e81a5567eb_original.png,2026-05-23T21:23:53.890537+00:00,"The 1:3 balm is rich in THC and provides relief to deep discomfort and sore muscles. Our award-winning, all-natural balm formula is enriched with nourishing oils including eucalyptus, tea tree, peppermint and lavender. ‍ Papa & Barkley’s Releaf Balms are made with our signature solventless, chemical-free infusion process to preserve the plant’s full spectrum of cannabinoids, terpenes and phytonutrients for maximum therapeutic benefits and pain relief.",,
the-plug-crown-heights,x6pQ6uCUbQ,60352e34-6832-4fee-84cd-6cfe5223d8c7,Jaunty 1g Cart - Forbidden Fruit,Jaunty,other,1g,4500,87.82,0,indica,TRUE,,https://storage.googleapis.com/maui-prod-products/422821e5-fad5-4e72-8fde-dfd3c8e19d22--b96adff8-7a41-4c9e-99e1-307b36820546.png,2026-05-23T21:23:53.890537+00:00,"Forbidden Fruit is a mouthwatering indica packed with a smooth, fruity-lemony taste accented by sweet berries and pine. Each hit delivers uplifting, euphoric effects leaving you feeling relaxed and content.",,
the-plug-crown-heights,eTHPjgRMsZ,88ce1527-847e-47c8-87f0-db40fd0e608d,Grön - Milk Chocolate | Full Bar | Sativa,Grön,edible,45g,2200,100,0,sativa,TRUE,,https://storage.googleapis.com/maui-prod-products/422821e5-fad5-4e72-8fde-dfd3c8e19d22--bc92aacf-0f94-4e7c-9ac0-e153ec377b97.webp,2026-05-23T21:23:53.890537+00:00,"Delight your senses with the classic taste of buttery smooth Fair Trade milk chocolate. Infused with THC, the sativa effects will make any day so much sweeter.",,
the-plug-crown-heights,w62r5wLSL8,c5c6ed36-bf89-464a-a276-285f6e98ee62,Kickfly's - MuleFuel  |14G Flower,Kickfly's,flower,14g,9000,26.38,0,50/50,TRUE,,,2026-05-23T21:23:53.890537+00:00,"Mule Fuel is a potent, indica-dominant hybrid strain (90% indica/10% sativa) created by Thug Pug Genetics by crossing Lurch and GMO Cookies. It delivers an initial euphoric rush followed by deep physical relaxation and heavy sedation, making it ideal for evening, ""couch-lock"" use.",,
the-plug-crown-heights,oqOMosy01j,0bc23a0b-0653-4f4a-b937-88dfdf1229ce,Jetpacks ( Big Bang Mini) - Lucid Blue | 0.5G Infused PreRoll,Jetpacks,preroll,0.5g,1400,44.42,0,sativa,TRUE,,https://storage.googleapis.com/maui-prod-hyper-media-images/product_images_42d2c90b-7bcf-4d62-a5ab-c149ff8d699b_402dccb6-413e-4fc2-819f-9c2c14dcc76b_original.png,2026-05-23T21:23:53.890537+00:00,,,
the-plug-crown-heights,GTlp9Iuzms,c5807bdc-b6c0-45a0-b382-476935e83d77,Claybourne Co. - Super Sour Apple | Gassers All-In-One 1G Liquid Diamonds Vape,Claybourne Co.,other,1g,6000,88.1,0,sativa,TRUE,,https://storage.googleapis.com/maui-prod-hyper-media-images/product_images_ab145d29-dcb8-48aa-84fe-439fc0f0fc5d_995dbcb2-0547-40b3-97fc-cc8dd9583eb5_original.png,2026-05-23T21:23:53.890537+00:00,"Super Sour Apple - Sativa Flavor Profile - Apple, Pear, Tree Fruit, Tart Meet the cleanest and the meanest, Gassers All-In-One Vape. Powered by 100%, uncut liquid diamonds delivering next-level potency & flavor in a personalized, pocket-ready device. Built tough, tuned for performance, and certified clean so you can stay always on the gas.",,
the-plug-crown-heights,QNq7WgZjDz,45d98274-cefc-4a53-8e68-3410a29729a4,Umamii - Big Head | 1.2G Bubble Hash Infused PreRoll,Umamii,preroll,1.2g,2200,27.80,0,50/50,TRUE,,,2026-05-23T21:23:53.890537+00:00,,,
the-plug-crown-heights,if6IwES5Xp,23e2648b-7840-4f64-9646-896c7c9ee941,The Plug Pack - Guava Blaze | 2g Infused Flower,The Plug Pack,other,28g,12000,30.826,0,50/50,TRUE,,https://storage.googleapis.com/maui-prod-hyper-media-images/product_images_1230d389-59bd-412e-8444-8c21fb61c313_3812bb54-8f4d-4334-b9c1-8b90d5fd6048_original.png,2026-05-23T21:23:53.890537+00:00,"A sativa Dominant known for its tropical, creamy sweetness and energetic, euphoric effects. it is popular for daytime, creative, and social use. It is celebrated for its ability to enhance focus and boost mood without heavy sedation.",,
the-plug-crown-heights,MzBVwYXyYY,80603c12-5252-4fb7-8abf-798f62713cad,Claybourne Co. - Strawberry Cough | Gassers All-In-One 1G Liquid Diamonds Vape,Claybourne Co.,other,1g,6000,89.24,0,sativa,TRUE,,https://storage.googleapis.com/maui-prod-hyper-media-images/product_images_b8035c31-1a03-4cce-8237-dce6b18c48fd_660df256-6a8e-4b35-b39c-f9ce5493f91a_original.png,2026-05-23T21:23:53.890537+00:00,"Strawberry Cough - Sativa Flavor Profile - Berry, Cream, Sweet Meet the cleanest and the meanest, Gassers All-In-One Vape. Powered by 100%, uncut liquid diamonds delivering next-level potency & flavor in a personalized, pocket-ready device. Built tough, tuned for performance, and certified clean so you can stay always on the gas.",,
the-plug-crown-heights,9i7Eps2Wll,1f62fbcc-bf7e-4f38-9243-ee036e9d33d2,Anthem Bold - Blue Raspberry Kush | Sweet Wood Tip infused 5pk,Anthem,preroll,1g,4000,42.401,0.132,indica,TRUE,,https://storage.googleapis.com/maui-prod-hyper-media-images/product_images_c6e5d22f-e44b-496c-9f6b-1ca4ed3241f0_3aa1f2b9-f888-4f87-aee9-ea657145a097_original.png,2026-05-23T21:23:53.890537+00:00,"ANTHEM BOLD WOOD TIPS: Anthem Bold looks different, feels different, and hits different. Our Bold infused pre-rolls feature: Higher potency for an elevated pre-roll experience. Sweet Wood Tips to enhance the flavor experience Blue Raspberry Kush This indica delivers a bold burst of sweet, sour, and tart berry flavor with a floral edge.",,
the-plug-crown-heights,Qqz4HivUOM,2e9a2663-8aa3-4c8a-953e-83b089da25a6,The Botanist - Candy Margy | .5G PreRoll 7PK,The Botanist,preroll,3.5g,3000,13.78,0,indica,TRUE,,,2026-05-23T21:23:53.890537+00:00,,,
the-plug-crown-heights,HQndmp73oS,3b2d421e-bf0f-4063-9089-8bc546546ec3,Miss Grass - Fast Times - Tropicana Cookies | 2G Pre-Roll Pack,Miss Grass,preroll,2g,3200,27.906,0,sativa,TRUE,,https://storage.googleapis.com/maui-prod-hyper-media-images/product_images_cc8f2318-5269-4d7f-a3a8-811d4e32c906_ecec56e1-774e-4d67-b8c8-47dbcb838185_original.png,2026-05-23T21:23:53.890537+00:00,"A pack of five mini .4g pre-rolls of sustainably grown flower with a built-in box of MG matches. Inspired by the theme of ‘Bloom + Play,’ the sativa-leaning Fast Times delivers a refreshing and creative boost for an elevated state of body and mind. Primary terpenes: caryophyllene, limonene, humulene, and pinene",,
the-plug-crown-heights,8GYCvrNzeu,52063ea5-4773-4386-aa46-913602e9e5a1,Randy's Mesh Screens,Randys,merch,,200,,,,TRUE,,https://storage.googleapis.com/maui-prod-hyper-media-images/product_images_ee9100d5-7fee-4e50-9e41-fb4dc30f4f82_327d79e1-9746-4cab-b165-9c73625db133_original.png,2026-05-23T21:23:53.890537+00:00,Each pack contains 20 screens per pack.,,
the-plug-crown-heights,BPtWnW2rWw,fe36cc83-dc72-41e0-9328-179e8986ed0c,Nanticoke - Durban Poison | Cured Resin 1G AIO,Nanticoke,other,1g,5000,79.2,,,TRUE,,https://storage.googleapis.com/maui-prod-hyper-media-images/product_images_741cd25e-0711-4b3d-9a67-956956ac47c5_f590024e-8bc3-437d-86ca-c25fa7f69891_original.png,2026-05-23T21:23:53.890537+00:00,,,
the-plug-crown-heights,P0EXH08gU5,dcb17925-65d8-4a40-9ca1-3ade45260aad,Hashtag Honey - Grape (Live Resin Gummies),Hashtag Honey,edible,50.2g,1600,100,0,indica,TRUE,,https://storage.googleapis.com/maui-prod-hyper-media-images/product_images_905844ed-2161-4a15-b210-d65fd8e903a6_de485870-7f3a-4db7-89c4-d041961ac0a5_original.png,2026-05-23T21:23:53.890537+00:00,"Our Live Resin Nano Infused Gummies deliver fast acting, powerful effects with vibrant natural flavors. Flavor- GRAPE Strain: Grand DaddyPurp 10mg Per Piece- 100mg Per Package",,
the-plug-crown-heights,3weXFFb6j5,b5ef5d48-be56-4c15-a212-2ebd64a10920,Jetpacks - Valencia Orange | 1G Sativa Badder,Jetpacks,concentrate,1g,4000,80.32,0,,TRUE,,https://storage.googleapis.com/maui-prod-hyper-media-images/product_images_4177b4f5-1984-4984-be92-3d4576bf414e_de755660-06d5-4525-88ad-2af9e9dd6113_original.png,2026-05-23T21:23:53.890537+00:00,"Experience bold citrus flavor and premium concentrate quality with Jetpacks – Badder – Valencia Orange, now available at Cannabis Realm of NY. This terpene-rich badder delivers smooth consistency, vibrant aroma, and powerful effects for cannabis concentrate enthusiasts seeking flavor and potency in every dab. Premium Valencia Orange Badder Jetpacks Valencia Orange Badder is crafted for purity, texture, and terpene preservation. With its soft, whipped consistency, badder is easy to scoop, handle, and dose—making it a favorite among concentrate consumers. The carefully processed extraction maintains robust cannabinoid content while preserving the strain’s natural flavor profile.",,
the-plug-crown-heights,Unsiuu5wkz,446d7e98-acb5-4e62-a194-a1564f497958,Select Flavor Series - Blackberry Blast | 1G Briq V2,Select,other,1g,5500,83.909,0.453,sativa,TRUE,,https://storage.googleapis.com/maui-prod-hyper-media-images/product_images_8861880e-98ad-40ec-a46a-6fdc86a0601d_9699918c-5e6d-47eb-b7cb-258b953f27c7_original.png,2026-05-23T21:23:53.890537+00:00,,,
the-plug-crown-heights,ViQP5O6so9,078be98c-22ba-4adb-8bb2-ee32ed4d3859,Hashtag Honey - Ice Cream Cake | Live Resin AIO,Hashtag Honey,other,1g,5000,76.7,,indica-dom,TRUE,,https://storage.googleapis.com/maui-prod-hyper-media-images/product_images_10b81b30-73ee-4d68-8044-cb2af499b344_753e20b5-7821-4554-8407-8e3312f1f2ab_original.png,2026-05-23T21:23:53.890537+00:00,,,
the-plug-crown-heights,vXYTahYPw7,4a52de35-c8ea-4d6b-b04b-58740095b3f6,Hudson Cannabis - Blue Dream | 1G Hash Coin,Hudson Cannabis,concentrate,1g,4900,60,,,TRUE,,https://storage.googleapis.com/maui-prod-hyper-media-images/product_images_652ebf29-c90a-49a0-9957-a2578c5bd1a8_2b2d01ba-b516-4ec1-844e-1c75de9b9393_original.png,2026-05-23T21:23:53.890537+00:00,"Blue Dream tempts the nose like fresh blueberry pie with sweet, sugary fruit and vanilla flavors. This sativa-dominant strain hits quick with uplifting inspiration before dropping you into a truly centered presence. Dream big and release whatever's holding you back.",,
the-plug-crown-heights,GfMEY5w5dZ,2f56c78a-633d-41c8-834c-fbc2545b7862,Claybourne Co. - King Louis OG | Flyers Infused 1.5G Blunt,Claybourne Co.,preroll,1.5g,3600,43.5,0,indica,TRUE,,https://storage.googleapis.com/maui-prod-hyper-media-images/product_images_0defe2b0-1117-402a-9d38-4c4335c45388_c5fe36e1-9a20-490d-9db4-293075a3d33e_original.png,2026-05-23T21:23:53.890537+00:00,"Meet the 'Loudest on the Block': Flyers 1.5g Infused Blunt. Crafted from premium indoor, full nug flower infused with THCa & liquid diamonds, natural terpenes and wrapped in an herbal blend cone made of chamomile, cacao, & yerba maté. A badass blunt built better.",,
the-plug-crown-heights,NnIzFgFZxv,ca6d846a-ff47-49d6-84d6-13a58b8e89c8,Alchemy Pure - Hill Rich + Banana Peel Hash | 3.5G Hash Infused Flower,Alchemy Pure,other,3.5g,7000,48.21,0,indica-dom,TRUE,,https://storage.googleapis.com/maui-prod-hyper-media-images/product_images_09cf64c5-d180-4d07-9bb7-3621cce15859_cae2d7cd-36cb-4aa5-8c28-5dac37da2bd9_original.png,2026-05-23T21:23:53.890537+00:00,Hill rich ( Island Mtn Headband x Double Chem OG) X Banana Peel Hash (Banana OG (Laffy Taffy cut) x Pestilence),,
the-plug-crown-heights,ytqlXL0N1S,55c9857e-00be-4e75-b458-62691a113446,Mind Melters - Mendo Crumble | 1G Cold Cure Live Rosin,Mind Melters,concentrate,1g,5000,73.28,,,TRUE,,,2026-05-23T21:23:53.890537+00:00,,,
the-plug-crown-heights,xmeletit57,1d93f5ca-ae2d-47f0-a899-22dd57d757b2,Jams - Sour Green Apple | 100MG 20pk,Jams,edible,,2500,100,0,50/50,TRUE,,,2026-05-23T21:23:53.890537+00:00,,,
the-plug-crown-heights,pNAM60U0Cm,51438094-ee2f-45b5-85e2-ff870ecc1aee,Ayrloom (5pk x 0.6g) Pre-Rolls - Lychee Dream,Ayrloom,preroll,3g,4000,90.55,0,sativa,TRUE,,https://storage.googleapis.com/maui-prod-products/422821e5-fad5-4e72-8fde-dfd3c8e19d22--f568d06b-c203-4f99-8d05-b0625c1aa4aa.png,2026-05-23T21:23:53.890537+00:00,"Experience a sweet escape with Ayrloom’s Lychee Dream Pre-Rolls. Each pack contains five 0.6G premium pre-rolls, meticulously crafted to deliver a smooth, flavorful experience from start to finish. Infused with the exotic, tropical essence of lychee, these pre-rolls offer a balanced and uplifting high that’s perfect for unwinding after a long day or sparking creativity.",,
the-plug-crown-heights,FRGjFCRfaL,0d90f5f0-7363-442b-99b9-e436321929b9,Hashtag Honey Gummies - Watermelon | Indica,Hashtag Honey,edible,50.2g,1600,10,0,indica,TRUE,,https://storage.googleapis.com/maui-prod-products/422821e5-fad5-4e72-8fde-dfd3c8e19d22--119be751-92a9-45e9-98b6-848df3c15e06.png,2026-05-23T21:23:53.890537+00:00,"HASHTAG HONEY Watermelon Canna Gummies: Juicy Flavor, Refreshing Vibes! Quench your cravings with the sweet, refreshing taste of HASHTAG HONEY Watermelon Live Resin Gummies! Infused with 100mg THC and powered by nano technology for fast-acting effects, these gummies deliver a burst of juicy watermelon flavor that’s perfect for any moment. Crafted with live resin for a rich, true-to-plant experience and made to be vegan and gluten-free, they’re ideal for anyone looking to elevate their day with a fresh, fruity twist. Whether you’re unwinding, boosting your mood, or simply savoring a sweet escape, HASHTAG HONEY’s Watermelon Gummies are the ultimate go-to for cool, refreshing vibes.",,
the-plug-crown-heights,ZfKewscyQ5,e460ced0-a1f4-4d3b-9914-952b01e3d38d,Super Dope - Mega-Z Red | 7 Grams,Super Dope,flower,7g,11800,27.39,0,indica-dom,TRUE,,https://storage.googleapis.com/maui-prod-products/422821e5-fad5-4e72-8fde-dfd3c8e19d22--f3b52f24-0aed-4009-b5f3-8ff357b687f1.png,2026-05-23T21:23:53.890537+00:00,"A beacon of power in the Mega Z Series, Red stands out as both villain and hero with its dynamic fusion of old and new school strains. Created in the same laboratory as Blue. Red was infused with the genetic material of Blue in an attempt to make the ultimate fusion strain. Lineage - OG x Zkittlez",,
the-plug-crown-heights,5a0lvQvbOq,9b79f194-fb2b-4849-8df4-5d14b4a6d174,Alchemy Pure - Trainwreck | 28G Flower,Alchemy Pure,flower,28g,16000,28.31,0,,TRUE,,https://storage.googleapis.com/maui-prod-hyper-media-images/product_images_bd8dd9e7-1605-47fc-a563-1100d04f1d19_5d604391-75bc-49d2-8ccc-04723a163e1b_original.png,2026-05-23T21:23:53.890537+00:00,"Trainwreck is a potent sativa strain known for its swift and intense effects that hit like a freight train. Characterized by a sharp, piney aroma with hints of lemon and spicy pepper, this strain delivers a surge of euphoria and creativity. It's perfect for those seeking a quick mood boost and mental clarity.",,
the-plug-crown-heights,q0KHE3TCZP,11589af1-d036-4cc4-8638-3511e703241a,Eureka Slide - Mimosa & Jealousy | 3G AIO,Eureka,other,3g,12000,86,,50/50,TRUE,,https://storage.googleapis.com/maui-prod-hyper-media-images/product_images_41775d40-f1b0-43a3-bbd3-2bfa1ce908c6_ada28455-71ad-4377-9bdf-26a58881f222_original.png,2026-05-23T21:23:53.890537+00:00,,,
the-plug-crown-heights,cBl7vvjQT6,d91a9a53-2544-41e7-896c-ff3d6a41fd6a,Grön- Tropical twist | Mega 100mg,Grön,edible,20g,1800,100,0,sativa,TRUE,,https://storage.googleapis.com/maui-prod-products/422821e5-fad5-4e72-8fde-dfd3c8e19d22--92d2dd0f-60a8-4035-b692-de2e36a553e1.jpeg,2026-05-23T21:23:53.890537+00:00,,,
the-plug-crown-heights,gbw2MG426r,21ef389a-79f5-4fd7-bfdb-cb88ebd5440d,Preferred Gardens - Crunch Berries | 3.5G,Preferred Gardens,flower,3.5g,4900,27.24,0,indica,TRUE,,,2026-05-23T21:23:53.890537+00:00,,,
the-plug-crown-heights,0WcorONHRU,06a58164-2892-4405-b67e-5787ae93bf87,Stiiizy- Blue Burst | Infused 5pk 0.5g Pre-Rolls,STIIIZY,preroll,2.5g,4500,35.45,0,50/50,TRUE,,,2026-05-23T21:23:53.890537+00:00,,,
the-plug-crown-heights,ZP86PCwv5z,b92ca2ab-c1d8-41bc-b5e8-5f2917f48c43,Jetpacks FJ-Mini (0.6g) Infused Pre Roll - Cereal Milk,Jetpacks,preroll,0.6g,1300,37.907,0,50/50,TRUE,,https://storage.googleapis.com/maui-prod-products/422821e5-fad5-4e72-8fde-dfd3c8e19d22--4df71236-3c84-4252-9a8e-b867fddce6a7.png,2026-05-23T21:23:53.890537+00:00,"Blast off to breakfast in a nebula with Cereal Milk! This strain is like floating through milky way galaxies, with sweet, creamy flavors reminiscent of your favorite childhood cereal. Ideal for a playful, uplifting start to your interstellar adventures. Infused with cannabis oil, kief, and high THCa extract using whole flower. Stored and produced in a climate-controlled environment with every pre-roll inspected by hand.",,
the-plug-crown-heights,SxFhHBCGJX,1403cd47-7428-4aaf-9983-97ab5ad9a14c,Brass Knuckles - Runtz | 1G AIO,Brass Knuckles,other,1g,7000,92.19,,50/50,TRUE,,https://storage.googleapis.com/maui-prod-hyper-media-images/product_images_ba5df81e-ace3-40be-ab09-644e195e0bff_f459213a-6873-4454-a17d-e446c70501cb_original.png,2026-05-23T21:23:53.890537+00:00,,,
the-plug-crown-heights,yr66ahe9H0,cca39b4c-23b7-40d3-8f15-5c0f327cd288,Timeless - Jungle Punch | 1G Vape Cartridge,Timeless,other,1g,5000,83.52,0,sativa,TRUE,,https://storage.googleapis.com/maui-prod-hyper-media-images/product_images_e4a76ce8-faac-4338-8e53-34556c3ef309_b47b9b7b-8f40-4cf1-b0d0-09ed0f3ae640_original.png,2026-05-23T21:23:53.890537+00:00,"Energy – For an uplifting experience, reach for a Timeless Energy cartridge. Crafted with sativa-dominant strains, Energy delivers energizing and mood-boosting effects. Ideal for social settings, creative moments, and daytime sessions. Built for those who crave momentum, Timeless Energy cartridges pair vibrant strain expression with an uplifting overall experience that keeps the session feeling bright, flavorful, and elevated from start to finish.",,
the-plug-crown-heights,QJwbLPUae5,77fae795-d0b7-4b24-bc80-da420eb2e1cf,Florist Farms - Blue Dream | 5 - 0.5G Live Resin Infused Pre-Rolls,florist farms,preroll,2.5g,4000,38.58,0,,TRUE,,https://storage.googleapis.com/maui-prod-hyper-media-images/product_images_3524d184-f8e2-42c6-887c-15536b99e9a3_b75019bb-f381-4d27-a708-6c2ad69c1c82_original.png,2026-05-23T21:23:53.890537+00:00,,,
the-plug-crown-heights,MnxP7FzN5l,071addcc-4bf7-43bb-b14e-e35493e4cab0,Jetpacks - Super Silver Haze | 1G Sativa Badder,Jetpacks,concentrate,1g,4000,81.52,0,,TRUE,,https://storage.googleapis.com/maui-prod-hyper-media-images/product_images_db3d5d94-514c-4119-bcec-f2f4d280f523_d51e72e5-2c1b-49b2-9e12-f897666a3a28_original.png,2026-05-23T21:23:53.890537+00:00,"Super Silver Haze (Sativa) is a legendary strain celebrated for its zesty citrus and herbal notes. Its effects bring an energetic, euphoric high that promotes motivation and a positive mindset—making it a favorite among sativa lovers.",,
the-plug-crown-heights,RZt1dD5x0x,7d068fb0-ae31-4744-998d-244017d6b4ff,Alibi - Dream Star & Nilla Wafer | 4G Variety PreRoll Pack (4 x 1G),alibi,preroll,4g,4500,26.83,0,sativa,TRUE,,https://storage.googleapis.com/maui-prod-hyper-media-images/product_images_5f971a99-f27a-4a4f-b06b-cfdbfa493f06_9c840cbe-894e-4609-8913-a94196f6c13d_original.png,2026-05-23T21:23:53.890537+00:00,Effects: A combination of 2 different Sativa strains with 2 1 gram joints for each variety...prerolls to match your mood Aromas/Flavors: Dream Star - Sweet Berries & Nilla Wafers - Smooth Vanilla scent with earthy nutty flavor,,
the-plug-crown-heights,WvlYcr4aLR,b24a89fd-5a12-44b3-a55a-86d2cdb46db8,Grocery Cannabis - Atomic Breath | 28G Premium Flower,Grocery,flower,28g,22000,2.407,0,50/50,TRUE,,https://storage.googleapis.com/maui-prod-hyper-media-images/product_images_1b893b19-d439-4beb-8634-c1f7761ec167_56c60772-1dfa-4406-99fb-5b9f43ea15f8_original.png,2026-05-23T21:23:53.890537+00:00,"Atomic Breath A bold mix of diesel, spice, and earthy sweetness creates a complex, powerful profile. Atomic Breath hits with a fast cerebral lift followed by a steady wave of body relaxation that keeps the experience balanced.",,
the-plug-crown-heights,fj7Mi0JeOa,e815dcd9-be7f-4ba2-84e5-d0da958f3c4c,Jetpacks ( Big Bang Mini) - Rainbow Belts | 0.5G Infused PreRoll,Jetpacks,preroll,0.5g,1400,44.35,0,50/50,TRUE,,,2026-05-23T21:23:53.890537+00:00,,,
the-plug-crown-heights,FrSTBEU2Dw,6dc8e440-990b-4232-be84-d4ec3b6a0cd0,Timeless T1 - Pineapple Express | 1G Rechargeable Vaporizer,Timeless,other,1g,5800,83.82,0.194,50/50,TRUE,,https://storage.googleapis.com/maui-prod-hyper-media-images/product_images_e29b475d-4c88-43e4-8714-056ea5120da2_dfcfef0e-07e0-4dc8-8b81-af5329948bc5_original.png,2026-05-23T21:23:53.890537+00:00,"Pineapple Express delivers tropical notes of juicy pineapple, sweet citrus, and a touch of pine. Myrcene, Caryophyllene, and Pinene bring balance to its flavor, making it smooth, refreshing, and easy to enjoy any time of day.",,
the-plug-crown-heights,5dkckKlmSj,c43380c2-8999-4605-a100-9da86e53f22a,hashtag Honey - Lemon Cake | 1G Live Sugar,Hashtag Honey,concentrate,1g,4000,66.4,,,TRUE,,,2026-05-23T21:23:53.890537+00:00,,,
the-plug-crown-heights,uYbkqxXuEh,7352228e-8553-42e3-8af6-21be4c8890eb,Heavy Hitters - Guava Strawberry | Live Rosin Gummy Pack,Heavy Hitters,edible,21g,3000,100,0,,TRUE,,https://storage.googleapis.com/maui-prod-hyper-media-images/product_images_d15b165b-c2c6-495a-8def-b2c61d5cc07f_0ec49a74-e252-4a01-942b-daade243b5f9_original.png,2026-05-23T21:23:53.890537+00:00,,,
the-plug-crown-heights,MZOW08otwU,12668f86-0750-45f6-a440-02a006e107df,Jetpacks ( Big Bang Mini) - Empire OG | 0.5G Infused PreRoll,Jetpacks,preroll,0.5g,1400,43.632,0,indica,TRUE,,https://storage.googleapis.com/maui-prod-hyper-media-images/product_images_e236f64f-28da-48a5-905b-2f2922725ae6_ef989e0c-6e64-43d7-b378-c8553ab84300_original.png,2026-05-23T21:23:53.890537+00:00,,,
the-plug-crown-heights,j2o8N2KulB,07bc81b1-8fcb-450b-a717-7062966b5418,Anthem Bold - Grape Pie | Sweet Wood Tip infused Pre-Rolls 5pk,Anthem,preroll,2.5g,4000,47.697,0.117,50/50,TRUE,,https://storage.googleapis.com/maui-prod-hyper-media-images/product_images_9657cd9d-11d4-4da3-848c-b4c70ce7be98_79321657-4513-4802-8d2f-08c30f4cfb6b_original.png,2026-05-23T21:23:53.890537+00:00,"This hybrid strain is the juiciest flavor of dark purple grape, enhanced with sweet syrup and a drop of musk. Anthem Bold looks different, feels different, and hits different. Our Bold infused pre-rolls feature: Higher potency for an elevated pre-roll experience. Sweet Wood Tips to enhance the flavor experience",,
the-plug-crown-heights,MJpW8bDcHG,7d72a986-40ba-4753-a1e5-7b62682b1d08,Boutiq (Snack Pack) - Grape Soda X Rainbow Belts | (5 x .05g) Diamond Infused PreRolls,Boutiq,preroll,2.5g,5000,2.739,0,indica,TRUE,,https://storage.googleapis.com/maui-prod-hyper-media-images/product_images_ebbb72cd-6300-44e4-9235-fc2df8b3bfc4_c56d6714-3981-4577-a447-b0fbadbaacb0_original.png,2026-05-23T21:23:53.890537+00:00,Bold grape fizz complimented by tropical candy promising a heavy-hitting indica blend that's perfect for unwinding.,,
the-plug-crown-heights,7pcwdVZSqj,be88a96e-47d8-43ec-ac51-86cc7ef7301a,Heavy Hitters - Mother Rose | Live Rosin Solventless 1G All-in-One,Heavy Hitters,other,1g,9000,72.1,0,indica,TRUE,,https://storage.googleapis.com/maui-prod-hyper-media-images/product_images_0929969b-0a22-43dc-829f-33aca9af4818_54175a76-52ff-4b7a-ab1d-3aa7a2a93de6_original.png,2026-05-23T21:23:53.890537+00:00,"""RICH FLORAL AND EARTHY AROMAS INTERTWINE WITH A TOUCH OF SWEETNESS, OFFERING A DEEPLY CALMING EXPERIENCE. THE HIGH UNFOLDS SLOWLY, MELTING AWAY STRESS AND TENSION WHILE WRAPPING THE BODY IN A WARM, TRANQUIL HAZE PERFECT FOR EVENING UNWINDING. PHENOTYPE: INDICA LINEAGE: UNKNOWN FLAVOR PROFILE: FLORAL, EARTHY, SWEET EFFECT PROFILE: RELAXED, CALM, SLEEPY",,
the-plug-crown-heights,UwEDPX6i9w,03360e40-51ed-44d3-a47a-babd1fc6c32c,Ayrloom Beverage Enhancer Tincture (300mg),Ayrloom,tinctures,30,5000,300,0,50/50,TRUE,,https://storage.googleapis.com/maui-prod-products/422821e5-fad5-4e72-8fde-dfd3c8e19d22--8a37f072-6188-4abb-bf92-3e2bfc35605e.png,2026-05-23T21:23:53.890537+00:00,"Elevate your drink of choice with Ayrloom’s Beverage Enhancer Tincture, a discreet, convenient, and customizable way to infuse your favorite beverages with the power of THC. With 300mg of THC in each bottle, this potent tincture allows you to control your experience with precision, whether you’re adding a subtle boost to your morning coffee or creating a relaxing evening cocktail. The Original formula is crafted to blend seamlessly into any drink without altering the flavor profile, so you can enjoy the full effects of THC without compromising on taste. Simply add a few drops to water, tea, lemonade, or even your favorite smoothie, and experience the uplifting and calming effects of THC. Whether you're seeking relief from stress, pain, or simply looking to unwind, this enhancer delivers a smooth, well-balanced high that’s perfect for any occasion.",,
the-plug-crown-heights,FpIu0QxJm6,f8d12849-60a1-4cc4-b298-6a7614bfff83,Zizzle - Bubble Bath | 3pk Pre-Rolls,Zizzle,preroll,1.5g,2800,25.18,0,indica-dom,TRUE,,https://storage.googleapis.com/maui-prod-hyper-media-images/product_images_e4b83d00-e991-420a-94e1-c34c221792e3_a81c41fe-fcd6-4826-95bc-d2755ba9b570_original.png,2026-05-23T21:23:53.890537+00:00,"Bubble Bath is a soothing and aromatic cannabis strain that blends the calming effects of The Soap and Project 4516. Known for its creamy, floral aroma with subtle notes of earth and lavender, Bubble Bath delivers a relaxing body high paired with gentle mental clarity. While exact lineage details may vary, this indica-leaning hybrid is favored by those seeking deep physical relief without heavy sedation - a perfect end-of-day unwind or weekend chill companion.",,
the-plug-crown-heights,zfTv2La0NY,e9d77e4b-ab8d-4320-b1da-47319b4f111a,Claybourne Co. - Pineapple Express | Flyers Infused 1.5G Blunt,Claybourne Co.,preroll,1.5g,3600,86.774,0,50/50,TRUE,,https://storage.googleapis.com/maui-prod-hyper-media-images/product_images_ecf1e97c-c343-4ddb-9b12-d75ed8714527_5b0bd83a-889a-4106-9878-6b73c3688419_original.png,2026-05-23T21:23:53.890537+00:00,"Meet the 'Loudest on the Block': Flyers 1.5g Infused Blunt. Crafted from premium indoor, full nug flower infused with THCa & liquid diamonds, natural terpenes and wrapped in an herbal blend cone made of chamomile, cacao, & yerba maté. A badass blunt built better.",,
the-plug-crown-heights,aI96rJzsnT,9419427b-fa27-4f9a-850f-70f7d509cb05,Ayrloom (1g Disposable) - Alaskan Thunderfuck,Ayrloom,other,1g,5500,90.97,0,50/50,TRUE,,https://storage.googleapis.com/maui-prod-products/422821e5-fad5-4e72-8fde-dfd3c8e19d22--50020851-c021-4e8a-93ec-8e949c20f0bd.png,2026-05-23T21:23:53.890537+00:00,"Brace yourself for an electrifying vape experience with Ayrloom’s 1g Vape AIO Pen - Alaskan Thunder Fuck — a powerhouse of flavor and potency that delivers a bold, full-bodied hit with every puff. Named for its legendary lineage, this all-in-one disposable vape pen offers the perfect combination of citrus, pine, and earthy aromas, all wrapped up in a smooth and satisfying vapor. Whether you're a seasoned enthusiast or just seeking something that packs a punch, this pen delivers a truly unforgettable experience.",,
the-plug-crown-heights,HqixROcYkc,ae1d8dbd-c858-49e4-990b-53556b7a0344,Stiiizy - Gelato | 1g Disposable,STIIIZY,other,1g,4500,83.47,,50/50,TRUE,,,2026-05-23T21:23:53.890537+00:00,"Gelato is an indica-dominant hybrid strain that has become a household name due to its euphoric high and sweet taste. After hitting the scene in 2014, the Gelato strain's popularity has seen it give rise to many modern variants.",,
the-plug-crown-heights,cefsIUn8Np,4129e5f9-ba69-42f2-b447-fb1712493f22,Ruby Farms - 10 Hash Infused Pre-Rolls | Purple Voodoo,Ruby Farms,preroll,5g,6400,35.195,0,50/50,TRUE,,,2026-05-23T21:23:53.890537+00:00,,,
the-plug-crown-heights,Wtvbj142PB,0c4865a5-8c2b-4b84-8498-5e1411ff34f3,Jaunty - Apple Fritter | 1.5G AIO,Jaunty,other,1.5g,6000,90,0,50/50,TRUE,,https://storage.googleapis.com/maui-prod-hyper-media-images/product_images_241ebddf-f5ae-4ae1-844b-8753b3422c3e_152ebb6a-4cc6-4983-b355-75ce1335d842_original.png,2026-05-23T21:23:53.890537+00:00,"A flavorful hybrid with sweet, pastry-like notes of apple and earth. Its balanced effects bring relaxation with a playful, uplifting edge – a delicious treat for day or night.",,
the-plug-crown-heights,4MMy9vnbz7,19f8a483-9c27-4979-9729-2b93321f54bd,MyHi - Simply Flavorless | 10 x 10MG THC Stir Stiks,MyHi,edible,7.5g,4100,100,0,,TRUE,,https://storage.googleapis.com/maui-prod-hyper-media-images/product_images_dc82c586-956b-419c-92e9-363bd13ca097_86e7293b-f16d-486d-add2-c98750fb1022_original.png,2026-05-23T21:23:53.890537+00:00,"Turn Water into Weed: Calorie, Sugar, and Hangover Free. Turn Water into Weed: Fast-Acting Nano-emulsified THC + Energizing Caffeine derived from Green Coffee Bean Extract, all delivered in a single serve, On-The-Go Stir STIK to quickly infuse any drink for an energizing hi. -- Our Lively Lemon blend provides a citrus twist to the drink of your choice with a light and fresh hint of flavor. With a quick onset that never peaks or leaves you feeling tired, MyHi is ready for your active lifestyle. It’s your new favorite party drink or go-to for a busy day.",,
the-plug-crown-heights,OJP4ssxYNO,b5ac55ec-7454-4204-a314-64bdf499c3ae,Mind Melters - Gelonade | 1G Cold Cure Live Rosin,Mind Melters,concentrate,1g,5000,76.66,0,,TRUE,,https://storage.googleapis.com/maui-prod-hyper-media-images/product_images_3aa7311b-7b49-417b-b273-831d6fcb23d6_c4694317-f2a3-4299-8819-1314419f067d_original.png,2026-05-23T21:23:53.890537+00:00,,,
the-plug-crown-heights,aj2z6Uw36d,8fa4962d-02c0-421f-bfa9-329b46480ccf,Mintz - Kush Mintz Cookie | 4 x 0.5g Infused Pre-Rolls,mintz,preroll,2g,2500,27.168,0,50/50,TRUE,,https://storage.googleapis.com/maui-prod-hyper-media-images/product_images_2a101fcb-f240-4a0d-8ba7-875c35f120b8_b56b630c-e6c8-4180-910e-74865ff7477e_original.png,2026-05-23T21:23:53.890537+00:00,"This 4-pack features four perfectly rolled pre-rolls made with only premium whole flower—never shake—for a smooth, high-quality smoke. Infused with high-terpene resin (HTR) extract, THCA isolate, and micro diamonds, these pre-rolls offer an intense burst of flavor and potency with every puff. Topped off with a dusting of kief, they deliver an elevated experience that balances rich, full-bodied taste with a powerful kick. Whether you’re sharing with friends or enjoying a solo session, these infused pre-rolls combine quality, convenience, and intensity, providing a premium cannabis experience in a compact, ready-to-smoke form.",,
the-plug-crown-heights,4t6ZIRC0IO,4f481073-2d19-4654-967d-6cff48ff53ff,Kushy Punch - Sour Apple Gummies |100mg,Kushy Punch,edible,30g,1500,100,0,,TRUE,,https://storage.googleapis.com/maui-prod-hyper-media-images/product_images_0b68150a-de62-4241-be4a-21d69976b09d_68c19c1a-75cd-4b4b-ad0c-0884213cb1b6_original.png,2026-05-23T21:23:53.890537+00:00,,,
the-plug-crown-heights,S773eddBRx,f1216840-ab92-4cbc-ab7e-64b0591c88a0,Hashtag Honey - Blueberry Muffin | 1G Live Sugar,Hashtag Honey,concentrate,1g,4000,62.1,0,,TRUE,,https://storage.googleapis.com/maui-prod-hyper-media-images/product_images_67b49f76-5f80-4bd1-975b-c6841f37afbe_8c8b171a-12df-435f-91fa-4277d3df3a73_original.png,2026-05-23T21:23:53.890537+00:00,,,
the-plug-crown-heights,PwcVR8x8Sy,f473b328-ef15-43c8-845a-95b9568adfdf,binske - Jungle Pie | 14G,Binske,flower,14g,15000,29.45,0,,TRUE,,,2026-05-23T21:23:53.890537+00:00,,,
the-plug-crown-heights,Sewkidu3ZJ,f82d6c03-00f0-4a6e-a267-8a35298f4d73,Eaton Botanicals - Cool Down | Blueberry Coconut - 2.5mg gummies,Eaton,edible,120g,3200,50,100,50/50,TRUE,,https://storage.googleapis.com/maui-prod-hyper-media-images/product_images_c13c9cd6-6c08-46bc-8329-7fbd88f5a747_5ff0ecf5-5d3f-4e06-ada4-e3e9084e0b66_original.png,2026-05-23T21:23:53.890537+00:00,"Fuel your cool with Cool Down - a unique body-replenishing Blueberry Coconut edible packed with electrolytes, including sodium, magnesium, calcium, and potassium phosphate, plus cordyceps mushrooms to support stamina. Each edible delivers a microdose of THC (2.5mg) along with CBD (5mg) to enhance relaxation and CBC (5mg) to amplify your body’s natural recovery so that refueling tastes as good as it feels.",,
the-plug-crown-heights,bwHgIGJa37,42cafcc4-1e18-4806-961b-7a5545f0a60c,Timeless - Combo 510 Battery and Case | Black/Yellow,Timeless,merch,,1500,,,,TRUE,,https://storage.googleapis.com/maui-prod-hyper-media-images/product_images_b7b2b4d7-7c25-4251-8497-ba3007241c06_8e5cd60e-f036-4541-89c5-2d5e2c7bb2a5_original.png,2026-05-23T21:23:53.890537+00:00,Compatible with 510 Thread,,
the-plug-crown-heights,zvQbvTG4oB,79da45b7-99b1-4cf1-9fcd-52e672bf3582,Off hours - Razz Lemonade | Live Resin Rope,Off hours,edible,30g,2300,100,0,,TRUE,,https://storage.googleapis.com/maui-prod-hyper-media-images/product_images_0bab2301-3400-450d-9fdb-9b6aee1bb80e_35e84188-840f-4d72-b591-e1ded26092ab_original.png,2026-05-23T21:23:53.890537+00:00,,,
the-plug-crown-heights,WIWKBB1yHy,f50ad3d8-7e4d-46b4-b8ff-3bcb00e231d9,Jaunty - Stay Puft x Strawberry Meltz | 1G Hash Hole,Jaunty,preroll,1g,2000,35.1,0,sativa-dom,TRUE,,https://storage.googleapis.com/maui-prod-hyper-media-images/product_images_cc26619f-c8aa-4112-8032-d0f84864ee5a_3f355d04-3425-4fda-9e4b-70e5ff562bb8_original.png,2026-05-23T21:23:53.890537+00:00,"Gassy/Pungent This Hash Hole combines .8 grams of Stay Puft (hybrid) premium indoor flower paired with .2 grams of Strawberry Meltz (sativa) 100% solventless live rosin for an overall profile that includes creamy marshmallow with smooth diesel gas with hints of honey and strawberry cream. Potency 35.1% THC Aroma Soft creamy marshmallow upfront / light, fluffy sweetness—with a noticeable gas note adding sharpness and edge. A subtle honeyed warmth rounds it out. Flavor • Initial hit: Sweet cream and marshmallow, smooth and rich • Mid-palate: Faint honey sweetness with a slight earthy/gassy undertone • Finish: Transitions into strawberry cream, giving it a fruity, dessert-like linger Mouthfeel Silky, slightly thick/creamy texture with a lingering sweetness on the tongue Aftertaste A mix of berries-and-cream sweetness with a light fuel-like dryness that keeps it from being overly sugary Balance Leans sweet and creamy, but the diesel/gas note adds contrast and prevents it from feeling flat or cloying",,
the-plug-crown-heights,sICOdJfZbR,52a7c1ff-9b18-4a69-9a3b-4fe6419f3d5b,Timeless T2 - Blue Dream | Chill - 2G Rechargeable Vape,Timeless,other,2g,7900,85.45,0,50/50,TRUE,,https://storage.googleapis.com/maui-prod-hyper-media-images/product_images_8fa63112-83b0-45be-88c5-2ac1de632178_3bcec19f-c943-4e5d-b755-13843414f7b8_original.png,2026-05-23T21:23:53.890537+00:00,"Drift away with this legendary strain. Regarded for its high Myrcene content, this profile has a pleasant mind/body balance that encourages relaxation. Flavors of blueberry and vanilla are sharply contrasted by notes of haze and fresh herbs.",,
the-plug-crown-heights,ynjdbOBjQv,199969e1-2e66-4625-9763-fe0bd97ca280,Toast - Phanta Fizz | 10ct 0.35G Pre-rolls,Toast,preroll,3.5g,5000,29.80,0,sativa,TRUE,,https://storage.googleapis.com/maui-prod-hyper-media-images/product_images_76077a7f-b53c-428a-ab8b-8f685726e4b1_0fa060de-1a6e-4420-bda2-077ba67c5a35_original.png,2026-05-23T21:23:53.890537+00:00,"Phanta Fizz pops with a bright citrus punch - carrying a sweet tropical lift balanced by grounded, peppery undertones. Effervescent and full of spark, Phanta Fizz feels like New York at the first real hint of spring—bodega doors propped open, sunlight bouncing off brownstones, energy rising from streets that refuse to stay dormant",,
the-plug-crown-heights,gtS4dtbw0d,09356441-2ece-4012-b8bd-fc79e736c1b8,Lowell Smokes (Quicks) - Afternoon Delight | 0.35G 10PK,lowell smokes,preroll,3.5g,4000,30,0,50/50,TRUE,,https://storage.googleapis.com/maui-prod-hyper-media-images/product_images_43b857bc-9220-4628-8f30-9a095f411b0b_61123531-1e41-4e11-925f-264e2dd21e4a_original.png,2026-05-23T21:23:53.890537+00:00,"Settle into the sweet spot of the day with Afternoon Delight, a balanced Hybrid blend crafted for easy conversation, shared laughter, and staying present in the moment. Notes of bright citrus, soft earth, and subtle floral spice come together in a smooth, uplifting experience that brings energy without the edge. Clear-headed and warm from start to finish, it’s the perfect companion for long lunches, creative collaboration, and the kind of connection that keeps you lingering a little longer. We blend our pre-rolls using premium, whole flower- no trim or shake. Each blend contains a curated ratio of 2-3 strains containing complimentary terpenes.This process brings forth a broader terpene profile, and more full-bodied flavor than what a single genetic can provide.Each pre-roll pack comes completely self-contained with ten .35g pre rolls, matches, and a striker- so you've got everything you need to spark adventure anywhere.",,
the-plug-crown-heights,iA8fjrm8a1,71265b5c-6c1b-4719-9923-a953edac4c61,Timeless - Chernobyl | Live Resin 1G Vape Cartridge,Timeless,other,1g,5500,81.95,0.21,sativa,TRUE,,https://storage.googleapis.com/maui-prod-hyper-media-images/product_images_a8cb1ea3-99ba-4af1-8e2e-4bfe269f9e0d_0fabe15a-e526-49f9-b86d-5cb00c2c72ee_original.png,2026-05-23T21:23:53.890537+00:00,"Chernobyl hits with bright, electric energy right from the first pull. A sativa-dominant strain with a 20% Indica to 80% Sativa ratio, it delivers a rush of citrus flavor—lime, lemon, and a subtle hint of earthy depth underneath. The result is a bold, sherbet-like blend that feels as vibrant as it tastes. Designed to keep your mind focused, Chernobyl is perfect for creative sparks, long days, or moments when focus and uplift matter most. It’s fast, flavorful, and built for motion.",,
the-plug-crown-heights,sGDNzB5Vdf,20765c2a-fde6-40b3-a443-41ddeda4ffbe,Eureka Starter Kit - Mimosa | 2000mg,Eureka,other,2g,8500,86,,,TRUE,,https://storage.googleapis.com/maui-prod-hyper-media-images/product_images_2a2650ae-556a-4e29-a8fa-dba983e1c371_45465c5c-3145-4823-99b9-dbe949334128_original.png,2026-05-23T21:23:53.890537+00:00,,,
the-plug-crown-heights,bNz8lvQJr2,83e9e14a-447f-4c96-b4b7-5a03848eaf4f,Timeless - Combo 510 Battery And Case | Black/Green,Timeless,merch,,1500,,,,TRUE,,https://storage.googleapis.com/maui-prod-hyper-media-images/product_images_2b7bc6fe-5cda-424d-a0a1-1f82f7e9bcf2_6e27bdda-efd5-475b-a2e0-dcc8461fefe3_original.png,2026-05-23T21:23:53.890537+00:00,Compatible with 510 thread,,
the-plug-crown-heights,fx3By2O3Db,6a74811e-b9d2-4fe1-b16b-271fefae220c,Stone Road - Maui Starfruit | W/ Hash + THCa Diamonds 1G Joint,Stone Road,preroll,1g,2000,29.507,0,50/50,TRUE,,https://storage.googleapis.com/maui-prod-hyper-media-images/product_images_52b2cb92-3b57-47a5-8256-7e6428fa4362_d47f8337-78a6-4dc8-8c15-fc58f3f5fefd_original.png,2026-05-23T21:23:53.890537+00:00,,,
the-plug-crown-heights,xbl9MzfItV,6bb968fe-f6dd-4166-b590-68c62bb66652,Stiiizy - Strawnana | Infused 5pk 0.5g Pre-Rolls,STIIIZY,preroll,2.5g,4500,27.84,0,50/50,TRUE,,https://storage.googleapis.com/maui-prod-hyper-media-images/product_images_6bb968fe-f6dd-4166-b590-68c62bb66652_49774caa-7cc1-4be1-9bdd-a2ff7cd3e2cd_original.png,2026-05-23T21:23:53.890537+00:00,"Strawnana produces happy, peaceful effects that sharpen creativity and sensory awareness.",,
the-plug-crown-heights,jsxYHTyMBL,04ad68d0-488a-4610-a0f1-e99071158bf9,Anthem Bold - Northern Lights | Glass Tip infused Pre-Rolls 5pk,Anthem,preroll,2.5g,4000,46.366,0.45,indica,TRUE,,https://storage.googleapis.com/maui-prod-hyper-media-images/product_images_c2ec92ed-d61c-4c48-9c8b-d7896195452e_9b380b56-5478-4f2c-9103-4fabf27890a6_original.png,2026-05-23T21:23:53.890537+00:00,"This iconic indica is best known for dreamy euphoria, offering a celestial balance of sweet lemon and pine. Anthem Bold looks different, feels different, and hits different. Our Bold infused pre-rolls feature: Higher potency for an elevated pre-roll experience. Glass tips to deliver a bolder strain experience",,
the-plug-crown-heights,m3qdMvsOo5,b5faaaa3-1eef-4d59-90f2-abeba1bfd816,Stone Road - Blue Raspberry Dream | Bubble Hash & Diamond Infused 14PK,Stone Road,preroll,7.08g,10000,34.69,0,sativa,TRUE,,https://storage.googleapis.com/maui-prod-hyper-media-images/product_images_db414c76-eeeb-4499-a298-d9d7bff1ef31_4dee6b6a-76a0-4a60-b908-9d2d5be5f8de_original.png,2026-05-23T21:23:53.890537+00:00,This Blue Dream cross has a sweet and tart berry flavor. These 14pk sativa prerolls come in a 100% plastic-free tin and feature pure flower infused with 18% bubble hash and 3% THCa diamonds for an added potency and flavor kick.,,
the-plug-crown-heights,uzIM71LgGr,aa95bd9e-1c22-4e3c-8594-4b883c10f579,hashtag Honey - Chocolate Diesel | 1G Live Sugar,Hashtag Honey,concentrate,1g,4000,65.9,,,TRUE,,https://storage.googleapis.com/maui-prod-hyper-media-images/product_images_b489f62f-38d6-40ad-9170-7622e551b930_4314d82f-af8e-4148-84d6-bd891208c7fb_original.png,2026-05-23T21:23:53.890537+00:00,,,
the-plug-crown-heights,orp0L1VXWe,a200a313-1905-42ed-b597-1757dcfe9bec,Heavy Hitters - Mimosa | 2G Ultra Pure AIO,Heavy Hitters,other,2g,10000,84.979,0.161,50/50,TRUE,,https://storage.googleapis.com/maui-prod-hyper-media-images/product_images_8b0c0b54-0b3a-43ba-8f97-6026580bcd65_cfcab8c9-ce29-41e6-9a68-727ad55fd147_original.png,2026-05-23T21:23:53.890537+00:00,,,
the-plug-crown-heights,iL1Q7vCdff,a0ec9f35-5499-4411-af56-d795db183d4c,Off hours - Orange Apricot | 1G Cart,Off hours,other,1g,4000,74.49,,50/50,TRUE,,https://storage.googleapis.com/maui-prod-hyper-media-images/product_images_9bda76fd-dd07-4081-bb6c-22feba739f2d_9c63cb30-5961-4a43-a863-f758ea58609a_original.png,2026-05-23T21:23:53.890537+00:00,,,
the-plug-crown-heights,PLSrPmCXNV,7c852152-1111-4ee7-85d7-d56ea1d83a64,Timeless Noir T1 - Bruce Banner | 1G Live Resin Rechargeable Vaporizer,Timeless,other,1g,6500,85.87,0.233,indica-dom,TRUE,,https://storage.googleapis.com/maui-prod-hyper-media-images/product_images_39106a77-9acf-4fe5-9ff9-92ca09fa0ddf_d66072dd-0920-441e-959a-05b733225574_original.png,2026-05-23T21:23:53.890537+00:00,"Bruce Banner brings serious flavor with a balanced punch. A 60% Indica / 40% Sativa hybrid, this strain blends sweet berry citrus with bold diesel and soft floral notes for a profile that hits strong but stays smooth. It’s layered, expressive, and built for moments when you want power without losing control. Known for its bold personality and balanced effects, Bruce Banner delivers an experience that feels energized yet grounded—perfect for staying engaged while keeping things easy",,
the-plug-crown-heights,eXwIgeTjRv,2a43d1d2-dfe5-42e5-9d65-c1a705f9b422,Hudson Cannabis - Sativa Rosin Infused Vape |1G,Hudson Cannabis,other,1g,6500,73,,sativa,TRUE,,https://storage.googleapis.com/maui-prod-hyper-media-images/product_images_2a10daf5-588c-4448-881b-694f5fa5c7a3_963396ce-f597-40de-868e-ed240b0d1250_original.png,2026-05-23T21:23:53.890537+00:00,,,
the-plug-crown-heights,CEjiUUh3FV,2d679d9c-686e-4e75-aee5-5acb75c3e071,Alchemy Pure - Trainwreck | 85G (3oz),Alchemy Pure,flower,85g,30000,23.34,0,sativa,TRUE,,,2026-05-23T21:23:53.890537+00:00,,,
the-plug-crown-heights,rZh4NEuoGD,090f29f4-f242-4ee7-a0d9-5402ef5ad297,Flav Rings 100mg -  Apple,Flav,edible,94g,1800,100,0,,TRUE,,https://storage.googleapis.com/maui-prod-products/422821e5-fad5-4e72-8fde-dfd3c8e19d22--92427dd0-046e-4588-9fe1-f8e3387d6392.png,2026-05-23T21:23:53.890537+00:00,"Elevate your edible experience with Flav Rings 100mg – Apple, where mouthwatering flavor meets precision dosing. These perfectly crafted gummy rings are bursting with the crisp, refreshing taste of juicy, tart apples, offering a satisfying balance of sweetness and tang. Whether you're unwinding after a long day or enjoying a moment of relaxation, Flav Rings deliver a consistent, reliable experience every time. Each ring contains 100mg of premium, lab-tested THC, ensuring a controlled and enjoyable effect tailored to your needs. The soft, chewy texture is a delight with each bite, making it easy to savor every moment. Plus, with 10 rings per package, you can easily manage your dosage and share the fun with friends, or savor the experience on your own.",,
the-plug-crown-heights,w7Pecg01OC,5123e1ba-1466-43a4-8a42-a7da528f3b7c,Hepworth - Strawberry |100MG Fruit Chews,Hepworth,edible,50g,1600,100,0,,TRUE,,,2026-05-23T21:23:53.890537+00:00,,,
the-plug-crown-heights,2yc6ZnaPGz,95551505-50f8-4b1c-bb63-7bd03614e046,Smoke WRLD - Red Zprite | 3.5G,Smoke,flower,3.5g,4000,28.53,0,sativa,TRUE,,https://storage.googleapis.com/maui-prod-hyper-media-images/product_images_9451c947-c7fe-4b42-9d40-ed3976fa50e7_b02191fe-14ce-4415-895c-d817775e8f3d_original.png,2026-05-23T21:23:53.890537+00:00,,,
the-plug-crown-heights,v4ri8yO9Qr,2a5bf6e8-5957-4e5e-a191-a8470595dbe1,Noizey - Empire Candy | 4G Flower,Noizey,flower,4g,4500,29.85,0.135,50/50,TRUE,,https://storage.googleapis.com/maui-prod-hyper-media-images/product_images_fdb19f80-4b3d-43e4-b8ee-69e2299a4ee6_59daedfa-37c1-4905-9e3c-25c15ea3838c_original.png,2026-05-23T21:23:53.890537+00:00,"A balanced hybrid that captures the sweet and sour essence of NYC. This strain dazzles with dense, trichome-coated buds radiating sugary aromas of fruit candy and cream, followed by subtle notes of diesel and spice. Expect an uplifting, euphoric head high that gradually eases into full-body calm—ideal for social sessions or creative focus.",,
the-plug-crown-heights,QGhhrp5wqj,fdfeb17b-7f28-4697-97f4-43453f658900,Ayrloom - Cereal Milk | 2G AIO,Ayrloom,other,2g,7500,86.31,0,50/50,TRUE,,https://storage.googleapis.com/maui-prod-hyper-media-images/product_images_74ecfe38-d58e-4c33-a3f6-c2b4d7209cfe_25b5cae5-4a3c-47e9-ad21-2010e385aa8d_original.png,2026-05-23T21:23:53.890537+00:00,,,
the-plug-crown-heights,dFmsgy4PVz,9d46282c-6919-405b-aea7-44cf5b9389f3,Toast - Midnight Moonwalk | 10ct 0.35G Pre-rolls,Toast,preroll,3.5g,5000,24.98,0,indica,TRUE,,,2026-05-23T21:23:53.890537+00:00,"Take a mini break from gravity. Hover just above the ground (without spiraling off into space) with this uplifting and relaxing indica high-perfect for social gatherings, creative pursuits, and laid-back Sundays. Ideal for evening use, helping to relieve depression, chronic pain, and insomnia while promoting relaxation and creativity. This balanced strain is perfect for those seeking both mental uplift and physical comfort to unwind after a long day. Lineage: Querkle X Dark Side of the Moon Dominance: 50/50 Indica/Sativa Effects: calming and euphoric high that promotes relaxation, creativity, and relief from stress and pain Scents: rich, pungent scent combining earthy, cheesy, and sweet berry aromas.",,
the-plug-crown-heights,PzbRhAMD9Z,1d4c3294-1381-4d0f-882b-e58bcb94f4a5,Kushy Punch - 1g Berry Gelato 510 Thread Vape,Kushy Punch,other,1g,4500,91.43,,50/50,TRUE,,https://storage.googleapis.com/maui-prod-products/422821e5-fad5-4e72-8fde-dfd3c8e19d22--418a674e-aae6-4330-bf79-a8eb38fa4777.png,2026-05-23T21:23:53.890537+00:00,"Get ready to elevate your vaping experience with our game-changing postless vape cartridges! Feel the power of the PUNCH like never before. Crafted with premium cannabis oil, each smooth hit bursts with mouth-watering flavor. Our unique, juicy, all-natural blends make sure one puff is never enough. Plus, our long-lasting, rechargeable battery lets you savor every drop. Dive into our collection of 12 incredible flavors and find your new favorite today!",,
the-plug-crown-heights,cVmXI2MFnW,a452ff86-778d-4062-b07f-dd16d86c7d1e,Stiiizy - Watermelon Z | LIIIL .5g Disposable,STIIIZY,other,0.5g,2700,89.92,,indica,TRUE,,,2026-05-23T21:23:53.890537+00:00,,,
the-plug-crown-heights,eb0fH5PfCK,0139f415-810b-4744-97e8-b3f6a197e384,Grocery Cannabis - Novarine | 28G Premium Flower,Grocery,flower,28g,22000,29.03,0,sativa,TRUE,,https://storage.googleapis.com/maui-prod-hyper-media-images/product_images_d9a21d76-f57d-4146-937f-90c297c7ce15_32578416-7e3e-4d99-9222-3db6fc959b1e_original.png,2026-05-23T21:23:53.890537+00:00,"Novarine Bright citrus and herbal notes lead the way with a crisp, refreshing aroma. Novarine delivers an energetic, clear-headed high that sparks focus, creativity, and an uplifting daytime vibe.",,
the-plug-crown-heights,JaL7J0mybw,5d7c5d9d-14e0-40fa-90b7-d7f6718969f0,MFNY (0.5g Live Resin Dispo) - MFNY Skunk,MFNY,other,0.5g,4800,69.33,,indica,TRUE,,,2026-05-23T21:23:53.890537+00:00,"""The MFNY live resin disposable vape has a terpene-rich profile of our single-source, in-house produced MFNY Skunk real live resin. We start with fresh-frozen flower buds, then use the hydrocarbon extraction method (plus years of experience and scientific precision) to deliver the purest plant extract. An extract that showcases the cultivar's naturally-produced, full-spectrum cannabinoids and remarkable natural terpenes. MFNY Skunk is known for its sweet but raunchy deep skunk and chem funk that recedes into an unleaded petrol finish. This cultivar is known to promote feeling focused with long-lasting, invigorating cerebral effects that spread to your whole body. No distillates, added flavors, or alterations. Comes in a sleek rechargeable Active EZ Click Glass All-In-One vape pen, preconfigured to enjoy at the perfect temperature. Vape cartridge contains concentrated live resin oil that is heated by a battery and vaporized for inhalation. These products are very potent and are designed to be consumed in 2-3 second puffs",,
the-plug-crown-heights,7l91L9mbD3,db05b32f-9443-44bc-b868-079520611d68,Heavy Hitters - Mac | 1G Ultra AIO,Heavy Hitters,other,1g,7000,91.3,0.21,50/50,TRUE,,https://storage.googleapis.com/maui-prod-hyper-media-images/product_images_e2c10f19-48d6-461a-952f-93df79aff908_c25a0e0d-8fde-429e-b693-7ded748c30af_original.png,2026-05-23T21:23:53.890537+00:00,,,
the-plug-crown-heights,X8fAq18FB8,dd377498-b86f-4daf-8d9e-c174f52d8b53,Stiiizy - Orange Sunset | 1G Disposable,STIIIZY,other,1g,4500,83.41,,sativa,TRUE,,,2026-05-23T21:23:53.890537+00:00,,,
the-plug-crown-heights,WmkuhT7m3W,b2532bc9-6a3c-4c88-a9b4-c5985ac29dc6,Synergy - Mochi | 1g Pe-Roll,synergy,preroll,1g,1300,23.30,0,50/50,TRUE,,https://storage.googleapis.com/maui-prod-hyper-media-images/product_images_7120533e-9f26-4ac5-80a0-09b5a84bf156_6807bb90-5620-430d-aafd-24c4bd93288f_original.png,2026-05-23T21:23:53.890537+00:00,,,
the-plug-crown-heights,v3hvnZt7rE,864bdfb8-2e52-413d-a2bd-c83f458d9d0a,Stone Road - Space Cake | W/ Hash + THCa Diamonds 1G Joint,,preroll,1g,2000,38.059,0.096,indica,TRUE,,https://storage.googleapis.com/maui-prod-hyper-media-images/product_images_f8bfcd3d-0a82-4d74-800d-e59a55ff84b8_09a83a73-f9f8-44b1-be2a-64703364a212_original.png,2026-05-23T21:23:53.890537+00:00,"Space Cake is a potent indica-leaning strain known for its rich dessert-like flavor and deeply relaxing effects. This cultivar offers a smooth, sweet profile with notes of creamy vanilla, nutty cake batter, and a hint of earthy spice on the finish",,
the-plug-crown-heights,OWKdkScbp4,7a4fec10-43ab-4593-97ab-e26ce9ae48ae,Timeless - Blue Dream | Chill - 1G Vape Cartridge,Timeless,other,1g,5000,85.45,0.2,50/50,TRUE,,https://storage.googleapis.com/maui-prod-hyper-media-images/product_images_ac36081e-c9a6-47a1-9752-59b9a5de8eb8_0b1fe0cc-7f52-4310-ae18-4f7395b47a17_original.png,2026-05-23T21:23:53.890537+00:00,"Drift away with this legendary strain. Regarded for its high Myrcene content, this profile has a pleasant mind/body balance that encourages relaxation. Flavors of blueberry and vanilla are sharply contrasted by notes of haze and fresh herbs.",,
the-plug-crown-heights,jXuWmiy4w7,1e279fa9-765c-4368-8e19-c7ecda85d319,oHHo | Good Time Dots- Watermelon | 10MG,oHHo,edible,32g,2700,10,0,50/50,TRUE,,https://storage.googleapis.com/maui-prod-hyper-media-images/product_images_62b02c81-c8c2-4e45-b6e1-64b681fa6bca_3b247e7f-8382-458e-a46a-762a0b8a0220_original.png,2026-05-23T21:23:53.890537+00:00,"A refreshing, elevated combination of Watermelon and Mint with a healthy dose of the good stuff, grown under the warm summer sun in upstate New York. Perfect for an evening out with good vibes.",,
the-plug-crown-heights,hXRWPgXVlv,7fa96487-d490-4770-96ed-55e9b4c5fdf3,Smoakland - White Widow | 28G Flower,Smoakland,flower,28g,10600,20.90,0,50/50,TRUE,,https://storage.googleapis.com/maui-prod-hyper-media-images/product_images_bd53258a-a0ea-4709-aea0-24c3a0f2d378_e096c791-65a3-4629-a6ad-04ca46ed0f98_original.png,2026-05-23T21:23:53.890537+00:00,"a strain that allows them to unwind and relax while still maintaining a sense of mental awareness. This strain is especially good for depression, stress, pain, and PTSD. White Widow gets its name from the fact that it is literally blanketed in white crystals. Beware though, this sweet sugary smoke starts out light but expands dramatically which can lead to heavy coughing; especially if you're a novice smoker. When it comes to smell, you can expect a citrus and peppery scent that is accompanied by a lemony aftertaste. This strain is perfect for outdoor activities like hanging out at the beach or taking a nice walk.",,
the-plug-crown-heights,WQF5qnI2u9,b2ffe492-b30c-4e4f-8754-a8b2941d8054,Jetpacks - Ice Cream Cake | 1G Indica Diamonds,Jetpacks,concentrate,1g,5000,92.86,0,,TRUE,,https://storage.googleapis.com/maui-prod-products/422821e5-fad5-4e72-8fde-dfd3c8e19d22--c4901311-0f5c-420a-8123-2c96d03bf898.png,2026-05-23T21:23:53.890537+00:00,"Jetpacks Ice Cream Cake Diamonds are a high-potency indica-dominant cannabis concentrate featuring a creamy, vanilla, and sweet dough flavor profile. Created by crossing Wedding Cake and Gelato #33, this product offers deeply relaxing, sedative effects perfect for evening use, stress relief, and unwinding.",,
the-plug-crown-heights,obIHdjVCRN,39f6f955-cfe2-437c-a8e7-90ef313b76f0,Jetpacks ( Big Bang Mini) - Purple Punch | 0.5G Infused PreRoll,Jetpacks,preroll,0.5g,1400,44.38,0,indica,TRUE,,,2026-05-23T21:23:53.890537+00:00,,,
the-plug-crown-heights,BGHxcOzdG9,0fa89664-288f-44c8-a579-5eedf78377c1,Ayrloom | Pineapple Express | 1G AIO,Ayrloom,other,1g,4500,90,0.5,,TRUE,,https://storage.googleapis.com/maui-prod-products/422821e5-fad5-4e72-8fde-dfd3c8e19d22--d5272d2e-f9e9-41f2-a196-7e2bd7457ac9.png,2026-05-23T21:23:53.890537+00:00,,,
the-plug-crown-heights,ZcoW892Dab,8f9698cf-d085-4b96-b415-6b9773fd123f,Ruby Farms Rose Joint - Black Haze | 1.5G Joint,Ruby Farms,preroll,1.5g,3000,46.7,0,50/50,TRUE,,,2026-05-23T21:23:53.890537+00:00,"Black Haze is a sativa strain combining Colombian Black, Colombian Gold, and Purple Haze. Its dark purple buds and earthy, woody flavor with sweet berry hints make it a standout. Offering a relaxing yet uplifting high, Black Haze is perfect for unwinding while staying active.",,
the-plug-crown-heights,8wkkyvVYM1,a2182d82-88b3-4762-8240-fbe0a3ded3b0,Jetpacks FJ-Mini (0.6g) Infused PreRoll - Grape Galaxy,Jetpacks,preroll,0.6g,1300,38.52,0,indica,TRUE,,https://storage.googleapis.com/maui-prod-hyper-media-images/product_images_a1cfdf04-0b0e-4eca-8480-9f9fe0284d10_5ab66a2c-fd50-4242-9acf-efdaad549b3b_original.png,2026-05-23T21:23:53.890537+00:00,,,
the-plug-crown-heights,pKndu0Jz6T,6e94aa73-add6-4774-aea0-adbff903fc7f,The Botanist - Londyn Blue | .5G PreRoll 7PK,The Botanist,preroll,3.5g,3600,25.798,0,50/50,TRUE,,,2026-05-23T21:23:53.890537+00:00,,,
the-plug-crown-heights,IKPPdkmQ8z,afa1276c-7022-46d9-847d-8801770dd643,Doja - Zoap | 1G AIO ( Live Resin),Doja,other,1g,8000,68,,50/50,TRUE,,https://storage.googleapis.com/maui-prod-hyper-media-images/product_images_9562054c-6558-4591-8c61-49f114c65a10_00d3a860-48ca-4a29-8785-5935baf8b705_original.png,2026-05-23T21:23:53.890537+00:00,"Infused with strain-specific live resin, Doja Zoap preserves the full terpene profile for an authentic cannabis experience. The hybrid formulation blends uplifting cerebral effects with relaxing body sensations, making it ideal for both recreational and wellness-focused consumers. This sleek, all-in-one disposable vape is ready to use right out of the box – no charging, no hassle. Whether you’re a seasoned connoisseur or a casual user, the Zoap strain’s unique aroma and potency will elevate your vaping routine",,
the-plug-crown-heights,vFUT5C7CCw,475d12d6-2411-4f8c-bc23-2964d8d357f5,Find. - Peanut Butter Muffin | 3.5G Flower,Find.,flower,3.5g,3500,23.68,0,sativa,TRUE,,https://storage.googleapis.com/maui-prod-hyper-media-images/product_images_62ca70dd-2e08-4a81-8892-cf740c2b2657_1d54e69c-1c11-4ac5-a8a9-e9fb3aa8dbab_original.png,2026-05-23T21:23:53.890537+00:00,,,
the-plug-crown-heights,nx7zpNQ0lh,3af19610-28fd-4ad4-83a1-9ded3f0c06bc,Ayrloom Balm (1000mg THC; 1000MG CBD) - Restore (LRE),Ayrloom,topical,65.2g,5500,1000,1000,,TRUE,,https://storage.googleapis.com/maui-prod-products/422821e5-fad5-4e72-8fde-dfd3c8e19d22--28541042-6b95-405b-aa9e-ccec85aad23c.jpeg,2026-05-23T21:23:53.890537+00:00,"a classic combination of lavender, rosemary and eucalyptus, this scent profile was formulated with r&r in mind.",,
the-plug-crown-heights,ZHtCZ2RGpg,32027740-0972-42a2-b237-886bf7c63223,Nanticoke - Maui Macnut | Cured Resin 1G AIO,Nanticoke,other,1g,5000,83.6,,50/50,TRUE,,https://storage.googleapis.com/maui-prod-hyper-media-images/product_images_4760f610-2f53-4c3f-9b06-1220dab9c4e6_5ac326ec-8638-4b4d-b155-22b373b6c72a_original.png,2026-05-23T21:23:53.890537+00:00,,,
the-plug-crown-heights,x9baoYHquj,23df41e1-6511-48b6-a0dd-b411223c82d2,Söze - Melon Collie | 4pk Live Resin PreRolls,Söze,preroll,3g,5000,40,0,sativa-dom,TRUE,,https://storage.googleapis.com/maui-prod-hyper-media-images/product_images_75878366-1ce1-44b1-8ef2-6574880fd06a_a414a643-a341-4b67-9366-ce1afd0cdd00_original.png,2026-05-23T21:23:53.890537+00:00,"Melon Collie is a sativa-hybrid crafted for clarity and creativity. Its flavor opens with bright melon and citrus notes layered over light earth and cream, producing a crisp, energetic high that keeps the mind lifted and the body at ease. Finished with live resin infusion and a ceramic tip, it’s designed for smooth, balanced sessions from first spark to last pull.",,
the-plug-crown-heights,vOgjXBmi8r,d6d81c6a-2769-4a01-8a72-fc41e26907f7,5BORO - Forbidden Fruit | 3.5G,5BORO,flower,3.5g,4200,29,0,50/50,TRUE,,,2026-05-23T21:23:53.890537+00:00,,,
the-plug-crown-heights,pdeNp3daCo,ec563cd9-aaf4-420c-a544-bd3ae8c3b2c0,Claybourne Co. - Strawberry Cough | Flyers Infused 1.5G Blunt,Claybourne Co.,preroll,1.5g,3600,86.774,0,sativa,TRUE,,https://storage.googleapis.com/maui-prod-hyper-media-images/product_images_44851cc9-46a4-489b-b76a-d3d62b6d944a_f95bf62d-fdb9-4828-bbad-a95a9fe17b42_original.png,2026-05-23T21:23:53.890537+00:00,"Meet the 'Loudest on the Block': Flyers 1.5g Infused Blunt. Crafted from premium indoor, full nug flower infused with THCa & liquid diamonds, natural terpenes and wrapped in an herbal blend cone made of chamomile, cacao, & yerba maté. A badass blunt built better.",,
the-plug-crown-heights,cO2TRr839l,dbaf38e5-6e5d-495f-bfa3-8919d7e12c36,Mushroom Holder Dab Tool,Human Grade,merch,,300,,,,TRUE,,https://storage.googleapis.com/maui-prod-hyper-media-images/product_images_3b55812d-222e-4748-b39c-874840c51df8_b01c1cdf-8304-4b25-8564-711bcaf7ad30_original.png,2026-05-23T21:23:53.890537+00:00,,,
the-plug-crown-heights,Yh9NwL8IyY,4728f7bf-c915-44e7-a320-6c67fecc3e56,Cannabals - Strawberry Chocolate Cones | 100mg 10ct,Cannabals,edible,135g,3000,100,0,50/50,TRUE,,https://storage.googleapis.com/maui-prod-hyper-media-images/product_images_a50d98cf-84f0-4636-9423-0aaeb7e81ef4_6d98ecf5-3be3-416e-9e34-05aed9d895c7_original.png,2026-05-23T21:23:53.890537+00:00,"10 mg per cone | 100 mg per bag The last bite just became the whole snack. Cannabals Strawberry Chocolate Cones are packed with rich, creamy Belgian white chocolate, infused with 10 mg of cannabis for a smooth, deliciously satisfying high. Nestled inside a crispy mini sugar cone, these little bad boys are all flavor, no fluff—just pure, sweet bliss with a potent punch. Packed 10 to a bag, so you can share… or not.",,
the-plug-crown-heights,QNvvVMLWee,59631f5f-e49d-4d48-886d-162c2bea0b7e,Papa & Barkley - Sleep Releaf Tincture | 30ml,Papa and Barkley,tinctures,30,9000,482,0,indica,TRUE,,https://storage.googleapis.com/maui-prod-hyper-media-images/product_images_ecdcb807-49a7-4814-a413-140c54215238_bb6c1c56-ee2d-447b-86f0-ff820487ff6f_original.png,2026-05-23T21:23:53.890537+00:00,"THC:482.3MG CBD:476.37MG CBN: 519.04MG Our Sleep tincture is balanced with CBD for relaxation, THC for comfort, and CBN for sedative effects. This tincture is a perfect nightly sleep solution that is great for falling asleep and staying asleep. Best for all cannabis consumers. Crafted with only two ingredients, MCT Oil and cannabis oil, and can be felt within 15 minutes, make it a perfect natural solution for those seeking a quick-acting, easy-to-use cannabis solution to improve both body and mind. ‍ Papa & Barkley’s tinctures are vegan and fast-metabolizing, with a customizable dosage experience, carefully crafted with whole-plant extraction. Our solventless, chemical-free infusion process preserves the plant’s full spectrum of cannabinoids, terpenes, and phytonutrients for maximum therapeutic benefits. How to Use Directions Start with 0.5ml dose under the tongue and hold for at least 20 seconds, then swallow. ‍ Tips & Tricks Releaf Tinctures offer one of the quickest methods for absorbing cannabinoids into your system, when used sublingually. Hold Releaf Tincture oil under your tongue for 30-40 seconds for rapid cannabinoid absorption and faster onset. Store in a cool place and keep away from direct sunlight. What's Inside Product Cannabinoids 0.5ml Serving: 49.5mg (16.5mg CBD, 16.5mg THC, 16.5mg CBN) 15ml Tincture: 1485mg (495mg CBD, 495mg THC, 495mg CBN) ‍ Exact cannabinoid content varies by batch as a result of the whole plant infusion process. Please reference the product's unique batch label for lab results. ‍ Product Weight 0.5oz ‍ Ingredients MCT Oil, Cannabis Contains: Tree Nut (Coconut) Does not contain: Soy, Peanuts, Wheat, Gluten, Dairy, Preservatives, Artificial Colors, Artificial Flavors or Sweeteners",,
the-plug-crown-heights,JKFhetsvT2,b0a3a096-25ce-4554-b17f-dbeb47196c9d,Ruby Farms - 10 Hash Infused Pre-Rolls | Amnesia Haze,Ruby Farms,preroll,5g,6400,43.1,0,sativa,TRUE,,,2026-05-23T21:23:53.890537+00:00,,,
the-plug-crown-heights,YwyTMMk7eH,f9e32752-a472-4bbd-9fb9-0f07ee63630a,Jetpacks - Sherbacio | 1G Hybrid Diamonds,Jetpacks,concentrate,1g,5000,91.56,0,,TRUE,,https://storage.googleapis.com/maui-prod-hyper-media-images/product_images_005c9d46-db80-4b17-8563-21b850194ccf_f9e24956-45e9-454c-8660-a5c4fbb95bff_original.png,2026-05-23T21:23:53.890537+00:00,"Sherbacio is a premium hybrid cross of Sunset Sherbet and Gelato 41, delivering a rich flavor profile of sweet citrus, creamy earth, and a nutty, gassy finish. The effects offer a perfect balance of euphoria and deep relaxation, making it an ideal choice for stress relief and unwinding.",,
the-plug-crown-heights,LueTEybA32,de37523e-87cc-46a3-93a5-b9d0a7d677e7,Dank - Uptown Haze | Infused Pre-Roll 5 Pack,Dank,preroll,2.75g,5000,38.80,0,sativa-dom,TRUE,,https://storage.googleapis.com/maui-prod-hyper-media-images/product_images_a543143d-c986-4a9b-83c4-73a998da6046_e53dc8fc-9362-424d-b93f-879c24b65fe8_original.png,2026-05-23T21:23:53.890537+00:00,,,
the-plug-crown-heights,ONJplREei7,5f393d30-30f1-43b1-ba8f-c915f91b5721,Holiday - Coffee Break | 0.5G Disposable,HOLIDAY,other,0.5g,2500,55.88,0.712,sativa,TRUE,,https://storage.googleapis.com/maui-prod-hyper-media-images/product_images_fd6b2124-4d96-433f-b0ef-36a26b3c6e5c_748d61c0-34d6-40fa-b0dc-84db85cd3941_original.png,2026-05-23T21:23:53.890537+00:00,"TYPE/ EFFECT: SATIVA 4:1 THC:THCV DESCRIPTION: “Indulge in the smooth, creaminess of Coffee Break. This H-bar doesn’t contain caffeine, but will certainly lift your spirits with the addition of THCV. This Sativa-like cannabinoid has energy-boosting qualities that will get your day started right and on through your Coffee Break. ABOUT THE HARDWARE: The H-bar hardware is USB-C rechargeable and has a window for oil visibility. The compact design of the H-bar fits in the palm of your hand and can be comfortably placed in your pocket. Holiday distillate vapes are flavored with high-quality botanical terpenes.”",,
the-plug-crown-heights,Qpk4G7S4Wh,54ca3f3d-d196-491a-86f9-7ba6cd8101f7,Revert - Golden Goat | 14G Kief Infused PreGround Flower,Revert,other,14g,7000,28.772,0,50/50,TRUE,,https://storage.googleapis.com/maui-prod-hyper-media-images/product_images_762623c9-eac4-40e4-80e1-a0693a0b34d3_aaf7f41e-32fd-4205-bbd0-f65c42902a88_original.png,2026-05-23T21:23:53.890537+00:00,"Golden Goat is a balanced hybrid known for its bright, tropical flavor and smooth uplifting effects. This preground flower is infused with kief to enhance potency and deliver a richer, more consistent smoke. Ready to roll, pack, or load straight from the bag, this 14g option offers convenience without sacrificing strength. Expect a balanced high that blends light energy with a relaxed finish.",,
the-plug-crown-heights,dOOpd28Ur4,94b4ab99-91ac-4888-bda0-2af23a31396e,Grön- Lemonade Mega,Grön,edible,20g,1800,100,0,sativa,TRUE,,https://storage.googleapis.com/maui-prod-products/422821e5-fad5-4e72-8fde-dfd3c8e19d22--0e1afa90-b010-4ccf-95af-0b6470bac252.jpeg,2026-05-23T21:23:53.890537+00:00,,,
the-plug-crown-heights,MutoVlFfDW,c0802a09-e405-4b6f-a5c7-49a474be5e2a,Continental Exotics -Blackberry Runtz | Rosin Infused 5pk,Continental Exotics,preroll,2.5g,3500,32.8,0.25,50/50,TRUE,,https://storage.googleapis.com/maui-prod-hyper-media-images/product_images_44218dc6-09dc-40d6-8772-80aaa4ae40f9_4b9c1b9e-00ea-4d3b-8c0b-f38be95c923d_original.png,2026-05-23T21:23:53.890537+00:00,"Indulge in the Continental Exotics Blackberry Runtz Live Rosin Pre-Roll 5-Pack, featuring 2.5g of premium hybrid flower. Each pre-roll is crafted with high-quality live rosin, preserving the full terpene profile for sweet, berry-forward flavors with creamy, tropical undertones, delivering a smooth and flavorful smoke from start to finish. The Blackberry Runtz hybrid provides a balanced high, combining uplifting cerebral effects with gentle body relaxation, perfect for social sessions, creative moments, or unwinding after a long day.",,
the-plug-crown-heights,a2AtaAHcFe,054007ec-ea87-4d78-85ea-574eaa28b6a7,Aphrodite - Blue Soul | Foam Tip Pre-Roll 5PK,Aphrodite,preroll,2.5g,2900,26.3,0,sativa,TRUE,,https://storage.googleapis.com/maui-prod-hyper-media-images/product_images_0358cc1b-5b96-4823-b507-037610c8f12e_fc7d41fa-fde1-46a0-9108-0018a6639b53_original.png,2026-05-23T21:23:53.890537+00:00,"A lucid spark in a hazy world. Blue Soul is a sativa that lifts with clarity—bright blueberry notes up front, followed by a clean cerebral buzz that sharpens the senses and fuels momentum. Whether you're sketching, scheming, or just chasing daylight, this strain keeps the vibe elevated and the soul dialed in. Once you’ve tried her, you’ll never want another.",,
the-plug-crown-heights,mEgPpUGuQC,731d87c1-e77f-427e-be91-c2201eecdf0a,The Botanist - Red Carpet Runtz | 3.5G Flower,The Botanist,flower,3.5g,3000,34.07,0,indica,TRUE,,,2026-05-23T21:23:53.890537+00:00,"This unique-smelling plant has a distinct herbal, piney quality along with its gassy, earthy sweetness. Perhaps due to its limonene dominance, the effects of this one may potentially be less heavy and more suited for early evening socialization than it is to bedtime. Top Terpenes: Limonene, ß-Caryophyllene, Linalool.",,
the-plug-crown-heights,DSuevnWejK,32713804-579b-45b0-8ce4-6f58814513f1,Munchkins - Maui Wowie | 3.5g Small Buds,Munchkins,flower,3.5g,2200,30.43,0,sativa,TRUE,,https://storage.googleapis.com/maui-prod-hyper-media-images/product_images_4c3016b4-aa3e-4979-830c-d619f1270d76_265f125b-4b6d-479d-ac4f-8753b10f441c_original.png,2026-05-23T21:23:53.890537+00:00,"Munchkins Maui Wowie is a classic, sativa-dominant cannabis strain known for its tropical, sweet pineapple flavor and energetic, uplifting high.",,
the-plug-crown-heights,4Ip2vf9YbS,737739dc-2c2b-4805-ab98-c8bb26f296b9,STIIIZY - Classic Papers 1 1/4,STIIIZY,merch,,200,,,,TRUE,,https://storage.googleapis.com/maui-prod-hyper-media-images/product_images_8b4dc14a-e8bd-474d-a18e-1c05dce6535d_38a8cb00-5646-4a31-ba61-61d94859f16b_original.png,2026-05-23T21:23:53.890537+00:00,,,
the-plug-crown-heights,op4ZIlOWKj,e4059e36-4f5c-4d32-bd57-87b7d9ec43a7,BTQ Switch V5 - Purple Papaya x Blue Berriez x RZ-11 | Ind-Ind-Ind 2g AIO,Boutiq,other,2g,8000,81.673,0,indica,TRUE,,https://storage.googleapis.com/maui-prod-hyper-media-images/product_images_fa051271-773f-46f8-9047-a0314209f45a_826d3e4f-bb8b-4743-995b-f1f8b4b40c7d_original.png,2026-05-23T21:23:53.890537+00:00,"Lush tropical papaya, ripe blueberry sweetness, and creamy candy gas from RZ-Il come together for a deeply fruity soothing indica experience.",,
the-plug-crown-heights,pxMKbjAxLA,84c5ce8b-5faa-4dd4-8076-f3b909b586ae,Claybourne Co. - Mango Machine | Flyers Infused 1.5G Blunt,Claybourne Co.,preroll,1.5g,3600,86.774,0,50/50,TRUE,,https://storage.googleapis.com/maui-prod-hyper-media-images/product_images_a77497eb-52d1-417c-8c05-94d3611421b6_19f5127c-5937-42d8-adf5-39e2ecbf43e9_original.png,2026-05-23T21:23:53.890537+00:00,"Meet the 'Loudest on the Block': Flyers 1.5g Infused Blunt. Crafted from premium indoor, full nug flower infused with THCa & liquid diamonds, natural terpenes and wrapped in an herbal blend cone made of chamomile, cacao, & yerba maté. A badass blunt built better.",,
the-plug-crown-heights,WS5BytR8W0,6dc14644-0239-4353-8ae2-bd29dd5665b8,Revert - Blue Dream | 10 Pack 1G Pre-Rolls,Revert,preroll,10g,7500,26.8,0.061,50/50,TRUE,,https://storage.googleapis.com/maui-prod-hyper-media-images/product_images_1f8fc85c-97ad-4cef-9df6-fa8d1b942729_5185dfd2-81e1-47d2-a9b0-fb3ace7a3527_original.png,2026-05-23T21:23:53.890537+00:00,"Blue Dream is a legendary hybrid strain, famous for its sweet, berry-forward aroma and subtle notes of herbal spice. This strain perfectly balances a smooth, uplifting head high with gentle, full-body relaxation. Its fluffy, crystal-dusted buds shimmer in shades of blue and green, hinting at the flavorful experience ahead. The smoke is creamy and fruity, delivering waves of creative energy and calm focus. Beloved by both beginners and veterans, Blue Dream offers a dreamy, balanced high that’s ideal for any time of day.",,
the-plug-crown-heights,HN4UCjSpGP,a105ba8b-4891-4b1f-b214-c851442ee37d,binske - Lemonberry Parfait | 3.5G,Binske,flower,3.5g,4500,31.97,0,,TRUE,,https://storage.googleapis.com/maui-prod-hyper-media-images/product_images_4b09cff7-f2c6-4c7b-9de8-8812b14d5b41_8b00774f-772a-4a15-af96-699f5cdea458_original.png,2026-05-23T21:23:53.890537+00:00,,,
the-plug-crown-heights,Doj6EoEgow,a97cdda7-8e95-4c0b-9bee-d14838bd3000,MJ Arsenal - Kettle - | Clear,MJ Arsenal,merch,,1800,,,,TRUE,,https://storage.googleapis.com/maui-prod-hyper-media-images/product_images_e2ea7656-f56e-427f-9a1a-8acb91d34e85_2ea867fd-f87a-4e80-bc25-0bd1a1ec0a52_original.png,2026-05-23T21:23:53.890537+00:00,"The Kettle by MJ Arsenal is an innovative and thoughtfully designed hand pipe crafted for a remarkable smoking experience. This compact and stylish piece is crafted from high-quality borosilicate glass, ensuring durability, heat resistance, and the preservation of flavor. With its ergonomic design and easy-to-clean features, the Kettle sets a new standard for convenience, portability, and enjoyment. Material: 100% Borosilicate Glass Dimensions: 4"" x 1.7"" x 1.5"" Bowl Diameter: 18.5mm Thickness: 3mm Carb: Left Packaging Size: 124mm x 66mm x 66mm What’s in the box: 1 x Kettle Hand Pipe",,
the-plug-crown-heights,WQeTGCKgBT,f13c8749-1c3c-4858-ad64-97d677e0791b,Claybourne Co. - Lemon Lime Kush | Flyers Infused 1.5G Blunt,Claybourne Co.,preroll,1.5g,3600,86.774,0,50/50,TRUE,,https://storage.googleapis.com/maui-prod-hyper-media-images/product_images_f947a9e0-e33a-4e0f-825c-adc25d1baf4d_a1026d90-4a4c-425c-885a-2f93da176dc9_original.png,2026-05-23T21:23:53.890537+00:00,"Meet the 'Loudest on the Block': Flyers 1.5g Infused Blunt. Crafted from premium indoor, full nug flower infused with THCa & liquid diamonds, natural terpenes and wrapped in an herbal blend cone made of chamomile, cacao, & yerba maté. A badass blunt built better.",,
the-plug-crown-heights,hH1aUsGrSq,573341a3-d532-4a78-8b29-93f09a491b11,NY Infusions - Blue Hawaiian Cannabis Drink Syrup | 100MG,new york infusions,edible,45g,2000,100,0,,TRUE,,https://storage.googleapis.com/maui-prod-hyper-media-images/product_images_11b3f052-f706-4de1-9e3c-d3384d0b487f_99c9c276-1302-4d0f-a05e-1a2915a8e277_original.png,2026-05-23T21:23:53.890537+00:00,,,
the-plug-crown-heights,mKpms1guVy,bfb3f859-4a26-4476-8fd3-86d15e1bd3de,Munchkins - Grape Ape | 28G Premium Small Buds,Munchkins,flower,28g,12000,31.58,0,indica,TRUE,,https://storage.googleapis.com/maui-prod-hyper-media-images/product_images_dc882ca3-0a5a-4fd4-b748-4e2a59fe1468_0fa66f7c-444f-4703-b24e-e4d3b7a0c6b8_original.png,2026-05-23T21:23:53.890537+00:00,,,
the-plug-crown-heights,EoImWRrAcH,e05e3a0d-bae0-47c8-8b8b-d6c501a4780b,STIIIZY - King Size Organic Hemp Papers,STIIIZY,merch,,200,,,,TRUE,,https://storage.googleapis.com/maui-prod-hyper-media-images/product_images_fd61ad65-62e2-4ad5-ad23-e103ecb0a633_c0d3d9ab-0528-4a11-b596-536eb0491652_original.png,2026-05-23T21:23:53.890537+00:00,"Indulge in a clean and sustainable smoking experience with STIIIZY's King Size Organic Hemp Rolling Papers. Crafted from the finest organic hemp fibers, these rolling papers offer a pure, natural burn, enhancing the flavors of your herbs. Ideal for those who prioritize eco-friendly choices and premium quality, STIIIZY’s organic hemp papers provide a superior smoking experience.",,
the-plug-crown-heights,5j2g3dwgGm,95133c1f-2759-4207-93de-65a36fe5d3e1,RAW Perfecto Pre-Rolled Cone Tips Box 100 Count,Raw,merch,,1200,,,,TRUE,,https://storage.googleapis.com/maui-prod-hyper-media-images/product_images_e9028304-a409-48ff-bc36-fe996cfd7385_b6e720b5-b2a4-4cc3-999b-7c21552d6908_original.png,2026-05-23T21:23:53.890537+00:00,100 Pre-Rolled Cone Tips per box,,
the-plug-crown-heights,zMoGAWH2Kd,ec388230-425a-45b4-92e0-8d4fd4ae50d2,CAM - Guava Gelato | 7G,CAM,flower,7g,8500,25.97,0,indica,TRUE,,https://storage.googleapis.com/maui-prod-hyper-media-images/product_images_3d9f8638-f8b2-4cdf-8134-fec6727ec7ac_af2a5e13-b799-488b-9264-9c7a3a991d9f_original.png,2026-05-23T21:23:53.890537+00:00,,,
the-plug-crown-heights,7DbGrUlx2e,6696b4b0-7a63-436d-952d-6eed72bee6ca,Puff - Chill | Indica 1G PreRoll,PUFF,preroll,1g,1200,0.893,0,indica,TRUE,,https://storage.googleapis.com/maui-prod-hyper-media-images/product_images_9c4268ef-bc74-4ca7-a535-752fb48c49c8_3ebb227a-4087-41d0-b7f3-c15606ff8d75_original.png,2026-05-23T21:23:53.890537+00:00,,,
the-plug-crown-heights,jgfPbUGn1y,9ae8c7bc-83e8-4268-baa1-08f5a8e78378,Revert - Godfather OG | 3.5G Flower,Revert,flower,3.5g,3000,26.6,0.09,indica,TRUE,,https://storage.googleapis.com/maui-prod-hyper-media-images/product_images_504ec1b6-d816-4cb2-9eee-fb75ed68ea5b_8114cd80-5414-4578-854b-f595b6169b1d_original.png,2026-05-23T21:23:53.890537+00:00,,,
the-plug-crown-heights,bWSuFs93Zd,9de9be07-583e-4119-b607-00dce3516d96,Elements Metal Ashtray,Elements,merch,,600,,,,TRUE,,https://storage.googleapis.com/maui-prod-hyper-media-images/product_images_ab84df05-582a-46e0-8271-0c29d2b442cc_07f9bb0d-100c-45bd-816b-f8f3b6450c33_original.png,2026-05-23T21:23:53.890537+00:00,"Elements Metal Ashtray Blue (ELEASHBLUE) / (ELEASHBLUEMAG) Material: Standard Metal or Magnetic Size: 5.5"" X 5.5"" X .06""",,
the-plug-crown-heights,rwX8xww3y5,d5d04157-e1ba-46f2-a998-5c6dab9c19d6,MFNY - Honey Banana | 0.5G Two-Fer (2pk),MFNY,other,1g,7800,72.77,,sativa,TRUE,,https://storage.googleapis.com/maui-prod-hyper-media-images/product_images_ec2d8445-5267-441b-ba94-f2fdd13f0ed1_b5c29a1c-a921-46ec-8d37-41178dc836ec_original.png,2026-05-23T21:23:53.890537+00:00,,,
the-plug-crown-heights,bqUa2poNV9,a67d26d3-a226-4d8a-b989-cbec7fc22bd1,1906 - Chill Drops Tin | 20 Plant- Based Pills,1906,edible,,2900,100,0,indica-dom,TRUE,,https://storage.googleapis.com/maui-prod-hyper-media-images/product_images_1f1b2f39-c0bb-4d45-a9fb-2dc478845118_5ec304e8-4060-4a24-8d88-2912beaa45f5_original.png,2026-05-23T21:23:53.890537+00:00,"""Find peace of mind and calm the body with a blend of two cannabinoids (THC & CBD) and plant medicines Magnolia and L-Theanine. Chill is the only 1906 Drop formulated with a high dose of CBD: When paired with THC and plant medicines reduces stress, releases tension, and relaxes without losing focus or function. Swallowable pills with a rapid onset of 20 minutes. Vegan, calorie-free, sugar-free, and gluten-free. Each Chill Drop contains 5mg THC and 25mg CBD.""",,
the-plug-crown-heights,LJKTwPyMe4,e19b14ca-076c-445c-b958-3e763c176db9,Flav - Strawberry Belts | Live Resin Gummies,Flav,edible,40g,1800,100,0,sativa,TRUE,,,2026-05-23T21:23:53.890537+00:00,Flav Strawberry Belts is one of the fan favorites when it comes to delicious edibles that are as effective as they are tasty. Sweet and sour strawberry flavored belts coated in sugar are infused with 10mgs of THC. 10 gummy belts in each package allow you to medicate at the amount you need to achieve the ultimate medicating experience. Bring your favorite flavors to the cannabis experience with Flav Strawberry Belts.,,
the-plug-crown-heights,UkSNhn49sj,ad34f6fa-5583-42bf-a1c6-da51c2054e0f,Ayrloom (1g Disposable) - ENERGY,Ayrloom,other,1g,5000,60,0,sativa,TRUE,,https://storage.googleapis.com/maui-prod-hyper-media-images/product_images_f258d88b-5cab-4093-a98f-e16288e8c85a_ecfe662a-20b9-4b42-9fdf-d80b72a87cb4_original.png,2026-05-23T21:23:53.890537+00:00,"Reach new heights and seek new perspectives while you energize your mind, body and spirit. With zesty citrus notes, our energy vape can help motivate, excite and engage. The combination of CBG and THCV provides a steady uplifted effect without the crash.",,
the-plug-crown-heights,6gIBxLkkZr,3d15dc33-3986-4ede-868d-70856fdf9d5d,Runtz - Pluto | 3.5G Flower Jar,Runtz,flower,3.5g,5300,38.81,0,indica-dom,TRUE,,https://storage.googleapis.com/maui-prod-hyper-media-images/product_images_900e698d-1e45-4e3e-8f91-2ba46d88caab_f429527f-ac02-4645-b898-d05cc6dba714_original.png,2026-05-23T21:23:53.890537+00:00,"Runtz delivers deep relaxing dessert flavor with Pluto in this premium 3.5g flower jar, a potent indica built for smooth nighttime sessions and full-body calm. Pluto hits with sweet creamy candy notes layered alongside earthy gas, soft citrus, and subtle floral spice that linger heavily on the exhale. Dominant terpenes including alpha-pinene, beta-myrcene, beta-pinene, and beta-caryophyllene help shape the strain’s rich aroma while supporting its mellow indica effects. Expect a euphoric mental ease followed by steady body relaxation that melts tension without immediately knocking you out, making this strain ideal for late-night gaming, movies, music sessions, or simply shutting the day down on a smooth note",,
the-plug-crown-heights,0ewbh4VknL,2229e357-1c8f-4e20-876f-a17c333bb48f,Miss Grass - All Times - Wedding Cake | 2G Pre-Roll Pack,Miss Grass,preroll,2g,3200,27.03,0.029,indica,TRUE,,https://storage.googleapis.com/maui-prod-hyper-media-images/product_images_ae5e54a4-a8ca-4be4-b6b0-04c9b50b447a_3cefbd40-450b-47fe-bf3b-f14eff20f316_original.png,2026-05-23T21:23:53.890537+00:00,"Hybrid. Terpene-rich. Five .4g mini pre-rolls and a matchbox in a little box. Focused on a theme of ‘Harmony + Flow,’ the hybrid All Times provides a versatile, balancing experience that centers oneself in the present. Primary terpenes: caryophyllene, myrcene, pinene, and humulene. Feelings Balanced, Focused, Creative, Versatile",,
the-plug-crown-heights,WAwxeqOz1V,b9d2ec00-0885-4e94-a6d1-79339e56b9c5,Claybourne Co. - Wedding Cake - Diamond Frosted Flyers Pre-Rolls,Claybourne Co.,preroll,2.5g,5000,46.64,0,50/50,TRUE,,https://storage.googleapis.com/maui-prod-hyper-media-images/product_images_11737cb6-e103-4da6-9e65-543a99833fd3_be0c522f-abcb-405a-a969-9b55ff464834_original.png,2026-05-23T21:23:53.890537+00:00,"Tried & True Cultivation, Breeding & Genetics. Home of ultra premium indoor flower and infused pre-rolls. Try our newest line of THCa coated Frosted Flyers.",,
the-plug-crown-heights,sbctwiB0yy,195e0f82-aaae-4e80-91ee-337f36e097bd,Noizey - Liberty Zkittles | 4G,Noizey,flower,4g,4500,20.62,0,indica,TRUE,,https://storage.googleapis.com/maui-prod-hyper-media-images/product_images_6b1652c7-718c-46b8-b9b8-722c44e9e9b9_8df81e75-9660-4cd6-b2ef-cf6bcd4e868b_original.png,2026-05-23T21:23:53.890537+00:00,,,
the-plug-crown-heights,1NGWwUABNg,1cb6c844-6e11-4209-8499-e8ef07f67e18,Blazy Susan Rolling Tray (with Lid) | Small - Black,Blazy Susan,merch,,1200,,,,TRUE,,https://storage.googleapis.com/maui-prod-hyper-media-images/product_images_fd56e419-65f7-48cc-ba21-96cd877e0229_169c0b1e-d9cb-48c4-8031-5140eb7b5807_original.png,2026-05-23T21:23:53.890537+00:00,,,
the-plug-crown-heights,n90Cg0OE53,00f0d91d-4004-4087-a6e7-ed419b5b51ef,Timeless T1 - New York Sour Diesel | 1G Rechargable Vaporizer,Timeless,other,1g,5800,86.4,0,sativa,TRUE,,https://storage.googleapis.com/maui-prod-hyper-media-images/product_images_311259ea-ef7f-452d-8283-8f95b78cb6f8_f317a159-7438-4fb9-b1a2-b141e24950b5_original.png,2026-05-23T21:23:53.890537+00:00,"Sour Diesel is a classic with its unmistakable fuel-heavy aroma, layered with herbal spice and a touch of citrus. Caryophyllene, Myrcene, and Limonene dominate the terpene profile, creating a sharp and tangy flavor that keeps it bold from start to finish.",,
the-plug-crown-heights,MeInVOOptk,0f9cfca7-8fb1-4337-97fc-75e604ae9902,"Human Grade - 5"" Recycler 1A Dab Rig | Smoke",Human Grade,merch,,3500,,,,TRUE,,https://storage.googleapis.com/maui-prod-hyper-media-images/product_images_1e597f58-1fde-4b91-875e-016a4107d365_da3fbc39-e896-4022-a016-5eddb6ce6b58_original.png,2026-05-23T21:23:53.890537+00:00,,,
the-plug-crown-heights,9ZeSxe5YKO,b2d76103-3f46-40ba-920c-91ee169dbc01,Jetpacks - Candyland | 1G Sativa Diamonds,Jetpacks,concentrate,1g,5000,91.58,0,,TRUE,,https://storage.googleapis.com/maui-prod-hyper-media-images/product_images_fa500063-909e-4718-9102-287a9f068b9d_dabb0d3f-4e33-4554-903a-93057ecc59fb_original.png,2026-05-23T21:23:53.890537+00:00,"Potent, flavorful, and crafted for experienced consumers, JetPacks Candyland Diamonds deliver a high-intensity concentrate experience in a 1-gram crystalline THCa format. Known for their purity and strength, diamond concentrates provide fast-acting, long-lasting effects with bold terpene expression. Candyland brings a vibrant, candy-forward terpene profile featuring sweet sugary notes, light berry and citrus, and subtle earthy spice. Each dab or vaporized hit is smooth yet powerful, offering a clean inhale with a slightly sweet, lingering finish. Effects are typically uplifting and euphoric, starting with a strong cerebral rush that boosts mood, creativity, and focus. As the experience develops, a mild body relaxation follows, keeping the high balanced without heavy sedation—ideal for daytime or creative sessions.",,
the-plug-crown-heights,JhndwJN6D6,ff417e94-c381-48d0-9263-29f8a04ed1e7,Runtz - Pink Runtz | 3.5g,Runtz,flower,3.5g,5300,33.59,0,sativa-dom,TRUE,,https://storage.googleapis.com/maui-prod-hyper-media-images/product_images_291d35cb-4228-4c96-9ebf-8413ec7f6012_2304e3b1-e719-48b5-ae26-feae5583eb17_original.png,2026-05-23T21:23:53.890537+00:00,,,
the-plug-crown-heights,MOB2rm1veV,e9c45707-fbb5-49d1-a68c-46ebaf1ca3c4,Flav Rings 100mg - Peach,Flav,edible,94g,1800,100,0,50/50,TRUE,,https://storage.googleapis.com/maui-prod-products/422821e5-fad5-4e72-8fde-dfd3c8e19d22--59b7e672-11ce-48d8-9344-4dc21c43cf10.png,2026-05-23T21:23:53.890537+00:00,"Sweet, juicy, and irresistible—Flav Rings 100mg – Peach delivers a burst of fresh, succulent peach flavor that will transport your taste buds straight to a sun-kissed orchard. With each soft, chewy ring, you’ll experience the perfect balance of sweet and tangy, making every bite a delightful treat for your senses. Packed with 100mg of THC per package (10mg per ring), these premium gummy rings offer a reliable, consistent experience you can count on. Whether you’re a seasoned edible connoisseur or just starting to explore, Flav Rings are the perfect way to unwind, relax, and enjoy a flavorful journey with every bite.",,
the-plug-crown-heights,xDk868fPUz,8c99ea46-b995-429f-bbb9-85fc69ad7d22,Jetpacks FJ-Mini (0.6g) Infused PreRoll - Blueberry Kush,Jetpacks,preroll,0.6g,1300,37.45,0,indica,TRUE,,https://storage.googleapis.com/maui-prod-products/422821e5-fad5-4e72-8fde-dfd3c8e19d22--98b2c9a5-a5c6-40dd-9e3e-b0ee5546c40e.png,2026-05-23T21:23:53.890537+00:00,"Crossing an iconic duo of Blueberry F2, a phenotype of the original Blueberry strain from DJ Short, and OG Kush, Barney’s Farm created the indica-leaning strain Blueberry OG (also called Blueberry Kush). Taking its flavor profile from both parents, Blueberry OG reportedly smells and tastes of fruity, citrus-infused sweetness with a rich, earthy undertone.",,
the-plug-crown-heights,PmxGJmmF25,7b6de6e3-b68f-4ce9-895f-7d944be76934,Timeless - ATF | Energy - 1G Vape Cartridge,Timeless,other,1g,5000,82.62,0.191,sativa,TRUE,,https://storage.googleapis.com/maui-prod-hyper-media-images/product_images_ee30385d-3b8d-4444-9be5-811d8303b0be_4cd7c1be-88e8-4c77-86c1-f60471456d16_original.png,2026-05-23T21:23:53.890537+00:00,"As an earthy, sweet, and pungent Sativa-dominant strain, ATF is described as giving a euphoric, uplifting and soothing high with strong enhancement of appetite and creativity. It has strong notes of pine, lemon, and skunk. When you want an uplifting and energizing experience, grab a Timeless Energy cartridge. These are great daytime options when you want to get up and get moving. Timeless Vapes set out to create the finest medical grade Cannabis oil vaporizer cartridge on the market. Countless hours of research and development go into every single batch of solvent-free, premium THC oil distillate. Their cartridges only contain cannabinoids and terpenes — no additives or fillers, ever! All Natural: All Terpenes come from plant-based sources. There are never any synthetically derived Terpenes in Timeless products! High Potency: Every product tests at +/- 85% THC levels. Timeless strive to provide you with a consistently powerful product every single time you choose a new Timeless flavor! No Fillers: Timeless never adds any fillers or any artificial flavorings to their products.. They don’t believe in diluting their products or adding anything that doesn’t benefit you!",,
the-plug-crown-heights,NKosKBxmy7,bfab7b46-c215-4dce-8256-eac58320d8c4,Jaunty Drops- Rosin 300mg,Jaunty,tinctures,30,4700,300,0,50/50,TRUE,,https://storage.googleapis.com/maui-prod-products/422821e5-fad5-4e72-8fde-dfd3c8e19d22--d39de8d2-6dd4-45aa-a94a-3d3e871dad8b.png,2026-05-23T21:23:53.890537+00:00,"Solventless hash oil for a full-spectrum, true-to-plant experience with an entourage effect.",,
the-plug-crown-heights,wtFW5E5CFc,7fb8c06a-c7f5-4767-a9f7-8f68e6333c6e,Miss Grass - Quiet Times - Purple Kush | 2G Pre-Roll Pack,Miss Grass,preroll,2g,3200,26.875,0.048,indica,TRUE,,https://storage.googleapis.com/maui-prod-hyper-media-images/product_images_764ce94e-831c-4475-80c2-c7dcd082e3e5_10470f8a-f330-4e25-a69c-d725bacc8622_original.png,2026-05-23T21:23:53.890537+00:00,"Indica dominant. Terpene rich. Five .4g mini pre-rolls and a matchbox in a little box. Guided by the theme of 'Anchor + Restore,' the indica-leaning Quiet Times encourages a serene sense of calm, tuning out the noise to amplify one's perception. Primary terpenes: caryophyllene, linalool, bisabolol, and myrcene. Feelings Calm, Sensual, Connected, Soothed",,
the-plug-crown-heights,hPvO0l6PV2,8162e8e2-ab3c-4960-8d41-1b7aefb86e6f,Honey Bee Herb - Stainless Steel Dabber V2,Honey Bee Herb,merch,,500,,,,TRUE,,https://storage.googleapis.com/maui-prod-hyper-media-images/product_images_4f359c26-55cb-4a31-acd6-d28eaf19032a_355b9d66-197d-4c25-863c-3d92f6e7b8e4_original.png,2026-05-23T21:23:53.890537+00:00,,,
the-plug-crown-heights,g2CK5R5dpD,66dea03d-ab8a-4e91-8b05-11eae23888ec,Revert - Grape | 100mg Scored Gummy,Revert,edible,,1800,100,0,50/50,TRUE,,https://storage.googleapis.com/maui-prod-hyper-media-images/product_images_d72e485d-538b-4c65-803b-4c85ded5f2fb_4fcb902e-9731-4ec8-91ff-acccdf6d45cb_original.png,2026-05-23T21:23:53.890537+00:00,"Revert Grape 100mg Gummy Pack Revert THC Gummies are crafted for consistency, convenience, and a clean edible experience. Each package contains 10 easily separable 10mg portions (100mg total) for simple, precise dosing. Made with cannabis distillate and a pectin-based (gelatin-free) formula, these gummies offer a smooth, reliable effect and a soft, chewy texture, and are vegan-made. Grape features a rich, sweet, slightly dessert-forward flavor with a smooth finish.",,
the-plug-crown-heights,L8iR6Jq5Kc,27bc61dc-f70d-4dbd-88e5-103b0802959d,Stiiizy- Premium Jack | .5g Pod,,other,0.5g,2300,85.21,,sativa,TRUE,,https://storage.googleapis.com/maui-prod-hyper-media-images/product_images_39f97be6-7fff-4b12-8f43-02008733fd81_031c77f1-b064-418b-a901-639fc385521f_original.png,2026-05-23T21:23:53.890537+00:00,,,
the-plug-crown-heights,eNYph2iQQv,14b5d038-eb87-4f85-9678-a8737e7b5e20,Miss Grass - All Times - Banana Jelly | 2G Pre-Roll Pack,Miss Grass,preroll,2g,3200,26.261,0,indica,TRUE,,https://storage.googleapis.com/maui-prod-hyper-media-images/product_images_05e93c6b-c3ed-4c5a-96de-8835b2b61867_05e46ad3-e571-49f1-b453-6b12abeff5e2_original.png,2026-05-23T21:23:53.890537+00:00,"Indica dominant. Terpene rich. Five .4g mini pre-rolls and a matchbox in a little box. Guided by the theme of 'Anchor + Restore,' the indica-leaning Quiet Times encourages a serene sense of calm, tuning out the noise to amplify one's perception. Primary terpenes: caryophyllene, linalool, bisabolol, and myrcene. Feelings Calm, Sensual, Connected, Soothed",,
the-plug-crown-heights,2m8Bvxps9s,8ca518c0-4a44-4c1f-97eb-638cff7c42c1,Revert - Memory Loss| 14G Kief Infused PreGround Flower,Revert,flower,14g,8100,29.1,0.06,sativa,TRUE,,https://storage.googleapis.com/maui-prod-hyper-media-images/product_images_df5a6aab-b1c9-4de5-9eac-eb92c45acf07_bb63e824-17c9-4e54-994e-7718342ab54c_original.png,2026-05-23T21:23:53.890537+00:00,"Memory Loss features bright citrus flavors layered with subtle herbal notes. This kief-infused grind delivers an energetic, heady experience that leans uplifting and cerebral, making it ideal for daytime sessions, music, art, or getting lost in good conversation.",,
the-plug-crown-heights,iLFUAjNGsJ,5a54b83f-332f-43d3-808d-e9beafde3c6a,Miss Grass - Gruntz | 1G Solventless Infused Pre-Roll,Miss Grass,preroll,1g,2400,35.737,0,50/50,TRUE,,https://storage.googleapis.com/maui-prod-hyper-media-images/product_images_c07796d7-9e4c-4d0b-a3d0-dc8f1a80a39f_020a510f-1b78-49eb-a83a-ab369c82424a_original.png,2026-05-23T21:23:53.890537+00:00,"A single 1g *solventless ice water hash infused* pre-roll in a glass tube. Hybrid. Terpene-rich. Our solventless ice water hash starts with freshly harvested, hand-trimmed buds that have been frozen to preserve maximum flavor and potency. Then, ice water is used to separate the gooey good stuff from the plant material, revealing super pure and super delicious full melt hash. This juicy, flavorful live extract is then infused in premium, terpene-rich flower for a full-bodied high with every puff. Feelings Balanced, Focused, Creative, Versatile",,
the-plug-crown-heights,SMcEtNIWf0,97cbd497-9efd-49bc-89a0-337f5c1da4e8,Ayrloom Balm (1000mg THC; 1000MG CBD) - Revive (BCS),Ayrloom,topical,65.2g,5500,1000,1000,50/50,TRUE,,https://storage.googleapis.com/maui-prod-products/422821e5-fad5-4e72-8fde-dfd3c8e19d22--1d091ccf-d26c-4614-bdaf-e1474f526e5c.jpeg,2026-05-23T21:23:53.890537+00:00,,,
the-plug-crown-heights,z6tVdBd6TF,5f6938f6-55df-468d-bffa-b59e8997dd8e,The Botanist - Red Carpet Runtz | 14G Flower,The Botanist,flower,14g,9000,31.8,0,indica,TRUE,,https://storage.googleapis.com/maui-prod-hyper-media-images/product_images_2b07ae96-a3e7-4249-bd96-8f5295ebbdef_d130d099-7e2d-4d35-a33c-bcec69abe1c0_original.png,2026-05-23T21:23:53.890537+00:00,"This unique-smelling plant has a distinct herbal, piney quality along with its gassy, earthy sweetness. Perhaps due to its limonene dominance, the effects of this one may potentially be less heavy and more suited for early evening socialization than it is to bedtime. Top Terpenes: Limonene, ß-Caryophyllene, Linalool.",,
the-plug-crown-heights,qWBOBhY3ZQ,975f79b6-29cc-426f-b779-b78cfbf391c2,MicroBar - Zhirley Temple | 1G Disposable,microbar,other,1g,5700,74.90,,50/50,TRUE,,https://storage.googleapis.com/maui-prod-hyper-media-images/product_images_3dcdb3ec-c0e1-428d-8621-6787805282c4_53467a62-a956-4219-b605-9631c4dbba76_original.png,2026-05-23T21:23:53.890537+00:00,"This unique flavor features a blend of sweet and tangy lemon-lime soda, mixed with hints of grenadine and maraschino cherry, delivering a distinct and refreshing taste that will transport you to your favorite soda fountain. Experience the Quickstrike difference with this limited edition flavor of Shirley Temple.",,
the-plug-crown-heights,KCHURqVy5V,49eaa670-a27e-4b0e-8e1f-66c5dd10899c,Nanti Nitro - Cosmic Clusterz | 2G AIO,Nanticoke,other,2g,8000,87,,indica,TRUE,,https://storage.googleapis.com/maui-prod-hyper-media-images/product_images_5a2c9632-8be1-42b4-8f92-b2cb285e21a3_4fad43e9-5b83-4f37-87b1-e2b02b7db7b9_original.png,2026-05-23T21:23:53.890537+00:00,,,
the-plug-crown-heights,v7su5ubrXQ,55b07bab-c467-4e22-ac3d-f53a30c1f50d,Lost Farm - Tropical Lemonade x Ztrawberry Guava Rosin  | 100mg Gummies,Lost Farm,edible,39g,3000,100,0,sativa-dom,TRUE,,https://storage.googleapis.com/maui-prod-hyper-media-images/product_images_4375e5b8-3cb1-44f9-baf2-3b38a7406b8c_8c59a8b9-8099-41a2-8d08-35b93b820cde_original.png,2026-05-23T21:23:53.890537+00:00,sativa dominant kiva™ lost farm cannabis-infused gummies 10 mg thc per serving strain specific: 100 ztrawberry guava solventless mg thc per package plant based live rosin full spectrum tropical lemonade nt. wt. 39 g (1.38 oz) 10 servings per package .,,
the-plug-crown-heights,BaCNb92o4h,07160d1f-6e15-46b5-9eb4-44ef8984c43b,The Botanist - Ruffhouse | .5G PreRoll 7PK,The Botanist,preroll,3.5g,3600,23.94,0,indica,TRUE,,https://storage.googleapis.com/maui-prod-hyper-media-images/product_images_c258b61f-b74a-400b-94b2-9b793c224e9b_498e060e-61ac-4f6f-a435-288178413652_original.png,2026-05-23T21:23:53.890537+00:00,,,
the-plug-crown-heights,FnnayJwtP2,f028bbc3-f9f6-4039-aeea-77bc1ca2eae3,MyHi -Blue Raz ( Relax ) | 1:1 THC:CBD Gummies,MyHi,edible,26g,2200,100,0,indica,TRUE,,https://storage.googleapis.com/maui-prod-hyper-media-images/product_images_406fdfb8-a335-4532-9c81-e2dcfc2d0dd4_b9dfaa89-e2c9-4ec6-9b76-6ed7eb295112_original.png,2026-05-23T21:23:53.890537+00:00,"Relax Indica Blue Raz (1:1 THC:CBD + CBN) - Waterless Live Rosin, Fast Acting Gummies - 10 pieces (100mg) MyHi Solventless Live Rosin Gummies hit different: Fast-Acting with no bitter after taste. 10mg THC and 10mg CBD per gummy : 10 gummies per pack (100mg THC + 100mg CBD total) Made with Solventless Live Rosin for a clean, delicious taste. Proprietary fast-acting formula activates in 15 minutes or less. Formulated with proprietary relaxing terpene blend, our Sunset Indica Blue Raz is a high that's built to chill.",,
the-plug-crown-heights,gbI2Afwezr,6e0a5f0c-4f5d-46ee-b4d8-dbd09efb09c4,Jetpacks FJ-Mini (0.6g) Infused PreRoll - Afghani,Jetpacks,preroll,0.6g,1300,37.77,0,indica,TRUE,,https://storage.googleapis.com/maui-prod-hyper-media-images/product_images_3404e9e4-e07a-4e28-a6f3-55c15f54896d_dd8fa209-1506-48c1-961d-b36ef09f18c7_original.png,2026-05-23T21:23:53.890537+00:00,,,
the-plug-crown-heights,5hT3ntsutl,d9edc6e7-6806-42fe-b40d-d410f183b216,Eureka Starter Kit - Oreoz | 1000mg (Live Resin),Eureka,other,1g,8000,75,,indica,TRUE,,https://storage.googleapis.com/maui-prod-hyper-media-images/product_images_0dd53d93-7aab-471b-98e8-26a277e9b9eb_7f52fdae-d14d-4c43-b94c-bba61aa01297_original.png,2026-05-23T21:23:53.890537+00:00,,,
the-plug-crown-heights,2nYnU8P9Qt,97fc21c1-607a-4e48-aa15-5feb3c464760,Purps - Iced Lemonade | 3.5G,Purps,flower,3.5g,4500,23.92,0,sativa,TRUE,,https://storage.googleapis.com/maui-prod-hyper-media-images/product_images_cc13c0b0-d7e6-4787-8461-7749bed9e2a7_50c4243c-6ee4-4ee8-a78c-ed434d656b15_original.png,2026-05-23T21:23:53.890537+00:00,,,
the-plug-crown-heights,HKOz6fwano,cc279f0e-76ce-4b73-85f8-399129b211b5,Timeless T2 - Blackberry Kush | Rest - 2G Rechargeable Vape,Timeless,other,2g,7900,89.1,0.168,indica,TRUE,,https://storage.googleapis.com/maui-prod-hyper-media-images/product_images_eccbd05a-f0f1-4d01-a39b-65d0aae86481_02629ce5-88e2-4eb3-a0a6-31aed2693183_original.png,2026-05-23T21:23:53.890537+00:00,"A delicious strain with a strong entourage effect that focuses on the body. Myrcene and Linalool promote a sense of calm and relaxation. The taste of pine, wood, and herbs are present on inhale, and finishes with a sweet berry exhale.",,
the-plug-crown-heights,iFhM60noVc,69cea626-a2c6-4b79-9442-9fbf9cc56c4c,Muha Meds Mate - Jet Fuel | 3.5g 5pk Infused Joints,Muha Meds,preroll,3.5g,5000,43.15,0.13,50/50,TRUE,,https://storage.googleapis.com/maui-prod-hyper-media-images/product_images_00b08e27-f2da-4179-bb27-12c8fe2709ad_bd3cce22-4706-4145-a009-7c5da4ac264d_original.png,2026-05-23T21:23:53.890537+00:00,"The Jet Fuel pre-rolls bring together a powerful hybrid strain recognized for its heady, cerebral lift paired with a subtly relaxing body feel. Packed with premium flower, THCA diamonds, and coated with golden keif each pre-roll delivers a pungent, gassy aroma with touches of sweet earth for a robust and satisfying smoke.",,
the-plug-crown-heights,0LHUyr35Ct,362e3172-a707-49cc-be9f-168f06d5965f,Super Dope - Plum Popperz | 7 Grams,Super Dope,flower,7g,11800,28.5,0,50/50,TRUE,,https://storage.googleapis.com/maui-prod-products/422821e5-fad5-4e72-8fde-dfd3c8e19d22--14019d3e-341d-49f4-94c0-753935e4db48.png,2026-05-23T21:23:53.890537+00:00,"A Runtz cut crossed with Skittlez, the flavor most closely resembles a milky, creamy, sweet candy profile. It is regarded as the heaviest of the Popperz family in terms of potency and pressure, and effects.",,
the-plug-crown-heights,HpOVu6jjpZ,415091e5-8058-411b-bd34-e41116f48289,Anthem Bold - Tahoe OG | Glass Tip infused Pre-Rolls 5pk,Anthem,preroll,2.5g,4000,43.205,0.122,indica,TRUE,,https://storage.googleapis.com/maui-prod-hyper-media-images/product_images_b018a229-073a-4e26-abc6-73c4dcb98ff7_ff33eacd-01b1-4263-aa2a-8722e55f1a86_original.png,2026-05-23T21:23:53.890537+00:00,"This indica strain has an innate herbal bouquet that's moderated with pine and citric tones. Anthem Bold looks different, feels different, and hits different. Our Bold infused pre-rolls feature: Higher potency for an elevated pre-roll experience Glass tips to deliver a bolder strain experience",,
the-plug-crown-heights,SnOZHi7KwN,5138ea35-5557-474b-a427-fc766b051eea,Cannabals - LCG | 1G AIO,Cannabals,other,1g,4500,88,,,TRUE,,,2026-05-23T21:23:53.890537+00:00,"Indulge in the tantalizing blend of sweet and sour with CANNABALS Lemon Cherry Gelato! This sleek and discreet disposable vape pen delivers a burst of fruity flavor with every puff. Each pen contains one gram of high-potency hybrid cannabis oil, expertly infused with the delightful taste of Lemon Cherry Gelato.",,
the-plug-crown-heights,d2lCw8Rmkt,993f65ea-4346-4518-a890-e740d52e4c15,Flav Mega Belt Live Resin 100mg - Rainbow - Hybrid,Flav,edible,8g,1000,100,0,,TRUE,,https://storage.googleapis.com/maui-prod-products/422821e5-fad5-4e72-8fde-dfd3c8e19d22--979f9b35-03e8-4d66-9b66-5a4d21e10834.png,2026-05-23T21:23:53.890537+00:00,"Dive into a world of vibrant flavor and balanced effects with Flav Mega Belt Live Resin 100mg – Rainbow – Hybrid. Infused with live resin, this stretchy, fruity gummy belt offers a full-spectrum experience that captures the essence of the cannabis plant, delivering the best of both worlds: a hybrid effect that’s uplifting yet relaxing. The Rainbow flavor bursts with bright, tangy fruit notes that dance across your palate, creating a multi-dimensional taste experience that’s as fun as it is satisfying. With 100mg of THC per package (10mg per segment), each Mega Belt is perfectly dosed for precise control over your experience. Whether you're enjoying a boost of creativity or seeking a mellow moment to unwind, the hybrid strain offers a balanced high that won’t overwhelm, making it ideal for social moments or solo relaxation.",,
the-plug-crown-heights,2H7Xdukitl,39e37c86-f04b-4448-a78c-df227dba8406,Benz - Chocolate Cones | 100mg . 10pcs,benz,edible,32g,3000,100,0,50/50,TRUE,,https://storage.googleapis.com/maui-prod-hyper-media-images/product_images_27f445eb-f091-4f4f-bc2c-2a18ee0f5453_c5b52573-27a4-42a0-869b-25de07d04346_original.png,2026-05-23T21:23:53.890537+00:00,"These Chocolate Wafer Cones are a smooth, indulgent edible made with rich chocolate and precisely infused cannabis distillate. Each cone delivers a consistent dose and a satisfying crunch, making them perfect for controlled, enjoyable consumption. Crafted for even distribution and reliable potency, these cones offer a balanced experience with a classic chocolate flavor.",,
the-plug-crown-heights,UqYlr74eSC,2cf561d2-af98-47cc-96e0-611aa7603ade,Continental Exotics - Sweet Retreat | Rosin Infused 1g Joint,Continental Exotics,preroll,1g,1600,35.6,0.39,50/50,TRUE,,https://storage.googleapis.com/maui-prod-hyper-media-images/product_images_004311f5-b275-4a31-a46e-bf0ff548c88e_e63c31a0-c998-4c14-99f9-5863e1a57b47_original.png,2026-05-23T21:23:53.890537+00:00,"Zangria X Illmatic Indulge in the Continental Exotics Sweet Retreat Live Rosin Pre-Roll, a 1g hybrid crafted for flavor, potency, and smooth consumption. Made with premium live rosin, this pre-roll preserves the strain’s full terpene profile, delivering a rich, sweet, and fruity aroma with subtle herbal undertones for an elevated smoking experience. The hybrid Sweet Retreat strain provides a balanced high, offering gentle euphoria and relaxation that’s perfect for socializing, creative sessions, or unwinding after a long day. Hand-rolled for a consistent burn, this pre-roll ensures a flavorful and potent session from start to finish. Pre-rolls with Sweet Retreat Flower and Medellin Rosin",,
the-plug-crown-heights,Nna8sT4ghl,dba89c27-25ed-4368-ad50-19e3f4239fc3,1906 - Go Drops Tin | 20 Plant- Based Pills,1906,edible,15.7g,2900,100,100,sativa,TRUE,,https://storage.googleapis.com/maui-prod-hyper-media-images/product_images_88e07b7d-6146-4a3b-b5b3-cf27fd687cd1_42028d97-ff8b-4cf0-a43c-e228294f517f_original.png,2026-05-23T21:23:53.890537+00:00,"GO promotes natural energy through a blend of cannabis, caffeine, and three plant medicines. Swallowable pills with a rapid onset of 20 minutes. Vegan, calorie-free, sugar-free, and gluten-free. Each GO Drop contains 5mg THC and 5mg CBD.",,
the-plug-crown-heights,vEzfDFOYne,cd4ed250-e8cc-4453-a44e-5018d3c830e0,Umamii - GMO | 1.2G Bubble Hash Infused PreRoll,Umamii,preroll,1.2g,2200,27.50,0,indica-dom,TRUE,,https://storage.googleapis.com/maui-prod-hyper-media-images/product_images_99c962bd-d934-4173-aca0-2cbcbde944a9_c1bcbe47-8deb-4b1b-8e9a-d5b7700c6cdb_original.png,2026-05-23T21:23:53.890537+00:00,,,
the-plug-crown-heights,DdfND3rTVy,ff35c79f-303f-444e-9c3a-d695a421f562,Flav Belts - Green Apple | Live Resin 100mg 10pk,Flav,edible,40g,1800,100,0,50/50,TRUE,,https://storage.googleapis.com/maui-prod-hyper-media-images/product_images_5b60ff13-22ef-46e0-9027-218abf1007a5_bf4b8209-957b-4e20-b568-8cd3b132294a_original.png,2026-05-23T21:23:53.890537+00:00,,,
the-plug-crown-heights,MXnA0jHzKu,8929937a-8bbd-4843-8bb2-8fe6fc611a5e,Clear Bucket Bangers - 90-14mm,Human Grade,merch,,850,,,,TRUE,,https://storage.googleapis.com/maui-prod-hyper-media-images/product_images_96ead403-e41b-421d-a5d6-ecbc2caa1bb6_e846d11a-5110-4e67-b640-7c1f2e72b063_original.png,2026-05-23T21:23:53.890537+00:00,,,
the-plug-crown-heights,687VP1IBbI,514f812a-2605-4cac-94c4-87b6ace86164,Jetpacks - Cherry Limeade | 1G Sativa Badder,Jetpacks,concentrate,1g,4000,80.71,0,sativa,TRUE,,https://storage.googleapis.com/maui-prod-hyper-media-images/product_images_ec61740f-7970-40f6-9536-0d12abf3f3a5_b247bca4-63ce-473c-9c72-b1e4edaec0c8_original.png,2026-05-23T21:23:53.890537+00:00,"Turn up the flavor with Jetpacks – Badder – Cherry Limeade – 1g, now available at Cannabis Realm of NY. This premium 1-gram cannabis concentrate delivers bold fruit-forward terpenes, smooth badder consistency, and powerful effects designed for concentrate enthusiasts who appreciate both potency and taste. Premium Cherry Limeade Badder Jetpacks Cherry Limeade Badder features a soft, whipped texture that’s easy to handle and perfect for precise dosing. Carefully extracted to preserve cannabinoid strength and terpene integrity, this concentrate offers a clean, flavorful dabbing experience with consistent performance",,
the-plug-crown-heights,Gxu0UenwDL,af0a232b-7069-4b38-97f2-042a7cfe92b0,Jetpacks ( Big Bang Mini) - Maui Wowie | 0.5G Infused PreRoll,Jetpacks,preroll,0.5g,1400,43.45,0,sativa,TRUE,,https://storage.googleapis.com/maui-prod-hyper-media-images/product_images_4b19e8fd-e8ba-4d71-b4ab-fe8079b790cd_de4617c4-ec77-487f-bf4f-01aaa9d20757_original.png,2026-05-23T21:23:53.890537+00:00,,,
the-plug-crown-heights,jKvpNnHLGt,9e226228-3f05-41dc-ad8f-bdf46190f750,Jetpacks - Yellow Skittlez | 1G Sativa Diamonds,Jetpacks,concentrate,1g,5000,91.75,0,,TRUE,,https://storage.googleapis.com/maui-prod-hyper-media-images/product_images_17fd053d-dd19-435a-ba8a-a572dc651663_d79d3a2b-5245-4e15-bc27-5f61afb5da8b_original.png,2026-05-23T21:23:53.890537+00:00,"Ignite your day with Jetpacks Diamonds – Yellow Skittlez – 1 g, a high-potency sativa concentrate that delivers a bright, flavorful experience. This diamond extract crystallizes the sweet, tropical essence of Yellow Skittlez — juicy citrus and ripe fruit with a light candy finish — while preserving the strain’s uplifting terpene profile for smooth, expressive dabbing. Flavor & Aroma: Sweet tropical fruit and citrus zest Light candy and skittles-style sweetness Clean, aromatic finish Effects: As a sativa, Yellow Skittlez diamonds bring energizing, head-clearing effects that spark creativity, focus, and motivation. Expect a cerebral uplift that boosts mood and mental clarity, making this a great choice for daytime sessions, creative projects, or anytime you want an invigorating, bright high without heavy body sedation.",,
the-plug-crown-heights,mOCvvfcnEw,05b41604-9393-44c4-9837-c0d362c7dc28,Blazy Susan Rolling Tray (with Lid) | Medium - Trippy Checkers,Blazy Susan,merch,,1500,,,,TRUE,,https://storage.googleapis.com/maui-prod-hyper-media-images/product_images_4eaa781d-632f-4fea-be23-4d81342bfced_ff85f138-ccf2-44ae-a965-1583140448a0_original.png,2026-05-23T21:23:53.890537+00:00,,,
the-plug-crown-heights,md7sOU6D77,839f2cd7-c46b-4c10-8825-4d335bb52400,Jetpacks (FJ-1) - Blueberry Kush | 1G Infused PreRoll,Jetpacks,preroll,1g,2200,37.86,0,indica,TRUE,,,2026-05-23T21:23:53.890537+00:00,,,
the-plug-crown-heights,zn5iyKBJqc,d13ae537-4d8c-461d-8dae-e1b6627ccaee,Nanti Nitro - Pineapple Whip | 2G AIO,,other,2g,8000,87.2,,sativa,TRUE,,https://storage.googleapis.com/maui-prod-hyper-media-images/product_images_82638ecf-cf3b-4a64-87b9-b08feaa19164_16f4aed7-aeb0-4dff-8ae3-b359aeaf7184_original.png,2026-05-23T21:23:53.890537+00:00,,,
the-plug-crown-heights,g0Lf1wrvtJ,4c74b8a1-6e90-4ea4-8999-eaa213dc8a7f,Smoke WRLD - Velvet Gusherz | 3.5G,Smoke,flower,3.5g,4000,2.327,0,50/50,TRUE,,,2026-05-23T21:23:53.890537+00:00,"This Indica-dominant hybrid combines the best of two strains that are already popular with growers and consumers alike. Velvet Lushers is a cross between Gushers and Gush Mints, giving it a taste profile that is full of sugary flavors. Your nose will be thanking you as soon as you open your jar: expect to be hit on the inhale with hints of gas and diesel — not to worry, these aromas dissipate quickly so that they do not linger in your nostrils when you exhale. With sativa effects, this strain is perfect for anyone looking for an uplifting yet calming effect. So, whether you are looking for a strain to take the edge off or want something to really put you in your place – this hybrid stands out from the rest!",,
the-plug-crown-heights,7t7ggoJCrL,8c3de0fa-0805-47bd-8758-56eed46b7120,1906 - Boost Drops | 20 Fast acting Pills,1906,edible,14.3g,1200,100,0,50/50,TRUE,,https://storage.googleapis.com/maui-prod-hyper-media-images/product_images_809eca0e-84e0-4200-944b-9ade98b10d09_0b423d32-d314-4652-9058-576d07824b6f_original.png,2026-05-23T21:23:53.890537+00:00,"Get a boost with the fastest, cleanest, and healthiest way to consume THC. Boost is the only 1906 Drop not infused with plant medicines or designed to create a specific effect. Simply swallow to enjoy a healthier, microdosed high in 20 minutes or use to boost any other 1906 Experience.",,
the-plug-crown-heights,RGjmRX6Kis,c745eecd-b686-441f-b6ad-afdc7c701578,Timeless T1 - Wedding Cake | 1G Rechargeable Vaporizer,Timeless,other,1g,5800,84.69,0.193,indica,TRUE,,https://storage.googleapis.com/maui-prod-hyper-media-images/product_images_46dba4be-f956-4d9c-96a5-2009fcf3307f_ab356a81-b09a-4197-a0a5-0ed8e77be68f_original.png,2026-05-23T21:23:53.890537+00:00,"Wedding Cake brings layers of flavor with sweet vanilla, tangy citrus, and a hint of earth. Caryophyllene, Limonene, and Myrcene drive its profile, giving this strain a rich, dessert-like quality that makes every hit feel like a celebration.",,
the-plug-crown-heights,n86tLp6f6g,8d3147b9-dd32-44ad-bb1e-40e4d4df4296,Lowell Smokes (Quicks) - Stargazer | 0.35G 10PK,lowell smokes,preroll,3.5g,4000,26.25,0,indica,TRUE,,https://storage.googleapis.com/maui-prod-hyper-media-images/product_images_ffbe7d0c-342a-4438-a2c7-ec6dbfab8d1b_ea6051ae-2826-4bfa-a0f2-45e5a1a0428d_original.png,2026-05-23T21:23:53.890537+00:00,"Look up and behold the great mystery that is our cosmos with this warm indica blend that produces a calm relaxing vibe for any casual evening spent in the company of others or the constellation above. We blend our pre-rolls using premium, whole flower- no trim or shake. Each blend contains a curated ratio of 2-3 strains containing complimentary terpenes.This process brings forth a broader terpene profile, and more full-bodied flavor than what a single genetic can provide.Each pre-roll pack comes completely self-contained with ten .35g pre rolls, matches, and a striker- so you've got everything you need to spark adventure anywhere.",,
the-plug-crown-heights,6TRMb6our4,6fe53e67-2409-4238-894c-7dd23c93d4dd,"Human Grade - 5"" Recycler 1A Dab Rig | Clear with Pink Accents",Human Grade,merch,,3500,,,,TRUE,,https://storage.googleapis.com/maui-prod-hyper-media-images/product_images_d1f5a925-b0c4-4255-a059-a1addc7d49bf_87875264-831d-4790-ab8e-358dc226a066_original.png,2026-05-23T21:23:53.890537+00:00,,,
the-plug-crown-heights,OGOEEWnhu6,6e31ad35-85ae-4e47-bf50-51db2b9d40fc,MyHi - Grape ( Relax ) | 1:1 THC:CBD Gummies,MyHi,edible,26g,2200,100,100,indica,TRUE,,https://storage.googleapis.com/maui-prod-hyper-media-images/product_images_3b9faddb-7cb5-48d7-bf16-b253fd93954c_c4de2f46-e905-4443-97bb-198e52538959_original.png,2026-05-23T21:23:53.890537+00:00,"Relax Indica Grape (1:1 THC:CBD + CBN) - Waterless Live Rosin, Fast Acting Gummies - 10 pieces (100mg) MyHi Waterless Live Rosin Gummies hit different: Fast-Acting with no bitter after taste. MyHi Waterless Live Rosin Gummies hit different: Fast-Acting with no bitter after taste. Made with Waterless Live Rosin for a clean, delicious taste. Proprietary fast-acting formula activates in 15 minutes or less. Formulated with proprietary blend of 1:1 THC:CBD, plus CBN, our Sunset Indica Grape is a high that's built to chill.",,
the-plug-crown-heights,IooFbKhNmn,044ed61b-cb18-4f45-b96b-31e5a49ce056,Grön PIXLZ - Berry Blast | Indica 100mg THC,Grön,edible,84g,2600,100,0,indica,TRUE,,https://storage.googleapis.com/maui-prod-hyper-media-images/product_images_489277e4-64e0-47b2-a3ff-a37b10d2971f_0e5b1659-3113-4186-be15-8dc829443c47_original.png,2026-05-23T21:23:53.890537+00:00,"Cannabis-infused gummy clusterz stacked with deep berry punch and layered in tangy, crunchy sweetness. Bold, juicy, and unapologetically nostalgic. The berry hits heavy, the crunch rolls slow, and everything downshifts into a full-body recharge.",,
the-plug-crown-heights,dncNyAwRsv,40e13561-f1e9-42cf-a186-3114ea75d6a4,Jaunty - Gelato 33 | 1G Live Resin 510 cart,Jaunty,other,1g,6000,76.95,0,50/50,TRUE,,https://storage.googleapis.com/maui-prod-hyper-media-images/product_images_cc6326cf-1060-4990-84bc-f64c32ed9b09_f612a2f7-99bc-4260-9147-75825bfe2e65_original.png,2026-05-23T21:23:53.890537+00:00,"WHAT IS LIVE RESIN? • Powerful cannabis extract made from the finest fresh, frozen cannabis plants • Full-Spectrum profile of terpenes, cannabinoids & other desirable compounds • A True-to-Plant experience with the loudest flavors and effects OUR PLANTS All our cannabis is proudly sun grown in our great state of New York. We only cultivate world-class genetics to ensure the best and highest output of hash when washed during our extraction process. Lineage Sunset Sherbert x Thin Mint Girl Scout Cookies tasting notes sweet, minty, slight fuel",,
the-plug-crown-heights,I10Z01KV7V,d55e9dbe-e691-400f-9d7a-1fe52b9c829f,Select ACE TERPOLOGIST - Durban Fizz | 1G Cart,Select,other,1g,6000,91.15,0,sativa,TRUE,,https://storage.googleapis.com/maui-prod-hyper-media-images/product_images_e4b08fb6-8263-41f1-8aff-95e0beb0510b_c6194168-f3f1-4b5d-9e93-a251f1004694_original.png,2026-05-23T21:23:53.890537+00:00,"Power up your day with the bold, invigorating experience of the Select ACE – Durban Fizz Vape Cartridge, a 1g sativa cartridge crafted for clarity, energy, and flavor. Featuring Select’s revolutionary Aqueous Cannabis Extraction process and a THC potency averaging over 90%, this premium vape delivers unmatched smoothness and purity with every hit. Durban Fizz brings the sparkle—energizing your senses with bright citrus notes and a fizzy, uplifting profile that’s perfect for daytime use",,
the-plug-crown-heights,RSHtL8lXFc,8f057618-8ddc-4c1c-952d-6b27cb539e89,Nanticoke - Black Panther | Cured Resin 1G AIO,Nanticoke,other,1g,5000,78.1,0.172,sativa-dom,TRUE,,https://storage.googleapis.com/maui-prod-hyper-media-images/product_images_d446f799-90da-4fa2-944a-3e5781857801_03b16333-04cc-46c2-a7b2-dccf133f7b57_original.png,2026-05-23T21:23:53.890537+00:00,"Effects: Long-lasting effects that can leave you feeling a bit out of touch with reality but fully energized from head to toe. Filled with a bright energy that gets your mental gears turning and puts a big smile on your face. Aromas/Flavors: Sweet and sour fruity banana flavor with hints of spicy dank and woody pine. The aroma is very similar, with added touches of flowery plums and spicy black pepper",,
the-plug-crown-heights,CPuSOx7ijr,b7946ddf-555c-4014-b931-a8f266ad731c,Florist Farms - Mule Fuel | 5 x .5G Live Resin Infused Pre-Rolls,florist farms,preroll,2.5g,4000,39,0,50/50,TRUE,,https://storage.googleapis.com/maui-prod-hyper-media-images/product_images_cabf2bde-1879-4165-9525-ad99dc3a7cbd_6a653222-73d3-480b-a6b5-d846cfe8a840_original.png,2026-05-23T21:23:53.890537+00:00,"These half gram prerolls are packed with whole flower and infused with live resin and pure THC-A Diamonds for an extra potent, full-bodied high. They come in a sleek, pocket-sized tin, and they're actually some of the best-selling pre-rolls in New York! Definitely a go-to for experienced smokers or anyone wanting a more powerful hit. Effect: Hybrid Taste: Gas forward with spicy undertones Ingredients: Whole Cannabis Flower, Live Resin Extract, THC-A Diamonds",,
the-plug-crown-heights,ZSBS1kZwWs,ef48c805-b8e8-4aaa-a4ee-e705e8811ec4,Timeless T2 - Jungle Punch | Energy - 2G Rechargeable Vaporizer,Timeless Vapes,other,2g,8700,83.52,0,sativa,TRUE,,https://storage.googleapis.com/maui-prod-hyper-media-images/product_images_514b4e79-ee02-4c99-a99e-d0e83fea35f3_4dbd32ed-5f43-4ad3-b503-8cd1bb1eacc8_original.png,2026-05-23T21:23:53.890537+00:00,"Embark on a journey with Jungle Punch, a strain that entices with its fusion of flavors and captivating effects. This strain, when enjoyed in a vape, transports you to a lush tropical oasis. Indulge in the delightful blend of exotic fruits that make up Jungle Punch’s flavor profile – promising an unforgettable experience for consumers seeking a truly unique adventure. Whether you desire a taste of paradise, or a burst of exotic fruitiness, the Jungle Punch strain in a vape cartridge promises to deliver an exceptional high.",,
the-plug-crown-heights,yYi6xXgyK9,825fd9ce-dbdb-4392-aa65-1fd965b53dd3,Timeless - Cactus Chiller | 1G Vape Cartridge,Timeless,other,1g,5000,83.02,0,50/50,TRUE,,https://storage.googleapis.com/maui-prod-hyper-media-images/product_images_e06a089e-f5d2-4f04-92d6-ec4d659fc7d1_173aff2d-1f80-422e-aba6-6313b96d71f2_original.png,2026-05-23T21:23:53.890537+00:00,"Cactus Chiller: A Refreshing and Relaxing Desert Oasis Evoke a sense of refreshment and relaxation with Cactus Chiller, a strain that embodies the essence of a rejuvenating oasis retreat in a vape. This captivating strain offers a delightful combination of delicious flavors and soothing effects in a vape cartridge, providing consumers with a refreshing and tranquil experience. With its unique flavor profile, this strain offers a rejuvenating cannabis experience for both novice and experienced consumers in a vape. Whether you seek a moment of peaceful escape, a revitalizing taste adventure, or a perfect balance of relaxation and motivation, Cactus Chiller invites you to embark on a refreshing and uplifting journey.",,
the-plug-crown-heights,zmkkXdE28I,3ec6d0f0-4acd-47cf-9d0c-3884bad17955,Alchemy Pure - Marakesh |  1G Live Rosin,Alchemy Pure,concentrate,1g,6500,74.56,0,,TRUE,,,2026-05-23T21:23:53.890537+00:00,"Marrakesh is a cross of Moroccan Peaches x Canal Street Runtz. It has a peach and citrus tart candy smell. You'll feel outgoing and creatively inspired, easily jumping in and out of any conversation happening around you with focus and gusto. A light sense of physical relaxation accompanies this bright heady boost, helping to keep your body anchored and at ease from start to finish",,
the-plug-crown-heights,78E6PkYbTg,5660f842-a5d9-4953-8250-3db9e866b16e,Blotter - Runtz Mintz | 1G Live Resin Sugar,Blotter,concentrate,1g,4500,64,,,TRUE,,,2026-05-23T21:23:53.890537+00:00,,,
the-plug-crown-heights,M2PFuWesXQ,f28531c3-cc0e-443c-8b3f-de6ccc5d19ab,STIIIZY Lite Battery PROMO,STIIIZY,merch,,,,,,TRUE,,,2026-05-23T21:23:53.890537+00:00,Free With Purchase Of Stiiizy THC PODS ALSO : Stiiizy Premium THC PODS,,
the-plug-crown-heights,8clR3mw23h,96f7d7f0-ae71-4e7d-a1cc-af7bdab32acd,Alchemy Pure - Space Panda | 0.7G Flower Bag,Alchemy Pure,flower,0.7g,900,30.09,0,50/50,TRUE,,https://storage.googleapis.com/maui-prod-hyper-media-images/product_images_764a2cfb-2497-4315-aa3e-4edab3028691_7fcd1f6e-1609-45bc-93a6-a307c2a96804_original.png,2026-05-23T21:23:53.890537+00:00,"Oreoz-bred and beautifully purple, Space Panda delivers rich chocolate-diesel flavor with a fast-hitting euphoric buzz that melts into deep full-body relaxation. A heavy indica favorite for winding down, stress relief, and late-night vibes",,
the-plug-crown-heights,rCIe8Nt4fE,89eb2151-2d95-4d87-b91a-7b807be593ef,High Scale | Sour Power | 3.5G,High Scale,flower,3.5g,4000,22.4,0,sativa-dom,TRUE,,,2026-05-23T21:23:53.890537+00:00,"The three-time Cannabis Cup winning Sour Power is a sativa-dominant hybrid bred by HortiLab Seeds. A cross between StarBud and East Coast Sour Diesel, Sour Power buds are crowned with pale pointed leaves and a garland of orange hairs. Medical cannabis patients treating anxiety, PTSD, depression, nausea, Crohn’s disease, glaucoma, and inflammation have recommended Sour Power.",,
the-plug-crown-heights,XrceFYHGpI,9d7d6e67-ec53-4c31-adb4-b066c012343e,Jaunty | Bloomfruit | Cold Cure Live Rosin Badder | 1g,Jaunty,concentrate,1g,6000,72.5,0,,TRUE,,https://storage.googleapis.com/maui-prod-products/422821e5-fad5-4e72-8fde-dfd3c8e19d22--304d4111-d9ac-488d-9b76-a5161931267f.jpeg,2026-05-23T21:23:53.890537+00:00,,,
the-plug-crown-heights,MJl4K8eo30,93508833-65e7-4120-a39d-0c52f1ff1b77,Flav Duos - Pineapple Dream x Tropical Trainwreck | 2x 7G Packs,Flav,flower,14g,9200,25.92,0,sativa,TRUE,,https://storage.googleapis.com/maui-prod-hyper-media-images/product_images_bfada5f3-5e53-492b-a21f-7a7dd423fa55_8a2b5e7f-2d6b-47d7-8b36-c4771393763a_original.png,2026-05-23T21:23:53.890537+00:00,Grab a FLAV Duo 14g pouch (Pineapple Dream x Tropical Trainwreck) to mix and match daytime and creative strains,,
the-plug-crown-heights,Tez4nt0Tui,000ae155-b8c4-4db3-b5c9-e8958714941c,Revert - Purple Trainwreck| 14G Kief Infused PreGround Flower,Revert,flower,14g,8100,28.5,0,50/50,TRUE,,https://storage.googleapis.com/maui-prod-hyper-media-images/product_images_c459534f-bd22-467e-b409-73eb74421b5a_e54295a2-999b-42f2-9e05-9c0882bd3d2b_original.png,2026-05-23T21:23:53.890537+00:00,"Purple Trainwreck combines sweet berry notes with earthy, slightly spicy undertones. The experience is uplifting at first with a smooth, relaxed finish, making this Homie Pack a great option for creative sessions, social hangs, or easing into the evening. Purple Trainwreck – Homie Pack 14g Kief-Infused Ground Flower + Matchbook + Custom Rolling Papers. Each Revert Homie Pack includes 14g of kief-infused ground flower, a Revert-branded matchbook, and a premium set of custom rolling papers.",,
the-plug-crown-heights,44gLST89Fz,9154aa0a-a700-4091-a60a-9b0bc968d18b,Flav - Cherry Rings | 100mg,Flav,edible,94g,1800,100.0,0,50/50,TRUE,,,2026-05-23T21:23:53.890537+00:00,"Enhance your day with Flav cannabis-infused gummy rings. Available in seven sweet flavors, Flav gummy rings provide an excellent adult snacking experience. With only the finest ingredients, our fruit flavored THC gummy rings are gluten free and provide controlled dosing with a fresh, delicious taste.",,
the-plug-crown-heights,m1ZdMwddZn,69af8e9c-7e9c-4bc0-b692-73cbb2256e9c,Papa & Barkley - THC1000 Releaf Tincture | 30ml,Papa and Barkley,tinctures,30,10000,1056,0,50/50,TRUE,,https://storage.googleapis.com/maui-prod-hyper-media-images/product_images_2aa32e32-c04f-4fe9-845a-8edcb0e9c6f5_9da8a10b-1659-4400-b40c-af5a89e9daa0_original.png,2026-05-23T21:23:53.890537+00:00,"Our most potent THC formula, the THC1000 tincture provides powerful relief from discomfort and helps with unwinding and relaxation. Best for highly experienced cannabis consumers. Crafted with only two ingredients, MCT Oil and cannabis oil, and can be felt within 15 minutes, making it a perfect natural solution for those seeking a quick-acting, easy-to-use cannabis solution to improve both body and mind. ‍ Papa & Barkley’s tinctures are vegan and fast-metabolizing, with a customizable dosage experience, carefully crafted with whole-plant extraction. Our solventless, chemical-free infusion process preserves the plant’s full spectrum of cannabinoids, terpenes, and phytonutrients for maximum therapeutic benefits. How to Use Directions Start with 0.25ml dose under the tongue and hold for at least 20 seconds, then swallow. Tips & Tricks: Releaf Tinctures offer one of the quickest methods for absorbing cannabinoids into your system, when used sublingually. Hold Releaf Tincture oil under your tongue for 30-40 seconds for rapid cannabinoid absorption and faster onset. Store in a cool place and keep away from direct sunlight. What's Inside Product Cannabinoids: 0.25ml Serving: 16.7mg (16.7mg THC) 15ml Tincture: 1000mg (1000mg THC) Exact cannabinoid content varies by batch as a result of the whole plant infusion process. Please reference the product's unique batch label for lab results. ‍ Product Weight 0.5oz ‍ Ingredients MCT Oil, Cannabis Contains: Tree Nut (Coconut) Does not contain: Soy, Peanuts, Wheat, Gluten, Dairy, Preservatives, Artificial Colors, Artificial Flavors or Sweeteners",,
the-plug-crown-heights,HVDSBhIqEu,401f0851-d5e4-4965-8e3b-18a5f9cfefb3,Jetpacks - Panama Punch | 1G Sativa Diamonds,Jetpacks,concentrate,1g,5000,91.23,0,,TRUE,,,2026-05-23T21:23:53.890537+00:00,"Jetpacks Panama Punch Diamonds, famous for its potent, uplifting, and creative effects, with a unique tropical fruit cocktail aroma and flavor, blending sweet mango/berry notes with spicy haze undertones, making it great for daytime focus and energy, though its powerful sativa buzz can be quite “stony” and giggly. It’s a cross of Panama Mean Green and Neville’s Haze",,
the-plug-crown-heights,LBWvwQUESi,46938fb9-7f84-4773-bd65-4c656e6e6cbb,Stiiizy- Magic Melon | 1g Disposable,STIIIZY,other,1g,4500,81.33,,sativa,TRUE,,,2026-05-23T21:23:53.890537+00:00,,,
the-plug-crown-heights,ZQYTX5f8WK,b7b6b32f-ca4d-4722-88bf-50f837de1a01,Jaunty - GG4 | Live Resin 510 Cart,Jaunty,other,1g,6000,71.4,0,50/50,TRUE,,https://storage.googleapis.com/maui-prod-hyper-media-images/product_images_cf182652-7a9f-410d-aab7-d82a785e97f3_a30832a9-3b19-460e-a3a1-b3b639a47c28_original.png,2026-05-23T21:23:53.890537+00:00,"WHAT IS LIVE RESIN? • Powerful cannabis extract made from the finest fresh, frozen cannabis plants • Full-Spectrum profile of terpenes, cannabinoids & other desirable compounds • A True-to-Plant experience with the loudest flavors and effects OUR PLANTS All our cannabis is proudly sun grown in our great state of New York. We only cultivate world-class genetics to ensure the best and highest output of hash when washed during our extraction process. Lineage (Sour Dubb x Chem’s Sister) x Chocolate Diesel tasting notes gas, piney, sour, chocolate primary Terpenes caryophyllene, humulene, limonene, bisabolol, myrcene, nerolidol",,
the-plug-crown-heights,bgU9UEq3AT,692a3121-497a-4761-8219-679418190f79,Alchemy Pure - Bolinas | 0.5g Live Rosin Cart,Alchemy Pure,other,0.5g,4200,75.73,0,50/50,TRUE,,https://storage.googleapis.com/maui-prod-hyper-media-images/product_images_6c290ec8-b36c-46ac-bfab-2cc7fa60efa0_eaf1ee43-791c-4c71-96eb-658a21dec023_original.png,2026-05-23T21:23:53.890537+00:00,Orange 76 x Chimera Junky Solventless Ice Water Hash Rosin,,
the-plug-crown-heights,vnCuxNPsRK,77138e09-9dd4-4ee5-8247-b5833a74caa2,MFNY - Electric Lime | 0.5G Two-Fer (2pk),MFNY,other,1g,7800,77.27,,sativa,TRUE,,https://storage.googleapis.com/maui-prod-hyper-media-images/product_images_c19073ad-a068-4e00-8efb-dfae64706a02_92a8c72e-f43c-44e0-a2d6-f6095f29b4af_original.png,2026-05-23T21:23:53.890537+00:00,,,
the-plug-crown-heights,U5LRm7Mc1k,db3488a5-fdfa-40f9-bf9a-5de4b14e3739,Doobie Labs - Venom Runtz | 3.5G Flower Jar,doobie labs,flower,3.5g,5200,26.14,0,indica,TRUE,,https://storage.googleapis.com/maui-prod-hyper-media-images/product_images_cabfface-59d2-48d1-bd71-aa76c0322729_950bb868-9cfb-40ce-b1ae-cad73bb192eb_original.png,2026-05-23T21:23:53.890537+00:00,"Step into the shadowy embrace of Venom Runtz, a potent indica-dominant hybrid with a deep, fruity aroma and earthy hints. Its dense, trichome-coated buds set the stage for a profound relaxation that melts away stress. Perfect for unwinding after a long day, Venom Runtz soothes the body and calms the mind, offering a tranquil escape to serenity.",,
the-plug-crown-heights,Y99DPWQN2x,9dd5d19a-0d96-4783-91dc-6b71785d03a3,Jams - Sour Watermelon Lime | 100MG 20pk,Jams,edible,,2500,100,0,indica,TRUE,,,2026-05-23T21:23:53.890537+00:00,,,
the-plug-crown-heights,fUeAH7vVXZ,c4a6f93e-a384-4187-9266-83e836152bc0,Flav Mega Rings 100mg- Watermelon,Flav,edible,18.8g,1000,100,0,sativa-dom,TRUE,,,2026-05-23T21:23:53.890537+00:00,,,
the-plug-crown-heights,gPuj5BwzOg,2836a7d4-f33a-4a69-a7b7-938b2cbb17fd,Cookies - Fish Scale | 3.5G,Cookies,flower,3.5g,4700,20.52,0,indica-dom,TRUE,,,2026-05-23T21:23:53.890537+00:00,"Fish Scale is an indica-dominant hybrid weed strain made from a genetic cross between Gelatti and The Menthol. Weird name aside, this bud is a patient favorite for its numbing high that will have you kicked back and totally calm before you finally get to sleep. The high starts with a subtle build, working its tingly hands into your brain and filling your mind with an expansive numbing haziness. As your mind becomes unfocused, you'll begin to settle into the couch with a deeply relaxing physical high. This body high quickly becomes stoney, locking you to the couch and dropping you into full blown sedation.",,
the-plug-crown-heights,kujLUH8qqQ,0781ee13-4884-47cc-9d8a-d3a72e9bd6ad,Grön- Passion Guava Orange Mega,Grön,edible,20g,1800,100,0,50/50,TRUE,,https://storage.googleapis.com/maui-prod-products/422821e5-fad5-4e72-8fde-dfd3c8e19d22--3496f9d6-8857-49b3-93cc-3b14b4c0f641.jpeg,2026-05-23T21:23:53.890537+00:00,,,
the-plug-crown-heights,viRqYfVAfE,0e6ac6b7-c9a9-49d2-aecb-dc77ed6ee9c6,Smoakland - Tropical Haze | 28g Flower,Smoakland,flower,28g,10600,20.3,0,sativa-dom,TRUE,,https://storage.googleapis.com/maui-prod-hyper-media-images/product_images_e0269937-ba10-4e82-9658-2d63215ae43b_3ebb58f5-67f1-4bfe-849f-8dbbbcbe6a43_original.png,2026-05-23T21:23:53.890537+00:00,"The perfect fruity and energizing bud for a wake-and-bake on a lazy day, Tropical Haze brings on an amazing flavor and long-lasting effects that will leave you flying for hours on end. Like its name suggests, Tropical Haze has a deliciously fruity and tropical sour citrus flavor with a light touch of flowery oranges and pineapple. The aroma is very similar, with a fruity tropical overtone accented by sour citrusy lemons and a punch of spicy earthy diesel. The Tropical Haze high will settle in a few minutes after your final exhale, filing your brain with a lifted sense of energy. You'll feel euphoric and unfocused in this state, falling in and out of reality but totally happy about it. A sharp pang of hunger accompanies this heady lift, so make sure you have some snacks on hand to beat the munchies!",,
the-plug-crown-heights,mgxIqzYyFn,af73f813-7873-4187-b226-f9baa9b8eafc,Kushy Punch (Connect) - Strawnana Smoothie | 1G Live Resin AIO,Kushy Punch,other,1g,7000,81.64,,sativa,TRUE,,https://storage.googleapis.com/maui-prod-hyper-media-images/product_images_8f836c7c-f03b-4e88-8cf6-199e952c424b_1cd76308-d1e7-4596-aaa7-cf4bb950929b_original.png,2026-05-23T21:23:53.890537+00:00,,,
the-plug-crown-heights,uPzGXpi9yA,4bce968f-512d-42c0-a7f5-7fe03ff8e768,Aphrodite - Celestial Ray | Foam Tip Pre-Roll 5PK,Aphrodite,flower,2.5g,2900,31.5,0,50/50,TRUE,,https://storage.googleapis.com/maui-prod-hyper-media-images/product_images_0272b883-6749-4c65-aa02-aa675aabb4f5_6334ecac-9436-4da1-8b81-3a66aeef4f6d_original.png,2026-05-23T21:23:53.890537+00:00,"You’ve never smoked anything like Aphrodite. Her unique filter improves your experience without compromising the effect. We use only the freshest flowers: no shake, no trim.",,
the-plug-crown-heights,QFkr2PtlHZ,5875f5ea-8705-49a1-a46d-dc9a1730e1bd,Jetty - GDP | 1G Concentrate Dablicator,Jetty,concentrate,1g,5300,78.6,0,,TRUE,,https://storage.googleapis.com/maui-prod-products/422821e5-fad5-4e72-8fde-dfd3c8e19d22--57451cc0-7dfe-43ea-a889-f30955507066.png,2026-05-23T21:23:53.890537+00:00,"GDP is a classic NorCal strain. It’s a potent, pure, heavy indica that will surely have you couch-locked. Good earthy flavor with hints of citrus fruit and spice. Dose up a joint. Direct dab without any tools. Add to flower. However you use it, the Jetty Dablicator™ Oil Applicator is a better way to dispense oil.",,
the-plug-crown-heights,Nuu2VqhlYn,3d169000-37db-4f12-b9af-c7f784ded9f6,Timeless - Alien Technology | Rest - 1G Vape Cartridge,Timeless,other,1g,5200,82.21,0.153,indica,TRUE,,https://storage.googleapis.com/maui-prod-hyper-media-images/product_images_8da422ff-4f2d-446a-873a-915911793b07_ef7f5bae-d6f4-42ec-a961-f56baba11b77_original.png,2026-05-23T21:23:53.890537+00:00,"Prepare for a close encounter with Alien Technology. Out-of-this-world flavors of pungent diesel and earthy notes are punctuated by subtle hints of apple and eucalyptus. Caryophyllene, Limonene, and Ocimene lead the way, guiding you towards a realm of deep relaxation and calm. Prepare to be lifted away",,
the-plug-crown-heights,jxaZsloMRG,1928e42d-c4b3-4b57-88a4-ef80205ccd16,Jaunty Rosin-Infused Gummies - Sour Blue Razz (100mg),Jaunty,edible,50g,2500,100,0,50/50,TRUE,,https://storage.googleapis.com/maui-prod-products/422821e5-fad5-4e72-8fde-dfd3c8e19d22--b8c1152a-15a0-454a-9f23-fb946af639a5.png,2026-05-23T21:23:53.890537+00:00,"These gummies will razzle your senses with a zesty burst of blue raspberry flavor. Infused with Miracle Fruit live rosin, each gummy offers a delightfully tangy twist. 10pk; 100mg total.",,
the-plug-crown-heights,k7Ot11vhPY,03f7ddef-ee00-4c04-9db8-7caf72b414a1,Jaunty 1G Cart - LSD,Jaunty,other,1g,4500,80.79,0,indica,TRUE,,https://storage.googleapis.com/maui-prod-products/422821e5-fad5-4e72-8fde-dfd3c8e19d22--0474b278-c3aa-406e-88f5-03babf3e2d8d.jpeg,2026-05-23T21:23:53.890537+00:00,"LSD is a powerful indica with a pungent earthy aroma and flavor, complemented by a hint of sweetness. Its powerful, head-focused high quickly tapers into deep full-body relaxation.",,
the-plug-crown-heights,VSqx4M8AzF,abac378a-2a12-4ccb-8066-60d1fad8069f,MyHi - Boisterous Berry | 3 x 10MG THC Stir Stiks,MyHi,edible,2.1g,1600,30,0,,TRUE,,https://storage.googleapis.com/maui-prod-hyper-media-images/product_images_7b360041-338c-4be4-af5b-9a65bc18f2f5_ce38cce7-3646-477b-a6d8-874db7cacc1e_original.png,2026-05-23T21:23:53.890537+00:00,"Boisterous Berry Fast-Acting Beverage Stir STIK: Calorie and Sugar Free Turn Water into Weed: Fast-Acting Nano-emulsified THC + Energizing Caffeine derived from Green Coffee Bean Extract, all delivered in a single serve, On-The-Go Stir STIK to quickly infuse any drink for an energizing hi. -- Our Boisterous Berry blend provides a refreshing boost to the drink of your choice with a light and fresh hint of flavor. With a quick onset that never peaks or leaves you feeling tired, MyHi is ready for your active lifestyle. It’s your new favorite party drink or go-to for a busy day.",,
the-plug-crown-heights,mdvGw3tqiH,67c481bf-60e5-405e-8169-ec4edd8f239a,Select ACE - Juicy Red Apple | 1G Cart,,other,1g,6000,91.59,,sativa,TRUE,,https://storage.googleapis.com/maui-prod-hyper-media-images/product_images_5f7952dc-503e-4129-a16d-f57b4381205d_b48896c0-35d2-4ff2-ba14-34836d36d992_original.png,2026-05-23T21:23:53.890537+00:00,"This 1g hybrid vape cartridge combines premium cannabis oil with natural flavors for a refreshing, fruit-forward experience that doesn’t compromise on potency. Enjoy the deliciously crisp and sweet flavor of red apple with every puff, paired with balanced hybrid effects that deliver gentle euphoria, clear-headed calm, and light body relaxation—perfect for anytime use. Bold, smooth red apple taste with every inhale Balanced effects for stress relief, mood boost, and mild relaxation Great for day or night use, whether you're working or unwinding",,
the-plug-crown-heights,MBeO9AYN6S,c8469454-f193-4515-86c8-dfea54bb0aff,Timeless - Combo 510 Battery and Case | Black/Purple,Timeless,merch,,1500,,,,TRUE,,https://storage.googleapis.com/maui-prod-hyper-media-images/product_images_4d096418-6070-4ec9-8733-6f88d88a302d_87aa1df4-b558-496b-8bcb-a99a2a4f16a0_original.png,2026-05-23T21:23:53.890537+00:00,compatible with 510 thread cartridges,,
the-plug-crown-heights,XNoFMYmu6t,8b22fab5-3060-46b2-a357-ef059f16eb54,Clear Bucket Banger - Standard 90-10mm,Human Grade,merch,,850,,,,TRUE,,https://storage.googleapis.com/maui-prod-hyper-media-images/product_images_e9de14a8-3ecd-4020-aa94-38c6594150a9_6a2bc1fa-bd5a-4ed9-a15d-b3374cdf9ad8_original.png,2026-05-23T21:23:53.890537+00:00,,,
the-plug-crown-heights,9vh4xUTfJj,71d5ddf4-9d38-4f4e-80c8-883664d59a29,Herb - Runtz | 1G Pre-Roll,herb,preroll,1g,800,3.174,0.046,50/50,TRUE,,https://storage.googleapis.com/maui-prod-hyper-media-images/product_images_232ab238-10bb-4a8a-8dcd-cc97fbaa5df6_0affa984-bd88-4c21-9394-c46e9a5d9f1a_original.png,2026-05-23T21:23:53.890537+00:00,,,
the-plug-crown-heights,YAN09Tbm7u,6d1ada91-87a2-495f-afc4-c6d3b84cb4d0,Timeless - Critical Kush | Live Resin 1G Vape Cartridge,Timeless,other,1g,5500,82.73,0.224,indica-dom,TRUE,,https://storage.googleapis.com/maui-prod-hyper-media-images/product_images_268a0e7d-1309-4721-8049-f01815529b98_c2f7ff7d-e644-4d2f-b677-15bd1dd95013_original.png,2026-05-23T21:23:53.890537+00:00,"Critical Kush is built for deep rest and full-body calm. A powerhouse indica with roots in classic genetics, this strain blends earthy pine and warm spice with subtle woody undertones that ground the experience. Smooth, rich, and undeniably relaxing, Critical Kush is the kind of strain that slows everything down—right when you need it most. With its 90% Indica to 10% Sativa ratio, Critical Kush leans all the way into relaxation while keeping the edges soft. Perfect for quiet nights, mellow moods, or whenever you’re ready to unplug and sink in.",,
the-plug-crown-heights,vxubb8Qzzc,d90046d1-78ea-4348-b269-28fa64a9d99e,Blazy Susan Rolling Tray (with Lid) | Small - Pink Clouds,Blazy Susan,merch,,1200,,,,TRUE,,https://storage.googleapis.com/maui-prod-hyper-media-images/product_images_5816c80f-e811-42a0-be1f-1f810c86a7c7_b94c41f5-5196-4ec7-8794-a3a8b3952391_original.png,2026-05-23T21:23:53.890537+00:00,,,
the-plug-crown-heights,rMvF1gaVEs,16ff6e9b-8e44-48bc-9e88-440ceeba08e1,Old Pal x Babish - THC Infused Sugar | 100MG,Old Pal,edible,,2000,100,0,,TRUE,,https://storage.googleapis.com/maui-prod-hyper-media-images/product_images_c9d5210c-b22b-470f-890e-b26a1501354d_b5f016eb-00d9-46c7-83dc-219d1e57ca52_original.png,2026-05-23T21:23:53.890537+00:00,,,
the-plug-crown-heights,q4m3t8Lew3,26a40dce-2b7c-4e56-a19d-567ce835221b,Puff - Rainbow Cookies x LA Kush Cake Bubble Hash | 1G Pre-Roll,PUFF,preroll,1g,1800,38.91,0.105,,TRUE,,,2026-05-23T21:23:53.890537+00:00,Rainbow Cookies rolled with LA Kush Cake: This unique fusion blends the sweet and fruity notes of Rainbow Cookies with the earthy and decadent flavors of LA Kush Cake. The result is a harmonious symphony of tastes that tantalizes the taste buds,,
the-plug-crown-heights,SkPZORKCZ1,6b350688-8476-44e0-9512-6914e6fdc5d5,Jetpacks - GMO Cookies | 1G Hybrid Diamonds,Jetpacks,concentrate,1g,5000,91.95,0,,TRUE,,https://storage.googleapis.com/maui-prod-products/422821e5-fad5-4e72-8fde-dfd3c8e19d22--2564813d-eec3-452c-a683-782705c356cd.png,2026-05-23T21:23:53.890537+00:00,"Contrary to what you might think, GMO Cookies is not a genetically modified organism but a cross between Chemdawg D and a GSC (formerly Girl Scout Cookies) Forum cut. Also known as GMO or Garlic Cookies, GMO Cookies has been attributed to the breeder Mamiko Seeds, but this skunky phenotype has also been said to have been discovered by a breeder named skunkmasterflex. While Mamiko seems to have called it just GMO, dispensaries were understandably wary of having that “GMO” label on their shelves and went with Garlic Cookies instead. GMO Cookies is said to carry a flavor of garlic, mushroom, and onion that descends from its Chemdawg lineage. Divine Genetics also has a strain that’s a cross of Chemdawg #4 and GSC that it calls Chem Cookies. Despite the similar genetics, it appears to be a different strain with different phenotypes for both parents, although it’s worth noting that some people do confuse two strains. GMO Cookies is said to produce olive green buds with bits of purple and orange blanketed by a mantle of trichomes.",,
the-plug-crown-heights,t7mziMHfiW,4d1aa589-702e-4e5a-9e5a-32831a5a6e54,Revert - Strawberry | 100mg Scored Gummy,Revert,edible,,1800,100,0,50/50,TRUE,,https://storage.googleapis.com/maui-prod-hyper-media-images/product_images_1d96e0d6-708a-4c14-acd2-e3367cdf0c75_5b2c1916-1ad4-44b4-9dd1-6d960969c4cd_original.png,2026-05-23T21:23:53.890537+00:00,"Revert Strawberry 100mg Gummy Pack Revert THC Gummies are crafted for consistency, convenience, and a clean edible experience. Each package contains 10 easily separable 10mg portions (100mg total) for simple, precise dosing. Made with cannabis distillate and a pectin-based (gelatin-free) formula, these gummies offer a smooth, reliable effect and a soft, chewy texture, and are vegan-made. Strawberry features a sweet, fruit-forward flavor with a smooth, candy-like finish.",,
the-plug-crown-heights,LP8WlIjShl,71f1b7b2-f9c9-4f8e-9aa4-2bb0d6268946,Jetty - Egyptian Oranges | 1G Live Rosin Cart,Jetty,other,1g,8400,85,0,sativa,TRUE,,,2026-05-23T21:23:53.890537+00:00,"Known for its sweet orange zest and earthy undertones, it delivers an uplifting, clear-headed buzz paired with gentle, calming body relaxation.",,
the-plug-crown-heights,eHxu5pSLs0,cd3e7e00-3916-4cd5-93a4-703590b5b95d,Ready 2 Roll - Sativa Ground Flower | 7G,ready 2 roll,flower,7g,4400,24,0.064,sativa,TRUE,,https://storage.googleapis.com/maui-prod-hyper-media-images/product_images_94854667-7f21-48ad-a4a8-05f5395b4f89_a7931f42-b549-42b2-b9d0-636b5c0656be_original.png,2026-05-23T21:23:53.890537+00:00,"Terpenes: Limonene, B-Caryophyllene, and Farnesene. Effects: This Strain gives you a creative stimulus and outstanding focus despite its psychedelic nature. The Great Outdoors will call for you, where everything is bright, and the air is effervescent. But it is just as good for hitting the couch with tunes and friends and enjoying the mental mind trip. Aromas/Flavor: Amnesia Haze is a smooth and zesty smoke, with a nutty citrus aroma. Its flavor profile is dominated by sweet lemons, with a sprinkle of spicy pepper that ends on an earthy exhale",,
the-plug-crown-heights,14hYyPxJuL,9f96f0f7-1233-45f8-815b-38b9348e04e1,5BORO - Blue Hawaiian | .7G PreRoll 5pk (3.5G),5BORO,preroll,3.5g,4500,24,0,50/50,TRUE,,https://storage.googleapis.com/maui-prod-hyper-media-images/product_images_4b2e71fc-b3a0-493b-be22-26df9d8cc79d_c5dea9f8-9199-4438-9474-fbdf4d5b44a5_original.png,2026-05-23T21:23:53.890537+00:00,,,
the-plug-crown-heights,1KwghVkfLg,520a440d-96da-4d0b-b60d-4370d3820781,Mountain High Sweets - Watermelon | 10MG Lollipop,Mountain High Sweets,edible,10.2g,600,10,3,,TRUE,,https://storage.googleapis.com/maui-prod-hyper-media-images/product_images_72120cf3-392d-4e47-94cf-c92d95786c96_0cf85431-26b7-4507-9ea0-b0a7e53d21b3_original.png,2026-05-23T21:23:53.890537+00:00,"Mountain High Lollipop – Watermelon Juicy, refreshing, and delightfully sweet — the Mountain High Watermelon Lollipop captures the taste of summer in every bite. This cannabis-infused treat blends mouthwatering watermelon flavor with a smooth, consistent dose, offering a fun and discreet way to enjoy your elevation. Perfect for on-the-go relaxation or a flavorful pick-me-up, Mountain High Watermelon Lollipops make every moment a little brighter.",,
the-plug-crown-heights,GKMzNGbfJG,ab8d3260-a032-4d5d-83e9-533590be0711,Hyer Kind - Grape Bubblegum | 1.0g Infused Pre-Roll,Hyer Kind,preroll,1g,2000,43.08,0,50/50,TRUE,,https://storage.googleapis.com/maui-prod-hyper-media-images/product_images_2290ddd8-ea05-4119-b881-d3fa4392b026_5f17ad35-89b9-4d8f-91e9-7ec781db758c_original.png,2026-05-23T21:23:53.890537+00:00,"Chew on this Grape Bubblegum is a mouthwatering hybrid that blends the sweet, nostalgic punch of grape candy with the potent lineage of GMO and Purple Punch. The result? A flavorful powerhouse with juicy berry notes, creamy grape undertones, and a finish so smooth, it’ll have you floating in fruity bliss. This elite cultivar delivers a balanced high that kicks off with an uplifting mental buzz, perfect for brightening your mood or unlocking a light creative spark. As the high settles, a relaxing body melt takes over ideal for unwinding without feeling glued to the couch.",,
the-plug-crown-heights,ZAxtQPBxjO,bb0703d5-0658-4b6f-974a-caf63690debd,Cheevo - RS-11 | 7 x 1G Pre-Rolls,Cheevo,preroll,7g,6000,25.233,0,50/50,TRUE,,https://storage.googleapis.com/maui-prod-hyper-media-images/product_images_c67d6a19-7f10-4068-b955-62419d5d06f8_57e7d564-5630-42e7-bc9b-91a83b6346b6_original.png,2026-05-23T21:23:53.890537+00:00,"Hey, I’m Cheevo’s 7 Pack. Seven individually rolled 1 gram Hybrid joints. STRAIN : RS-11 stimulating, happy, and relaxing effects without heavy sedation. Known for its pungent aroma, it features a complex flavor profile of sour citrus, pink guava, and sweet berries. Balanced effects. Clean finish. Consistent from first light to last pull. Not too much. Not too little. Just right. Seven times.",,
the-plug-crown-heights,AGGLYt0DGv,7ace8d33-a97b-479a-b459-303936f751e4,Head Space - Pineapple Fanta | 2.5G Infused Blunt,Head Space,preroll,2.5g,6000,42,0,sativa,TRUE,,,2026-05-23T21:23:53.890537+00:00,,,
the-plug-crown-heights,nEQ96Fw47i,e08ce2a5-c5c2-4160-92be-ef5b257d2c3d,Eureka Starter Kit - Limoncello | 1000mg (Live Resin),Eureka,other,1g,8000,73,,,TRUE,,,2026-05-23T21:23:53.890537+00:00,,,
the-plug-crown-heights,mI7ery24ik,726e4180-77ea-4b6c-a5a4-ab80e8e863c2,Jaunty - Papaya Punch | 1.5G All-In-One,Jaunty,other,1.5g,6000,85.99,0,50/50,TRUE,,https://storage.googleapis.com/maui-prod-hyper-media-images/product_images_585426e6-5164-44c8-ac16-fa7d01ae8a34_67b1df7d-fed5-406c-a918-e6c44883d1fa_original.png,2026-05-23T21:23:53.890537+00:00,"Ride the wave of a tropical fruit cocktail with Papaya Punch, a slightly indica-leaning hybrid packed with big fruit salad juiciness layered over a creamy floral sweetness that’s as complex as it is bold.",,
the-plug-crown-heights,by01eYRLJx,e0ca1fc7-c3e9-4665-b854-74134d91c3d6,Hashtag Honey - Cap Junkie | 1G Live Resin AIO,Hashtag Honey,other,1g,5000,75,,,TRUE,,https://storage.googleapis.com/maui-prod-hyper-media-images/product_images_6c21d53b-7fa8-4e50-a3d8-b80626bfd92a_e4cb277f-9e1d-4774-a48b-665ce895cfd0_original.png,2026-05-23T21:23:53.890537+00:00,"Cap Junkie is an extremely potent, pungent cannabis strain crossing Alien Cookies x Kush Mints #11. The cultivar is a collaborative project between two of the most important modern breeders.",,
the-plug-crown-heights,on3m5A6Zls,1957f7c0-380a-4601-b242-456960f86777,JAUNTY- Sugar Cookie | 1.5G All-In-One Palm,Jaunty,other,1.5g,6000,85.47,0,50/50,TRUE,,https://storage.googleapis.com/maui-prod-hyper-media-images/product_images_4f672113-81cd-4b11-9e8b-c65581411e23_50305eec-d8ef-4819-a92e-eb7941e4649f_original.png,2026-05-23T21:23:53.890537+00:00,"Sugar Cookie is a tasty hybrid with a vanilla-butter flavor and a smooth, mellow exhale. Fruity on the nose and sweet on the finish, this strain delivers a blissful lift that eases the body and relaxes the mind.",,
the-plug-crown-heights,6k22A62pm1,a17070c3-f318-4927-807d-20af4bcc9d88,Jetty - Bruschetta | 1G Live Rosin Cart,Jetty,other,1g,8400,72.90,0,50/50,TRUE,,https://storage.googleapis.com/maui-prod-hyper-media-images/product_images_8c975d3d-c7cf-4c11-b2c4-c153604996f2_aef72d23-e3e2-4ff5-aabe-7cdbc49520d0_original.png,2026-05-23T21:23:53.890537+00:00,"Like a well-seasoned appetizer, Bruschetta teases your senses with garlic-pepper spice and finishes with sweet pine. Expect your stress to crumble like a crisp crostini. Jetty Solventless is America's #1 live rosin. It is the cleanest oil available, made from OCal-certified bud and extracted using only ice and water. Our unique filtration process removes excess fats and waxes, increasing purity (and THC% %) while keeping all the tasty terpenes. The result: a light, golden oil and unmatched flavor profile.",,
the-plug-crown-heights,HofMuDMW3I,bcf8f78b-73f7-4404-9ab4-2b477c67f875,Ayrloom ( 10MG THC|30MG CBN Gummies) -Dreamweaver,Ayrloom,edible,40g,2600,100,0,indica,TRUE,,https://storage.googleapis.com/maui-prod-hyper-media-images/product_images_3a04f757-6878-415f-9a60-c505f178e28d_3e84829b-3497-4afe-bc7d-531bac6e8db1_original.png,2026-05-23T21:23:53.890537+00:00,,,
the-plug-crown-heights,YpAjvMjpid,802a027e-ab73-4026-ae60-65415b6a2414,Jetpacks (FJ-3) - Afghani | 0.6G Infused 5pk,Jetpacks,preroll,3g,5000,39.61,0,indica,TRUE,,https://storage.googleapis.com/maui-prod-hyper-media-images/product_images_649f7efc-5b54-41f6-8f4d-ae8c5d4108e4_4417b8d2-b215-42f2-9b4d-48943e535510_original.png,2026-05-23T21:23:53.890537+00:00,,,
the-plug-crown-heights,e0lFr0bJxK,93ec8c33-99e3-42b9-8ce7-bdfee260679c,Olio - Formula 1 | .5G Live Rosin AIO Vape,Olio,other,0.5g,5000,74.80,,50/50,TRUE,,https://storage.googleapis.com/maui-prod-hyper-media-images/product_images_0b5c5cb5-d419-4f48-8c75-a465e3f40e52_cf464083-711a-4096-a102-5c1a57014ab7_original.png,2026-05-23T21:23:53.890537+00:00,"Olio Formula 1 Live Rosin AIO Vape 0.5 g is a solventless masterpiece, crafted from a hashmaker’s blend of 90u hand-pressed trichome heads sourced from two exceptionally gassy cultivars: Gas Tanker and Fortissimo. Gas Tanker provides the nostalgic “old-school green” profile—true dank, deeply resinous, and the flavor most connoisseurs crave. Fortissimo, named for the Italian word meaning “LOUD,” delivers a bold OG GSC nose and flavor that intensifies the mix. Together, they form a louder, richer, and more expressive union than either could achieve alone. The sensory profile is unapologetically powerful, marked by pungent gas layered with earthy depth and a faint citrus spark. Each draw is clean and unadulterated, offering smooth vapor that showcases the full expression of its live rosin origin. Effects arrive with immediacy: an uplifting cerebral clarity that energizes and inspires, followed by a deepening into composed body calm. The balanced intensity of Formula 1 makes it versatile—equally fitting for focused daytime activity or measured evening unwind.",,
the-plug-crown-heights,BmktU1jmav,ce173df9-fdb6-4dc6-a308-9049c8ec940b,Florist Farms - Gush Mintz | 5 x .5G Live Resin Infused Pre-Rolls,florist farms,preroll,2.5g,4000,38,0,indica,TRUE,,https://storage.googleapis.com/maui-prod-hyper-media-images/product_images_6276e4a9-6176-44b9-85c0-3c52e14223c7_9c013424-55ac-43ee-9f2d-3e1a161039f3_original.png,2026-05-23T21:23:53.890537+00:00,"These half gram prerolls are packed with whole flower and infused with live resin and pure THC-A Diamonds for an extra potent, full-bodied high. They come in a sleek, pocket-sized tin, and they're actually some of the best-selling pre-rolls in New York! Definitely a go-to for experienced smokers or anyone wanting a more powerful hit. Effect: Indica Taste: Cool and minty with a peppery aftertaste Ingredients: Whole Cannabis Flower, Live Resin Extract, THC-A Diamonds",,
the-plug-crown-heights,WndgupBjeD,749ba2e0-913d-4267-8ee4-5c02206c7bc7,MyHi - Lively Lemon | 3 x 10MG THC Stir Stiks,MyHi,edible,2.1g,1600,30,0,,TRUE,,https://storage.googleapis.com/maui-prod-hyper-media-images/product_images_df265ea4-baab-45e2-86e6-f6cf8569e496_d19453c7-aeb7-4717-b7a7-8a10cb11d8f9_original.png,2026-05-23T21:23:53.890537+00:00,"Turn Water into Weed: Calorie, Sugar, and Hangover Free. Turn Water into Weed: Fast-Acting Nano-emulsified THC + Energizing Caffeine derived from Green Coffee Bean Extract, all delivered in a single serve, On-The-Go Stir STIK to quickly infuse any drink for an energizing hi. -- Our Lively Lemon blend provides a citrus twist to the drink of your choice with a light and fresh hint of flavor. With a quick onset that never peaks or leaves you feeling tired, MyHi is ready for your active lifestyle. It’s your new favorite party drink or go-to for a busy day.",,
the-plug-crown-heights,lGqcPwKKuP,0a2b1ba5-4668-4505-bd16-746ed732cc08,Lost Farms Gummies- Dragonfruit x Frose Resin 100mg,Kiva,edible,39g,3000,100,0,sativa-dom,TRUE,,https://storage.googleapis.com/maui-prod-products/422821e5-fad5-4e72-8fde-dfd3c8e19d22--4426266d-e338-4155-808d-2738e110eb99.jpeg,2026-05-23T21:23:53.890537+00:00,"Infused with Frose Live Resin Strain Notes Earthy upfront with undertones of gas and sweet wine; Frose is a hybrid cross of Zin and Cookie Dawg. Flavor Notes The flavors of bright, juicy dragonfruit and sweet pomegranate are underscored with the Frose strain’s herbal citrus notes.",,
the-plug-crown-heights,0Nz3CcwOmq,55c7d8a2-d8ac-46ee-85d5-ce92c3e1d308,"Stash Queens - The Side Piece ""Kush Mintz"" | 1G Liquid Diamond Vape Cart",Stash Queens,other,1g,5000,86.8,,indica-dom,TRUE,,,2026-05-23T21:23:53.890537+00:00,"Potent hybrid born from Animal Mints and Bubba Kush, offering a perfect blend of earthy kush and refreshing mint. Expect herbaceous and gassy flavors to start, followed by rich and refreshing notes of mint and cinnamon. Great for a day hang with your boo, a pre-dinner amuse-bouche, or curling up with a good read.",,
the-plug-crown-heights,JmoJ4CIdiB,5ae88c5e-a676-493e-ab9e-039fa28e31a8,Doobie Labs - Z-Gun | 3.5G Flower,doobie labs,flower,3.5g,5200,1.177,0,50/50,TRUE,,https://storage.googleapis.com/maui-prod-hyper-media-images/product_images_c4a7e07e-bc7d-4068-96c5-ef5d151e4c41_481e284a-b443-4611-9edb-9943352b3a88_original.png,2026-05-23T21:23:53.890537+00:00,,,
the-plug-crown-heights,Z93iMaHRCq,89db3207-382f-4ad1-a99c-d18cbbef22b5,Timeless Noir T1 - Critical Kush | 1G Live Resin Rechargeable Vaporizer,Timeless,other,1g,6500,85.05,0,indica-dom,TRUE,,https://storage.googleapis.com/maui-prod-hyper-media-images/product_images_aad6b642-47c5-4bba-af5c-6ce0f992186c_d7611080-a62d-4dc1-a860-4d6b9e93b43d_original.png,2026-05-23T21:23:53.890537+00:00,"Critical Kush is built for deep rest and full-body calm. A powerhouse indica with roots in classic genetics, this strain blends earthy pine and warm spice with subtle woody undertones that ground the experience. Smooth, rich, and undeniably relaxing, Critical Kush is the kind of strain that slows everything down—right when you need it most. With its 90% Indica to 10% Sativa ratio, Critical Kush leans all the way into relaxation while keeping the edges soft. Perfect for quiet nights, mellow moods, or whenever you’re ready to unplug and sink in.",,
the-plug-crown-heights,Hz8IARHQ9g,05c13aa4-30e9-4945-9934-0ca732c7ba84,Jetty - Alien OG | 1G Concentrate Dablicator,Jetty,concentrate,1g,5300,78.1,0.837,,TRUE,,https://storage.googleapis.com/maui-prod-hyper-media-images/product_images_125a8816-559c-4b78-8f5d-c54dd0781607_be6b6709-d677-4930-a97a-8e46ed16c691_original.png,2026-05-23T21:23:53.890537+00:00,,,
the-plug-crown-heights,R5d6pC9iDg,a525ce09-03bd-4abb-b28b-720af3f04509,Ayrloom (1g Disposable) - Blue Widow,Ayrloom,other,1g,4500,90,,,TRUE,,https://storage.googleapis.com/maui-prod-products/422821e5-fad5-4e72-8fde-dfd3c8e19d22--5a2b07e7-fb10-4752-88dc-4c08f4dce845.webp,2026-05-23T21:23:53.890537+00:00,,,
the-plug-crown-heights,8SVC9GCGpS,6da29b93-c285-470d-9297-732412a6deda,Kushy Punch - Kushy OG |1G 510 Thread,Kushy Punch,other,1g,4500,92.48,,indica,TRUE,,https://storage.googleapis.com/maui-prod-hyper-media-images/product_images_37017547-2066-4463-88c1-b32867a28d9d_80151b7a-cda8-40d8-ac92-97b20f1a0faa_original.png,2026-05-23T21:23:53.890537+00:00,,,
the-plug-crown-heights,SYM9lflExz,5a04f9c5-34f5-4ff0-bd4b-f5d01682ef38,Lost Farms Gummies- Watermelon x Fatso Rosin 100mg,Kiva,edible,39g,3000,100,0,,TRUE,,https://storage.googleapis.com/maui-prod-hyper-media-images/product_images_a591afdb-ac8a-498c-86bd-12859e9266f3_79b6b50e-9d68-46be-8dd7-4600f1628fe2_original.png,2026-05-23T21:23:53.890537+00:00,,,
the-plug-crown-heights,810171512840,8be59f99-9619-41da-8e04-d3aef07dac52,STIIIZY Pro Battery - Red,STIIIZY,merch,,2000,,,,TRUE,,,2026-05-23T21:23:53.890537+00:00,"Experience the future of THC delivery with the STIIIZY Pro. This cutting-edge proprietary vape battery features adjustable voltage settings, allowing you to tailor your experience to perfection. Designed with discreetness, portability, and convenience, the STIIIZY Pro is revolutionizing cannabis delivery systems. Elevate your experience with STIIIZY's innovative and inspiring technology.",,
the-plug-crown-heights,7ZTJMUuPML,c3f4d75f-8a41-4093-897d-0222a72742e5,Ruby Farms Classics (7pk pre rolls) Limoncello,Ruby Farms,preroll,5g,5000,24,0,50/50,TRUE,,,2026-05-23T21:23:53.890537+00:00,,,
the-plug-crown-heights,jTOkM8ELxZ,d425463e-a1cf-4223-b920-f55ae28037a4,Jetpacks - Rainbow Belts | 1G Hybrid Diamonds,Jetpacks,concentrate,1g,5000,92.8,0,,TRUE,,https://storage.googleapis.com/maui-prod-hyper-media-images/product_images_db021d1c-8916-40ba-b9b1-3f61ad8e95c4_5e8ad5aa-701c-4985-bf44-fc819d4535ae_original.png,2026-05-23T21:23:53.890537+00:00,"Rainbow Belts is a balanced (50/50) hybrid strain known for a euphoric, giggly, and deeply relaxing high. It often starts with a cerebral, creative lift before settling into a calming, tingly body sensation, making it excellent for relieving stress, anxiety, and pain",,
the-plug-crown-heights,oQjlMMvyKT,0b972115-7e15-4821-be59-41631cb0a8c6,Camino - Exhilarate | Wild Cherry 1:1:1,Caminos,edible,72g,3000,100,0,sativa,TRUE,,https://storage.googleapis.com/maui-prod-hyper-media-images/product_images_09895dc8-1524-4966-941f-a9a129c2906e_03f853e1-3666-43bf-a777-7a90067cd2c1_original.png,2026-05-23T21:23:53.890537+00:00,"When you're gearing up for an epic night out with friends or a night in with that special someone, it's time for Wild Cherry Excite Camino gummies – your ultimate go-to for igniting joy and passion without alcohol. Each tantalizing gummy is packed with the perfect blend of 5MG of THC with sativa-like terpenes and an invigorating sweet cherry flavor designed to get your energy flowing and your spirits soaring. THC is known to stimulate the brain’s release of the neurotransmitter dopamine, which can lead to feelings of euphoria, bliss, and enhanced motivation. The 5MG dose is the perfect amount for a stimulating (instead of sedative) experience. Sativa-like terpenes have a reputation for their uplifting, energizing effects and work synergistically with THC to create the Excite effect. As THC works its magic alongside sativa-like terpenes and the vibrant notes of wild cherry, you'll feel a surge of energy coursing through your veins, ready to embrace the night with enthusiasm and zest. Say goodbye to dull moments and embrace the thrill of an elevated vibe like no other with Wild Cherry Excite Camino gummies. Terpenes: Alpha-Pinene, Beta-Caryophyllene, Limonene, Linalool",,
the-plug-crown-heights,JsxLVFZCjQ,cfb88b1e-28a2-46a7-8656-869899efe2da,Jaunty - Cherry Pie | 1g Cart,Jaunty,other,1g,4500,88.29,0,50/50,TRUE,,https://storage.googleapis.com/maui-prod-hyper-media-images/product_images_459e17ee-4051-49bb-80ed-88cff928894c_9dd38fdb-f23f-41a3-9495-6670b03ce0a9_original.png,2026-05-23T21:23:53.890537+00:00,"Cherry Pie is a tasty swirl of sweet black cherries and sour pie cherries that builds and lingers overtop dank and herbaceous undertones. This hybrid hits fast producing a balanced high that’s devoid of any laziness or fatigue. potency 90% THC Common Effects uplifting, focused, creative tasting notes sweet and sour cherries, dank, earthy primary Terpenes myrcene, pinene, ocimene, caryophyllene, humulene",,
the-plug-crown-heights,Y9TIKiWH3j,e06636fc-4b56-4866-a211-8b6162e340b2,Smoke WRLD - Mochi Runtz | 3.5G Flower,Smoke,flower,3.5g,4000,25.96,0,50/50,TRUE,,https://storage.googleapis.com/maui-prod-hyper-media-images/product_images_d7c66129-07f0-474d-a921-9edf7a4599c7_6b34c8cc-63d0-4997-8e96-0faed2e987a3_original.png,2026-05-23T21:23:53.890537+00:00,,,
the-plug-crown-heights,Qr5L1hVt2r,747aa6cc-2430-4163-9209-14aec0c27612,Pure Vibe - Chill'n Raspberry | 100mg,pure vibe,edible,42g,1600,100,0,50/50,TRUE,,https://storage.googleapis.com/maui-prod-hyper-media-images/product_images_c058cad7-5319-489c-b895-fa3627a952aa_f4712f65-7adc-4005-867c-000c2bc46db2_original.png,2026-05-23T21:23:53.890537+00:00,"Chill’n Raspberry uplifts your senses with a burst of sweet, tangy, and tart sensations—perfect for moments of tranquility. We’ve eliminated any aftertaste with our flavor-first approach.",,
the-plug-crown-heights,3DUtGCsEeD,97d8148f-8d7c-4393-8544-f32996a591eb,Stone Road - Mango Sherbet | W/ Hash + THCa Diamond Pre-Ground 14G,Stone Road,flower,14g,11900,40.23,0,50/50,TRUE,,https://storage.googleapis.com/maui-prod-hyper-media-images/product_images_e28d2b39-4e5d-4cab-8818-2c7adbb0b0a7_a0aad7b8-d2cc-417c-889f-a7d087bf9819_original.png,2026-05-23T21:23:53.890537+00:00,"Mango Sherbet is a vibrant hybrid that bursts with fruity candy and tropical citrus aromas, balanced by subtle berry punch and floral vanilla undertones. This hybrid pre-ground pouch is 100% pre-ground flower containing no shake or trim. Infused with bubble hash and diamonds, this ultra-potent pack includes papers and filters.",,
the-plug-crown-heights,7PQFi8hC9f,24983df4-3d51-4e19-a56d-6ffcc441444c,Mind Melters - Super Lemon Haze | 1G Cold Cure Live Rosin,Mind Melters,concentrate,1g,5500,75.86,0,,TRUE,,https://storage.googleapis.com/maui-prod-hyper-media-images/product_images_a7dbf54f-824b-4ccb-8a44-7c86af70f137_1fa7d622-94f7-4f5b-a6f3-d90921bab4d9_original.png,2026-05-23T21:23:53.890537+00:00,,,
the-plug-crown-heights,m5SoQWqipz,2aa18e82-7789-4ac4-9d40-fed8dda1e002,Studio Farms NY - Blue Nerdz | 28G Flower Bag,Studio Farms NY,flower,28g,16000,27.93,0,indica,TRUE,,https://storage.googleapis.com/maui-prod-hyper-media-images/product_images_7763f4b7-2f9e-4476-8c28-324616d34fe2_0a8701f8-555f-4b16-a863-143f7ff8a40a_original.png,2026-05-23T21:23:53.890537+00:00,,,
the-plug-crown-heights,2mXId7PJc9,2b114309-410c-4cd6-886b-07dc1b63b6a4,1906 - Love Drops Tin | 30 Plant Based Pills,1906,edible,22.9g,3400,5,5,50/50,TRUE,,https://storage.googleapis.com/maui-prod-hyper-media-images/product_images_3e55766f-7453-47ad-85e9-bd0fcbc6b639_9a42060a-f6db-4cf4-891d-436bb577598f_original.png,2026-05-23T21:23:53.890537+00:00,"Love boosts arousal through a blend of cannabis and five herbal aphrodisiacs. Swallowable pills with rapid onset of 20 minutes. Vegan, calorie-free, sugar-free, and gluten-free.",,
the-plug-crown-heights,9q0rcHlvz9,7f3c992d-8f94-48c1-a765-51206c6fe073,Jetpacks - Slurricane | 1G Indica Diamonds,Jetpacks,concentrate,1g,5000,91.60,0,,TRUE,,https://storage.googleapis.com/maui-prod-hyper-media-images/product_images_4801aea8-509f-499f-a326-d28eabd0e414_fa8b291a-0cac-475e-b638-7e2d1d67df66_original.png,2026-05-23T21:23:53.890537+00:00,"Slurricane is a potent indica strain known for its heavy, full-body relaxation and deeply calming effects. It features a rich flavor profile of sweet berries, tropical fruit, and subtle earthy undertones. Users often experience a euphoric, tranquil high that can lead to couch-lock, making it ideal for stress relief, pain management, and sleep.",,
the-plug-crown-heights,OITvUkRv1R,b2a7972e-186b-4ebc-9079-1dcbdd67ea04,Timeless - Blackberry Kush | 1G Vape Cartridge,Timeless,other,1g,5000,84.42,0,indica,TRUE,,https://storage.googleapis.com/maui-prod-hyper-media-images/product_images_90a32303-fe0f-46c6-94c7-ae8bd9419d15_27143542-1134-48b3-97c5-f4ab92b81808_original.png,2026-05-23T21:23:53.890537+00:00,"Blackberry Kush Vape Strain: Pure, Potent, and Convenient Blackberry Kush is a delicious strain with a strong entourage effect that focuses on the body. As an indica-dominant hybrid, Blackberry Kush is known to produce calming and relaxing effects that can help ease stress and anxiety. Its unique flavor profile, characterized by a sweet berry aroma, sets it apart from other strains in the market. This strain is available in both a standalone vape cartridge and an All-in-One vape device, making it versatile for different preferences.",,
the-plug-crown-heights,42WdizWHvP,60f01a77-4c88-40ce-be16-db31cd0e71ab,STIIIZY - Ultra Thin Papers 1 1/4,STIIIZY,merch,,200,,,,TRUE,,https://storage.googleapis.com/maui-prod-hyper-media-images/product_images_0186dfcd-c1ae-40b0-b8a7-cf0191a1388e_4bc06f1f-2c8a-48bb-9aa7-330cd72eef76_original.png,2026-05-23T21:23:53.890537+00:00,,,
the-plug-crown-heights,SxJraYIIXc,f6ed9f1d-04ce-47aa-99ca-d6877431cc2e,oHHo | Good Night Gummies- Blackberry + Chamomile| 1:1:1,oHHo,edible,32g,2700,5,0,,TRUE,,https://storage.googleapis.com/maui-prod-hyper-media-images/product_images_18a5517f-449d-4526-93ab-39626ad8c835_64f0c390-49ec-498b-9b55-d741a814165e_original.png,2026-05-23T21:23:53.890537+00:00,"Enjoy the calming natural flavors of Blackberry & Chamomile to ease you into a chilled evening and restful sleep, incorporating an effective formulation of THC, CBN & CBD. Vegan. Gluten Free. Each gummy contains 5mg THC, 5mg CBN, and 5mg CBD.",,
the-plug-crown-heights,QT3Du1C7BH,32c274a6-babc-48ba-99b3-3a513064e01a,Cannabals BRICK - Tropical Blast,Cannabals,edible,25g,1900,100,0,50/50,TRUE,,https://storage.googleapis.com/maui-prod-products/422821e5-fad5-4e72-8fde-dfd3c8e19d22--6facf795-213f-44c1-9c99-d903dc830d54.jpeg,2026-05-23T21:23:53.890537+00:00,,,
the-plug-crown-heights,YDsgXBSHKi,308138da-e231-4dbe-8cd9-f4ded33fdfbc,Timeless Noir T1 - Chernobyl | 1G Live Resin Rechargeable Vaporizer,Timeless,other,1g,6500,82.38,0.212,sativa-dom,TRUE,,https://storage.googleapis.com/maui-prod-hyper-media-images/product_images_1d8f03a1-4364-43eb-a20c-25ea3ff0c983_8011da09-4b55-4df2-a8e0-74e4da0aed64_original.png,2026-05-23T21:23:53.890537+00:00,"Chernobyl hits with bright, electric energy right from the first pull. A sativa-dominant strain with a 20% Indica to 80% Sativa ratio, it delivers a rush of citrus flavor—lime, lemon, and a subtle hint of earthy depth underneath. The result is a bold, sherbet-like blend that feels as vibrant as it tastes. Designed to keep your mind focused, Chernobyl is perfect for creative sparks, long days, or moments when focus and uplift matter most. It’s fast, flavorful, and built for motion.",,
the-plug-crown-heights,ZetekJD5KO,84b23506-18c4-41fb-829f-72baf6f054c7,Generic AF - Sour AF! Green Apple | 100mg 20Pk Gummies,Generic AF,edible,90g,2000,100,0,sativa,TRUE,,https://storage.googleapis.com/maui-prod-hyper-media-images/product_images_fd0bc1c5-da79-4c5d-948d-13194d74e5ff_b1d28b39-460d-4455-a988-bd549954e2fd_original.png,2026-05-23T21:23:53.890537+00:00,,,
the-plug-crown-heights,Ab56AVBSCI,06b8f1e0-b35a-4fec-8f1a-de011d4bd244,Claybourne Co. - Super Sour Apple | Flyers Infused 1.5G Blunt,Claybourne Co.,preroll,1.5g,3600,86.774,0,sativa,TRUE,,https://storage.googleapis.com/maui-prod-hyper-media-images/product_images_288af452-f1c6-4c94-ad14-5dd7b52e581f_0409e7a1-8337-42a5-899a-ec190601da81_original.png,2026-05-23T21:23:53.890537+00:00,"Meet the 'Loudest on the Block': Flyers 1.5g Infused Blunt. Crafted from premium indoor, full nug flower infused with THCa & liquid diamonds, natural terpenes and wrapped in an herbal blend cone made of chamomile, cacao, & yerba maté. A badass blunt built better.",,
the-plug-crown-heights,TYgMdHMrth,34400191-2fda-4aae-bb7c-8903a1699f96,Dank - Blueberry Dream | 1G PreRoll,Dank,preroll,1g,1400,26.29,0,sativa,TRUE,,,2026-05-23T21:23:53.890537+00:00,,,
the-plug-crown-heights,Sj2TCob3jj,e2fd8db4-94d2-4f22-b724-8c66066f8f6b,Botanist - Blue Dream | 1G Disposable,The Botanist,other,1g,5000,81.91,0.68,sativa,TRUE,,https://storage.googleapis.com/maui-prod-hyper-media-images/product_images_8824073d-7dae-4c0b-8708-3641bd71923a_a18710f2-7329-43b5-a51f-d7606b027574_original.png,2026-05-23T21:23:53.890537+00:00,,,
the-plug-crown-heights,prOhHHLfom,13f03108-ba8b-422d-beeb-190dc213ec84,Flav Mega Rings 100mg - Cherry,Flav,edible,18.8g,1000,100,0,,TRUE,,https://storage.googleapis.com/maui-prod-products/422821e5-fad5-4e72-8fde-dfd3c8e19d22--9aa1d36f-360f-45df-b60a-8a50318defc3.png,2026-05-23T21:23:53.890537+00:00,"Get ready for an explosion of bold, juicy flavor with Flav Mega Rings 100mg – Cherry. These giant, irresistible gummy rings pack a punch of sweet, tangy cherry goodness that will have your taste buds dancing. Perfectly crafted for those who crave a more indulgent edible experience, each Mega Ring is designed to deliver maximum flavor and satisfaction in every bite. With a total of 100mg of THC per package (each Mega Ring contains 20mg of THC), these gummies are perfect for seasoned cannabis connoisseurs looking for a higher dose and a more intense experience. Whether you're relaxing solo or sharing with friends, the sweet, tart cherry flavor and potent THC infusion create the perfect combination for a fun, uplifting experience.",,
the-plug-crown-heights,OT4p54ZVkJ,73735428-b43b-4f75-a59a-c24e64e88977,1906 - Bliss Tin | 20 Plant- Based Pills,1906,edible,15.8g,2900,100,0,sativa-dom,TRUE,,https://storage.googleapis.com/maui-prod-hyper-media-images/product_images_67bf1a6e-4861-4e9e-8990-0d2c5f0c8712_2fae4ade-a347-4f0e-860f-32b8c4991991_original.png,2026-05-23T21:23:53.890537+00:00,"Bliss promotes extroverted happiness and euphoria through a blend of cannabis and two plant medicines. Swallowable pills with rapid onset of 20 minutes. Vegan, calorie-free, sugar-free, and gluten-free. Each Bliss Drop contains 5mg THC and 5mg CBD.",,
the-plug-crown-heights,9vigLFzdYl,99644297-8eb8-4fae-8333-385144e7a8fa,Jaunty | Velvet Vine | Cold Cure Live Rosin Badder | 1g,Jaunty,concentrate,1g,6000,71.3,0,,TRUE,,https://storage.googleapis.com/maui-prod-products/422821e5-fad5-4e72-8fde-dfd3c8e19d22--cbfea216-9a8b-4d61-a559-265747b8e00e.jpeg,2026-05-23T21:23:53.890537+00:00,,,
the-plug-crown-heights,dLcGKyNehc,c0f9d9eb-6c6e-49c6-8a46-3c16d973043b,Claybourne Co. - Durban Poison | Flyers Infused 1.5G Blunt,Claybourne Co.,preroll,1.5g,3600,86.774,0,sativa,TRUE,,https://storage.googleapis.com/maui-prod-hyper-media-images/product_images_61fcbe4f-cddf-4d00-a6c7-dcc97512a020_3ca71ed3-a45a-482d-8751-ac3fb5f6d080_original.png,2026-05-23T21:23:53.890537+00:00,"Meet the 'Loudest on the Block': Flyers 1.5g Infused Blunt. Crafted from premium indoor, full nug flower infused with THCa & liquid diamonds, natural terpenes and wrapped in an herbal blend cone made of chamomile, cacao, & yerba maté. A badass blunt built better.",,
the-plug-crown-heights,KQPyrNNIcI,5931d101-69d9-4a52-9b34-1eb96136eb0d,Dank - NYC Diesel | 3.5G Flower Jar,Dank,flower,3.5g,5500,31.62,0,sativa-dom,TRUE,,https://storage.googleapis.com/maui-prod-hyper-media-images/product_images_29fd9f8e-1ea7-4cf6-8045-7eceb227b691_0e8adcc4-8358-47c6-ac3b-72c18d9a1173_original.png,2026-05-23T21:23:53.890537+00:00,,,
the-plug-crown-heights,HGXaxE36fZ,dea9fcea-056b-4ef1-a05b-ac2982ebc333,Gypsy Weed - Jealoucy 3.5g,Gypsy Weed,flower,3.5g,3000,20.09,0,50/50,TRUE,,https://storage.googleapis.com/maui-prod-products/422821e5-fad5-4e72-8fde-dfd3c8e19d22--93666d01-15ee-4b07-818a-7669668ccddb.png,2026-05-23T21:23:53.890537+00:00,,,
the-plug-crown-heights,AoA7lW8MT8,9f2f4050-52bc-4729-b55d-0637c8b7505a,Select Elite - Tropic Thunder | .5g Cliq Pod,Select,other,0.5g,3000,85,,50/50,TRUE,,https://storage.googleapis.com/maui-prod-hyper-media-images/product_images_b672732e-08a5-49c2-acba-b4a8b1b85d7a_3e7d67a9-3ab6-4aa4-9a7c-128997a5cf86_original.png,2026-05-23T21:23:53.890537+00:00,"The effects of Tropic Thunder start with a boost of cheerful, giggly energy, clearing away negative thoughts and instilling an uplifted mental clarity, euphoric elevation, and creative inspiration. A relaxed body high follows, creating a calming effect without sedation perfect for relaxing at the end of a long day. Its happy, social vibe allows for easy conversation. Its distinctive flavor profile blends tropical and sour citrus fruits with a subtle spicy sage finish that balances the tangy citrus twang. Tropic Thunder’s earthy aroma is strikingly similar to its taste, with hints of tropical fruits and rich sage that intensifies the more you smoke.",,
the-plug-crown-heights,hS0zaerp1A,42c27315-4b30-4c18-b70c-652e5b3edc76,Select ACE - Northern Lights | 1G Cart,Select,other,1g,6000,89.90,,indica,TRUE,,https://storage.googleapis.com/maui-prod-hyper-media-images/product_images_3bd89c9c-d3b9-4bac-9d9e-56ba19503496_f1c9c922-0179-40e1-9d25-fc6ec36d05e1_original.png,2026-05-23T21:23:53.890537+00:00,"The Select ACE Northern Lights Vape Cartridge delivers the legendary indica strain in a sleek, 1g cartridge. Known for its sweet pine and earthy aroma, Northern Lights provides deep relaxation and calming effects, perfect for winding down after a long day or easing tension. Crafted with high-quality distillate and precision hardware, each draw is smooth, flavorful, and consistent.",,
the-plug-crown-heights,phtl4EGPwq,d34b8a1a-1894-4242-8268-53acf2267a67,TTM Flight Pack - Cyber Diesel + PB&Jealousy + Skywalker | 3x1GVariety Pack,To The Moon,flower,3g,2600,25,0,50/50,TRUE,,https://storage.googleapis.com/maui-prod-hyper-media-images/product_images_7e664bdf-386f-477c-a9ee-b210403f648b_bbb921c2-9569-455e-abf9-bdce7247e409_original.png,2026-05-23T21:23:53.890537+00:00,3 Dime Bags In 1 ! Tap in to your Sommelier Side of The Moon with To The Moon - Flight Pack! This Pack includes : 1G - Cyber Diesel (sativa) 1G - Peanut Butter N Jealousy (hybrid) 1G - Skywalker (Indica),,
the-plug-crown-heights,rvL5TDJolY,bb1a4dcb-24d7-46f8-812b-754fc97b4b00,CAM - Permanent Marker | 7G,CAM,flower,7g,8500,24.58,0,indica,TRUE,,https://storage.googleapis.com/maui-prod-hyper-media-images/product_images_4fb84211-cc3f-4ef8-a4b6-6acb4a66b992_3bceb78e-76cd-4032-b386-2f6eb467a915_original.png,2026-05-23T21:23:53.890537+00:00,,,
the-plug-crown-heights,oAlnZrgfYb,813a72e7-a96a-4458-899f-e9c29314d847,Hepworth - Funk Fruit | 1G Sugar,Hepworth,concentrate,1g,4000,79.94,,,TRUE,,https://storage.googleapis.com/maui-prod-hyper-media-images/product_images_af4aba30-7b53-4fc2-8630-b1b1b0bb9de9_7c50deb9-dda1-4438-b012-c500a9889fb9_original.png,2026-05-23T21:23:53.890537+00:00,,,
the-plug-crown-heights,B9hWeZ4RG7,0d58e088-642f-4560-a3a8-c1a8dd51f8dd,Select Elite - Durban Poison | 1g Cliq Pod,Select,other,1g,5400,82.86,,sativa,TRUE,,https://storage.googleapis.com/maui-prod-hyper-media-images/product_images_407a9a52-3ffa-4c58-bab9-80254601f87f_96d13369-1f8b-4516-b19a-514135860410_original.png,2026-05-23T21:23:53.890537+00:00,"Durban Poison is very much an uplifting and awakening strain, not a bad replacement for a cup of joe. Aroma is an indirect pine and skunk, with a spicy sweetness to it. Flavor is described as earthy and sweet. Consumer's report uplifting and energizing effects that are perfect for creative activities or preparing for the day ahead.",,
the-plug-crown-heights,hXNE8fOBHc,25bb1563-c599-42b4-869a-aa8416f5ebaf,MFNY (1g Live Resin Badder) - Lemon Cane,MFNY,concentrate,1g,6500,59.48,0.16,,TRUE,,https://storage.googleapis.com/maui-prod-hyper-media-images/product_images_db942140-42c5-42be-a41f-9727df84cf58_94edbeb3-0a6f-402d-a006-efb42503d317_original.png,2026-05-23T21:23:53.890537+00:00,"SATIVA Awarded Silver Medal in New York Rosin Competition November 2023, MFNY's live resin Lemon Cane #5 badder is a premium solventless concentrate made in-house from the best fresh frozen Lemon Cane #5 buds that results in a full-flavored expression with a thick cake batter consistency. This cultivar's natural terpenes produce a pungent, yet sweet sour lemon aroma accented by sweet earth and spicy black pepper, resulting in an influx of energy and creativity, eventually giving way to bliss and body relaxation. Live concentrates offer the full-spectrum of cannabinoids at high potency and produce immediate effects.",,
the-plug-crown-heights,r71T6isyRD,d4dfa1a4-c019-4cd1-9230-0835b93f40cc,Head Space - Kush Mintz x Gelato 41 | 0.5G PreRoll 5PK,Head Space,preroll,2.5g,2800,21.60,0,50/50,TRUE,,https://storage.googleapis.com/maui-prod-hyper-media-images/product_images_7d280eb4-6c11-49c3-91a6-8ff69224a205_1521fe47-013c-441f-90a3-f8ad16570225_original.png,2026-05-23T21:23:53.890537+00:00,,,
the-plug-crown-heights,iLAQjLSbUv,b416e179-49e9-4b70-a2ec-9f4e68abe03c,Timeless - Love Potion | 1G Vape Cartridge,Timeless,other,1g,5000,87.69,0.179,50/50,TRUE,,https://storage.googleapis.com/maui-prod-hyper-media-images/product_images_06dc1049-c3db-4d31-8fb5-320216fc2bd6_f7e9b328-cea4-4332-b97e-43ed98ac2dcd_original.png,2026-05-23T21:23:53.890537+00:00,"Love Potion offers a sweet, fruit-forward profile with notes of berry, candy, and subtle floral undertones. As a hybrid, it provides a balanced effect—starting with a euphoric, mood-lifting head buzz followed by a calming body relaxation that keeps the experience smooth and enjoyable.",,
the-plug-crown-heights,1V6FHBMBiF,2b350431-30b9-48c2-97b0-b1a84c50827e,MFNY (0.5g Live Resin Dispo) - White Fire,MFNY,other,0.5g,4800,68.72,,sativa,TRUE,,https://storage.googleapis.com/maui-prod-hyper-media-images/product_images_6342f774-9943-4a1e-bfae-df8623787c39_68eab4f1-aed4-40fe-9d74-921235d7413d_original.png,2026-05-23T21:23:53.890537+00:00,,,
the-plug-crown-heights,T7Q2Cqxbst,e71cfbce-c10e-4366-b7ea-d4aec9754b52,Kushy Punch (Connect) - Kushy OG | 1G Live Resin AIO,Kushy Punch,other,1g,7000,81.27,,indica,TRUE,,https://storage.googleapis.com/maui-prod-hyper-media-images/product_images_c78c818c-89df-444b-8dc2-ebaafc44f43e_3996b1ab-bf45-4a9b-883b-2b50cefd985e_original.png,2026-05-23T21:23:53.890537+00:00,,,
the-plug-crown-heights,zM8ihM1LlF,2eb7be11-94a7-4e85-8630-639bb76fbf68,Hudson Cannabis - Wedding Juice | 1G SHO Syringe,Hudson Cannabis,concentrate,1g,7700,74.85,0.167,,TRUE,,,2026-05-23T21:23:53.890537+00:00,"Wedding Juice blends the creamy, dessert-like flavors of Wedding Pie with the zesty fruit punch of Jersey Juice. This indica-dominant hybrid delivers deep relaxation, sweet euphoria, and a mellow, calming high—perfect for chilling out after a long day.",,
the-plug-crown-heights,7tkldWzY1T,68ba46c4-22f6-4d34-90d4-3da3c8d5df57,Blends By Basin - Mango Madness | 1G Cart,Basin Mixtures,other,1g,4100,82.8,,50/50,TRUE,,,2026-05-23T21:23:53.890537+00:00,,,
the-plug-crown-heights,UIcg8tT253,9ffa05fa-3aed-42eb-9f75-a8b1f5794eeb,Botanist - NYC Diesel | 1G Disposable,The Botanist,other,1g,5000,84.66,0,sativa,TRUE,,https://storage.googleapis.com/maui-prod-hyper-media-images/product_images_50be049c-879a-4534-a0b9-ab22bc5d6665_1e202546-2b94-44c5-93ef-b86ac09f95a4_original.png,2026-05-23T21:23:53.890537+00:00,"Take your day to the next level with The Botanist NYC Diesel 1g Disposable Vape, a classic sativa celebrated for its energizing effects and bold, unmistakable flavor. Featuring sharp diesel aromas balanced by bright citrus and earthy notes, this smooth-hitting disposable delivers flavorful vapor and an uplifting cerebral experience with every puff. NYC Diesel may help boost creativity, enhance focus, and elevate mood, making it an excellent option for daytime adventures, social gatherings, or productive sessions. Convenient and ready to use right out of the box, this premium disposable vape offers consistent performance and satisfying flavor wherever you go",,
the-plug-crown-heights,ExRS59O7wK,34a07138-5981-4ce5-a91e-1f3d866de5d7,Lowell Smokes - Dreamweaver | 1G Pre-Roll + Matches,lowell smokes,preroll,1g,1400,27.87,0,indica,TRUE,,https://storage.googleapis.com/maui-prod-hyper-media-images/product_images_4b453ec6-45fe-4d7b-b7e2-22fb47012d84_4f9cc8ba-0560-48e2-a579-19eb49501df2_original.png,2026-05-23T21:23:53.890537+00:00,"Drift into the quieter side of the day with Dreamweaver, a deeply relaxing Indica blend crafted for unwinding and letting go. Soft notes of sweet earth, subtle spice, and a touch of gas settle in gently, giving way to a slow-building calm that eases the body and quiets the mind. It’s the perfect companion for the late hours—when the lights dim, the noise fades, and the night begins to take hold.",,
the-plug-crown-heights,S670lMPp5H,3c0c79de-45ff-4c98-aef8-7d321e7ff83a,Timeless T2 - Love Potion | 2G Rechargeable Vaporizer,Timeless,other,2g,7900,83.85,0.177,,TRUE,,,2026-05-23T21:23:53.890537+00:00,"Fall into a smooth, flavorful experience with Timeless Love Potion Disposable Vape – 2g, a high-capacity all-in-one device designed for convenience, potency, and long-lasting performance. Pre-filled and ready to use, this disposable vape delivers consistent, terpene-rich vapor with no setup required. Love Potion offers a sweet, fruit-forward profile with notes of berry, candy, and subtle floral undertones. As a hybrid, it provides a balanced effect—starting with a euphoric, mood-lifting head buzz followed by a calming body relaxation that keeps the experience smooth and enjoyable. With a generous 2g capacity, this device is perfect for extended use, delivering reliable performance and flavorful draws from start to finish.",,
the-plug-crown-heights,qVUAyyIHio,2ebaa690-d107-4b4f-a57e-ab96b3a40f93,1906 - GO | 20 Dark Chocolate Covered Coffee Beans,1906,edible,40g,2500,5.0,5.0,sativa,TRUE,,https://storage.googleapis.com/maui-prod-hyper-media-images/product_images_c75936f9-9a08-4ee1-8c25-4cc96850afdc_2955fbc1-fbbe-420b-a982-3c736a88517e_original.png,2026-05-23T21:23:53.890537+00:00,"GO Beans for ENERGY ! Go is an all-natural performance enhancer made from cannabis sativa and four natural stimulants for clean energy. A combination of caffeine and L-theanine gives you a burst of alertness, Galangal enhances focus, and theobromine increases blood flow. Go Beans are made with locally-roasted Strava coffee beans covered in artisanal dark chocolate. All 1906 Chocolates use artisanal chocolate and have no trace of cannabis taste, due to a proprietary flavor masking process. Every 1906 product activates within 20 minutes using a patented technology that makes them the fastest-acting edibles in the world. 5mg THC/5mg CBD per Bean 20 beans per unit = 100mg THC/100mg CBD per unit 36 units per case",,
the-plug-crown-heights,41gdoStF7I,eacf9986-a968-41c7-a12a-1eaf15acad8f,Stone Road - Peach Sorbet | W/ Hash + THCa Diamonds 1G Joint,Stone Road,preroll,1g,2000,37.32,0,50/50,TRUE,,https://storage.googleapis.com/maui-prod-hyper-media-images/product_images_c3bdee7e-bd87-446f-af87-40a9ff415fae_2042a5da-c9d3-4cb1-85b7-bac22daa0afb_original.png,2026-05-23T21:23:53.890537+00:00,"Peach Sorbet is a vibrant hybrid strain with a refreshing aroma and colorful presentation. Its fragrance opens with juicy peach notes layered over a subtle creaminess, balanced by a gentle citrus zest. This hybrid varietal is infused with hash and diamonds, enhancing its potency and flavor profile.",,
the-plug-crown-heights,aDgnA7mQga,da026c8d-4e31-4f21-b375-eb45364f0cd7,Stone Road - Island Sweet Skunk | W/ Hash + THCa Diamonds 1G Joint,Stone Road,preroll,1g,2000,33.546,0,indica,TRUE,,https://storage.googleapis.com/maui-prod-hyper-media-images/product_images_b86bdeb0-e5a7-485e-ba92-5c310bb3f674_5d3cbff9-666b-488d-9d98-56aa5b9e6080_original.png,2026-05-23T21:23:53.890537+00:00,"Island Sweet Skunk has a smooth and tropical flavor, blending ripe fruit and honey with gentle earthy undertones. The aroma is equally comforting, featuring sweet tropical notes accented by a soft, grounding earthiness. This indica varietal is infused with bubble hash and THCa diamonds, adding a boost of potency and depth to the flavor. Every single joint is triple-checked so that we get to feel good and you get to feel even better. Enjoy relaxing, sustainably grown flower wrapped in French papers for a price everyone can enjoy.",,
the-plug-crown-heights,iK0cKmkYI6,0945656e-208e-46ae-b5dd-733c7c1ccb57,Smokiez- Sweet Tropical 100mg,Smokiez,edible,60g,1900,100,0,sativa,TRUE,,,2026-05-23T21:23:53.890537+00:00,,,
the-plug-crown-heights,xUBUfAiW46,be9b175b-e6ee-4679-996b-5065ae6542fc,Doja - Cinnamon Roll | 1G AIO ( Live Resin),Doja,other,1g,8000,68.12,,50/50,TRUE,,https://storage.googleapis.com/maui-prod-hyper-media-images/product_images_ac604300-3021-43ed-8c08-5a96bb16fb7f_8df4f29f-9d91-4cc6-8e24-f72b96dbc613_original.png,2026-05-23T21:23:53.890537+00:00,"Indulge in the sweet satisfaction of Doja Cinnamon Roll All-In-One Live Resin Disposable Vape. This 1-gram hybrid vape delivers a rich cinnamon pastry-inspired flavor paired with a powerful 68.12% THC, offering a smooth and euphoric experience with every hit.",,
the-plug-crown-heights,PIxRPITix0,2d4164a8-0d11-4644-8c64-3c223504e1e5,Hyer Kind - Citron | 1.0g Infused Pre-Roll,Etain,preroll,1g,2000,36.83,0,sativa-dom,TRUE,,https://storage.googleapis.com/maui-prod-hyper-media-images/product_images_e7cac6d6-f2f9-4fbe-997c-91c02d44add6_c6ac3ffb-b815-452b-b523-e0f37cdb11cc_original.png,2026-05-23T21:23:53.890537+00:00,,,
the-plug-crown-heights,nNflCStY7S,83985c76-14bb-41bf-a5a0-1cca2383487f,Jetpacks - Jealousy | 1G Hybrid Diamonds,Jetpacks,concentrate,1g,5000,91.44,0,50/50,TRUE,,https://storage.googleapis.com/maui-prod-hyper-media-images/product_images_262a89aa-8bfa-48d5-afc1-064f78a42b7c_ffd6f53e-ae5b-473d-9771-0cd8d7533cfe_original.png,2026-05-23T21:23:53.890537+00:00,"Jetpacks Diamonds – Jealousy – 1 g is a premium cannabis concentrate available at Cannabis Realm of New York. These high-potency THCa diamonds are crafted for consumers seeking a powerful and terpene-rich experience. Diamonds are crystalline cannabis concentrates known for their purity and strength, delivering intense effects and bold flavor when dabbed or added to flower. The Jealousy strain is a well-known hybrid created from Gelato 41 × Sherbert Bx1, recognized for its balanced effects and strong terpene profile. This cultivar is celebrated for producing a combination of mental relaxation and uplifting energy, making it a versatile option for experienced users.",,
the-plug-crown-heights,p6gPbpTAgO,4ff9adb8-ded1-4ed8-87b3-32b9fa2d909a,Human Grade - Neo | Dab Rig - Light Blue,Human Grade,merch,,3000,,,,TRUE,,https://storage.googleapis.com/maui-prod-hyper-media-images/product_images_ea28e4d3-dc96-45e4-80ea-16198e8fb77f_eeb3f601-a00e-43d9-a0f3-b4713a3b5b30_original.png,2026-05-23T21:23:53.890537+00:00,,,
the-plug-crown-heights,mDZGtLxkdW,61d1e3ee-7d00-448a-a29f-8b6648299143,"BigFun! - Potheads ""Tokey"" Ashtray | Red",BigFun!,merch,,900,,,,TRUE,,https://storage.googleapis.com/maui-prod-hyper-media-images/product_images_6c619489-b4d9-451b-b91b-d02cf7e7426d_7de1a742-aede-46a3-bda3-a23bf72d958c_original.png,2026-05-23T21:23:53.890537+00:00,"Meet the Pothead Ashtray by Big Fun, a ceramic ashtray that brings character, charm, and convenience to your space. Designed with a playful twist, each ashtray features a unique personality that puts in the ""fun"" in functional. Crafted from high-quality ceramic, these durable ashtrays offer a smooth, easy-to-clean surface. The compact design makes storage effortless, while their quirky faces add a touch of humor to any coffee table, patio, or smoking setup. Perfect for smokers who appreciate aesthetics, durability, and a little bit of personality in their accessories, the Pothead Ashtray Set is more than just an ashtray—it’s a conversation starter. Material: Handmade, Ceramic The compact design makes storage effortless, while their quirky faces add a touch of humor to any coffee table, patio, or smoking setup. Perfect for smokers who appreciate aesthetics, durability, and a little bit of personality in their accessories, the Pothead Ashtray Set is more than just an ashtray—it’s a conversation starter. Material: Handmade, Ceramic",,
the-plug-crown-heights,cpZSX28W3K,8888c6ef-3385-40dd-8170-ee271c0748a1,MicroBar - Watermelon Mimosa | 1G Disposable,microbar,other,1g,5700,79.361,1.825,50/50,TRUE,,https://storage.googleapis.com/maui-prod-hyper-media-images/product_images_0ddc91f0-bad2-4f68-bba2-3134a2bc7548_ba98d23a-efc3-4557-a811-0e77aad0335f_original.png,2026-05-23T21:23:53.890537+00:00,"Another summertime favorite, this hybrid strain provides a bright and fruity flavor that will take you right to July. The Watermelon Mimosa is a hybrid strain, perfectly balanced to leave you with a juicy sensation.",,
the-plug-crown-heights,frWzKe50Hn,c43afaf1-dca5-4edc-b000-dfa00fe336dc,Mind Melters - Tahoe OG | 1G Live Ice-Water Bubble Hash,Mind Melters,concentrate,1g,5000,72.12,0,,TRUE,,https://storage.googleapis.com/maui-prod-hyper-media-images/product_images_e1ccc6a5-328a-4eac-be98-dc3210980bee_5796b271-7e62-4706-90b3-7ed82fd6b3b3_original.png,2026-05-23T21:23:53.890537+00:00,"This full-spectrum hash is extracted from flash-frozen Tahoe OG flower using ice water —no trim, no solvents, just the purest expression of the plant. Cold-cured for max flavor and effect, expect lemon-pine gas flavor and deep body relaxation. Pure. Potent. Proper hash",,
the-plug-crown-heights,pfVgAcc0xC,4e7265ee-90d8-4a75-9d06-7e7dc77c5e29,Grön - Dark chocolate 1:1:1 | Sleepy Indica 100MG Full bar,Grön,edible,45g,2200,100,100,indica,TRUE,,https://storage.googleapis.com/maui-prod-hyper-media-images/product_images_63075659-c248-4564-b890-07aa352ad3c2_952413a5-5bd9-4c1d-823d-f5769a3bb009_original.png,2026-05-23T21:23:53.890537+00:00,"Rest easy with a bite of dark chocolate dusted with Jacobsen vanilla bean sea salt. Infused with CBD, CBN, and THC in a 1:1:1 ratio, the sleepy indica effects will keep you dreaming all night long.",,
the-plug-crown-heights,jgXgYmOnVR,f2234f25-9566-41f4-afc2-dec79cd01b54,Anthem Bold - Jack Herer | Glass Tip infused Pre-Rolls 5pk,Anthem,preroll,2.5g,4000,44.49,0.188,sativa,TRUE,,https://storage.googleapis.com/maui-prod-hyper-media-images/product_images_7ab26d85-91a9-415d-80f4-cec802617589_275dc21a-4e4c-4b7c-a1f6-4b4dec50a370_original.png,2026-05-23T21:23:53.890537+00:00,"You don't know Jack, until you've tried this. The iconic sativa strain blends sour lemon, spiced juniper, and soft pine. Anthem Bold looks different, feels different, and hits different. Our Bold infused pre-rolls feature: Higher potency for an elevated pre-roll experience Glass tips to deliver a bolder strain experience",,
the-plug-crown-heights,3AGPJRgTyF,e2521036-0dd7-46a4-8a8f-36dedeb4cefc,Blazy Susan Rolling Tray (with Lid) | Small - Purple,Blazy Susan,merch,,1200,,,,TRUE,,https://storage.googleapis.com/maui-prod-hyper-media-images/product_images_2c316d0d-f372-4102-bb39-44444b770957_1ee45ec7-b0ea-4541-a3e4-2eeeab5be407_original.png,2026-05-23T21:23:53.890537+00:00,,,
the-plug-crown-heights,F6cJUeFOBf,8c50cdf6-277c-4cc5-8c49-929e0660aa48,Kingsroad - Ice Cream Mintz | 1G Live Resin Vape Cart,Kingsroad,other,1g,4500,73,,indica-dom,TRUE,,,2026-05-23T21:23:53.890537+00:00,"Indulge in a sensory experience like no other with the Kings Road 510 Live Resin Cart featuring the delightful Ice Cream Mintz strain. This premium cannabis oil cartridge offers a plush extraction that captures the essence of fresh, vibrant terpenes, delivering the full spectrum of flavor and effect that can only be found in live resin. Flavor Profile: Ice Cream Mintz is a tantalizing treat for the palate, blending creamy, dessert-like notes with a cooling, minty finish. Each inhale envelops your senses in a decadent fusion of sweet vanilla and rich chocolate undertones complemented by a refreshing burst of mint. The flavor is smooth and indulgent, reminiscent of a gourmet ice cream parlor, making every puff a nostalgic retreat.",,
the-plug-crown-heights,5XDydnrCc7,06ee97b7-bbf3-4ca9-a324-6edcde0a82b6,Flav Mega Rings 100mg - Peach,Flav,edible,18.8g,1000,100,0,50/50,TRUE,,https://storage.googleapis.com/maui-prod-products/422821e5-fad5-4e72-8fde-dfd3c8e19d22--b6fa679d-ef4a-4db5-847a-db56b482af0a.png,2026-05-23T21:23:53.890537+00:00,"Unleash the perfect balance of sweet and tangy with Flav Mega Rings 100mg – Peach. These oversized, mouthwatering gummies are packed with the lush, juicy flavor of ripe peaches, delivering a burst of freshness with every bite. If you love the bold taste of peach and crave a more substantial experience, these Mega Rings are the perfect choice for you. With 100mg of THC per package (each Mega Ring contains 20mg of THC), these potent gummies are designed for experienced cannabis users who are looking for a higher dose in a fun and flavorful form. Each chewy ring is a delicious journey into relaxation, making them ideal for moments when you want to unwind, share with friends, or savor your own experience.",,
the-plug-crown-heights,sfSZCDANX8,ed4379c0-094f-45e4-8ed3-c7f358d083a3,Lowell Smokes (Quicks) - Trailblazer | 0.35G 10PK,lowell smokes,preroll,3.5g,4000,28,0,sativa,TRUE,,https://storage.googleapis.com/maui-prod-hyper-media-images/product_images_562b1130-1007-4721-9d6b-acbbeb185d2d_6e5cf780-6e02-48c8-9d76-1f096fcc01a8_original.png,2026-05-23T21:23:53.890537+00:00,"Push past the beaten path with Trailblazer, a high-energy Sativa blend built for movement, momentum, and wide-open days. Bright citrus, pine, and herbal spice lead the way, delivering an uplifting, clear-headed experience that sparks curiosity and keeps the world feeling just a little bigger. It’s the perfect companion for the early start, the long road, and the kind of days that are better spent outside than standing still. We blend our pre-rolls using premium, whole flower- no trim or shake. Each blend contains a curated ratio of 2-3 strains containing complimentary terpenes.This process brings forth a broader terpene profile, and more full-bodied flavor than what a single genetic can provide.Each pre-roll pack comes completely self-contained with ten .35g pre rolls, matches, and a striker- so you've got everything you need to spark adventure anywhere.",,
the-plug-crown-heights,1usNgfzLWK,8af6f15b-df05-4843-8d7e-018de926cd99,PuffCo - New Proxy | Haze,PuffCo,merch,,25000,,,,TRUE,,https://storage.googleapis.com/maui-prod-hyper-media-images/product_images_acae6c33-a53b-43d6-baf8-8a70a4b9c393_b05e231f-e71a-4951-94db-64f5905110ad_original.png,2026-05-23T21:23:53.890537+00:00,,,
the-plug-crown-heights,ikQpnX7SKU,c6b7f6ad-8820-45d2-9cc6-def82f6de0bb,NY Infusions - Margarita THC Syrup | 100MG,NY Infusions,edible,85g,3000,100,0,,TRUE,,https://storage.googleapis.com/maui-prod-hyper-media-images/product_images_29182a5b-c63c-4d13-9a3e-9e65f317f912_06de3687-261e-4803-a28f-9849906a6afd_original.png,2026-05-23T21:23:53.890537+00:00,,,
the-plug-crown-heights,0EPNdWsHWh,80fdf567-76b0-45e0-bbeb-3ce11cb58dc4,Blends By Basin - Fruity Pebbles | 1G Cart,Basin Mixtures,other,1g,4100,84.3,,50/50,TRUE,,,2026-05-23T21:23:53.890537+00:00,,,
the-plug-crown-heights,7kiLDsBqgf,ee1a5eb4-b946-4f66-99f3-26da9e246ba4,Jaunty- Rainbow Sherbert 1.5g AIO,Jaunty,other,1.5g,6000,84.87,0,50/50,TRUE,,https://storage.googleapis.com/maui-prod-products/422821e5-fad5-4e72-8fde-dfd3c8e19d22--77a23ad0-99c0-4df7-80b7-6ce056c91327.jpeg,2026-05-23T21:23:53.890537+00:00,"Rainbow Sherbet is a balanced hybrid with a sweet berry and mint flavor, paired with an earthy, fruity aroma. Its high brings an uplifting rush of creativity and focus, perfect for sparking inspiration.",,
the-plug-crown-heights,WT7Jz9Vw3i,cffc5a9f-748d-4d84-95a6-5021b5331955,Stone Road - Citrus Kiwi Breeze | W/ Hash + THCa Diamonds 1G Joint,Stone Road,preroll,1g,2000,43.47,0,50/50,TRUE,,,2026-05-23T21:23:53.890537+00:00,"Citrus Kiwi Breeze is a refreshing strain that combines citrus notes with the tropical sweetness of ripe kiwi. This hybrid varietal is infused with hash and diamonds, enhancing its potency and flavor profile.",,
the-plug-crown-heights,hWok6Rfnjf,e93851fe-1d2e-4aab-ad25-5debf4273344,Jetty - Maui Wowie | 1G Concentrate Dablicator,Jetty,concentrate,1g,6500,76.6,0,,TRUE,,https://storage.googleapis.com/maui-prod-hyper-media-images/product_images_fb456300-21f6-437a-8e01-a0bc4129fb01_2647a298-039b-49c0-9691-1b2e393f647c_original.png,2026-05-23T21:23:53.890537+00:00,,,
the-plug-crown-heights,L0wbohP48j,18ca42d0-f423-4026-9173-76bb594b2fcf,Ayrloom (0.5g Disposable) - Pineapple Express,Ayrloom,other,0.5g,3000,87.35,0,50/50,TRUE,,https://storage.googleapis.com/maui-prod-hyper-media-images/product_images_397afc48-e8e0-46e9-bf42-e586f340d069_7400677b-f5b9-4a05-8b8e-09a12980352b_original.png,2026-05-23T21:23:53.890537+00:00,"Get ready for a tropical escape with the Ayrloom 0.5g Vape AIO Pen – Pineapple Express. This all-in-one vape pen delivers the sweet, citrusy, and pineapple-infused flavor of the iconic Pineapple Express strain, offering an uplifting, energetic experience that keeps you feeling refreshed and focused throughout the day. Perfect for boosting your mood and creativity, this vape pen is your go-to for fun, relaxation, and a burst of tropical sunshine—whenever you need it.",,
the-plug-crown-heights,sE6dxtHFZz,7f24ed62-6114-44fa-8cbd-8dacd328adf9,Heavy Hitters - Papaya Mango | Live Rosin Gummy Pack,Heavy Hitters,edible,21g,3200,100,0,50/50,TRUE,,https://storage.googleapis.com/maui-prod-hyper-media-images/product_images_fdb70232-0f19-4be7-af70-fbba6741f5dc_d459e60d-d9fd-4714-afec-df3be5b4553f_original.png,2026-05-23T21:23:53.890537+00:00,,,
the-plug-crown-heights,hpahJ6bcdg,b5ba2c9f-5c65-4ae9-b3f4-bbe33b3ef29f,Kushy Punch - Watermelon Gummies 100mg,Kushy Punch,edible,30g,1500,99.6,0,indica,TRUE,,https://storage.googleapis.com/maui-prod-products/422821e5-fad5-4e72-8fde-dfd3c8e19d22--4806c481-efb8-457c-8d7c-9d3e919f2e14.png,2026-05-23T21:23:53.890537+00:00,10 Individual Kushy Punch Gummies -100mg THC -Indica -Watermelon Flavor -Contains Full Spectrum Oil -Fast Activation,,
the-plug-crown-heights,2Pk9f9E7mv,18afde8f-5b84-4cad-979a-bda7fc20850d,Heavy Hitters - Tropical Tsunami | 2G Live Rosin,Heavy Hitters,concentrate,2g,15000,70.5,,,TRUE,,https://storage.googleapis.com/maui-prod-hyper-media-images/product_images_426c56f0-3dfa-427a-9fe8-a27b7f5acb20_d1966172-0ef4-4ee6-a622-89cbc7ae2470_original.png,2026-05-23T21:23:53.890537+00:00,,,
the-plug-crown-heights,n6yCX7sKYh,e9ac5783-505c-4b7e-92f1-072b37eef111,Hudson Cannabis - Farmer's Blend RSO | 1G Dablicator,Hudson Cannabis,concentrate,1g,8800,79.15,0.14,,TRUE,,https://storage.googleapis.com/maui-prod-hyper-media-images/product_images_43e2b431-9896-48ec-aeb9-556c1b93eb05_41a5991a-6b0f-4661-9865-fc3464a82600_original.png,2026-05-23T21:23:53.890537+00:00,"The Farmer’s Blend is a mix of our finest and freshest cannabis, curated seasonally for peak potential. We blend 3+ strains to create a unique entourage effect, that showcases the intention of our approach, and the terroir of Hudson Valley. Hudson’s Doseable RSO delivers potent, full-spectrum relief, in a one-click, child-resistant dispenser. Naturally packed with cannabinoids and terpenes, it offers whole-plant healing with portable precision-dosing—for pain, anxiety, and sleep",,
the-plug-crown-heights,2gWuCNrr8L,e04a9b72-90de-4236-ae8c-5731e282cc70,Kushy Punch - Pineapple Margarita |1G Disposable Vape,Kushy Punch,other,1g,5500,94.42,,50/50,TRUE,,,2026-05-23T21:23:53.890537+00:00,,,
the-plug-crown-heights,RHkvr7wvZ2,2fa3ac77-69fa-4ae8-bd5d-38b87c2e3ab5,Blazy Susan Rolling Tray (with Lid) | Medium - Purple Icon,Blazy Susan,merch,,1500,,,,TRUE,,https://storage.googleapis.com/maui-prod-hyper-media-images/product_images_e23f7e19-f505-47be-8cdb-6f794013cbf5_23d51838-bacd-4c87-b5a2-35a18f2e0249_original.png,2026-05-23T21:23:53.890537+00:00,,,
the-plug-crown-heights,TJblFgBQ4f,9a749e2c-0bee-435d-a86b-e67a9da2890e,MicroBar - Lemon Diesel (Sativa) - 1g AIO,Micro Bar,other,1g,5700,73.9,,sativa,TRUE,,https://storage.googleapis.com/maui-prod-hyper-media-images/product_images_c5c0651a-c61f-4bf8-9d0d-6d993410d4fd_420d743d-8023-42a5-a09c-b3655adb45af_original.png,2026-05-23T21:23:53.890537+00:00,"This mouth-puckering sativa might leave you squinching your face but longing for more. Lemon Diesel has clear notes of sharp juicy citrus that will leave you deeply relaxed. Perhaps best enjoyed by yourself, be prepared to go into a lemon-like daze.",,
the-plug-crown-heights,W5sdmOPuT6,a344c739-b3a4-4e6e-a1b4-3f586b445812,The Botanist - LA Kush Cake | Infused 2pk Pre-Rolls,The Botanist,preroll,1g,1600,38.393,0,indica-dom,TRUE,,https://storage.googleapis.com/maui-prod-hyper-media-images/product_images_f4bc0153-cdff-437e-9dda-aa475882c741_d6ebda81-2e23-45a3-87cd-5c3d2cd26724_original.png,2026-05-23T21:23:53.890537+00:00,"The Botanist LA Kush Cake .5g Infused 2-pack consists of two pre-rolls containing a 75/25 blend of premium indoor flower and high-potency THC distillate. Known for its vanilla-berry-gas aroma and heavy relaxation, this 60/40 indica-hybrid is ideal for evening pain relief and winding down.",,
the-plug-crown-heights,96BluYyW36,3b4d4eb0-8894-47ef-a8b0-ad4d97d6fd7a,High Peaks - Sherb Cake | 1.5G Pre-Roll Pack,High Peaks,preroll,1.5g,1600,33.68,0,50/50,TRUE,,https://storage.googleapis.com/maui-prod-hyper-media-images/product_images_c99699f4-603b-484a-a03c-98b223a93c4a_8a1fd64a-5516-4a09-a5f5-f40527b3c7de_original.png,2026-05-23T21:23:53.890537+00:00,"Bred from the legendary cross of Sherbert x Wedding Cake, Sherb Cake is a flavorful heavy hitter that delivers a balanced experience without slowing you down. It starts with an uplifting wave of euphoria and creativity before settling into a smooth, calming body buzz that helps melt away tension while keeping your mind engaged. Sherb Cake brings a bold, dessert-like flavor, and is smooth from start to finish, making every hit as enjoyable as the effects.",,
the-plug-crown-heights,x4T8r59F5V,e4e5811b-3936-4297-87af-698942687eab,STIIIZY Pro XL Battery - Red,STIIIZY,merch,,2500,,,,TRUE,,,2026-05-23T21:23:53.890537+00:00,,,
the-plug-crown-heights,cThI6eDKYR,eacc6460-19ec-4917-bd8a-262fc6c731b8,Soft Power Sweets - Chocolate Covered Orange Gummies | 2:1 THC:CBD,Soft Power Sweets,edible,52g,2800,100,0,sativa,TRUE,,,2026-05-23T21:23:53.890537+00:00,Soft Power Sweets Chocolate Covered Orange Gummy. Our 2:1 vegan sativa-leaning gummy is made in a classic French style with loads of fresh mandarin purée. CBG works in concert with sativa terps for a great heady high. This results in an extra juicy gummy that contrasts perfectly with a thin coat of semisweet chocolate. This pairing enables the lipids in the chocolate to bind with the cannabis – doubling its bioavailability and significantly lengthening the experience. 10mg THC and 5mg CBG per piece/100mg THC and 50mg CBG per tin. ethically sourced/vegan/gluten free,,
the-plug-crown-heights,EaGbKBS8RX,243a6d9d-4c9b-4408-a57d-0284471ae6c9,Soft Power Sweets - Chocolate Covered Cherry Sleep Gummies | 2:1:1 THC:CBN:CBD,Soft Power Sweets,edible,52g,2800,100,0,,TRUE,,,2026-05-23T21:23:53.890537+00:00,,,
the-plug-crown-heights,83X4YUo7k2,97c3c91b-1056-46b3-a248-017604fa47c3,Hepworth - Terp Poison | 3.5G,Hepworth,flower,3.5g,3000,26.19,0,,TRUE,,https://storage.googleapis.com/maui-prod-hyper-media-images/product_images_5426b6e5-bcf6-45f1-b460-9dceb4f11644_44ed15d1-4cec-4557-8790-2e93db83e802_original.png,2026-05-23T21:23:53.890537+00:00,,,
the-plug-crown-heights,LepyRjm1DZ,3701619d-af14-46f5-b069-26b27a104b91,Jetpacks ( Big Bang Mini) - Super Silver Haze | 0.5G Infused PreRoll,Jetpacks,preroll,0.5g,1400,44.32,0,sativa,TRUE,,,2026-05-23T21:23:53.890537+00:00,,,
the-plug-crown-heights,cev6Kb8X2r,f2c8745a-ec5b-4c5d-aae1-1ee83c460cc8,High Peaks - Zesty Parm,High Peaks,preroll,3.75g,3200,28,0,sativa,TRUE,,https://storage.googleapis.com/maui-prod-hyper-media-images/product_images_13c88cc1-3d3c-4f42-aec0-54056dea7de8_62e430d4-2b8e-4f05-89ac-b45a0adbf073_original.png,2026-05-23T21:23:53.890537+00:00,"When you are ready to party, hit up some friends, order a pizza and layer on the Zesty Parm! You'll be floating through waves of Uplifting, Euphoric, Energizing vibes. The flavor of this bud will wake up your tastebuds, with a sharp herbal spice overtone accented by hints of citrus zest and savory, creamy cheese. The aroma is even heavier, with an earthy spice overtone accented by fresh woods, peppery zest and a hint of dank herbal cheese",,
the-plug-crown-heights,HAtfpn9JDG,ed884a91-1d13-4827-be17-65f3d85d5a38,Kushy Punch - Peach Kush |1G 510 Thread,Kushy Punch,other,1g,4500,91.13,,indica,TRUE,,https://storage.googleapis.com/maui-prod-hyper-media-images/product_images_94826b20-26c5-4ccb-b120-65272f58f65d_64c55347-f6eb-4daa-a38b-89680fd61f65_original.png,2026-05-23T21:23:53.890537+00:00,,,
the-plug-crown-heights,KF6Adh8Dw7,4bc191e1-ba68-4585-9c2a-424e5980830c,Brass Knuckles - Guava Gelato | 1G Live Liquid Diamonds AIO,Brass Knuckles,other,1g,8000,87.80,,50/50,TRUE,,https://storage.googleapis.com/maui-prod-hyper-media-images/product_images_bfc11567-7134-4247-873d-964429b80d2d_57ace760-b682-462e-971c-d99baf77e604_original.png,2026-05-23T21:23:53.890537+00:00,"Guava Gelato is a hybrid cannabis strain known for its sweet and tropical flavor profile, reminiscent of ripe guava fruit and the creamy dessert, gelato.",,
the-plug-crown-heights,P5Jy6bb7Iv,be0ef2d3-aaf8-412e-9232-56ce7d59d94a,Timeless - Combo 510 Battery and Case | Noir,Timeless,merch,,1500,,,,TRUE,,https://storage.googleapis.com/maui-prod-hyper-media-images/product_images_c1cea5a9-98d1-4df8-b59b-76265eea300f_2b68c8d0-b0b0-4cfe-82b1-23dcaeb78a4b_original.png,2026-05-23T21:23:53.890537+00:00,Compatible with 510 Thread,,
the-plug-crown-heights,gTdGzhe7rQ,4c4b5e90-a709-4b71-ba0c-f22001d0c540,Alchemy Pure - Coup Runtz Bomb | 0.5g Live Rosin Cart,Alchemy Pure,other,0.5g,4200,70.47,0,indica,TRUE,,https://storage.googleapis.com/maui-prod-hyper-media-images/product_images_e06c3eb6-930d-44bb-bf64-3e8b4c9d8339_1164d13f-4843-4c6a-8cb7-9b957deab91a_original.png,2026-05-23T21:23:53.890537+00:00,Coup d'etat x Canal Street Runtz Solventless Ice Water Hash Rosin,,
the-plug-crown-heights,fRYHKSvZtu,95dc874c-abe3-4409-bf55-e1eae26d6739,Muha Meds Mate - Northern Lights | 3.5g 5pk Infused Joints,Muha Meds,preroll,3.5g,5000,44.871,0.123,indica,TRUE,,https://storage.googleapis.com/maui-prod-hyper-media-images/product_images_f96f1afd-7b25-4a5d-af4f-d0b9a0e65b0f_7c2983ab-fd4b-41b5-9d8a-c9b83f8dcf02_original.png,2026-05-23T21:23:53.890537+00:00,"The Northern Lights pre-roll showcases a classic indica strain celebrated for its deeply relaxing effects and sweet, earthy flavor with notes of pine and spice. Infused with THCA diamonds, premium flower and coated in golden keif, these pre-rolls provide a smooth, calming smoke. Perfect for unwinding at the end of the day.",,
the-plug-crown-heights,0ioNMOUdS4,d91544e5-9667-433d-ac22-108308dc7830,MyHi - Simply Flavorless | 3 x 10MG THC Stir Stiks,MyHi,edible,2.1g,1600,30,0,,TRUE,,https://storage.googleapis.com/maui-prod-hyper-media-images/product_images_feb8f76b-4926-430a-9018-d8eac63160e4_6afd7d90-0d09-4bdb-934c-6871ce6c4fcc_original.png,2026-05-23T21:23:53.890537+00:00,"Simply Flavorless Fast-Acting Beverage Stir STIK: Calorie and Sugar Free Turn Water into Weed: Fast-Acting Nano-emulsified THC + Energizing Caffeine derived from Green Coffee Bean Extract, all delivered in a single serve, On-The-Go Stir STIK to quickly infuse any drink for an energizing hi. -- Our signature Simply Flavorless blend is the perfect companion to elevate any drink, with no adjustment to the taste. With a quick onset that never peaks or leaves you feeling tired, MyHi is ready for your active lifestyle. It’s your new favorite party drink or go-to for a busy day.",,
the-plug-crown-heights,WUWqBd7FHm,c13e6b8f-af38-4457-8383-2a8e96ac894e,Aphrodite - Vanilla Gelato | Foam Tip Pre-Roll 5PK,Aphrodite,preroll,2.5g,2900,28,0,indica-dom,TRUE,,https://storage.googleapis.com/maui-prod-hyper-media-images/product_images_f11855b9-753e-40c6-b7ee-22fa90e27508_348a7233-b4ee-4dc1-b485-7e0a00308b43_original.png,2026-05-23T21:23:53.890537+00:00,"You’ve never smoked anything like Aphrodite. Her unique star filter improves your experience without compromising the effect. We use only the freshest flowers: no shake, no trim.",,
the-plug-crown-heights,vlLrGuWK78,4538ab42-a460-4dab-a419-140de9f4af47,The Botanist - Bubblegum Gushers | 14G Flower,The Botanist,flower,14g,6500,17.94,0,50/50,TRUE,,https://storage.googleapis.com/maui-prod-hyper-media-images/product_images_f12643cf-23a1-4b74-827a-25f50038aeec_725091d3-300d-4456-9e59-6db00e934c5b_original.png,2026-05-23T21:23:53.890537+00:00,"Indulge in a nostalgic burst of powdered sugar and mixed berries with The Botanist Bubblegum Gushers. This premium 14gIndica-dominant flower features dense, purple-hued buds coated in frosty trichomes. Driven by a profile rich in terpenes like Myrcene and Limonene, Bubblegum Gushers delivers a smooth, candy-like smoke. Expect to feel deeply Relaxed and Happy, while a gentle Uplifted euphoria keeps the experience vibrant and clear. High-quality THC for a balanced evening.",,
the-plug-crown-heights,jPlBhM6pZT,80afee34-8f60-45cc-b88a-b1d78a08fb8c,Munchkins - Blueberry Fritter | 28G Flower,Munchkins,flower,28g,12000,31.96,0,50/50,TRUE,,https://storage.googleapis.com/maui-prod-hyper-media-images/product_images_b334ddb3-8ba7-4569-ad18-232f10345b37_24c4b1f4-910b-492b-8b3b-4720b2c16be9_original.png,2026-05-23T21:23:53.890537+00:00,,,
the-plug-crown-heights,SrpCTPo7Sn,135ab402-04ea-4ebf-9a86-914a58295ce5,Munchkins - Trop Cherry | 3.5g Small Buds,Munchkins,flower,3.5g,2200,30.45,0,50/50,TRUE,,https://storage.googleapis.com/maui-prod-hyper-media-images/product_images_0f79a492-892f-4d48-a952-809cf40adbdc_190b5d0f-dc08-469a-b04e-cda5b52968c4_original.png,2026-05-23T21:23:53.890537+00:00,,,
the-plug-crown-heights,EPPlDOr19s,ff4ae053-a8b4-4358-8183-2fd5591163ac,Elements Rolling Papers - 1 1/4,Elements,merch,,250,,,,TRUE,,https://storage.googleapis.com/maui-prod-hyper-media-images/product_images_d04ffa67-ae95-4f99-b908-f9a54d3d5f25_0d14f022-9582-4ff5-8c83-c42d3e7d6c1f_original.png,2026-05-23T21:23:53.890537+00:00,,,
the-plug-crown-heights,FY5BbHVlMn,fddbac28-34ff-412b-b10b-71b5c68e42f2,Raw Ethereal King Size Slim Rolling Papers,Raw,merch,,300,,,,TRUE,,https://storage.googleapis.com/maui-prod-hyper-media-images/product_images_f2a04b31-f6da-40c8-beb0-f15619297bf7_665d84a7-f983-43ba-8339-55a234d01cc7_original.png,2026-05-23T21:23:53.890537+00:00,"Experience the sheer delight of the thinnest rolling papers with RAW Ethereal. These papers are expertly crafted to deliver an almost transparent smoking experience, emphasizing purity and quality. With RAW's commitment to natural materials, you can enjoy your herbal blends without any interference. RAW Ethereal are designed phenomenally thin to feel as if there was almost no paper at all! Carefully crafted for the greatest skilled rollers with absolutely perfect material. Nothing else will suffice. Roll carefully and savor every puff!",,
the-plug-crown-heights,rX0JorG6CT,c1fbdb67-0a6a-4593-85af-2f1e658dea9b,Alchemy Pure - Hooch | 0.7G Flower Bag,Alchemy Pure,flower,0.7g,900,30.3,0.075,indica-dom,TRUE,,https://storage.googleapis.com/maui-prod-hyper-media-images/product_images_d9893edd-027a-47e3-8975-83fdfb42f201_a88276c6-2db5-4109-abfe-6a7e44d60958_original.png,2026-05-23T21:23:53.890537+00:00,perfect for winding down after a long and stressful day.,,
the-plug-crown-heights,ZXocuerQdB,deb74d05-4299-447f-b112-025cde38ce52,Alchemy Pure - Grape Bubblegum | 2 x 0.5G Pre-Rolls,Alchemy Pure,preroll,1g,1000,19.84,0,,TRUE,,https://storage.googleapis.com/maui-prod-hyper-media-images/product_images_5f21b12a-7a22-418f-94ed-a0201ee24e5b_98622837-a607-43ec-afa2-69efd82fc053_original.png,2026-05-23T21:23:53.890537+00:00,"Grape Bubblegum is a highly aromatic, flavor-forward hybrid strain that blends sweet, fruity grape candy notes with creamy, classic bubblegum undertones. Renowned for delivering a euphoric, deeply relaxing, and mentally clear high, it is a favorite choice for unwinding and creative daytime focus.",,
the-plug-crown-heights,ynfGi5TgJj,a984c5ac-164e-4f26-9512-172f0671fb7e,Preferred Gardens - Blue Caviar | 3.5G Flower,,flower,3.5g,4500,31.01,0,indica,TRUE,,https://storage.googleapis.com/maui-prod-hyper-media-images/product_images_c9f2d725-1977-429e-807a-8c9237f12db9_7d81c69b-c68e-4de4-8cc4-7290907f2ec3_original.png,2026-05-23T21:23:53.890537+00:00,,,
the-plug-crown-heights,94FyzU2K8X,543e0fb0-ccc8-4d4c-8eb3-0285a708376b,Clipper - Neon Fancy Bubble Lighter *Colors Vary*,Clipper,merch,,200,,,,TRUE,,https://storage.googleapis.com/maui-prod-hyper-media-images/product_images_f2547506-f178-4880-99e4-ba4f7d34ea1d_be71693b-fd0c-4bd1-b7e6-5340685a4852_original.png,2026-05-23T21:23:53.890537+00:00,,,
the-plug-crown-heights,zEMOdusJco,6a908e27-54a7-4690-82ba-2ced271fb138,Jaunty - Honey Burst | 1G Cold Cure Live Rosin Badder,Jaunty,concentrate,1g,6000,72.7,0,50/50,TRUE,,https://storage.googleapis.com/maui-prod-hyper-media-images/product_images_5b8b9102-51b2-4ac1-9245-1752c7d17ba5_14e6c6f7-9657-43f6-871b-c9460165e0ea_original.png,2026-05-23T21:23:53.890537+00:00,"Jaunty’s Cold Cure Badder is a 100% solventless extract made from freshly harvested, flash-frozen cannabis flower. Using only ice and water, we create single-sourced ice water hash, screened at 73-119 microns. Our live rosin is then slow-cured at 65°-70°, resulting in a smooth, buttery consistency that preserves the full spectrum of terpenes, cannabinoids, and flavonoids. WHAT IS LIVE ROSIN? • Solventless extract made from fresh, frozen cannabis plants • Full-Spectrum profile of terpenes, cannabinoids & other compounds • All-Natural – no chemicals or additives used OUR PLANTS All our cannabis is proudly sun grown in our great state of New York. We only cultivate world-class genetics to ensure the best and highest output of hash when washed during our extraction process. Lineage Ice Cream Mints x Gushers tasting notes Sweet, Honey & Banana, Hint of citrus primary Terpenes caryophyllene, limonene, humulene, bisabolol",,
the-plug-crown-heights,4TYXAGFhPA,d0e40141-a172-45c3-89c7-0054777cdd27,Blazy Susan King Size Slim Rolling Papers,Blazy Susan,merch,,200,,,,TRUE,,https://storage.googleapis.com/maui-prod-hyper-media-images/product_images_48f3f00c-e718-4771-80d1-4656fe8daf30_57503bb9-68c4-4992-a78a-5272d1836b99_original.png,2026-05-23T21:23:53.890537+00:00,,,
the-plug-crown-heights,viBcschd0Q,77770b7a-bc4c-4815-a088-f1830a0f4315,Jaunty - Purple Starfruit x Bloomfruit | 1G Hash Hole,Jaunty,preroll,1g,2000,25.82,0,indica-dom,TRUE,,https://storage.googleapis.com/maui-prod-hyper-media-images/product_images_a5ad9d8c-93e5-40fa-a3e3-b6b61ceb4c14_975d340a-f5dd-4555-af1a-894f90f3a372_original.png,2026-05-23T21:23:53.890537+00:00,"Fruit/Berry This Hash Hole combines .8 grams of Purple Starfruit (indica) premium indoor flower paired with .2 grams of Bloomfruit (hybrid) 100% solventless live rosin for an overall profile that includes candied fruit, berry, with topical notes and hints of vanilla and slight fuel. Potency 42.8% THC Aroma Sugary fruit candy and ripe berries lead, followed by tropical sweetness. A light vanilla note adds softness, while a faint fuel sharpness sits underneath. Flavor • Initial hit: Sweet fruit candy, bright, sugary, and slightly tangy with mixed berry notes • Mid-palate: Tropical fruit layers develop, blending with creamy vanilla sweetness • Finish: Subtle fuel/gas note emerges, adding contrast and depth to the lingering sweetness Mouthfeel Smooth and slightly creamy with a light syrupy texture, balanced by a mild sharpness from the fuel notes Aftertaste Lingering sweet candy and tropical fruit with a touch of vanilla and a faint fuel note that slowly fades Balance Well-rounded, sweet and fruity upfront, with creamy vanilla smoothing the profile while a hint of fuel adds complexity without overpowering",,
the-plug-crown-heights,wEKoRQpmmp,2de14f2f-3333-4b85-aab2-df842c5073f2,Blazy Susan Ultra Thin King Size Cones 3-Pack,Blazy Susan,merch,,500,,,,TRUE,,https://storage.googleapis.com/maui-prod-hyper-media-images/product_images_05f897cd-bf0a-4fdc-9f5a-fd91a715aebc_4b804fad-742b-4ffb-ab02-ad21a2e5836b_original.png,2026-05-23T21:23:53.890537+00:00,,,
the-plug-crown-heights,ly6uwCYBBJ,fa4ec76d-1f06-47af-bd92-94aef7ea701f,Blazy Susan - Ultra Thin Cones 1 1/4 6 Pack,Blazy Susan,merch,,500,,,,TRUE,,https://storage.googleapis.com/maui-prod-hyper-media-images/product_images_86b1a1b9-0590-45b1-8877-1e49075bf5f2_3b6419b1-fbd8-4ea4-b47b-f25762fe3a26_original.png,2026-05-23T21:23:53.890537+00:00,,,
the-plug-crown-heights,OFBVC3h3NT,1f16a66d-00ba-486e-9ec6-ae63ad3ebe57,Hashtag Honey - Tropical Punch (Live Resin Gummies,Hashtag Honey,edible,50.2g,1600,100,0,sativa,TRUE,,https://storage.googleapis.com/maui-prod-products/422821e5-fad5-4e72-8fde-dfd3c8e19d22--8d90748b-e3ea-445e-9116-77d5e347ab5d.png,2026-05-23T21:23:53.890537+00:00,"10pk, 100mg total. Nano-Infused Vegan + Gluten Free",,
the-plug-crown-heights,TmgWLH5DlM,0891eb35-a454-4152-b24c-d344e757955d,High Peaks- Aj's Sour Diesel | 1.5G Pre-Roll Pack,High Peaks,preroll,1.5g,1600,34,0,sativa,TRUE,,https://storage.googleapis.com/maui-prod-hyper-media-images/product_images_4da85813-6be6-4ec9-8c48-93db6bbec8c2_3bd0ff77-f5b9-48e5-a9ca-f866aff2308b_original.png,2026-05-23T21:23:53.890537+00:00,"Pheno-hunted in Central NY, this take on the East Coast classic brings sharp citrus, sour grapefruit, and pungent fuel over a skunky backbone. The high is fast and cerebral—uplifting, creative, and talkative—perfect for daytime focus or social energy.",,
the-plug-crown-heights,mcGTMKOzqS,3f3bd944-01a0-4bdf-afc4-a5bad2cc2f1b,"HUman Grade - 2.5"" Plastic Grinder | Color May Vary",Human Grade,merch,,500,,,,TRUE,,https://storage.googleapis.com/maui-prod-hyper-media-images/product_images_34db658d-8f53-4afb-babe-5f0c33f49cad_78d97e3a-4a0f-4e6e-9fec-425ab8c06e52_original.png,2026-05-23T21:23:53.890537+00:00,,,
the-plug-crown-heights,ppAXjJFi6M,fabd0a74-8e35-4e30-8981-1579ee27d290,"Human Grade - 2"" Plastic Grinder | Color May Vary",Human Grade,merch,,700,,,,TRUE,,https://storage.googleapis.com/maui-prod-hyper-media-images/product_images_56cce5da-81f7-410b-878e-3c79e2181ca1_1043beb3-7e3a-4a7c-bd1d-52accfe6c48e_original.png,2026-05-23T21:23:53.890537+00:00,,,
the-plug-crown-heights,iOwA5jeZ81,db1c7c0e-3fe2-46c2-9b28-d6944b82b50f,Runtz - Sher Banger | 3.5G,Runtz,flower,3.5g,5300,32.58,0,50/50,TRUE,,https://storage.googleapis.com/maui-prod-hyper-media-images/product_images_a91a090d-6fc6-4d49-a391-c2820d2ce6cf_e475bc4f-6769-4a7c-8c3c-b1937fc6befa_original.png,2026-05-23T21:23:53.890537+00:00,,,
the-plug-crown-heights,Oq3QNyQSJ6,05df70cc-5857-4841-89a3-383274e864f9,Pure Vibe - Good Night Grape Live Rosin Gummies | 1:1:1,pure vibe,edible,42g,2800,100,100,indica,TRUE,,https://storage.googleapis.com/maui-prod-hyper-media-images/product_images_5739fdd5-f8e0-45c3-9a7d-60ab9de4b7fd_480d4b13-c021-4285-81f6-4ee39eceb9d7_original.png,2026-05-23T21:23:53.890537+00:00,"Goodnight Grape offers a delightful blend of sweet and tangy flavors, evoking classic grape juice nostalgia. Formulated with a 1:1:1 ratio of CBN, CBD, and THC, it supports relaxation and deep restorative sleep. Now infused with live rosin for a richer, fuller flavor and a broader-spectrum effect.",,
the-plug-crown-heights,fZTcisL1g2,1bc5cf69-2cc3-4102-9133-08be9e2e1154,Bic - Counter Culture Lighter | Print May Vary,Bic,merch,,250,,,,TRUE,,https://storage.googleapis.com/maui-prod-hyper-media-images/product_images_a2469c43-9f45-4170-bd14-35a158010944_471bc16c-c6ef-407b-85fe-5908381c0e20_original.png,2026-05-23T21:23:53.890537+00:00,,,
the-plug-crown-heights,FP0B1rOPrP,7c5150ed-4eee-4de4-9719-5b1f6bc0b22a,1906 - Boost+ | 3 - 30MG Drops,1906,edible,2.22g,900,30,0,50/50,TRUE,,https://storage.googleapis.com/maui-prod-hyper-media-images/product_images_2e030b8b-314c-484f-b0b7-35c8f39c4b4b_1765e2bd-f3f3-4254-a0ab-af1e9b4fca8e_original.png,2026-05-23T21:23:53.890537+00:00,"Introducing 30mg Boost+ Drops. A dose of fast-acting (like 20 minutes fast) THC to use alone, with other 1906 experiences, or other consumption methods. Vegan, zero sugars, zero calories, and gluten-free. Available in 90mg resealable pouches.",,
the-plug-crown-heights,Ow7Nopa6sU,b66e9ad5-7811-492d-abaa-28c5f2b5e103,Studio Farms NY - Grape Gas x Gelato 41 | 28G Flower Bag,Studio Farms NY,flower,28g,16000,32.12,0,50/50,TRUE,,https://storage.googleapis.com/maui-prod-hyper-media-images/product_images_262ea874-d8ac-4d9e-a90e-731c1e234b1a_55dad4db-bbb2-435d-8d2d-625564fe1ccb_original.png,2026-05-23T21:23:53.890537+00:00,,,
the-plug-crown-heights,HflHYcpVzM,25b2f0be-3f24-44c4-86a2-795f0148297c,Fill-a-Blunt - Wood Tip Blunt Tubes | 4pk,Fill-a-blunt,merch,,400,,,,TRUE,,https://storage.googleapis.com/maui-prod-hyper-media-images/product_images_3f6310ad-853e-41d5-8c55-09a41ef8b67d_122c373c-f109-4ac6-b1ab-9a390bf43b24_original.png,2026-05-23T21:23:53.890537+00:00,"Made from high-quality 100% European hemp wraps, Fill-A-Blunt King Size pre-rolled blunt tubes are designed for a slow-burning, premium smoking experience. Available with glass, wood, or spiral filter tips, these blunt tubes offer retailers a convenient assortment of elevated options for customers looking for ready-to-fill king size formats.",,
the-plug-crown-heights,cE1g52HE22,32593874-6d81-4a7e-a1dd-f8b9be7d86e0,Elements Pre-Rolled 1 1/4 Cones 6 Pack,Elements,merch,,300,,,,TRUE,,https://storage.googleapis.com/maui-prod-hyper-media-images/product_images_d6107674-eaea-49d0-93a0-b69be507a7e8_ea194fba-a8ea-41aa-81eb-e0599c8748a6_original.png,2026-05-23T21:23:53.890537+00:00,,,
the-plug-crown-heights,7zDUQyiD7w,f510f35d-4a5a-414d-a177-33f353e9fb1a,Clipper - Metallic Gold Gradient Lighter,Clipper,merch,,200,,,,TRUE,,https://storage.googleapis.com/maui-prod-hyper-media-images/product_images_500a17a9-f3e1-42ef-bcba-d779fb731e36_4954309b-70a2-459d-9eba-61b38ad057f3_original.png,2026-05-23T21:23:53.890537+00:00,,,
the-plug-crown-heights,Ahq9SVjbIV,9436aabe-174c-4a01-bf7b-6f1c83cd2113,Blazy Susan - Purple Cross Cone,Blazy Susan,merch,,725,,,,TRUE,,https://storage.googleapis.com/maui-prod-hyper-media-images/product_images_084dade5-2f41-4af2-bc0d-15f5dd866696_5993fd1b-6b34-4cba-b0b8-34e9de79e095_original.png,2026-05-23T21:23:53.890537+00:00,1 Pre-Rolled Cross Cone,,
the-plug-crown-heights,ZaJd7lKY03,f98a47e3-87a1-43e0-89e6-1aea65b02d4d,Edie Parker - Squeeze and Pop Mint | 3 Flavored Pre-Rolled Cones,edie parker,merch,,500,,,,TRUE,,https://storage.googleapis.com/maui-prod-hyper-media-images/product_images_7e3e6b4e-49cd-4042-ad2d-d40c449b77ce_8d9ce82b-5d63-4ad2-8822-3574fa22d57b_original.png,2026-05-23T21:23:53.890537+00:00,,,
